Log file open, 04/11/26 15:20:41
LogWindows: Failed to load 'aqProf.dll' (GetLastError=126)
LogWindows: File 'aqProf.dll' does not exist
LogWindows: Failed to load 'VtuneApi.dll' (GetLastError=126)
LogWindows: File 'VtuneApi.dll' does not exist
LogWindows: Failed to load 'VtuneApi32e.dll' (GetLastError=126)
LogWindows: File 'VtuneApi32e.dll' does not exist
LogConsoleResponse: Display: Failed to find resolution value strings in scalability ini. Falling back to default.
LogConsoleResponse: Display: Failed to find resolution value strings in scalability ini. Falling back to default.
LogInit: Display: Running engine for game: CPSC399Game
LogPlatformFile: Not using cached read wrapper
LogTaskGraph: Started task graph with 5 named threads and 35 total threads with 3 sets of task threads.
LogStats: Stats thread started at 0.245822
LogICUInternationalization: ICU TimeZone Detection - Raw Offset: -7:00, Platform Override: ''
LogInit: Display: Loading text-based GConfig....
LogPluginManager: Mounting plugin MeshPainting
LogPluginManager: Mounting plugin XGEController
LogPluginManager: Mounting plugin Paper2D
LogPluginManager: Mounting plugin AISupport
LogPluginManager: Mounting plugin LightPropagationVolume
LogPluginManager: Mounting plugin EnvironmentQueryEditor
LogPluginManager: Mounting plugin LiveLink
LogPluginManager: Mounting plugin GameplayCameras
LogPluginManager: Mounting plugin CameraShakePreviewer
LogPluginManager: Mounting plugin OodleNetwork
LogPluginManager: Mounting plugin OodleData
LogPluginManager: Mounting plugin AnimationSharing
LogPluginManager: Mounting plugin CLionSourceCodeAccess
LogPluginManager: Mounting plugin CodeLiteSourceCodeAccess
LogPluginManager: Mounting plugin KDevelopSourceCodeAccess
LogPluginManager: Mounting plugin GitSourceControl
LogPluginManager: Mounting plugin NullSourceCodeAccess
LogPluginManager: Mounting plugin PerforceSourceControl
LogPluginManager: Mounting plugin PixWinPlugin
LogPluginManager: Mounting plugin PlasticSourceControl
LogPluginManager: Mounting plugin PluginUtils
LogPluginManager: Mounting plugin PropertyAccessNode
LogPluginManager: Mounting plugin RiderSourceCodeAccess
LogPluginManager: Mounting plugin SubversionSourceControl
LogPluginManager: Mounting plugin AssetManagerEditor
LogPluginManager: Mounting plugin TextureFormatOodle
LogPluginManager: Mounting plugin UObjectPlugin
LogPluginManager: Mounting plugin VisualStudioCodeSourceCodeAccess
LogPluginManager: Mounting plugin VisualStudioSourceCodeAccess
LogPluginManager: Mounting plugin XCodeSourceCodeAccess
LogPluginManager: Mounting plugin CryptoKeys
LogPluginManager: Mounting plugin DataValidation
LogPluginManager: Mounting plugin CurveEditorTools
LogPluginManager: Mounting plugin FacialAnimation
LogPluginManager: Mounting plugin GeometryMode
LogPluginManager: Mounting plugin GameplayTagsEditor
LogPluginManager: Mounting plugin MaterialAnalyzer
LogPluginManager: Mounting plugin MacGraphicsSwitching
LogPluginManager: Mounting plugin MobileLauncherProfileWizard
LogPluginManager: Mounting plugin PluginBrowser
LogPluginManager: Mounting plugin SpeedTreeImporter
LogPluginManager: Mounting plugin DatasmithContent
LogPluginManager: Mounting plugin AlembicImporter
LogPluginManager: Mounting plugin VariantManagerContent
LogPluginManager: Mounting plugin AutomationUtils
LogPluginManager: Mounting plugin BackChannel
LogPluginManager: Mounting plugin Niagara
LogPluginManager: Mounting plugin ChaosCloth
LogPluginManager: Mounting plugin ChaosClothEditor
LogPluginManager: Mounting plugin ChaosEditor
LogPluginManager: Mounting plugin ChaosNiagara
LogPluginManager: Mounting plugin ChaosSolverPlugin
LogPluginManager: Mounting plugin CharacterAI
LogPluginManager: Mounting plugin GeometryCache
LogPluginManager: Mounting plugin GeometryCollectionPlugin
LogPluginManager: Mounting plugin GeometryProcessing
LogPluginManager: Mounting plugin MotoSynth
LogPluginManager: Mounting plugin OpenImageDenoise
LogPluginManager: Mounting plugin PlanarCut
LogPluginManager: Mounting plugin PlatformCrypto
LogPluginManager: Mounting plugin ProxyLODPlugin
LogPluginManager: Mounting plugin PythonScriptPlugin
LogPluginManager: Mounting plugin SkeletalReduction
LogPluginManager: Mounting plugin LuminPlatformFeatures
LogPluginManager: Mounting plugin MagicLeap
LogPluginManager: Mounting plugin MagicLeapLightEstimation
LogPluginManager: Mounting plugin MagicLeapMedia
LogPluginManager: Mounting plugin MagicLeapPassableWorld
LogPluginManager: Mounting plugin AndroidMedia
LogPluginManager: Mounting plugin MLSDK
LogPluginManager: Mounting plugin AvfMedia
LogPluginManager: Mounting plugin ImgMedia
LogPluginManager: Mounting plugin MediaCompositing
LogPluginManager: Mounting plugin MediaPlayerEditor
LogPluginManager: Mounting plugin WebMMedia
LogPluginManager: Mounting plugin TcpMessaging
LogPluginManager: Mounting plugin UdpMessaging
LogPluginManager: Mounting plugin WmfMedia
LogPluginManager: Mounting plugin ActorSequence
LogPluginManager: Mounting plugin OnlineSubsystem
LogPluginManager: Mounting plugin LevelSequenceEditor
LogPluginManager: Mounting plugin MatineeToLevelSequence
LogPluginManager: Mounting plugin TemplateSequence
LogPluginManager: Mounting plugin ActorLayerUtilities
LogPluginManager: Mounting plugin OnlineSubsystemNull
LogPluginManager: Mounting plugin OnlineSubsystemUtils
LogPluginManager: Mounting plugin AndroidDeviceProfileSelector
LogPluginManager: Mounting plugin AndroidMoviePlayer
LogPluginManager: Mounting plugin AndroidPermission
LogPluginManager: Mounting plugin AppleImageUtils
LogPluginManager: Mounting plugin AppleMoviePlayer
LogPluginManager: Mounting plugin ArchVisCharacter
LogPluginManager: Mounting plugin AssetTags
LogPluginManager: Mounting plugin AudioCapture
LogPluginManager: Mounting plugin AudioSynesthesia
LogPluginManager: Mounting plugin CableComponent
LogPluginManager: Mounting plugin CustomMeshComponent
LogPluginManager: Mounting plugin ChunkDownloader
LogPluginManager: Mounting plugin ExampleDeviceProfileSelector
LogPluginManager: Mounting plugin EditableMesh
LogPluginManager: Mounting plugin LauncherChunkInstaller
LogPluginManager: Mounting plugin GoogleCloudMessaging
LogPluginManager: Mounting plugin GooglePAD
LogPluginManager: Mounting plugin IOSDeviceProfileSelector
LogPluginManager: Mounting plugin LinuxDeviceProfileSelector
LogPluginManager: Mounting plugin LocationServicesBPLibrary
LogPluginManager: Mounting plugin MobilePatchingUtils
LogPluginManager: Mounting plugin OpenXR
LogPluginManager: Mounting plugin OpenXREyeTracker
LogPluginManager: Mounting plugin OpenXRHandTracking
LogPluginManager: Mounting plugin PhysXVehicles
LogPluginManager: Mounting plugin PostSplashScreen
LogPluginManager: Mounting plugin ProceduralMeshComponent
LogPluginManager: Mounting plugin PropertyAccessEditor
LogPluginManager: Mounting plugin RuntimePhysXCooking
LogPluginManager: Mounting plugin SignificanceManager
LogPluginManager: Mounting plugin SoundFields
LogPluginManager: Mounting plugin Synthesis
LogPluginManager: Mounting plugin WebMMoviePlayer
LogPluginManager: Mounting plugin WindowsMoviePlayer
LogPluginManager: Mounting plugin ScreenshotTools
LogPluginManager: Mounting plugin Takes
LogPluginManager: Mounting plugin ContentBrowserAssetDataSource
LogPluginManager: Mounting plugin ContentBrowserFileDataSource
LogPluginManager: Mounting plugin ContentBrowserClassDataSource
LogPluginManager: Mounting plugin OnlineSubsystemGooglePlay
LogPluginManager: Mounting plugin OnlineSubsystemIOS
LogPluginManager: Mounting plugin OculusVR
LogPluginManager: Mounting plugin SteamVR
PixWinPlugin: PIX capture plugin failed to initialize! Check that the process is launched from PIX.
LogInit: Using libcurl 7.55.1-DEV
LogInit:  - built for x86_64-pc-win32
LogInit:  - supports SSL with OpenSSL/1.1.1
LogInit:  - supports HTTP deflate (compression) using libz 1.2.8
LogInit:  - other features:
LogInit:      CURL_VERSION_SSL
LogInit:      CURL_VERSION_LIBZ
LogInit:      CURL_VERSION_IPV6
LogInit:      CURL_VERSION_ASYNCHDNS
LogInit:      CURL_VERSION_LARGEFILE
LogInit:      CURL_VERSION_IDN
LogInit:  CurlRequestOptions (configurable via config and command line):
LogInit:  - bVerifyPeer = true  - Libcurl will verify peer certificate
LogInit:  - bUseHttpProxy = false  - Libcurl will NOT use HTTP proxy
LogInit:  - bDontReuseConnections = false  - Libcurl will reuse connections
LogInit:  - MaxHostConnections = 16  - Libcurl will limit the number of connections to a host
LogInit:  - LocalHostAddr = Default
LogInit:  - BufferSize = 65536
LogOnline: OSS: Creating online subsystem instance for: NULL
LogInit: WinSock: version 1.1 (2.2), MaxSocks=32767, MaxUdp=65467
LogOnline: OSS: TryLoadSubsystemAndSetDefault: Loaded subsystem for module [NULL]
LogOculusPluginWrapper: OculusPlugin initialized successfully
LogHMD: Failed initializing OVRPlugin 1.59.0
LogInit: Build: ++UE4+Release-4.27-CL-18319896
LogInit: Engine Version: 4.27.2-18319896+++UE4+Release-4.27
LogInit: Compatible Engine Version: 4.27.0-17155196+++UE4+Release-4.27
LogInit: Net CL: 17155196
LogInit: OS: Windows 10 (Release 2009) (), CPU: AMD Ryzen 5 5600X 6-Core Processor             , GPU: NVIDIA GeForce RTX 4070 SUPER
LogInit: Compiled (64-bit): Nov 30 2021 07:12:08
LogInit: Compiled with Visual C++: 19.24.28315.00
LogInit: Build Configuration: Development
LogInit: Branch Name: ++UE4+Release-4.27
LogInit: Command Line: 
LogInit: Base Directory: F:/Unreal Engine/UE_4.27/Engine/Binaries/Win64/
LogInit: Allocator: TBB
LogInit: Installed Engine Build: 1
LogDevObjectVersion: Number of dev versions registered: 29
LogDevObjectVersion:   Dev-Blueprints (B0D832E4-1F89-4F0D-ACCF-7EB736FD4AA2): 10
LogDevObjectVersion:   Dev-Build (E1C64328-A22C-4D53-A36C-8E866417BD8C): 0
LogDevObjectVersion:   Dev-Core (375EC13C-06E4-48FB-B500-84F0262A717E): 4
LogDevObjectVersion:   Dev-Editor (E4B068ED-F494-42E9-A231-DA0B2E46BB41): 40
LogDevObjectVersion:   Dev-Framework (CFFC743F-43B0-4480-9391-14DF171D2073): 37
LogDevObjectVersion:   Dev-Mobile (B02B49B5-BB20-44E9-A304-32B752E40360): 3
LogDevObjectVersion:   Dev-Networking (A4E4105C-59A1-49B5-A7C5-40C4547EDFEE): 0
LogDevObjectVersion:   Dev-Online (39C831C9-5AE6-47DC-9A44-9C173E1C8E7C): 0
LogDevObjectVersion:   Dev-Physics (78F01B33-EBEA-4F98-B9B4-84EACCB95AA2): 14
LogDevObjectVersion:   Dev-Platform (6631380F-2D4D-43E0-8009-CF276956A95A): 0
LogDevObjectVersion:   Dev-Rendering (12F88B9F-8875-4AFC-A67C-D90C383ABD29): 45
LogDevObjectVersion:   Dev-Sequencer (7B5AE74C-D270-4C10-A958-57980B212A5A): 13
LogDevObjectVersion:   Dev-VR (D7296918-1DD6-4BDD-9DE2-64A83CC13884): 3
LogDevObjectVersion:   Dev-LoadTimes (C2A15278-BFE7-4AFE-6C17-90FF531DF755): 1
LogDevObjectVersion:   Private-Geometry (6EACA3D4-40EC-4CC1-B786-8BED09428FC5): 3
LogDevObjectVersion:   Dev-AnimPhys (29E575DD-E0A3-4627-9D10-D276232CDCEA): 17
LogDevObjectVersion:   Dev-Anim (AF43A65D-7FD3-4947-9873-3E8ED9C1BB05): 15
LogDevObjectVersion:   Dev-ReflectionCapture (6B266CEC-1EC7-4B8F-A30B-E4D90942FC07): 1
LogDevObjectVersion:   Dev-Automation (0DF73D61-A23F-47EA-B727-89E90C41499A): 1
LogDevObjectVersion:   FortniteMain (601D1886-AC64-4F84-AA16-D3DE0DEAC7D6): 47
LogDevObjectVersion:   FortniteRelease (E7086368-6B23-4C58-8439-1B7016265E91): 1
LogDevObjectVersion:   Dev-Enterprise (9DFFBCD6-494F-0158-E221-12823C92A888): 10
LogDevObjectVersion:   Dev-Niagara (F2AED0AC-9AFE-416F-8664-AA7FFA26D6FC): 1
LogDevObjectVersion:   Dev-Destruction (174F1F0B-B4C6-45A5-B13F-2EE8D0FB917D): 10
LogDevObjectVersion:   Dev-Physics-Ext (35F94A83-E258-406C-A318-09F59610247C): 41
LogDevObjectVersion:   Dev-PhysicsMaterial-Chaos (B68FC16E-8B1B-42E2-B453-215C058844FE): 1
LogDevObjectVersion:   Dev-CineCamera (B2E18506-4273-CFC2-A54E-F4BB758BBA07): 1
LogDevObjectVersion:   Dev-VirtualProduction (64F58936-FD1B-42BA-BA96-7289D5D0FA4E): 1
LogDevObjectVersion:   Dev-MediaFramework (6F0ED827-A609-4895-9C91-998D90180EA4): 2
LogInit: Presizing for max 25165824 objects, including 0 objects not considered by GC, pre-allocating 0 bytes for permanent pool.
LogConfig: Applying CVar settings from Section [/Script/Engine.StreamingSettings] File [C:/Github/Others/CPSC399_Game/CPSC399Game/Saved/Config/Windows/Engine.ini]
LogConfig: Setting CVar [[s.MinBulkDataSizeForAsyncLoading:131072]]
LogConfig: Setting CVar [[s.AsyncLoadingThreadEnabled:0]]
LogConfig: Setting CVar [[s.EventDrivenLoaderEnabled:1]]
LogConfig: Setting CVar [[s.WarnIfTimeLimitExceeded:0]]
LogConfig: Setting CVar [[s.TimeLimitExceededMultiplier:1.5]]
LogConfig: Setting CVar [[s.TimeLimitExceededMinTime:0.005]]
LogConfig: Setting CVar [[s.UseBackgroundLevelStreaming:1]]
LogConfig: Setting CVar [[s.PriorityAsyncLoadingExtraTime:15.0]]
LogConfig: Setting CVar [[s.LevelStreamingActorsUpdateTimeLimit:5.0]]
LogConfig: Setting CVar [[s.PriorityLevelStreamingActorsUpdateExtraTime:5.0]]
LogConfig: Setting CVar [[s.LevelStreamingComponentsRegistrationGranularity:10]]
LogConfig: Setting CVar [[s.UnregisterComponentsTimeLimit:1.0]]
LogConfig: Setting CVar [[s.LevelStreamingComponentsUnregistrationGranularity:5]]
LogConfig: Setting CVar [[s.FlushStreamingOnExit:1]]
LogInit: Object subsystem initialized
LogConfig: Setting CVar [[con.DebugEarlyDefault:1]]
LogConfig: Setting CVar [[r.setres:1280x720]]
[2026.04.11-21.20.42:265][  0]LogConfig: Setting CVar [[r.VSync:0]]
[2026.04.11-21.20.42:265][  0]LogConfig: Setting CVar [[r.RHICmdBypass:0]]
[2026.04.11-21.20.42:265][  0]LogConfig: Applying CVar settings from Section [/Script/Engine.RendererSettings] File [C:/Github/Others/CPSC399_Game/CPSC399Game/Saved/Config/Windows/Engine.ini]
[2026.04.11-21.20.42:265][  0]LogConfig: Setting CVar [[r.GPUCrashDebugging:0]]
[2026.04.11-21.20.42:265][  0]LogConfig: Setting CVar [[r.Mobile.DisableVertexFog:1]]
[2026.04.11-21.20.42:265][  0]LogConfig: Setting CVar [[r.Shadow.CSM.MaxMobileCascades:2]]
[2026.04.11-21.20.42:265][  0]LogConfig: Setting CVar [[r.MobileMSAA:1]]
[2026.04.11-21.20.42:265][  0]LogConfig: Setting CVar [[r.Mobile.AllowDitheredLODTransition:0]]
[2026.04.11-21.20.42:265][  0]LogConfig: Setting CVar [[r.Mobile.AllowSoftwareOcclusion:0]]
[2026.04.11-21.20.42:265][  0]LogConfig: Setting CVar [[r.Mobile.VirtualTextures:0]]
[2026.04.11-21.20.42:265][  0]LogConfig: Setting CVar [[r.DiscardUnusedQuality:0]]
[2026.04.11-21.20.42:265][  0]LogConfig: Setting CVar [[r.AllowOcclusionQueries:1]]
[2026.04.11-21.20.42:265][  0]LogConfig: Setting CVar [[r.MinScreenRadiusForLights:0.030000]]
[2026.04.11-21.20.42:265][  0]LogConfig: Setting CVar [[r.MinScreenRadiusForDepthPrepass:0.030000]]
[2026.04.11-21.20.42:265][  0]LogConfig: Setting CVar [[r.MinScreenRadiusForCSMDepth:0.010000]]
[2026.04.11-21.20.42:265][  0]LogConfig: Setting CVar [[r.PrecomputedVisibilityWarning:0]]
[2026.04.11-21.20.42:265][  0]LogConfig: Setting CVar [[r.TextureStreaming:1]]
[2026.04.11-21.20.42:265][  0]LogConfig: Setting CVar [[Compat.UseDXT5NormalMaps:0]]
[2026.04.11-21.20.42:265][  0]LogConfig: Setting CVar [[r.VirtualTextures:0]]
[2026.04.11-21.20.42:265][  0]LogConfig: Setting CVar [[r.VT.EnableAutoImport:1]]
[2026.04.11-21.20.42:265][  0]LogConfig: Setting CVar [[r.VirtualTexturedLightmaps:0]]
[2026.04.11-21.20.42:265][  0]LogConfig: Setting CVar [[r.VT.TileSize:128]]
[2026.04.11-21.20.42:265][  0]LogConfig: Setting CVar [[r.VT.TileBorderSize:4]]
[2026.04.11-21.20.42:265][  0]LogConfig: Setting CVar [[r.vt.FeedbackFactor:16]]
[2026.04.11-21.20.42:265][  0]LogConfig: Setting CVar [[r.VT.EnableCompressZlib:1]]
[2026.04.11-21.20.42:265][  0]LogConfig: Setting CVar [[r.VT.EnableCompressCrunch:0]]
[2026.04.11-21.20.42:265][  0]LogConfig: Setting CVar [[r.ClearCoatNormal:0]]
[2026.04.11-21.20.42:265][  0]LogConfig: Setting CVar [[r.ReflectionCaptureResolution:128]]
[2026.04.11-21.20.42:265][  0]LogConfig: Setting CVar [[r.Mobile.ReflectionCaptureCompression:0]]
[2026.04.11-21.20.42:265][  0]LogConfig: Setting CVar [[r.ReflectionEnvironmentLightmapMixBasedOnRoughness:1]]
[2026.04.11-21.20.42:265][  0]LogConfig: Setting CVar [[r.ForwardShading:0]]
[2026.04.11-21.20.42:265][  0]LogConfig: Setting CVar [[r.VertexFoggingForOpaque:1]]
[2026.04.11-21.20.42:265][  0]LogConfig: Setting CVar [[r.AllowStaticLighting:1]]
[2026.04.11-21.20.42:265][  0]LogConfig: Setting CVar [[r.NormalMapsForStaticLighting:0]]
[2026.04.11-21.20.42:265][  0]LogConfig: Setting CVar [[r.GenerateMeshDistanceFields:0]]
[2026.04.11-21.20.42:265][  0]LogConfig: Setting CVar [[r.DistanceFieldBuild.EightBit:0]]
[2026.04.11-21.20.42:265][  0]LogConfig: Setting CVar [[r.GenerateLandscapeGIData:0]]
[2026.04.11-21.20.42:265][  0]LogConfig: Setting CVar [[r.DistanceFieldBuild.Compress:0]]
[2026.04.11-21.20.42:265][  0]LogConfig: Setting CVar [[r.TessellationAdaptivePixelsPerTriangle:48.000000]]
[2026.04.11-21.20.42:265][  0]LogConfig: Setting CVar [[r.SeparateTranslucency:1]]
[2026.04.11-21.20.42:265][  0]LogConfig: Setting CVar [[r.TranslucentSortPolicy:0]]
[2026.04.11-21.20.42:265][  0]LogConfig: Setting CVar [[vr.VRS.HMDFixedFoveationLevel:0]]
[2026.04.11-21.20.42:265][  0]LogConfig: Setting CVar [[r.CustomDepth:1]]
[2026.04.11-21.20.42:265][  0]LogConfig: Setting CVar [[r.CustomDepthTemporalAAJitter:1]]
[2026.04.11-21.20.42:265][  0]LogConfig: Setting CVar [[r.PostProcessing.PropagateAlpha:0]]
[2026.04.11-21.20.42:265][  0]LogConfig: Setting CVar [[r.DefaultFeature.Bloom:1]]
[2026.04.11-21.20.42:265][  0]LogConfig: Setting CVar [[r.DefaultFeature.AmbientOcclusion:1]]
[2026.04.11-21.20.42:265][  0]LogConfig: Setting CVar [[r.DefaultFeature.AmbientOcclusionStaticFraction:1]]
[2026.04.11-21.20.42:265][  0]LogConfig: Setting CVar [[r.DefaultFeature.AutoExposure:0]]
[2026.04.11-21.20.42:265][  0]LogConfig: Setting CVar [[r.DefaultFeature.AutoExposure.Method:0]]
[2026.04.11-21.20.42:265][  0]LogConfig: Setting CVar [[r.DefaultFeature.AutoExposure.Bias:1.000000]]
[2026.04.11-21.20.42:265][  0]LogConfig: Setting CVar [[r.DefaultFeature.AutoExposure.ExtendDefaultLuminanceRange:0]]
[2026.04.11-21.20.42:265][  0]LogConfig: Setting CVar [[r.UsePreExposure:1]]
[2026.04.11-21.20.42:265][  0]LogConfig: Setting CVar [[r.EyeAdaptation.EditorOnly:0]]
[2026.04.11-21.20.42:265][  0]LogConfig: Setting CVar [[r.DefaultFeature.MotionBlur:0]]
[2026.04.11-21.20.42:265][  0]LogConfig: Setting CVar [[r.DefaultFeature.LensFlare:0]]
[2026.04.11-21.20.42:265][  0]LogConfig: Setting CVar [[r.TemporalAA.Upsampling:0]]
[2026.04.11-21.20.42:265][  0]LogConfig: Setting CVar [[r.SSGI.Enable:0]]
[2026.04.11-21.20.42:265][  0]LogConfig: Setting CVar [[r.DefaultFeature.AntiAliasing:0]]
[2026.04.11-21.20.42:265][  0]LogConfig: Setting CVar [[r.DefaultFeature.LightUnits:1]]
[2026.04.11-21.20.42:265][  0]LogConfig: Setting CVar [[r.DefaultBackBufferPixelFormat:4]]
[2026.04.11-21.20.42:265][  0]LogConfig: Setting CVar [[r.Shadow.UnbuiltPreviewInGame:1]]
[2026.04.11-21.20.42:265][  0]LogConfig: Setting CVar [[r.StencilForLODDither:0]]
[2026.04.11-21.20.42:266][  0]LogConfig: Setting CVar [[r.EarlyZPass:3]]
[2026.04.11-21.20.42:314][  0]LogConfig: Setting CVar [[r.EarlyZPassOnlyMaterialMasking:0]]
[2026.04.11-21.20.42:314][  0]LogConfig: Setting CVar [[r.DBuffer:1]]
[2026.04.11-21.20.42:314][  0]LogConfig: Setting CVar [[r.ClearSceneMethod:1]]
[2026.04.11-21.20.42:314][  0]LogConfig: Setting CVar [[r.BasePassOutputsVelocity:0]]
[2026.04.11-21.20.42:314][  0]LogConfig: Setting CVar [[r.VertexDeformationOutputsVelocity:0]]
[2026.04.11-21.20.42:314][  0]LogConfig: Setting CVar [[r.SelectiveBasePassOutputs:0]]
[2026.04.11-21.20.42:314][  0]LogConfig: Setting CVar [[fx.GPUSimulationTextureSizeX:1024]]
[2026.04.11-21.20.42:314][  0]LogConfig: Setting CVar [[fx.GPUSimulationTextureSizeY:1024]]
[2026.04.11-21.20.42:314][  0]LogConfig: Setting CVar [[r.AllowGlobalClipPlane:0]]
[2026.04.11-21.20.42:314][  0]LogConfig: Setting CVar [[r.GBufferFormat:1]]
[2026.04.11-21.20.42:314][  0]LogConfig: Setting CVar [[r.MorphTarget.Mode:1]]
[2026.04.11-21.20.42:314][  0]LogConfig: Setting CVar [[vr.InstancedStereo:0]]
[2026.04.11-21.20.42:314][  0]LogConfig: Setting CVar [[r.MobileHDR:1]]
[2026.04.11-21.20.42:314][  0]LogConfig: Setting CVar [[vr.MobileMultiView:0]]
[2026.04.11-21.20.42:314][  0]LogConfig: Setting CVar [[r.Mobile.UseHWsRGBEncoding:0]]
[2026.04.11-21.20.42:314][  0]LogConfig: Setting CVar [[vr.RoundRobinOcclusion:0]]
[2026.04.11-21.20.42:314][  0]LogConfig: Setting CVar [[vr.ODSCapture:0]]
[2026.04.11-21.20.42:314][  0]LogConfig: Setting CVar [[r.MeshStreaming:0]]
[2026.04.11-21.20.42:314][  0]LogConfig: Setting CVar [[r.WireframeCullThreshold:5.000000]]
[2026.04.11-21.20.42:314][  0]LogConfig: Setting CVar [[r.RayTracing:0]]
[2026.04.11-21.20.42:314][  0]LogConfig: Setting CVar [[r.RayTracing.UseTextureLod:0]]
[2026.04.11-21.20.42:314][  0]LogConfig: Setting CVar [[r.SupportStationarySkylight:1]]
[2026.04.11-21.20.42:314][  0]LogConfig: Setting CVar [[r.SupportLowQualityLightmaps:1]]
[2026.04.11-21.20.42:314][  0]LogConfig: Setting CVar [[r.SupportPointLightWholeSceneShadows:1]]
[2026.04.11-21.20.42:314][  0]LogConfig: Setting CVar [[r.SupportAtmosphericFog:1]]
[2026.04.11-21.20.42:314][  0]LogConfig: Setting CVar [[r.SupportSkyAtmosphere:1]]
[2026.04.11-21.20.42:314][  0]LogConfig: Setting CVar [[r.SupportSkyAtmosphereAffectsHeightFog:0]]
[2026.04.11-21.20.42:314][  0]LogConfig: Setting CVar [[r.SkinCache.CompileShaders:0]]
[2026.04.11-21.20.42:315][  0]LogConfig: Setting CVar [[r.SkinCache.DefaultBehavior:1]]
[2026.04.11-21.20.42:315][  0]LogConfig: Setting CVar [[r.SkinCache.SceneMemoryLimitInMB:128.000000]]
[2026.04.11-21.20.42:315][  0]LogConfig: Setting CVar [[r.Mobile.EnableStaticAndCSMShadowReceivers:1]]
[2026.04.11-21.20.42:315][  0]LogConfig: Setting CVar [[r.Mobile.EnableMovableLightCSMShaderCulling:1]]
[2026.04.11-21.20.42:315][  0]LogConfig: Setting CVar [[r.Mobile.AllowDistanceFieldShadows:1]]
[2026.04.11-21.20.42:315][  0]LogConfig: Setting CVar [[r.Mobile.AllowMovableDirectionalLights:1]]
[2026.04.11-21.20.42:315][  0]LogConfig: Setting CVar [[r.MobileNumDynamicPointLights:4]]
[2026.04.11-21.20.42:315][  0]LogConfig: Setting CVar [[r.MobileDynamicPointLightsUseStaticBranch:1]]
[2026.04.11-21.20.42:315][  0]LogConfig: Setting CVar [[r.Mobile.EnableMovableSpotlights:0]]
[2026.04.11-21.20.42:315][  0]LogConfig: Setting CVar [[r.Mobile.EnableMovableSpotlightsShadow:0]]
[2026.04.11-21.20.42:315][  0]LogConfig: Setting CVar [[r.GPUSkin.Support16BitBoneIndex:0]]
[2026.04.11-21.20.42:315][  0]LogConfig: Setting CVar [[r.GPUSkin.Limit2BoneInfluences:0]]
[2026.04.11-21.20.42:315][  0]LogConfig: Setting CVar [[r.SupportDepthOnlyIndexBuffers:1]]
[2026.04.11-21.20.42:315][  0]LogConfig: Setting CVar [[r.SupportReversedIndexBuffers:1]]
[2026.04.11-21.20.42:315][  0]LogConfig: Setting CVar [[r.LightPropagationVolume:0]]
[2026.04.11-21.20.42:315][  0]LogConfig: Setting CVar [[r.Mobile.AmbientOcclusion:0]]
[2026.04.11-21.20.42:315][  0]LogConfig: Setting CVar [[r.GPUSkin.UnlimitedBoneInfluences:0]]
[2026.04.11-21.20.42:315][  0]LogConfig: Setting CVar [[r.GPUSkin.UnlimitedBoneInfluencesThreshold:8]]
[2026.04.11-21.20.42:315][  0]LogConfig: Setting CVar [[r.Mobile.PlanarReflectionMode:0]]
[2026.04.11-21.20.42:315][  0]LogConfig: Setting CVar [[r.Mobile.SupportsGen4TAA:0]]
[2026.04.11-21.20.42:315][  0]LogConfig: Applying CVar settings from Section [/Script/Engine.RendererOverrideSettings] File [C:/Github/Others/CPSC399_Game/CPSC399Game/Saved/Config/Windows/Engine.ini]
[2026.04.11-21.20.42:315][  0]LogConfig: Applying CVar settings from Section [/Script/Engine.StreamingSettings] File [C:/Github/Others/CPSC399_Game/CPSC399Game/Saved/Config/Windows/Engine.ini]
[2026.04.11-21.20.42:315][  0]LogConfig: Setting CVar [[s.MinBulkDataSizeForAsyncLoading:131072]]
[2026.04.11-21.20.42:315][  0]LogConfig: Setting CVar [[s.AsyncLoadingThreadEnabled:0]]
[2026.04.11-21.20.42:315][  0]LogConfig: Setting CVar [[s.EventDrivenLoaderEnabled:1]]
[2026.04.11-21.20.42:315][  0]LogConfig: Setting CVar [[s.WarnIfTimeLimitExceeded:0]]
[2026.04.11-21.20.42:315][  0]LogConfig: Setting CVar [[s.TimeLimitExceededMultiplier:1.5]]
[2026.04.11-21.20.42:315][  0]LogConfig: Setting CVar [[s.TimeLimitExceededMinTime:0.005]]
[2026.04.11-21.20.42:315][  0]LogConfig: Setting CVar [[s.UseBackgroundLevelStreaming:1]]
[2026.04.11-21.20.42:315][  0]LogConfig: Setting CVar [[s.PriorityAsyncLoadingExtraTime:15.0]]
[2026.04.11-21.20.42:315][  0]LogConfig: Setting CVar [[s.LevelStreamingActorsUpdateTimeLimit:5.0]]
[2026.04.11-21.20.42:315][  0]LogConfig: Setting CVar [[s.PriorityLevelStreamingActorsUpdateExtraTime:5.0]]
[2026.04.11-21.20.42:315][  0]LogConfig: Setting CVar [[s.LevelStreamingComponentsRegistrationGranularity:10]]
[2026.04.11-21.20.42:315][  0]LogConfig: Setting CVar [[s.UnregisterComponentsTimeLimit:1.0]]
[2026.04.11-21.20.42:315][  0]LogConfig: Setting CVar [[s.LevelStreamingComponentsUnregistrationGranularity:5]]
[2026.04.11-21.20.42:315][  0]LogConfig: Setting CVar [[s.FlushStreamingOnExit:1]]
[2026.04.11-21.20.42:315][  0]LogConfig: Applying CVar settings from Section [/Script/Engine.GarbageCollectionSettings] File [C:/Github/Others/CPSC399_Game/CPSC399Game/Saved/Config/Windows/Engine.ini]
[2026.04.11-21.20.42:315][  0]LogConfig: Setting CVar [[gc.MaxObjectsNotConsideredByGC:1]]
[2026.04.11-21.20.42:315][  0]LogConfig: Setting CVar [[gc.SizeOfPermanentObjectPool:0]]
[2026.04.11-21.20.42:315][  0]LogConfig: Setting CVar [[gc.FlushStreamingOnGC:0]]
[2026.04.11-21.20.42:315][  0]LogConfig: Setting CVar [[gc.NumRetriesBeforeForcingGC:10]]
[2026.04.11-21.20.42:315][  0]LogConfig: Setting CVar [[gc.AllowParallelGC:1]]
[2026.04.11-21.20.42:315][  0]LogConfig: Setting CVar [[gc.TimeBetweenPurgingPendingKillObjects:61.1]]
[2026.04.11-21.20.42:315][  0]LogConfig: Setting CVar [[gc.MaxObjectsInEditor:25165824]]
[2026.04.11-21.20.42:315][  0]LogConfig: Setting CVar [[gc.IncrementalBeginDestroyEnabled:1]]
[2026.04.11-21.20.42:315][  0]LogConfig: Setting CVar [[gc.CreateGCClusters:1]]
[2026.04.11-21.20.42:315][  0]LogConfig: Setting CVar [[gc.MinGCClusterSize:5]]
[2026.04.11-21.20.42:315][  0]LogConfig: Setting CVar [[gc.ActorClusteringEnabled:0]]
[2026.04.11-21.20.42:315][  0]LogConfig: Setting CVar [[gc.BlueprintClusteringEnabled:0]]
[2026.04.11-21.20.42:315][  0]LogConfig: Setting CVar [[gc.UseDisregardForGCOnDedicatedServers:0]]
[2026.04.11-21.20.42:315][  0]LogConfig: Setting CVar [[gc.MultithreadedDestructionEnabled:1]]
[2026.04.11-21.20.42:315][  0]LogConfig: Applying CVar settings from Section [/Script/Engine.NetworkSettings] File [C:/Github/Others/CPSC399_Game/CPSC399Game/Saved/Config/Windows/Engine.ini]
[2026.04.11-21.20.42:315][  0]LogConfig: Applying CVar settings from Section [/Script/UnrealEd.CookerSettings] File [C:/Github/Others/CPSC399_Game/CPSC399Game/Saved/Config/Windows/Engine.ini]
[2026.04.11-21.20.42:331][  0]LogConfig: Applying CVar settings from Section [ViewDistanceQuality@3] File [C:/Github/Others/CPSC399_Game/CPSC399Game/Saved/Config/Windows/Scalability.ini]
[2026.04.11-21.20.42:331][  0]LogConfig: Setting CVar [[r.SkeletalMeshLODBias:0]]
[2026.04.11-21.20.42:331][  0]LogConfig: Setting CVar [[r.ViewDistanceScale:1.0]]
[2026.04.11-21.20.42:331][  0]LogConfig: Applying CVar settings from Section [AntiAliasingQuality@3] File [C:/Github/Others/CPSC399_Game/CPSC399Game/Saved/Config/Windows/Scalability.ini]
[2026.04.11-21.20.42:331][  0]LogConfig: Setting CVar [[r.PostProcessAAQuality:4]]
[2026.04.11-21.20.42:331][  0]LogConfig: Applying CVar settings from Section [ShadowQuality@3] File [C:/Github/Others/CPSC399_Game/CPSC399Game/Saved/Config/Windows/Scalability.ini]
[2026.04.11-21.20.42:331][  0]LogConfig: Setting CVar [[r.LightFunctionQuality:1]]
[2026.04.11-21.20.42:331][  0]LogConfig: Setting CVar [[r.ShadowQuality:5]]
[2026.04.11-21.20.42:331][  0]LogConfig: Setting CVar [[r.Shadow.CSM.MaxCascades:10]]
[2026.04.11-21.20.42:331][  0]LogConfig: Setting CVar [[r.Shadow.MaxResolution:2048]]
[2026.04.11-21.20.42:331][  0]LogConfig: Setting CVar [[r.Shadow.MaxCSMResolution:2048]]
[2026.04.11-21.20.42:331][  0]LogConfig: Setting CVar [[r.Shadow.RadiusThreshold:0.01]]
[2026.04.11-21.20.42:331][  0]LogConfig: Setting CVar [[r.Shadow.DistanceScale:1.0]]
[2026.04.11-21.20.42:331][  0]LogConfig: Setting CVar [[r.Shadow.CSM.TransitionScale:1.0]]
[2026.04.11-21.20.42:331][  0]LogConfig: Setting CVar [[r.Shadow.PreShadowResolutionFactor:1.0]]
[2026.04.11-21.20.42:331][  0]LogConfig: Setting CVar [[r.DistanceFieldShadowing:1]]
[2026.04.11-21.20.42:331][  0]LogConfig: Setting CVar [[r.DistanceFieldAO:1]]
[2026.04.11-21.20.42:331][  0]LogConfig: Setting CVar [[r.AOQuality:2]]
[2026.04.11-21.20.42:331][  0]LogConfig: Setting CVar [[r.VolumetricFog:1]]
[2026.04.11-21.20.42:331][  0]LogConfig: Setting CVar [[r.VolumetricFog.GridPixelSize:8]]
[2026.04.11-21.20.42:331][  0]LogConfig: Setting CVar [[r.VolumetricFog.GridSizeZ:128]]
[2026.04.11-21.20.42:331][  0]LogConfig: Setting CVar [[r.VolumetricFog.HistoryMissSupersampleCount:4]]
[2026.04.11-21.20.42:331][  0]LogConfig: Setting CVar [[r.LightMaxDrawDistanceScale:1]]
[2026.04.11-21.20.42:331][  0]LogConfig: Setting CVar [[r.CapsuleShadows:1]]
[2026.04.11-21.20.42:331][  0]LogConfig: Applying CVar settings from Section [PostProcessQuality@3] File [C:/Github/Others/CPSC399_Game/CPSC399Game/Saved/Config/Windows/Scalability.ini]
[2026.04.11-21.20.42:331][  0]LogConfig: Setting CVar [[r.MotionBlurQuality:4]]
[2026.04.11-21.20.42:331][  0]LogConfig: Setting CVar [[r.AmbientOcclusionMipLevelFactor:0.4]]
[2026.04.11-21.20.42:331][  0]LogConfig: Setting CVar [[r.AmbientOcclusionMaxQuality:100]]
[2026.04.11-21.20.42:331][  0]LogConfig: Setting CVar [[r.AmbientOcclusionLevels:-1]]
[2026.04.11-21.20.42:331][  0]LogConfig: Setting CVar [[r.AmbientOcclusionRadiusScale:1.0]]
[2026.04.11-21.20.42:331][  0]LogConfig: Setting CVar [[r.DepthOfFieldQuality:2]]
[2026.04.11-21.20.42:331][  0]LogConfig: Setting CVar [[r.RenderTargetPoolMin:400]]
[2026.04.11-21.20.42:331][  0]LogConfig: Setting CVar [[r.LensFlareQuality:2]]
[2026.04.11-21.20.42:331][  0]LogConfig: Setting CVar [[r.SceneColorFringeQuality:1]]
[2026.04.11-21.20.42:331][  0]LogConfig: Setting CVar [[r.EyeAdaptationQuality:2]]
[2026.04.11-21.20.42:331][  0]LogConfig: Setting CVar [[r.BloomQuality:5]]
[2026.04.11-21.20.42:331][  0]LogConfig: Setting CVar [[r.FastBlurThreshold:100]]
[2026.04.11-21.20.42:331][  0]LogConfig: Setting CVar [[r.Upscale.Quality:3]]
[2026.04.11-21.20.42:331][  0]LogConfig: Setting CVar [[r.Tonemapper.GrainQuantization:1]]
[2026.04.11-21.20.42:331][  0]LogConfig: Setting CVar [[r.LightShaftQuality:1]]
[2026.04.11-21.20.42:331][  0]LogConfig: Setting CVar [[r.Filter.SizeScale:1]]
[2026.04.11-21.20.42:331][  0]LogConfig: Setting CVar [[r.Tonemapper.Quality:5]]
[2026.04.11-21.20.42:331][  0]LogConfig: Setting CVar [[r.DOF.Gather.AccumulatorQuality:1        ; higher gathering accumulator quality]]
[2026.04.11-21.20.42:331][  0]LogConfig: Setting CVar [[r.DOF.Gather.PostfilterMethod:1          ; Median3x3 postfilering method]]
[2026.04.11-21.20.42:331][  0]LogConfig: Setting CVar [[r.DOF.Gather.EnableBokehSettings:0       ; no bokeh simulation when gathering]]
[2026.04.11-21.20.42:331][  0]LogConfig: Setting CVar [[r.DOF.Gather.RingCount:4                 ; medium number of samples when gathering]]
[2026.04.11-21.20.42:331][  0]LogConfig: Setting CVar [[r.DOF.Scatter.ForegroundCompositing:1    ; additive foreground scattering]]
[2026.04.11-21.20.42:331][  0]LogConfig: Setting CVar [[r.DOF.Scatter.BackgroundCompositing:2    ; additive background scattering]]
[2026.04.11-21.20.42:331][  0]LogConfig: Setting CVar [[r.DOF.Scatter.EnableBokehSettings:1      ; bokeh simulation when scattering]]
[2026.04.11-21.20.42:331][  0]LogConfig: Setting CVar [[r.DOF.Scatter.MaxSpriteRatio:0.1         ; only a maximum of 10% of scattered bokeh]]
[2026.04.11-21.20.42:331][  0]LogConfig: Setting CVar [[r.DOF.Recombine.Quality:1                ; cheap slight out of focus]]
[2026.04.11-21.20.42:331][  0]LogConfig: Setting CVar [[r.DOF.Recombine.EnableBokehSettings:0    ; no bokeh simulation on slight out of focus]]
[2026.04.11-21.20.42:331][  0]LogConfig: Setting CVar [[r.DOF.TemporalAAQuality:1                ; more stable temporal accumulation]]
[2026.04.11-21.20.42:331][  0]LogConfig: Setting CVar [[r.DOF.Kernel.MaxForegroundRadius:0.025]]
[2026.04.11-21.20.42:331][  0]LogConfig: Setting CVar [[r.DOF.Kernel.MaxBackgroundRadius:0.025]]
[2026.04.11-21.20.42:331][  0]LogConfig: Applying CVar settings from Section [TextureQuality@3] File [C:/Github/Others/CPSC399_Game/CPSC399Game/Saved/Config/Windows/Scalability.ini]
[2026.04.11-21.20.42:331][  0]LogConfig: Setting CVar [[r.Streaming.MipBias:0]]
[2026.04.11-21.20.42:331][  0]LogConfig: Setting CVar [[r.Streaming.AmortizeCPUToGPUCopy:0]]
[2026.04.11-21.20.42:331][  0]LogConfig: Setting CVar [[r.Streaming.MaxNumTexturesToStreamPerFrame:0]]
[2026.04.11-21.20.42:331][  0]LogConfig: Setting CVar [[r.Streaming.Boost:1]]
[2026.04.11-21.20.42:331][  0]LogConfig: Setting CVar [[r.MaxAnisotropy:8]]
[2026.04.11-21.20.42:331][  0]LogConfig: Setting CVar [[r.VT.MaxAnisotropy:8]]
[2026.04.11-21.20.42:331][  0]LogConfig: Setting CVar [[r.Streaming.LimitPoolSizeToVRAM:0]]
[2026.04.11-21.20.42:331][  0]LogConfig: Setting CVar [[r.Streaming.PoolSize:1000]]
[2026.04.11-21.20.42:331][  0]LogConfig: Setting CVar [[r.Streaming.MaxEffectiveScreenSize:0]]
[2026.04.11-21.20.42:331][  0]LogConfig: Applying CVar settings from Section [EffectsQuality@3] File [C:/Github/Others/CPSC399_Game/CPSC399Game/Saved/Config/Windows/Scalability.ini]
[2026.04.11-21.20.42:331][  0]LogConfig: Setting CVar [[r.TranslucencyLightingVolumeDim:64]]
[2026.04.11-21.20.42:331][  0]LogConfig: Setting CVar [[r.RefractionQuality:2]]
[2026.04.11-21.20.42:331][  0]LogConfig: Setting CVar [[r.SSR.Quality:3]]
[2026.04.11-21.20.42:331][  0]LogConfig: Setting CVar [[r.SSR.HalfResSceneColor:0]]
[2026.04.11-21.20.42:331][  0]LogConfig: Setting CVar [[r.SceneColorFormat:4]]
[2026.04.11-21.20.42:331][  0]LogConfig: Setting CVar [[r.DetailMode:2]]
[2026.04.11-21.20.42:331][  0]LogConfig: Setting CVar [[r.TranslucencyVolumeBlur:1]]
[2026.04.11-21.20.42:331][  0]LogConfig: Setting CVar [[r.MaterialQualityLevel:1 ; High quality]]
[2026.04.11-21.20.42:331][  0]LogConfig: Setting CVar [[r.AnisotropicMaterials:1]]
[2026.04.11-21.20.42:331][  0]LogConfig: Setting CVar [[r.SSS.Scale:1]]
[2026.04.11-21.20.42:331][  0]LogConfig: Setting CVar [[r.SSS.SampleSet:2]]
[2026.04.11-21.20.42:331][  0]LogConfig: Setting CVar [[r.SSS.Quality:1]]
[2026.04.11-21.20.42:331][  0]LogConfig: Setting CVar [[r.SSS.HalfRes:0]]
[2026.04.11-21.20.42:331][  0]LogConfig: Setting CVar [[r.SSGI.Quality:3]]
[2026.04.11-21.20.42:331][  0]LogConfig: Setting CVar [[r.EmitterSpawnRateScale:1.0]]
[2026.04.11-21.20.42:331][  0]LogConfig: Setting CVar [[r.ParticleLightQuality:2]]
[2026.04.11-21.20.42:331][  0]LogConfig: Setting CVar [[r.SkyAtmosphere.AerialPerspectiveLUT.FastApplyOnOpaque:1 ; Always have FastSkyLUT 1 in this case to avoid wrong sky]]
[2026.04.11-21.20.42:331][  0]LogConfig: Setting CVar [[r.SkyAtmosphere.AerialPerspectiveLUT.SampleCountMaxPerSlice:4]]
[2026.04.11-21.20.42:331][  0]LogConfig: Setting CVar [[r.SkyAtmosphere.AerialPerspectiveLUT.DepthResolution:16.0]]
[2026.04.11-21.20.42:331][  0]LogConfig: Setting CVar [[r.SkyAtmosphere.FastSkyLUT:1]]
[2026.04.11-21.20.42:331][  0]LogConfig: Setting CVar [[r.SkyAtmosphere.FastSkyLUT.SampleCountMin:4.0]]
[2026.04.11-21.20.42:331][  0]LogConfig: Setting CVar [[r.SkyAtmosphere.FastSkyLUT.SampleCountMax:128.0]]
[2026.04.11-21.20.42:331][  0]LogConfig: Setting CVar [[r.SkyAtmosphere.SampleCountMin:4.0]]
[2026.04.11-21.20.42:331][  0]LogConfig: Setting CVar [[r.SkyAtmosphere.SampleCountMax:128.0]]
[2026.04.11-21.20.42:331][  0]LogConfig: Setting CVar [[r.SkyAtmosphere.TransmittanceLUT.UseSmallFormat:0]]
[2026.04.11-21.20.42:331][  0]LogConfig: Setting CVar [[r.SkyAtmosphere.TransmittanceLUT.SampleCount:10.0]]
[2026.04.11-21.20.42:331][  0]LogConfig: Setting CVar [[r.SkyAtmosphere.MultiScatteringLUT.SampleCount:15.0]]
[2026.04.11-21.20.42:331][  0]LogConfig: Setting CVar [[r.SkyLight.RealTimeReflectionCapture:1]]
[2026.04.11-21.20.42:331][  0]LogConfig: Applying CVar settings from Section [FoliageQuality@3] File [C:/Github/Others/CPSC399_Game/CPSC399Game/Saved/Config/Windows/Scalability.ini]
[2026.04.11-21.20.42:332][  0]LogConfig: Setting CVar [[foliage.DensityScale:1.0]]
[2026.04.11-21.20.42:332][  0]LogConfig: Setting CVar [[grass.DensityScale:1.0]]
[2026.04.11-21.20.42:332][  0]LogConfig: Applying CVar settings from Section [ShadingQuality@3] File [C:/Github/Others/CPSC399_Game/CPSC399Game/Saved/Config/Windows/Scalability.ini]
[2026.04.11-21.20.42:332][  0]LogConfig: Setting CVar [[r.HairStrands.SkyLighting.IntegrationType:2]]
[2026.04.11-21.20.42:332][  0]LogConfig: Setting CVar [[r.HairStrands.SkyAO.SampleCount:4]]
[2026.04.11-21.20.42:332][  0]LogConfig: Setting CVar [[r.HairStrands.Visibility.MSAA.SamplePerPixel:4]]
[2026.04.11-21.20.42:332][  0]LogInit: Selected Device Profile: [Windows]
[2026.04.11-21.20.42:332][  0]LogInit: Applying CVar settings loaded from the selected device profile: [Windows]
[2026.04.11-21.20.42:332][  0]LogHAL: Display: Platform has ~ 16 GB [17102323712 / 17179869184 / 16], which maps to Larger [LargestMinGB=32, LargerMinGB=12, DefaultMinGB=8, SmallerMinGB=6, SmallestMinGB=0)
[2026.04.11-21.20.42:332][  0]LogInit: Going up to parent DeviceProfile []
[2026.04.11-21.20.42:332][  0]LogConfig: Applying CVar settings from Section [ViewDistanceQuality@3] File [C:/Github/Others/CPSC399_Game/CPSC399Game/Saved/Config/Windows/Scalability.ini]
[2026.04.11-21.20.42:332][  0]LogConfig: Setting CVar [[r.SkeletalMeshLODBias:0]]
[2026.04.11-21.20.42:332][  0]LogConfig: Setting CVar [[r.ViewDistanceScale:1.0]]
[2026.04.11-21.20.42:332][  0]LogConfig: Applying CVar settings from Section [AntiAliasingQuality@3] File [C:/Github/Others/CPSC399_Game/CPSC399Game/Saved/Config/Windows/Scalability.ini]
[2026.04.11-21.20.42:332][  0]LogConfig: Setting CVar [[r.PostProcessAAQuality:4]]
[2026.04.11-21.20.42:332][  0]LogConfig: Applying CVar settings from Section [ShadowQuality@3] File [C:/Github/Others/CPSC399_Game/CPSC399Game/Saved/Config/Windows/Scalability.ini]
[2026.04.11-21.20.42:332][  0]LogConfig: Setting CVar [[r.LightFunctionQuality:1]]
[2026.04.11-21.20.42:332][  0]LogConfig: Setting CVar [[r.ShadowQuality:5]]
[2026.04.11-21.20.42:332][  0]LogConfig: Setting CVar [[r.Shadow.CSM.MaxCascades:10]]
[2026.04.11-21.20.42:332][  0]LogConfig: Setting CVar [[r.Shadow.MaxResolution:2048]]
[2026.04.11-21.20.42:332][  0]LogConfig: Setting CVar [[r.Shadow.MaxCSMResolution:2048]]
[2026.04.11-21.20.42:332][  0]LogConfig: Setting CVar [[r.Shadow.RadiusThreshold:0.01]]
[2026.04.11-21.20.42:332][  0]LogConfig: Setting CVar [[r.Shadow.DistanceScale:1.0]]
[2026.04.11-21.20.42:332][  0]LogConfig: Setting CVar [[r.Shadow.CSM.TransitionScale:1.0]]
[2026.04.11-21.20.42:332][  0]LogConfig: Setting CVar [[r.Shadow.PreShadowResolutionFactor:1.0]]
[2026.04.11-21.20.42:332][  0]LogConfig: Setting CVar [[r.DistanceFieldShadowing:1]]
[2026.04.11-21.20.42:332][  0]LogConfig: Setting CVar [[r.DistanceFieldAO:1]]
[2026.04.11-21.20.42:332][  0]LogConfig: Setting CVar [[r.AOQuality:2]]
[2026.04.11-21.20.42:332][  0]LogConfig: Setting CVar [[r.VolumetricFog:1]]
[2026.04.11-21.20.42:332][  0]LogConfig: Setting CVar [[r.VolumetricFog.GridPixelSize:8]]
[2026.04.11-21.20.42:332][  0]LogConfig: Setting CVar [[r.VolumetricFog.GridSizeZ:128]]
[2026.04.11-21.20.42:332][  0]LogConfig: Setting CVar [[r.VolumetricFog.HistoryMissSupersampleCount:4]]
[2026.04.11-21.20.42:332][  0]LogConfig: Setting CVar [[r.LightMaxDrawDistanceScale:1]]
[2026.04.11-21.20.42:332][  0]LogConfig: Setting CVar [[r.CapsuleShadows:1]]
[2026.04.11-21.20.42:332][  0]LogConfig: Applying CVar settings from Section [PostProcessQuality@3] File [C:/Github/Others/CPSC399_Game/CPSC399Game/Saved/Config/Windows/Scalability.ini]
[2026.04.11-21.20.42:332][  0]LogConfig: Setting CVar [[r.MotionBlurQuality:4]]
[2026.04.11-21.20.42:332][  0]LogConfig: Setting CVar [[r.AmbientOcclusionMipLevelFactor:0.4]]
[2026.04.11-21.20.42:332][  0]LogConfig: Setting CVar [[r.AmbientOcclusionMaxQuality:100]]
[2026.04.11-21.20.42:332][  0]LogConfig: Setting CVar [[r.AmbientOcclusionLevels:-1]]
[2026.04.11-21.20.42:332][  0]LogConfig: Setting CVar [[r.AmbientOcclusionRadiusScale:1.0]]
[2026.04.11-21.20.42:332][  0]LogConfig: Setting CVar [[r.DepthOfFieldQuality:2]]
[2026.04.11-21.20.42:332][  0]LogConfig: Setting CVar [[r.RenderTargetPoolMin:400]]
[2026.04.11-21.20.42:332][  0]LogConfig: Setting CVar [[r.LensFlareQuality:2]]
[2026.04.11-21.20.42:332][  0]LogConfig: Setting CVar [[r.SceneColorFringeQuality:1]]
[2026.04.11-21.20.42:332][  0]LogConfig: Setting CVar [[r.EyeAdaptationQuality:2]]
[2026.04.11-21.20.42:332][  0]LogConfig: Setting CVar [[r.BloomQuality:5]]
[2026.04.11-21.20.42:332][  0]LogConfig: Setting CVar [[r.FastBlurThreshold:100]]
[2026.04.11-21.20.42:332][  0]LogConfig: Setting CVar [[r.Upscale.Quality:3]]
[2026.04.11-21.20.42:332][  0]LogConfig: Setting CVar [[r.Tonemapper.GrainQuantization:1]]
[2026.04.11-21.20.42:332][  0]LogConfig: Setting CVar [[r.LightShaftQuality:1]]
[2026.04.11-21.20.42:332][  0]LogConfig: Setting CVar [[r.Filter.SizeScale:1]]
[2026.04.11-21.20.42:332][  0]LogConfig: Setting CVar [[r.Tonemapper.Quality:5]]
[2026.04.11-21.20.42:332][  0]LogConfig: Setting CVar [[r.DOF.Gather.AccumulatorQuality:1        ; higher gathering accumulator quality]]
[2026.04.11-21.20.42:332][  0]LogConfig: Setting CVar [[r.DOF.Gather.PostfilterMethod:1          ; Median3x3 postfilering method]]
[2026.04.11-21.20.42:332][  0]LogConfig: Setting CVar [[r.DOF.Gather.EnableBokehSettings:0       ; no bokeh simulation when gathering]]
[2026.04.11-21.20.42:332][  0]LogConfig: Setting CVar [[r.DOF.Gather.RingCount:4                 ; medium number of samples when gathering]]
[2026.04.11-21.20.42:332][  0]LogConfig: Setting CVar [[r.DOF.Scatter.ForegroundCompositing:1    ; additive foreground scattering]]
[2026.04.11-21.20.42:332][  0]LogConfig: Setting CVar [[r.DOF.Scatter.BackgroundCompositing:2    ; additive background scattering]]
[2026.04.11-21.20.42:332][  0]LogConfig: Setting CVar [[r.DOF.Scatter.EnableBokehSettings:1      ; bokeh simulation when scattering]]
[2026.04.11-21.20.42:332][  0]LogConfig: Setting CVar [[r.DOF.Scatter.MaxSpriteRatio:0.1         ; only a maximum of 10% of scattered bokeh]]
[2026.04.11-21.20.42:332][  0]LogConfig: Setting CVar [[r.DOF.Recombine.Quality:1                ; cheap slight out of focus]]
[2026.04.11-21.20.42:332][  0]LogConfig: Setting CVar [[r.DOF.Recombine.EnableBokehSettings:0    ; no bokeh simulation on slight out of focus]]
[2026.04.11-21.20.42:332][  0]LogConfig: Setting CVar [[r.DOF.TemporalAAQuality:1                ; more stable temporal accumulation]]
[2026.04.11-21.20.42:332][  0]LogConfig: Setting CVar [[r.DOF.Kernel.MaxForegroundRadius:0.025]]
[2026.04.11-21.20.42:332][  0]LogConfig: Setting CVar [[r.DOF.Kernel.MaxBackgroundRadius:0.025]]
[2026.04.11-21.20.42:332][  0]LogConfig: Applying CVar settings from Section [TextureQuality@3] File [C:/Github/Others/CPSC399_Game/CPSC399Game/Saved/Config/Windows/Scalability.ini]
[2026.04.11-21.20.42:332][  0]LogConfig: Setting CVar [[r.Streaming.MipBias:0]]
[2026.04.11-21.20.42:332][  0]LogConfig: Setting CVar [[r.Streaming.AmortizeCPUToGPUCopy:0]]
[2026.04.11-21.20.42:332][  0]LogConfig: Setting CVar [[r.Streaming.MaxNumTexturesToStreamPerFrame:0]]
[2026.04.11-21.20.42:332][  0]LogConfig: Setting CVar [[r.Streaming.Boost:1]]
[2026.04.11-21.20.42:332][  0]LogConfig: Setting CVar [[r.MaxAnisotropy:8]]
[2026.04.11-21.20.42:332][  0]LogConfig: Setting CVar [[r.VT.MaxAnisotropy:8]]
[2026.04.11-21.20.42:332][  0]LogConfig: Setting CVar [[r.Streaming.LimitPoolSizeToVRAM:0]]
[2026.04.11-21.20.42:332][  0]LogConfig: Setting CVar [[r.Streaming.PoolSize:1000]]
[2026.04.11-21.20.42:332][  0]LogConfig: Setting CVar [[r.Streaming.MaxEffectiveScreenSize:0]]
[2026.04.11-21.20.42:332][  0]LogConfig: Applying CVar settings from Section [EffectsQuality@3] File [C:/Github/Others/CPSC399_Game/CPSC399Game/Saved/Config/Windows/Scalability.ini]
[2026.04.11-21.20.42:332][  0]LogConfig: Setting CVar [[r.TranslucencyLightingVolumeDim:64]]
[2026.04.11-21.20.42:332][  0]LogConfig: Setting CVar [[r.RefractionQuality:2]]
[2026.04.11-21.20.42:332][  0]LogConfig: Setting CVar [[r.SSR.Quality:3]]
[2026.04.11-21.20.42:332][  0]LogConfig: Setting CVar [[r.SSR.HalfResSceneColor:0]]
[2026.04.11-21.20.42:332][  0]LogConfig: Setting CVar [[r.SceneColorFormat:4]]
[2026.04.11-21.20.42:332][  0]LogConfig: Setting CVar [[r.DetailMode:2]]
[2026.04.11-21.20.42:332][  0]LogConfig: Setting CVar [[r.TranslucencyVolumeBlur:1]]
[2026.04.11-21.20.42:332][  0]LogConfig: Setting CVar [[r.MaterialQualityLevel:1 ; High quality]]
[2026.04.11-21.20.42:332][  0]LogConfig: Setting CVar [[r.AnisotropicMaterials:1]]
[2026.04.11-21.20.42:332][  0]LogConfig: Setting CVar [[r.SSS.Scale:1]]
[2026.04.11-21.20.42:332][  0]LogConfig: Setting CVar [[r.SSS.SampleSet:2]]
[2026.04.11-21.20.42:332][  0]LogConfig: Setting CVar [[r.SSS.Quality:1]]
[2026.04.11-21.20.42:332][  0]LogConfig: Setting CVar [[r.SSS.HalfRes:0]]
[2026.04.11-21.20.42:332][  0]LogConfig: Setting CVar [[r.SSGI.Quality:3]]
[2026.04.11-21.20.42:332][  0]LogConfig: Setting CVar [[r.EmitterSpawnRateScale:1.0]]
[2026.04.11-21.20.42:332][  0]LogConfig: Setting CVar [[r.ParticleLightQuality:2]]
[2026.04.11-21.20.42:332][  0]LogConfig: Setting CVar [[r.SkyAtmosphere.AerialPerspectiveLUT.FastApplyOnOpaque:1 ; Always have FastSkyLUT 1 in this case to avoid wrong sky]]
[2026.04.11-21.20.42:332][  0]LogConfig: Setting CVar [[r.SkyAtmosphere.AerialPerspectiveLUT.SampleCountMaxPerSlice:4]]
[2026.04.11-21.20.42:332][  0]LogConfig: Setting CVar [[r.SkyAtmosphere.AerialPerspectiveLUT.DepthResolution:16.0]]
[2026.04.11-21.20.42:332][  0]LogConfig: Setting CVar [[r.SkyAtmosphere.FastSkyLUT:1]]
[2026.04.11-21.20.42:332][  0]LogConfig: Setting CVar [[r.SkyAtmosphere.FastSkyLUT.SampleCountMin:4.0]]
[2026.04.11-21.20.42:332][  0]LogConfig: Setting CVar [[r.SkyAtmosphere.FastSkyLUT.SampleCountMax:128.0]]
[2026.04.11-21.20.42:332][  0]LogConfig: Setting CVar [[r.SkyAtmosphere.SampleCountMin:4.0]]
[2026.04.11-21.20.42:332][  0]LogConfig: Setting CVar [[r.SkyAtmosphere.SampleCountMax:128.0]]
[2026.04.11-21.20.42:332][  0]LogConfig: Setting CVar [[r.SkyAtmosphere.TransmittanceLUT.UseSmallFormat:0]]
[2026.04.11-21.20.42:332][  0]LogConfig: Setting CVar [[r.SkyAtmosphere.TransmittanceLUT.SampleCount:10.0]]
[2026.04.11-21.20.42:333][  0]LogConfig: Setting CVar [[r.SkyAtmosphere.MultiScatteringLUT.SampleCount:15.0]]
[2026.04.11-21.20.42:333][  0]LogConfig: Setting CVar [[r.SkyLight.RealTimeReflectionCapture:1]]
[2026.04.11-21.20.42:333][  0]LogConfig: Applying CVar settings from Section [FoliageQuality@3] File [C:/Github/Others/CPSC399_Game/CPSC399Game/Saved/Config/Windows/Scalability.ini]
[2026.04.11-21.20.42:333][  0]LogConfig: Setting CVar [[foliage.DensityScale:1.0]]
[2026.04.11-21.20.42:333][  0]LogConfig: Setting CVar [[grass.DensityScale:1.0]]
[2026.04.11-21.20.42:333][  0]LogConfig: Applying CVar settings from Section [ShadingQuality@3] File [C:/Github/Others/CPSC399_Game/CPSC399Game/Saved/Config/Windows/Scalability.ini]
[2026.04.11-21.20.42:333][  0]LogConfig: Setting CVar [[r.HairStrands.SkyLighting.IntegrationType:2]]
[2026.04.11-21.20.42:333][  0]LogConfig: Setting CVar [[r.HairStrands.SkyAO.SampleCount:4]]
[2026.04.11-21.20.42:333][  0]LogConfig: Setting CVar [[r.HairStrands.Visibility.MSAA.SamplePerPixel:4]]
[2026.04.11-21.20.42:333][  0]LogConfig: Applying CVar settings from Section [Startup] File [../../../Engine/Config/ConsoleVariables.ini]
[2026.04.11-21.20.42:333][  0]LogConfig: Setting CVar [[net.UseAdaptiveNetUpdateFrequency:0]]
[2026.04.11-21.20.42:333][  0]LogConfig: Setting CVar [[p.chaos.AllowCreatePhysxBodies:1]]
[2026.04.11-21.20.42:333][  0]LogConfig: Setting CVar [[fx.SkipVectorVMBackendOptimizations:1]]
[2026.04.11-21.20.42:333][  0]LogConfig: Applying CVar settings from Section [ConsoleVariables] File [C:/Github/Others/CPSC399_Game/CPSC399Game/Saved/Config/Windows/Engine.ini]
[2026.04.11-21.20.42:333][  0]LogConfig: Applying CVar settings from Section [ConsoleVariables] File [C:/Github/Others/CPSC399_Game/CPSC399Game/Saved/Config/Windows/Editor.ini]
[2026.04.11-21.20.42:333][  0]LogInit: Computer: DESKTOP-U8PTTJO
[2026.04.11-21.20.42:333][  0]LogInit: User: aneki
[2026.04.11-21.20.42:333][  0]LogInit: CPU Page size=4096, Cores=6
[2026.04.11-21.20.42:333][  0]LogInit: High frequency timer resolution =10.000000 MHz
[2026.04.11-21.20.42:333][  0]LogMemory: Memory total: Physical=15.9GB (16GB approx)
[2026.04.11-21.20.42:333][  0]LogMemory: Platform Memory Stats for Windows
[2026.04.11-21.20.42:333][  0]LogMemory: Process Physical Memory: 151.02 MB used, 151.02 MB peak
[2026.04.11-21.20.42:333][  0]LogMemory: Process Virtual Memory: 124.25 MB used, 124.25 MB peak
[2026.04.11-21.20.42:333][  0]LogMemory: Physical Memory: 11559.70 MB used,  4750.34 MB free, 16310.05 MB total
[2026.04.11-21.20.42:333][  0]LogMemory: Virtual Memory: 134200624.00 MB used,  17102.55 MB free, 134217728.00 MB total
[2026.04.11-21.20.42:338][  0]LogWindows: WindowsPlatformFeatures enabled
[2026.04.11-21.20.42:386][  0]LogInit: Physics initialised using underlying interface: PhysX
[2026.04.11-21.20.42:387][  0]LogInit: Using OS detected language (en-US).
[2026.04.11-21.20.42:387][  0]LogInit: Using OS detected locale (en-US).
[2026.04.11-21.20.42:389][  0]LogTextLocalizationManager: No specific localization for 'en-US' exists, so the 'en' localization will be used.
[2026.04.11-21.20.42:548][  0]LogInit: Setting process to per monitor DPI aware
[2026.04.11-21.20.42:563][  0]LogWindowsTextInputMethodSystem: Display: IME system deactivated.
[2026.04.11-21.20.42:575][  0]LogSlate: New Slate User Created.  User Index 0, Is Virtual User: 0
[2026.04.11-21.20.42:575][  0]LogSlate: Slate User Registered.  User Index 0, Is Virtual User: 0
[2026.04.11-21.20.42:782][  0]LogD3D11RHI: Loaded GFSDK_Aftermath_Lib.x64.dll
[2026.04.11-21.20.42:801][  0]LogHMD: Failed to initialize OpenVR with code 110
[2026.04.11-21.20.42:801][  0]LogD3D11RHI: D3D11 min allowed feature level: 11_0
[2026.04.11-21.20.42:801][  0]LogD3D11RHI: D3D11 max allowed feature level: 11_0
[2026.04.11-21.20.42:801][  0]LogD3D11RHI: D3D11 adapters:
[2026.04.11-21.20.42:991][  0]LogD3D11RHI:    0. 'NVIDIA GeForce RTX 4070 SUPER' (Feature Level 11_0)
[2026.04.11-21.20.42:991][  0]LogD3D11RHI:       11997/0/8155 MB DedicatedVideo/DedicatedSystem/SharedSystem, Outputs:2, VendorId:0x10de
[2026.04.11-21.20.42:993][  0]LogD3D11RHI:    1. 'Microsoft Basic Render Driver' (Feature Level 11_0)
[2026.04.11-21.20.42:993][  0]LogD3D11RHI:       0/0/8155 MB DedicatedVideo/DedicatedSystem/SharedSystem, Outputs:0, VendorId:0x1414
[2026.04.11-21.20.42:993][  0]LogD3D11RHI: Chosen D3D11 Adapter:
[2026.04.11-21.20.42:993][  0]LogD3D11RHI:     Description : NVIDIA GeForce RTX 4070 SUPER
[2026.04.11-21.20.42:993][  0]LogD3D11RHI:     VendorId    : 10de
[2026.04.11-21.20.42:993][  0]LogD3D11RHI:     DeviceId    : 2783
[2026.04.11-21.20.42:993][  0]LogD3D11RHI:     SubSysId    : 89741043
[2026.04.11-21.20.42:993][  0]LogD3D11RHI:     Revision    : 00a1
[2026.04.11-21.20.42:993][  0]LogD3D11RHI:     DedicatedVideoMemory : 12579766272 bytes
[2026.04.11-21.20.42:993][  0]LogD3D11RHI:     DedicatedSystemMemory : 0 bytes
[2026.04.11-21.20.42:993][  0]LogD3D11RHI:     SharedSystemMemory : 8551161856 bytes
[2026.04.11-21.20.42:993][  0]LogD3D11RHI:     AdapterLuid : 0 59044
[2026.04.11-21.20.43:001][  0]LogD3D11RHI: Creating new Direct3DDevice
[2026.04.11-21.20.43:001][  0]LogD3D11RHI:     GPU DeviceId: 0x2783 (for the marketing name, search the web for "GPU Device Id")
[2026.04.11-21.20.43:001][  0]LogWindows: EnumDisplayDevices:
[2026.04.11-21.20.43:001][  0]LogWindows:    0. 'NVIDIA GeForce RTX 4070 SUPER' (P:1 D:1)
[2026.04.11-21.20.43:001][  0]LogWindows:    1. 'NVIDIA GeForce RTX 4070 SUPER' (P:0 D:1)
[2026.04.11-21.20.43:001][  0]LogWindows:    2. 'NVIDIA GeForce RTX 4070 SUPER' (P:0 D:0)
[2026.04.11-21.20.43:001][  0]LogWindows:    3. 'NVIDIA GeForce RTX 4070 SUPER' (P:0 D:0)
[2026.04.11-21.20.43:002][  0]LogWindows: DebugString: FoundDriverCount:4 
[2026.04.11-21.20.43:002][  0]LogD3D11RHI:     Adapter Name: NVIDIA GeForce RTX 4070 SUPER
[2026.04.11-21.20.43:002][  0]LogD3D11RHI:   Driver Version: 591.86 (internal:32.0.15.9186, unified:591.86)
[2026.04.11-21.20.43:002][  0]LogD3D11RHI:      Driver Date: 1-20-2026
[2026.04.11-21.20.43:002][  0]LogRHI: Texture pool is 8397 MB (70% of 11997 MB)
[2026.04.11-21.20.43:002][  0]LogD3D11RHI: Creating D3DDevice using adapter:
[2026.04.11-21.20.43:002][  0]LogD3D11RHI:     Description : NVIDIA GeForce RTX 4070 SUPER
[2026.04.11-21.20.43:002][  0]LogD3D11RHI:     VendorId    : 10de
[2026.04.11-21.20.43:002][  0]LogD3D11RHI:     DeviceId    : 2783
[2026.04.11-21.20.43:002][  0]LogD3D11RHI:     SubSysId    : 89741043
[2026.04.11-21.20.43:002][  0]LogD3D11RHI:     Revision    : 00a1
[2026.04.11-21.20.43:002][  0]LogD3D11RHI:     DedicatedVideoMemory : 12579766272 bytes
[2026.04.11-21.20.43:002][  0]LogD3D11RHI:     DedicatedSystemMemory : 0 bytes
[2026.04.11-21.20.43:002][  0]LogD3D11RHI:     SharedSystemMemory : 8551161856 bytes
[2026.04.11-21.20.43:002][  0]LogD3D11RHI:     AdapterLuid : 0 59044
[2026.04.11-21.20.43:125][  0]LogD3D11RHI: RHI has support for 64 bit atomics
[2026.04.11-21.20.43:125][  0]LogD3D11RHI: Async texture creation enabled
[2026.04.11-21.20.43:125][  0]LogD3D11RHI: Array index from any shader is supported
[2026.04.11-21.20.43:150][  0]LogD3D11RHI: GPU Timing Frequency: 1000.000000 (Debug: 2 2)
[2026.04.11-21.20.43:178][  0]LogRHI: GeForceNow SDK initialized: 1
[2026.04.11-21.20.43:463][  0]LogTargetPlatformManager: Display: Loaded TargetPlatform 'AllDesktop'
[2026.04.11-21.20.43:481][  0]LogTargetPlatformManager: Display: Loaded TargetPlatform 'Android'
[2026.04.11-21.20.43:481][  0]LogTargetPlatformManager: Display: Loaded TargetPlatform 'Android_ASTC'
[2026.04.11-21.20.43:481][  0]LogTargetPlatformManager: Display: Loaded TargetPlatform 'Android_DXT'
[2026.04.11-21.20.43:481][  0]LogTargetPlatformManager: Display: Loaded TargetPlatform 'Android_ETC2'
[2026.04.11-21.20.43:481][  0]LogTargetPlatformManager: Display: Loaded TargetPlatform 'AndroidClient'
[2026.04.11-21.20.43:481][  0]LogTargetPlatformManager: Display: Loaded TargetPlatform 'Android_ASTCClient'
[2026.04.11-21.20.43:481][  0]LogTargetPlatformManager: Display: Loaded TargetPlatform 'Android_DXTClient'
[2026.04.11-21.20.43:481][  0]LogTargetPlatformManager: Display: Loaded TargetPlatform 'Android_ETC2Client'
[2026.04.11-21.20.43:481][  0]LogTargetPlatformManager: Display: Loaded TargetPlatform 'Android_Multi'
[2026.04.11-21.20.43:481][  0]LogTargetPlatformManager: Display: Loaded TargetPlatform 'Android_MultiClient'
[2026.04.11-21.20.43:495][  0]LogTargetPlatformManager: Display: Loaded TargetPlatform 'IOSClient'
[2026.04.11-21.20.43:495][  0]LogTargetPlatformManager: Display: Loaded TargetPlatform 'IOS'
[2026.04.11-21.20.43:503][  0]LogTargetPlatformManager: Display: Loaded TargetPlatform 'Linux'
[2026.04.11-21.20.43:506][  0]LogTargetPlatformManager: Display: Loaded TargetPlatform 'LinuxNoEditor'
[2026.04.11-21.20.43:510][  0]LogTargetPlatformManager: Display: Loaded TargetPlatform 'LinuxClient'
[2026.04.11-21.20.43:514][  0]LogTargetPlatformManager: Display: Loaded TargetPlatform 'LinuxServer'
[2026.04.11-21.20.43:521][  0]LogTargetPlatformManager: Display: Loaded TargetPlatform 'LinuxAArch64NoEditor'
[2026.04.11-21.20.43:525][  0]LogTargetPlatformManager: Display: Loaded TargetPlatform 'LinuxAArch64Client'
[2026.04.11-21.20.43:530][  0]LogTargetPlatformManager: Display: Loaded TargetPlatform 'LinuxAArch64Server'
[2026.04.11-21.20.43:548][  0]LogTargetPlatformManager: Display: Loaded TargetPlatform 'Lumin'
[2026.04.11-21.20.43:548][  0]LogTargetPlatformManager: Display: Loaded TargetPlatform 'LuminClient'
[2026.04.11-21.20.43:555][  0]LogTargetPlatformManager: Display: Loaded TargetPlatform 'MacNoEditor'
[2026.04.11-21.20.43:560][  0]LogTargetPlatformManager: Display: Loaded TargetPlatform 'Mac'
[2026.04.11-21.20.43:563][  0]LogTargetPlatformManager: Display: Loaded TargetPlatform 'MacClient'
[2026.04.11-21.20.43:567][  0]LogTargetPlatformManager: Display: Loaded TargetPlatform 'MacServer'
[2026.04.11-21.20.43:575][  0]LogTargetPlatformManager: Display: Loaded TargetPlatform 'TVOSClient'
[2026.04.11-21.20.43:575][  0]LogTargetPlatformManager: Display: Loaded TargetPlatform 'TVOS'
[2026.04.11-21.20.43:581][  0]LogTargetPlatformManager: Display: Loaded TargetPlatform 'WindowsNoEditor'
[2026.04.11-21.20.43:585][  0]LogTargetPlatformManager: Display: Loaded TargetPlatform 'Windows'
[2026.04.11-21.20.43:589][  0]LogTargetPlatformManager: Display: Loaded TargetPlatform 'WindowsClient'
[2026.04.11-21.20.43:594][  0]LogTargetPlatformManager: Display: Loaded TargetPlatform 'WindowsServer'
[2026.04.11-21.20.43:594][  0]LogTargetPlatformManager: Display: Building Assets For Windows
[2026.04.11-21.20.43:600][  0]LogAudioDebug: Display: Lib vorbis DLL was dynamically loaded.
[2026.04.11-21.20.43:622][  0]LogTextureFormatOodle: Display: Oodle Texture 2.9.0 init RDO Off
[2026.04.11-21.20.43:647][  0]LogRendererCore: Ray tracing is disabled. Reason: r.RayTracing=0.
[2026.04.11-21.20.43:647][  0]LogShaderCompilers: Guid format shader working directory is 4 characters bigger than the processId version (C:/Github/Others/CPSC399_Game/CPSC399Game/Intermediate/Shaders/WorkingDirectory/10748/).
[2026.04.11-21.20.43:647][  0]LogShaderCompilers: Cleaned the shader compiler working directory 'C:/Users/aneki/AppData/Local/Temp/UnrealShaderWorkingDir/33A507574078CF7B75989B8FCA242450/'.
[2026.04.11-21.20.43:647][  0]LogXGEController: Cannot use XGE Controller as Incredibuild is not installed on this machine.
[2026.04.11-21.20.43:647][  0]LogShaderCompilers: Cannot use XGE Shader Compiler as Incredibuild is not installed on this machine.
[2026.04.11-21.20.43:647][  0]LogShaderCompilers: Display: Using Local Shader Compiler.
[2026.04.11-21.20.44:226][  0]LogDerivedDataCache: Display: Max Cache Size: 512 MB
[2026.04.11-21.20.44:290][  0]LogDerivedDataCache: Loaded boot cache 0.06s 94MB C:/Users/aneki/AppData/Local/UnrealEngine/4.27/DerivedDataCache/Boot.ddc.
[2026.04.11-21.20.44:290][  0]LogDerivedDataCache: Display: Loaded Boot cache: C:/Users/aneki/AppData/Local/UnrealEngine/4.27/DerivedDataCache/Boot.ddc
[2026.04.11-21.20.44:290][  0]LogDerivedDataCache: FDerivedDataBackendGraph:  Pak pak cache file C:/Github/Others/CPSC399_Game/CPSC399Game/DerivedDataCache/DDC.ddp not found, will not use a pak cache.
[2026.04.11-21.20.44:290][  0]LogDerivedDataCache: Unable to find inner node Pak for hierarchical cache Hierarchy.
[2026.04.11-21.20.44:290][  0]LogDerivedDataCache: FDerivedDataBackendGraph:  CompressedPak pak cache file C:/Github/Others/CPSC399_Game/CPSC399Game/DerivedDataCache/Compressed.ddp not found, will not use a pak cache.
[2026.04.11-21.20.44:290][  0]LogDerivedDataCache: Unable to find inner node CompressedPak for hierarchical cache Hierarchy.
[2026.04.11-21.20.44:306][  0]LogDerivedDataCache: Display: Pak cache opened for reading ../../../Engine/DerivedDataCache/Compressed.ddp.
[2026.04.11-21.20.44:306][  0]LogDerivedDataCache: FDerivedDataBackendGraph:  EnterprisePak pak cache file ../../../Enterprise/DerivedDataCache/Compressed.ddp not found, will not use a pak cache.
[2026.04.11-21.20.44:306][  0]LogDerivedDataCache: Unable to find inner node EnterprisePak for hierarchical cache Hierarchy.
[2026.04.11-21.20.44:313][  0]LogDerivedDataCache: Speed tests for C:/Users/aneki/AppData/Local/UnrealEngine/Common/DerivedDataCache took 0.01 seconds
[2026.04.11-21.20.44:313][  0]LogDerivedDataCache: Display: Performance to C:/Users/aneki/AppData/Local/UnrealEngine/Common/DerivedDataCache: Latency=0.02ms. RandomReadSpeed=1060.20MBs, RandomWriteSpeed=159.38MBs. Assigned SpeedClass 'Local'
[2026.04.11-21.20.44:317][  0]LogDerivedDataCache: Using Local data cache path C:/Users/aneki/AppData/Local/UnrealEngine/Common/DerivedDataCache: Writable
[2026.04.11-21.20.44:318][  0]LogDerivedDataCache: Shared data cache path not found in *engine.ini, will not use an Shared cache.
[2026.04.11-21.20.44:318][  0]LogDerivedDataCache: Unable to find inner node Shared for hierarchical cache Hierarchy.
[2026.04.11-21.20.44:354][  0]LogSlate: Using FreeType 2.10.0
[2026.04.11-21.20.44:355][  0]LogSlate: SlateFontServices - WITH_FREETYPE: 1, WITH_HARFBUZZ: 1
[2026.04.11-21.20.44:378][  0]LogAssetRegistry: FAssetRegistry took 0.0025 seconds to start up
[2026.04.11-21.20.44:569][  0]LogInit: Selected Device Profile: [Windows]
[2026.04.11-21.20.44:569][  0]LogInit: Active device profile: [000001F3E2013E00][000001F3DBFBA100 49] Windows
[2026.04.11-21.20.44:569][  0]LogInit: Profiles: [000001F3E2013E00][000001F3DBFBA100 49] Windows, [000001F3E1FC8300][000001F3DC16A280 49] WindowsNoEditor, [000001F3E2010300][000001F3DC16E400 49] WindowsServer, [000001F3E1FC9E00][000001F3DC172580 49] WindowsClient, [000001F3E2011D00][000001F3DC176700 49] IOS, [000001F3E1FC8D00][000001F3DBFBE840 49] iPadAir, [000001F3E2010C00][000001F3DC17A980 49] iPadAir2, [000001F3E1F80600][000001F3DC182BC0 49] IPadPro, [000001F3E1F80700][000001F3DC17EC00 49] iPadAir3, [000001F3E2010400][000001F3DC18AD80 49] iPadAir4, [000001F3E1F83C00][000001F3DC18EF00 49] iPadMini2, [000001F3E2011100][000001F3DC193080 49] iPadMini3, [000001F3E1F81500][000001F3DC197200 49] iPadMini4, [000001F3E2012700][000001F3DC19B380 49] iPadMini5, [000001F3E1F73E00][000001F3DC1A3640 49] iPhone6, [000001F3E1F73F00][000001F3DC19F680 49] iPodTouch6, [000001F3E1FCB400][000001F3DC1AB940 49] iPhone7, [000001F3E1FCAE00][000001F3DC1A7980 49] iPodTouch7, [000001F3E1F70800][000001F3DC1AFB00 49] iPhone5S, [000001F3E1FCA500][000001F3DC1B2100 49] iPhone6Plus, [000001F3E1F73100][000001F3DC1B6280 49] iPhone6S, [000001F3E1FC9200][000001F3DC1BA400 49] iPhone6SPlus, [000001F3E1F71000][000001F3DC1BE580 49] iPhone7Plus, [000001F3E1FC8700][000001F3DC1C2700 49] iPhoneSE, [000001F3E1F72900][000001F3DC1C6880 49] iPhone8, [000001F3E1FC9C00][000001F3DC1869C0 49] iPhone8Plus, [000001F3E1F71800][000001F3DC1CAB00 49] iPhoneX, [000001F3E1FC8E00][000001F3DC1CEC40 49] iPhoneXS, [000001F3E1F72100][000001F3DC1D2D80 49] iPhoneXSMax, [000001F3E1FC8400][000001F3DC1DAF00 49] iPhoneXR, [000001F3E1F70400][000001F3DC1DF080 49] iPhone11, [000001F3E1FCB500][000001F3DC1F9200 49] iPhone11Pro, [000001F3E1F70C00][000001F3DC205380 49] iPhone11ProMax, [000001F3E1FCBD00][000001F3DC209500 49] iPhoneSE2, [000001F3E1F70200][000001F3E2531680 49] iPhone12Mini, [000001F3E1FCB600][000001F3E25E5800 49] iPhone12, [000001F3E1F73500][000001F3E25E9980 49] iPhone12Pro, [000001F3E1FCBE00][000001F3E25EDB00 49] iPhone12ProMax, [000001F3E1F73B00][000001F3E25F0100 49] iPadPro105, [000001F3E1FC9800][000001F3E25F4280 49] iPadPro129, [000001F3E1F72700][000001F3E25FC400 49] iPadPro97, [000001F3E1FC9700][000001F3E2604580 49] iPadPro2_129, [000001F3E1F72300][000001F3E2608700 49] iPad5, [000001F3E1FC8600][000001F3E2322880 49] iPad6, [000001F3E1F71C00][000001F3E2326A00 49] iPad7, [000001F3E1FCAD00][000001F3DC1D6B40 49] iPad8, [000001F3E1F73900][000001F3E2A24C80 49] iPadPro11, [000001F3E1FCBA00][000001F3E2A2CDC0 49] iPadPro2_11, [000001F3E1F72800][000001F3E261CF00 49] iPadPro3_129, [000001F3E1FC8800][000001F3DBFA7080 49] iPadPro4_129, [000001F3E1F70100][000001F3DBFAB200 49] AppleTV, [000001F3E1FC9D00][000001F3DBFAF380 49] AppleTV4K, [000001F3E1F71900][000001F3DC009500 49] TVOS, [000001F3E1FCAB00][000001F3DC05D680 49] Mac, [000001F3E1F73200][000001F3DC061800 49] MacClient, [000001F3E1FC8100][000001F3E25C3980 49] MacNoEditor, [000001F3E1F72D00][000001F3E25C7B00 49] MacServer, [000001F3E1FC9500][000001F3E25CA100 49] Linux, [000001F3E1F70700][000001F3E25CE280 49] LinuxAArch64, [000001F3E1FC8B00][000001F3E25D2400 49] LinuxNoEditor, [000001F3E1F70D00][000001F3E25D6580 49] LinuxAArch64NoEditor, [000001F3E1FCB100][000001F3E25DA700 49] LinuxClient, [000001F3E1F71F00][000001F3E25DE880 49] LinuxAArch64Client, [000001F3E1FCB200][000001F3D992AA00 49] LinuxServer, [000001F3E1F72E00][000001F3D992EB80 49] LinuxAArch64Server, [000001F3E1FCA800][000001F3D9936D00 49] Android, [000001F3E1F73300][000001F3DBFA2E40 49] Android_Low, [000001F3E1FCBB00][000001F3D993EF80 49] Android_Mid, [000001F3E2012E00][000001F3E2B750C0 49] Android_High, [000001F3E2181500][000001F3E2B9B240 49] Android_Default, [000001F3E2011700][000001F3E2BCD3C0 49] Android_Adreno4xx, [000001F3E2182500][000001F3E2CFD540 49] Android_Adreno5xx_Low, [000001F3E2011600][000001F3E2D0D6C0 49] Android_Adreno5xx, [000001F3E2182700][000001F3E2D11840 49] Android_Adreno6xx, [000001F3E2010800][000001F3E2D1F9C0 49] Android_Adreno6xx_Vulkan, [000001F3E2181E00][000001F3E2D23B40 49] Android_Mali_T6xx, [000001F3E2010700][000001F3E2D26140 49] Android_Mali_T7xx, [000001F3E2180600][000001F3E2D2A2C0 49] Android_Mali_T8xx, [000001F3E2011200][000001F3E2D2E440 49] Android_Mali_G71, [000001F3E2182200][000001F3E2D325C0 49] Android_Mali_G72, [000001F3E2012A00][000001F3E27C0740 49] Android_Mali_G72_Vulkan, [000001F3E2181C00][000001F3E27C48C0 49] Android_Mali_G76, [000001F3E2012100][000001F3DC012A40 49] Android_Mali_G76_Vulkan, [000001F3E2181700][000001F3DC016BC0 49] Android_Mali_G77, [000001F3E2012F00][000001F3DC01AD40 49] Android_Mali_G77_Vulkan, [000001F3E2181B00][000001F3DC01EEC0 49] Android_Mali_G78, [000001F3E2012600][000001F3E2B97000 49] Android_Mali_G78_Vulkan, [000001F3E2182300][000001F3E289D140 49] Android_Mali_G710, [000001F3E2010E00][000001F3DC045280 49] Android_Mali_G710_Vulkan, [000001F3E2182E00][000001F3DC0493C0 49] Android_Vulkan_SM5, [000001F3E2013700][000001F3DC051540 49] Android_PowerVR_G6xxx, [000001F3E2180A00][000001F3DC0556C0 49] Android_PowerVR_GT7xxx, [000001F3E1FCA100][000001F3DC059840 49] Android_PowerVR_GE8xxx, [000001F3E2182600][000001F3E25999C0 49] Android_PowerVR_GM9xxx, [000001F3E1FCAC00][000001F3E259DB40 49] Android_PowerVR_GM9xxx_Vulkan, [000001F3E2181A00][000001F3E25A0140 49] Android_TegraK1, [000001F3E1FCB700][000001F3E25A42C0 49] Android_Unknown_Vulkan, [000001F3E2180300][000001F3E25A8440 49] Lumin, [000001F3E1FCA000][000001F3E25AC5C0 49] Lumin_Desktop, [000001F3E2182B00][000001F3E25BA740 49] HoloLens, 
[2026.04.11-21.20.44:664][  0]LogMeshReduction: Using QuadricMeshReduction for automatic static mesh reduction
[2026.04.11-21.20.44:664][  0]LogMeshReduction: Using SimplygonMeshReduction for automatic skeletal mesh reduction
[2026.04.11-21.20.44:664][  0]LogMeshReduction: Using ProxyLODMeshReduction for automatic mesh merging
[2026.04.11-21.20.44:664][  0]LogMeshReduction: No distributed automatic mesh merging module available
[2026.04.11-21.20.44:664][  0]LogMeshMerging: No distributed automatic mesh merging module available
[2026.04.11-21.20.44:677][  0]LogNetVersion: CPSC399Game 1.0.0, NetCL: 17155196, EngineNetVer: 17, GameNetVer: 0 (Checksum: 2010562307)
[2026.04.11-21.20.44:980][  0]LogTexture: Default maximum texture size for cubemaps generated from long-lat sources has been changed from 512 to unlimited. In order to preserve old behaiour for '/Engine/MapTemplates/Sky/DaylightAmbientCubemap.DaylightAmbientCubemap', its maximum texture size has been explicitly set to 512.
[2026.04.11-21.20.45:033][  0]LogHMD: PokeAHoleMaterial loaded successfully
[2026.04.11-21.20.45:038][  0]LogUObjectArray: 17178 objects as part of root set at end of initial load.
[2026.04.11-21.20.45:038][  0]LogUObjectAllocator: 4302048 out of 0 bytes used by permanent object pool.
[2026.04.11-21.20.45:038][  0]LogUObjectArray: CloseDisregardForGC: 0/0 objects in disregard for GC pool
[2026.04.11-21.20.45:244][  0]LogNiagaraDebuggerClient: Niagara Debugger Client Initialized | Session: 9A40D8B445FB19E2D90C10A73F8809D5 | Instance: FA3BE6E64EDB3CC020CB4CABDB9B53C1 (DESKTOP-U8PTTJO-10748).
[2026.04.11-21.20.45:270][  0]LogPython: Using Python 3.7.7
[2026.04.11-21.20.45:783][  0]LogTcpMessaging: Initializing TcpMessaging bridge
[2026.04.11-21.20.45:787][  0]LogUdpMessaging: Initializing bridge on interface 0.0.0.0:0 to multicast group 230.0.0.1:6666.
[2026.04.11-21.20.45:898][  0]SourceControl: Source control is disabled
[2026.04.11-21.20.45:898][  0]SourceControl: Source control is disabled
[2026.04.11-21.20.45:900][  0]SourceControl: Source control is disabled
[2026.04.11-21.20.45:902][  0]SourceControl: Source control is disabled
[2026.04.11-21.20.45:910][  0]SourceControl: Source control is disabled
[2026.04.11-21.20.45:914][  0]LogUProjectInfo: Found projects:
[2026.04.11-21.20.46:068][  0]LogOpenImageDenoise: OIDN starting up
[2026.04.11-21.20.46:099][  0]LogAndroidPermission: UAndroidPermissionCallbackProxy::GetInstance
[2026.04.11-21.20.46:115][  0]LogAudioCaptureCore: Display: No Audio Capture implementations found. Audio input will be silent.
[2026.04.11-21.20.46:115][  0]LogAudioCaptureCore: Display: No Audio Capture implementations found. Audio input will be silent.
[2026.04.11-21.20.46:212][  0]LogCollectionManager: Loaded 0 collections in 0.000536 seconds
[2026.04.11-21.20.46:231][  0]LogFileCache: Scanning file cache for directory 'C:/Github/Others/CPSC399_Game/CPSC399Game/Saved/Collections/' took 0.00s
[2026.04.11-21.20.46:231][  0]LogFileCache: Scanning file cache for directory 'C:/Github/Others/CPSC399_Game/CPSC399Game/Content/Developers/aneki/Collections/' took 0.00s
[2026.04.11-21.20.46:231][  0]LogFileCache: Scanning file cache for directory 'C:/Github/Others/CPSC399_Game/CPSC399Game/Content/Collections/' took 0.00s
[2026.04.11-21.20.46:231][  0]LogOcInput: OculusInput pre-init called
[2026.04.11-21.20.46:433][  0]LogEngine: Initializing Engine...
[2026.04.11-21.20.46:614][  0]LogHMD: Failed to enumerate extensions. Please check that you have a valid OpenXR runtime installed.
[2026.04.11-21.20.46:622][  0]LogHMD: Failed to initialize OpenVR with code 110
[2026.04.11-21.20.46:641][  0]LogMagicLeap: Warning: VR disabled because ZI is not enabled.  To enable, in the editor, Edit -> Project Settings -> Plugins -> Magic Leap Plugin -> Enable Zero Iteration
[2026.04.11-21.20.46:649][  0]LogStats: UGameplayTagsManager::InitializeManager -  0.000 s
[2026.04.11-21.20.46:760][  0]LogInit: Initializing FReadOnlyCVARCache
[2026.04.11-21.20.46:823][  0]LogAIModule: Creating AISystem for world Untitled
[2026.04.11-21.20.46:824][  0]LogAudio: Display: Initializing Audio Device Manager...
[2026.04.11-21.20.46:853][  0]LogAudio: Display: Loading Default Audio Settings Objects...
[2026.04.11-21.20.46:866][  0]LogAudio: Display: No default SoundConcurrencyObject specified (or failed to load).
[2026.04.11-21.20.46:867][  0]LogAudio: Display: Audio Device Manager Initialized
[2026.04.11-21.20.46:867][  0]LogAudio: Display: Creating Audio Device:                 Id: 1, Scope: Shared, Realtime: True
[2026.04.11-21.20.46:867][  0]LogAudioMixer: Display: Audio Mixer Platform Settings:
[2026.04.11-21.20.46:867][  0]LogAudioMixer: Display: 	Sample Rate:						  48000
[2026.04.11-21.20.46:867][  0]LogAudioMixer: Display: 	Callback Buffer Frame Size Requested: 1024
[2026.04.11-21.20.46:867][  0]LogAudioMixer: Display: 	Callback Buffer Frame Size To Use:	  1024
[2026.04.11-21.20.46:867][  0]LogAudioMixer: Display: 	Number of buffers to queue:			  2
[2026.04.11-21.20.46:867][  0]LogAudioMixer: Display: 	Max Channels (voices):				  32
[2026.04.11-21.20.46:867][  0]LogAudioMixer: Display: 	Number of Async Source Workers:		  0
[2026.04.11-21.20.46:867][  0]LogAudio: Display: AudioDevice MaxSources: 32
[2026.04.11-21.20.46:867][  0]LogAudio: Display: Audio Spatialization Plugin: None (built-in).
[2026.04.11-21.20.46:867][  0]LogAudio: Display: Audio Reverb Plugin: None (built-in).
[2026.04.11-21.20.46:867][  0]LogAudio: Display: Audio Occlusion Plugin: None (built-in).
[2026.04.11-21.20.46:867][  0]LogAudioMixer: Display: Initializing audio mixer.
[2026.04.11-21.20.46:894][  0]LogAudioMixer: Display: 0: FrontLeft
[2026.04.11-21.20.46:894][  0]LogAudioMixer: Display: 1: FrontRight
[2026.04.11-21.20.46:894][  0]LogAudioMixer: Display: 2: FrontCenter
[2026.04.11-21.20.46:894][  0]LogAudioMixer: Display: 3: LowFrequency
[2026.04.11-21.20.46:894][  0]LogAudioMixer: Display: 4: BackLeft
[2026.04.11-21.20.46:894][  0]LogAudioMixer: Display: 5: BackRight
[2026.04.11-21.20.46:894][  0]LogAudioMixer: Display: 6: SideLeft
[2026.04.11-21.20.46:894][  0]LogAudioMixer: Display: 7: SideRight
[2026.04.11-21.20.46:926][  0]LogAudioMixer: Display: Using Audio Device Speakers (Logitech G733 Gaming Headset)
[2026.04.11-21.20.46:927][  0]LogAudioMixer: Display: Initializing Sound Submixes...
[2026.04.11-21.20.46:942][  0]LogAudioMixer: Display: Creating Master Submix 'MasterSubmixDefault'
[2026.04.11-21.20.46:942][  0]LogAudioMixer: Display: Creating Master Submix 'MasterReverbSubmixDefault'
[2026.04.11-21.20.46:943][  0]LogAudioMixer: Display: Creating Master Submix 'MasterEQSubmixDefault'
[2026.04.11-21.20.46:943][  0]LogAudioMixer: FMixerPlatformXAudio2::StartAudioStream() called
[2026.04.11-21.20.46:943][  0]LogAudioMixer: Display: Output buffers initialized: Frames=1024, Channels=8, Samples=8192
[2026.04.11-21.20.46:944][  0]LogAudioMixer: Display: Starting AudioMixerPlatformInterface::RunInternal()
[2026.04.11-21.20.46:944][  0]LogAudioMixer: Display: FMixerPlatformXAudio2::SubmitBuffer() called for the first time
[2026.04.11-21.20.46:944][  0]LogInit: FAudioDevice initialized.
[2026.04.11-21.20.46:944][  0]LogAudio: Display: Audio Device (ID: 1) registered with world 'Untitled'.
[2026.04.11-21.20.46:945][  0]LogNetVersion: Set ProjectVersion to 1.0.0.0. Version Checksum will be recalculated on next use.
[2026.04.11-21.20.46:987][  0]LogDerivedDataCache: Saved boot cache 0.04s 94MB C:/Users/aneki/AppData/Local/UnrealEngine/4.27/DerivedDataCache/Boot.ddc.
[2026.04.11-21.20.46:990][  0]LogInit: Texture streaming: Enabled
[2026.04.11-21.20.47:062][  0]LogAnalytics: Display: [UEEditor.Rocket.Release] APIServer = https://datarouter.ol.epicgames.com/. AppVersion = 4.27.2-18319896+++UE4+Release-4.27
[2026.04.11-21.20.47:078][  0]LogEngineSessionManager: EngineSessionManager initialized
[2026.04.11-21.20.47:078][  0]LogEditorSessionSummary: Verbose: Initializing EditorSessionSummaryWriter for editor session tracking
[2026.04.11-21.20.47:081][  0]LogEditorSessionSummary: EditorSessionSummaryWriter initialized
[2026.04.11-21.20.47:184][  0]LogInit: Transaction tracking system initialized
[2026.04.11-21.20.47:486][  0]BlueprintLog: New page: Editor Load
[2026.04.11-21.20.47:889][  0]LocalizationService: Localization service is disabled
[2026.04.11-21.20.48:029][  0]TimingProfiler: Initialize
[2026.04.11-21.20.48:029][  0]TimingProfiler: OnSessionChanged
[2026.04.11-21.20.48:029][  0]LoadingProfiler: Initialize
[2026.04.11-21.20.48:029][  0]LoadingProfiler: OnSessionChanged
[2026.04.11-21.20.48:029][  0]NetworkingProfiler: Initialize
[2026.04.11-21.20.48:029][  0]NetworkingProfiler: OnSessionChanged
[2026.04.11-21.20.48:029][  0]MemoryProfiler: Initialize
[2026.04.11-21.20.48:029][  0]MemoryProfiler: OnSessionChanged
[2026.04.11-21.20.48:977][  0]LogCook: Display: CookSettings for Memory: MemoryMaxUsedVirtual 0MiB, MemoryMaxUsedPhysical 16384MiB, MemoryMinFreeVirtual 0MiB, MemoryMinFreePhysical 1024MiB
[2026.04.11-21.20.48:978][  0]LogCook: Display: Mobile HDR setting 1
[2026.04.11-21.20.49:592][  0]LogFileCache: Scanning file cache for directory 'C:/Github/Others/CPSC399_Game/CPSC399Game/Content/' took 0.02s
[2026.04.11-21.20.51:023][  0]LogInit: Display: Engine is initialized. Leaving FEngineLoop::Init()
[2026.04.11-21.20.51:032][  0]SourceControl: Source control is disabled
[2026.04.11-21.20.51:032][  0]LogUnrealEdMisc: Loading editor; pre map load, took 9.890
[2026.04.11-21.20.51:032][  0]Cmd: MAP LOAD FILE="C:/Github/Others/CPSC399_Game/CPSC399Game/Content/ThirdPersonBP/Maps/ThirdPersonExampleMap.umap" TEMPLATE=0 SHOWPROGRESS=1 FEATURELEVEL=3
[2026.04.11-21.20.51:038][  0]LightingResults: New page: Lighting Build
[2026.04.11-21.20.51:052][  0]LogWorld: UWorld::CleanupWorld for Untitled, bSessionEnded=true, bCleanupResources=true
[2026.04.11-21.20.51:053][  0]LogSlate: InvalidateAllWidgets triggered.  All widgets were invalidated
[2026.04.11-21.20.51:053][  0]MapCheck: New page: Map Check
[2026.04.11-21.20.51:053][  0]LightingResults: New page: Lighting Build
[2026.04.11-21.20.51:065][  0]LogAudio: Display: Audio Device unregistered from world 'None'.
[2026.04.11-21.20.51:068][  0]LogUObjectHash: Compacting FUObjectHashTables data took   0.63ms
[2026.04.11-21.20.52:678][  0]LogAudio: Display: Audio Device (ID: 1) registered with world 'ThirdPersonExampleMap'.
[2026.04.11-21.20.52:679][  0]LogAIModule: Creating AISystem for world ThirdPersonExampleMap
[2026.04.11-21.20.53:161][  0]LogEditorServer: Finished looking for orphan Actors (0.000 secs)
[2026.04.11-21.20.53:235][  0]LogUObjectHash: Compacting FUObjectHashTables data took   0.73ms
[2026.04.11-21.20.53:236][  0]Cmd: MAP CHECKDEP NOCLEARLOG
[2026.04.11-21.20.53:236][  0]MapCheck: Map check complete: 0 Error(s), 0 Warning(s), took 0.15ms to complete.
[2026.04.11-21.20.53:236][  0]LogFileHelpers: Loading map 'ThirdPersonExampleMap' took 2.204
[2026.04.11-21.20.53:237][  0]LogUnrealEdMisc: Total Editor Startup Time, took 12.096
[2026.04.11-21.20.54:212][  0]LogSlate: Updating window title bar state: overlay mode, drag disabled, window buttons hidden, title bar hidden
[2026.04.11-21.20.54:218][  0]LogSlate: Updating window title bar state: overlay mode, drag disabled, window buttons hidden, title bar hidden
[2026.04.11-21.20.54:222][  0]LogSlate: Updating window title bar state: overlay mode, drag disabled, window buttons hidden, title bar hidden
[2026.04.11-21.20.54:226][  0]LogSlate: Updating window title bar state: overlay mode, drag disabled, window buttons hidden, title bar hidden
[2026.04.11-21.20.54:495][  0]LogNativeClassHierarchy: Verbose: Native class hierarchy populated in 0.0110 seconds. Added 3822 classes and 928 folders.
[2026.04.11-21.20.54:624][  0]LogNativeClassHierarchy: Verbose: Native class hierarchy updated for 'WidgetCarousel' in 0.0003 seconds. Added 0 classes and 0 folders.
[2026.04.11-21.20.54:818][  0]LogPakFile: PakFile PrimaryIndexSize=187
[2026.04.11-21.20.54:818][  0]LogPakFile: PakFile PathHashIndexSize=101
[2026.04.11-21.20.54:818][  0]LogPakFile: PakFile FullDirectoryIndexSize=148
[2026.04.11-21.20.54:853][  0]LogShaderLibrary: Display: ShaderCodeLibraryPakFileMountedCallback: PakFile 'F:/Unreal Engine/UE_4.27/FeaturePacks/FP_FirstPerson.upack' (chunk index -1, root 'root:/') mounted
[2026.04.11-21.20.54:853][  0]LogShaderLibrary: Display: ShaderCodeLibraryPakFileMountedCallback: pending pak file info (ChunkID:-1 Root:root:/ File:F:/Unreal Engine/UE_4.27/FeaturePacks/FP_FirstPerson.upack)
[2026.04.11-21.20.54:864][  0]LogPakFile: OnPakFileMounted2Time == 0.046298
[2026.04.11-21.20.54:882][  0]LogPakFile: PakFile PrimaryIndexSize=189
[2026.04.11-21.20.54:882][  0]LogPakFile: PakFile PathHashIndexSize=101
[2026.04.11-21.20.54:882][  0]LogPakFile: PakFile FullDirectoryIndexSize=152
[2026.04.11-21.20.54:882][  0]LogShaderLibrary: Display: ShaderCodeLibraryPakFileMountedCallback: PakFile 'F:/Unreal Engine/UE_4.27/FeaturePacks/FP_FirstPersonBP.upack' (chunk index -1, root 'root:/') mounted
[2026.04.11-21.20.54:882][  0]LogShaderLibrary: Display: ShaderCodeLibraryPakFileMountedCallback: pending pak file info (ChunkID:-1 Root:root:/ File:F:/Unreal Engine/UE_4.27/FeaturePacks/FP_FirstPersonBP.upack)
[2026.04.11-21.20.54:882][  0]LogPakFile: OnPakFileMounted2Time == 0.000042
[2026.04.11-21.20.54:909][  0]LogPakFile: PakFile PrimaryIndexSize=191
[2026.04.11-21.20.54:909][  0]LogPakFile: PakFile PathHashIndexSize=101
[2026.04.11-21.20.54:909][  0]LogPakFile: PakFile FullDirectoryIndexSize=160
[2026.04.11-21.20.54:909][  0]LogShaderLibrary: Display: ShaderCodeLibraryPakFileMountedCallback: PakFile 'F:/Unreal Engine/UE_4.27/FeaturePacks/MobileStarterContent.upack' (chunk index -1, root 'root:/') mounted
[2026.04.11-21.20.54:910][  0]LogShaderLibrary: Display: ShaderCodeLibraryPakFileMountedCallback: pending pak file info (ChunkID:-1 Root:root:/ File:F:/Unreal Engine/UE_4.27/FeaturePacks/MobileStarterContent.upack)
[2026.04.11-21.20.54:910][  0]LogPakFile: OnPakFileMounted2Time == 0.000034
[2026.04.11-21.20.54:916][  0]LogPakFile: PakFile PrimaryIndexSize=185
[2026.04.11-21.20.54:916][  0]LogPakFile: PakFile PathHashIndexSize=101
[2026.04.11-21.20.54:916][  0]LogPakFile: PakFile FullDirectoryIndexSize=148
[2026.04.11-21.20.54:916][  0]LogShaderLibrary: Display: ShaderCodeLibraryPakFileMountedCallback: PakFile 'F:/Unreal Engine/UE_4.27/FeaturePacks/StarterContent.upack' (chunk index -1, root 'root:/') mounted
[2026.04.11-21.20.54:916][  0]LogShaderLibrary: Display: ShaderCodeLibraryPakFileMountedCallback: pending pak file info (ChunkID:-1 Root:root:/ File:F:/Unreal Engine/UE_4.27/FeaturePacks/StarterContent.upack)
[2026.04.11-21.20.54:916][  0]LogPakFile: OnPakFileMounted2Time == 0.000035
[2026.04.11-21.20.54:931][  0]LogPakFile: PakFile PrimaryIndexSize=190
[2026.04.11-21.20.54:931][  0]LogPakFile: PakFile PathHashIndexSize=101
[2026.04.11-21.20.54:931][  0]LogPakFile: PakFile FullDirectoryIndexSize=154
[2026.04.11-21.20.54:931][  0]LogShaderLibrary: Display: ShaderCodeLibraryPakFileMountedCallback: PakFile 'F:/Unreal Engine/UE_4.27/FeaturePacks/TP_2DSideScroller.upack' (chunk index -1, root 'root:/') mounted
[2026.04.11-21.20.54:931][  0]LogShaderLibrary: Display: ShaderCodeLibraryPakFileMountedCallback: pending pak file info (ChunkID:-1 Root:root:/ File:F:/Unreal Engine/UE_4.27/FeaturePacks/TP_2DSideScroller.upack)
[2026.04.11-21.20.54:931][  0]LogPakFile: OnPakFileMounted2Time == 0.000033
[2026.04.11-21.20.54:948][  0]LogPakFile: PakFile PrimaryIndexSize=192
[2026.04.11-21.20.54:948][  0]LogPakFile: PakFile PathHashIndexSize=101
[2026.04.11-21.20.54:948][  0]LogPakFile: PakFile FullDirectoryIndexSize=158
[2026.04.11-21.20.54:948][  0]LogShaderLibrary: Display: ShaderCodeLibraryPakFileMountedCallback: PakFile 'F:/Unreal Engine/UE_4.27/FeaturePacks/TP_2DSideScrollerBP.upack' (chunk index -1, root 'root:/') mounted
[2026.04.11-21.20.54:948][  0]LogShaderLibrary: Display: ShaderCodeLibraryPakFileMountedCallback: pending pak file info (ChunkID:-1 Root:root:/ File:F:/Unreal Engine/UE_4.27/FeaturePacks/TP_2DSideScrollerBP.upack)
[2026.04.11-21.20.54:948][  0]LogPakFile: OnPakFileMounted2Time == 0.000030
[2026.04.11-21.20.54:953][  0]LogPakFile: PakFile PrimaryIndexSize=182
[2026.04.11-21.20.54:953][  0]LogPakFile: PakFile PathHashIndexSize=101
[2026.04.11-21.20.54:953][  0]LogPakFile: PakFile FullDirectoryIndexSize=138
[2026.04.11-21.20.54:953][  0]LogShaderLibrary: Display: ShaderCodeLibraryPakFileMountedCallback: PakFile 'F:/Unreal Engine/UE_4.27/FeaturePacks/TP_Flying.upack' (chunk index -1, root 'root:/') mounted
[2026.04.11-21.20.54:953][  0]LogShaderLibrary: Display: ShaderCodeLibraryPakFileMountedCallback: pending pak file info (ChunkID:-1 Root:root:/ File:F:/Unreal Engine/UE_4.27/FeaturePacks/TP_Flying.upack)
[2026.04.11-21.20.54:953][  0]LogPakFile: OnPakFileMounted2Time == 0.000033
[2026.04.11-21.20.54:967][  0]LogPakFile: PakFile PrimaryIndexSize=184
[2026.04.11-21.20.54:967][  0]LogPakFile: PakFile PathHashIndexSize=101
[2026.04.11-21.20.54:967][  0]LogPakFile: PakFile FullDirectoryIndexSize=142
[2026.04.11-21.20.54:967][  0]LogShaderLibrary: Display: ShaderCodeLibraryPakFileMountedCallback: PakFile 'F:/Unreal Engine/UE_4.27/FeaturePacks/TP_FlyingBP.upack' (chunk index -1, root 'root:/') mounted
[2026.04.11-21.20.54:967][  0]LogShaderLibrary: Display: ShaderCodeLibraryPakFileMountedCallback: pending pak file info (ChunkID:-1 Root:root:/ File:F:/Unreal Engine/UE_4.27/FeaturePacks/TP_FlyingBP.upack)
[2026.04.11-21.20.54:967][  0]LogPakFile: OnPakFileMounted2Time == 0.000031
[2026.04.11-21.20.54:995][  0]LogPakFile: PakFile PrimaryIndexSize=188
[2026.04.11-21.20.54:995][  0]LogPakFile: PakFile PathHashIndexSize=101
[2026.04.11-21.20.54:995][  0]LogPakFile: PakFile FullDirectoryIndexSize=150
[2026.04.11-21.20.54:995][  0]LogShaderLibrary: Display: ShaderCodeLibraryPakFileMountedCallback: PakFile 'F:/Unreal Engine/UE_4.27/FeaturePacks/TP_HandheldARBP.upack' (chunk index -1, root 'root:/') mounted
[2026.04.11-21.20.54:995][  0]LogShaderLibrary: Display: ShaderCodeLibraryPakFileMountedCallback: pending pak file info (ChunkID:-1 Root:root:/ File:F:/Unreal Engine/UE_4.27/FeaturePacks/TP_HandheldARBP.upack)
[2026.04.11-21.20.54:995][  0]LogPakFile: OnPakFileMounted2Time == 0.000038
[2026.04.11-21.20.55:014][  0]LogPakFile: PakFile PrimaryIndexSize=182
[2026.04.11-21.20.55:014][  0]LogPakFile: PakFile PathHashIndexSize=101
[2026.04.11-21.20.55:014][  0]LogPakFile: PakFile FullDirectoryIndexSize=138
[2026.04.11-21.20.55:014][  0]LogShaderLibrary: Display: ShaderCodeLibraryPakFileMountedCallback: PakFile 'F:/Unreal Engine/UE_4.27/FeaturePacks/TP_Puzzle.upack' (chunk index -1, root 'root:/') mounted
[2026.04.11-21.20.55:014][  0]LogShaderLibrary: Display: ShaderCodeLibraryPakFileMountedCallback: pending pak file info (ChunkID:-1 Root:root:/ File:F:/Unreal Engine/UE_4.27/FeaturePacks/TP_Puzzle.upack)
[2026.04.11-21.20.55:014][  0]LogPakFile: OnPakFileMounted2Time == 0.000037
[2026.04.11-21.20.55:019][  0]LogPakFile: PakFile PrimaryIndexSize=184
[2026.04.11-21.20.55:019][  0]LogPakFile: PakFile PathHashIndexSize=101
[2026.04.11-21.20.55:019][  0]LogPakFile: PakFile FullDirectoryIndexSize=142
[2026.04.11-21.20.55:019][  0]LogShaderLibrary: Display: ShaderCodeLibraryPakFileMountedCallback: PakFile 'F:/Unreal Engine/UE_4.27/FeaturePacks/TP_PuzzleBP.upack' (chunk index -1, root 'root:/') mounted
[2026.04.11-21.20.55:020][  0]LogShaderLibrary: Display: ShaderCodeLibraryPakFileMountedCallback: pending pak file info (ChunkID:-1 Root:root:/ File:F:/Unreal Engine/UE_4.27/FeaturePacks/TP_PuzzleBP.upack)
[2026.04.11-21.20.55:020][  0]LogPakFile: OnPakFileMounted2Time == 0.000030
[2026.04.11-21.20.55:034][  0]LogPakFile: PakFile PrimaryIndexSize=183
[2026.04.11-21.20.55:034][  0]LogPakFile: PakFile PathHashIndexSize=101
[2026.04.11-21.20.55:034][  0]LogPakFile: PakFile FullDirectoryIndexSize=140
[2026.04.11-21.20.55:034][  0]LogShaderLibrary: Display: ShaderCodeLibraryPakFileMountedCallback: PakFile 'F:/Unreal Engine/UE_4.27/FeaturePacks/TP_Rolling.upack' (chunk index -1, root 'root:/') mounted
[2026.04.11-21.20.55:034][  0]LogShaderLibrary: Display: ShaderCodeLibraryPakFileMountedCallback: pending pak file info (ChunkID:-1 Root:root:/ File:F:/Unreal Engine/UE_4.27/FeaturePacks/TP_Rolling.upack)
[2026.04.11-21.20.55:034][  0]LogPakFile: OnPakFileMounted2Time == 0.000031
[2026.04.11-21.20.55:040][  0]LogPakFile: PakFile PrimaryIndexSize=185
[2026.04.11-21.20.55:040][  0]LogPakFile: PakFile PathHashIndexSize=101
[2026.04.11-21.20.55:040][  0]LogPakFile: PakFile FullDirectoryIndexSize=144
[2026.04.11-21.20.55:040][  0]LogShaderLibrary: Display: ShaderCodeLibraryPakFileMountedCallback: PakFile 'F:/Unreal Engine/UE_4.27/FeaturePacks/TP_RollingBP.upack' (chunk index -1, root 'root:/') mounted
[2026.04.11-21.20.55:040][  0]LogShaderLibrary: Display: ShaderCodeLibraryPakFileMountedCallback: pending pak file info (ChunkID:-1 Root:root:/ File:F:/Unreal Engine/UE_4.27/FeaturePacks/TP_RollingBP.upack)
[2026.04.11-21.20.55:040][  0]LogPakFile: OnPakFileMounted2Time == 0.000028
[2026.04.11-21.20.55:047][  0]LogPakFile: PakFile PrimaryIndexSize=188
[2026.04.11-21.20.55:047][  0]LogPakFile: PakFile PathHashIndexSize=101
[2026.04.11-21.20.55:047][  0]LogPakFile: PakFile FullDirectoryIndexSize=150
[2026.04.11-21.20.55:047][  0]LogShaderLibrary: Display: ShaderCodeLibraryPakFileMountedCallback: PakFile 'F:/Unreal Engine/UE_4.27/FeaturePacks/TP_SideScroller.upack' (chunk index -1, root 'root:/') mounted
[2026.04.11-21.20.55:047][  0]LogShaderLibrary: Display: ShaderCodeLibraryPakFileMountedCallback: pending pak file info (ChunkID:-1 Root:root:/ File:F:/Unreal Engine/UE_4.27/FeaturePacks/TP_SideScroller.upack)
[2026.04.11-21.20.55:047][  0]LogPakFile: OnPakFileMounted2Time == 0.000027
[2026.04.11-21.20.55:052][  0]LogPakFile: PakFile PrimaryIndexSize=190
[2026.04.11-21.20.55:052][  0]LogPakFile: PakFile PathHashIndexSize=101
[2026.04.11-21.20.55:052][  0]LogPakFile: PakFile FullDirectoryIndexSize=154
[2026.04.11-21.20.55:052][  0]LogShaderLibrary: Display: ShaderCodeLibraryPakFileMountedCallback: PakFile 'F:/Unreal Engine/UE_4.27/FeaturePacks/TP_SideScrollerBP.upack' (chunk index -1, root 'root:/') mounted
[2026.04.11-21.20.55:052][  0]LogShaderLibrary: Display: ShaderCodeLibraryPakFileMountedCallback: pending pak file info (ChunkID:-1 Root:root:/ File:F:/Unreal Engine/UE_4.27/FeaturePacks/TP_SideScrollerBP.upack)
[2026.04.11-21.20.55:052][  0]LogPakFile: OnPakFileMounted2Time == 0.000031
[2026.04.11-21.20.55:057][  0]LogPakFile: PakFile PrimaryIndexSize=187
[2026.04.11-21.20.55:057][  0]LogPakFile: PakFile PathHashIndexSize=101
[2026.04.11-21.20.55:057][  0]LogPakFile: PakFile FullDirectoryIndexSize=148
[2026.04.11-21.20.55:057][  0]LogShaderLibrary: Display: ShaderCodeLibraryPakFileMountedCallback: PakFile 'F:/Unreal Engine/UE_4.27/FeaturePacks/TP_ThirdPerson.upack' (chunk index -1, root 'root:/') mounted
[2026.04.11-21.20.55:057][  0]LogShaderLibrary: Display: ShaderCodeLibraryPakFileMountedCallback: pending pak file info (ChunkID:-1 Root:root:/ File:F:/Unreal Engine/UE_4.27/FeaturePacks/TP_ThirdPerson.upack)
[2026.04.11-21.20.55:057][  0]LogPakFile: OnPakFileMounted2Time == 0.000028
[2026.04.11-21.20.55:063][  0]LogPakFile: PakFile PrimaryIndexSize=189
[2026.04.11-21.20.55:063][  0]LogPakFile: PakFile PathHashIndexSize=101
[2026.04.11-21.20.55:063][  0]LogPakFile: PakFile FullDirectoryIndexSize=152
[2026.04.11-21.20.55:063][  0]LogShaderLibrary: Display: ShaderCodeLibraryPakFileMountedCallback: PakFile 'F:/Unreal Engine/UE_4.27/FeaturePacks/TP_ThirdPersonBP.upack' (chunk index -1, root 'root:/') mounted
[2026.04.11-21.20.55:063][  0]LogShaderLibrary: Display: ShaderCodeLibraryPakFileMountedCallback: pending pak file info (ChunkID:-1 Root:root:/ File:F:/Unreal Engine/UE_4.27/FeaturePacks/TP_ThirdPersonBP.upack)
[2026.04.11-21.20.55:063][  0]LogPakFile: OnPakFileMounted2Time == 0.000028
[2026.04.11-21.20.55:069][  0]LogPakFile: PakFile PrimaryIndexSize=183
[2026.04.11-21.20.55:069][  0]LogPakFile: PakFile PathHashIndexSize=101
[2026.04.11-21.20.55:069][  0]LogPakFile: PakFile FullDirectoryIndexSize=140
[2026.04.11-21.20.55:069][  0]LogShaderLibrary: Display: ShaderCodeLibraryPakFileMountedCallback: PakFile 'F:/Unreal Engine/UE_4.27/FeaturePacks/TP_TopDown.upack' (chunk index -1, root 'root:/') mounted
[2026.04.11-21.20.55:069][  0]LogShaderLibrary: Display: ShaderCodeLibraryPakFileMountedCallback: pending pak file info (ChunkID:-1 Root:root:/ File:F:/Unreal Engine/UE_4.27/FeaturePacks/TP_TopDown.upack)
[2026.04.11-21.20.55:069][  0]LogPakFile: OnPakFileMounted2Time == 0.000038
[2026.04.11-21.20.55:075][  0]LogPakFile: PakFile PrimaryIndexSize=185
[2026.04.11-21.20.55:076][  0]LogPakFile: PakFile PathHashIndexSize=101
[2026.04.11-21.20.55:076][  0]LogPakFile: PakFile FullDirectoryIndexSize=144
[2026.04.11-21.20.55:076][  0]LogShaderLibrary: Display: ShaderCodeLibraryPakFileMountedCallback: PakFile 'F:/Unreal Engine/UE_4.27/FeaturePacks/TP_TopDownBP.upack' (chunk index -1, root 'root:/') mounted
[2026.04.11-21.20.55:076][  0]LogShaderLibrary: Display: ShaderCodeLibraryPakFileMountedCallback: pending pak file info (ChunkID:-1 Root:root:/ File:F:/Unreal Engine/UE_4.27/FeaturePacks/TP_TopDownBP.upack)
[2026.04.11-21.20.55:076][  0]LogPakFile: OnPakFileMounted2Time == 0.000025
[2026.04.11-21.20.55:083][  0]LogPakFile: PakFile PrimaryIndexSize=185
[2026.04.11-21.20.55:083][  0]LogPakFile: PakFile PathHashIndexSize=101
[2026.04.11-21.20.55:083][  0]LogPakFile: PakFile FullDirectoryIndexSize=144
[2026.04.11-21.20.55:083][  0]LogShaderLibrary: Display: ShaderCodeLibraryPakFileMountedCallback: PakFile 'F:/Unreal Engine/UE_4.27/FeaturePacks/TP_TwinStick.upack' (chunk index -1, root 'root:/') mounted
[2026.04.11-21.20.55:083][  0]LogShaderLibrary: Display: ShaderCodeLibraryPakFileMountedCallback: pending pak file info (ChunkID:-1 Root:root:/ File:F:/Unreal Engine/UE_4.27/FeaturePacks/TP_TwinStick.upack)
[2026.04.11-21.20.55:083][  0]LogPakFile: OnPakFileMounted2Time == 0.000028
[2026.04.11-21.20.55:109][  0]LogPakFile: PakFile PrimaryIndexSize=187
[2026.04.11-21.20.55:109][  0]LogPakFile: PakFile PathHashIndexSize=101
[2026.04.11-21.20.55:109][  0]LogPakFile: PakFile FullDirectoryIndexSize=148
[2026.04.11-21.20.55:109][  0]LogShaderLibrary: Display: ShaderCodeLibraryPakFileMountedCallback: PakFile 'F:/Unreal Engine/UE_4.27/FeaturePacks/TP_TwinStickBP.upack' (chunk index -1, root 'root:/') mounted
[2026.04.11-21.20.55:109][  0]LogShaderLibrary: Display: ShaderCodeLibraryPakFileMountedCallback: pending pak file info (ChunkID:-1 Root:root:/ File:F:/Unreal Engine/UE_4.27/FeaturePacks/TP_TwinStickBP.upack)
[2026.04.11-21.20.55:109][  0]LogPakFile: OnPakFileMounted2Time == 0.000037
[2026.04.11-21.20.55:115][  0]LogPakFile: PakFile PrimaryIndexSize=183
[2026.04.11-21.20.55:115][  0]LogPakFile: PakFile PathHashIndexSize=101
[2026.04.11-21.20.55:115][  0]LogPakFile: PakFile FullDirectoryIndexSize=140
[2026.04.11-21.20.55:115][  0]LogShaderLibrary: Display: ShaderCodeLibraryPakFileMountedCallback: PakFile 'F:/Unreal Engine/UE_4.27/FeaturePacks/TP_Vehicle.upack' (chunk index -1, root 'root:/') mounted
[2026.04.11-21.20.55:115][  0]LogShaderLibrary: Display: ShaderCodeLibraryPakFileMountedCallback: pending pak file info (ChunkID:-1 Root:root:/ File:F:/Unreal Engine/UE_4.27/FeaturePacks/TP_Vehicle.upack)
[2026.04.11-21.20.55:115][  0]LogPakFile: OnPakFileMounted2Time == 0.000030
[2026.04.11-21.20.55:120][  0]LogPakFile: PakFile PrimaryIndexSize=186
[2026.04.11-21.20.55:120][  0]LogPakFile: PakFile PathHashIndexSize=101
[2026.04.11-21.20.55:120][  0]LogPakFile: PakFile FullDirectoryIndexSize=146
[2026.04.11-21.20.55:120][  0]LogShaderLibrary: Display: ShaderCodeLibraryPakFileMountedCallback: PakFile 'F:/Unreal Engine/UE_4.27/FeaturePacks/TP_VehicleAdv.upack' (chunk index -1, root 'root:/') mounted
[2026.04.11-21.20.55:120][  0]LogShaderLibrary: Display: ShaderCodeLibraryPakFileMountedCallback: pending pak file info (ChunkID:-1 Root:root:/ File:F:/Unreal Engine/UE_4.27/FeaturePacks/TP_VehicleAdv.upack)
[2026.04.11-21.20.55:120][  0]LogPakFile: OnPakFileMounted2Time == 0.000029
[2026.04.11-21.20.55:126][  0]LogPakFile: PakFile PrimaryIndexSize=188
[2026.04.11-21.20.55:126][  0]LogPakFile: PakFile PathHashIndexSize=101
[2026.04.11-21.20.55:126][  0]LogPakFile: PakFile FullDirectoryIndexSize=150
[2026.04.11-21.20.55:126][  0]LogShaderLibrary: Display: ShaderCodeLibraryPakFileMountedCallback: PakFile 'F:/Unreal Engine/UE_4.27/FeaturePacks/TP_VehicleAdvBP.upack' (chunk index -1, root 'root:/') mounted
[2026.04.11-21.20.55:126][  0]LogShaderLibrary: Display: ShaderCodeLibraryPakFileMountedCallback: pending pak file info (ChunkID:-1 Root:root:/ File:F:/Unreal Engine/UE_4.27/FeaturePacks/TP_VehicleAdvBP.upack)
[2026.04.11-21.20.55:126][  0]LogPakFile: OnPakFileMounted2Time == 0.000034
[2026.04.11-21.20.55:132][  0]LogPakFile: PakFile PrimaryIndexSize=185
[2026.04.11-21.20.55:132][  0]LogPakFile: PakFile PathHashIndexSize=101
[2026.04.11-21.20.55:132][  0]LogPakFile: PakFile FullDirectoryIndexSize=144
[2026.04.11-21.20.55:132][  0]LogShaderLibrary: Display: ShaderCodeLibraryPakFileMountedCallback: PakFile 'F:/Unreal Engine/UE_4.27/FeaturePacks/TP_VehicleBP.upack' (chunk index -1, root 'root:/') mounted
[2026.04.11-21.20.55:132][  0]LogShaderLibrary: Display: ShaderCodeLibraryPakFileMountedCallback: pending pak file info (ChunkID:-1 Root:root:/ File:F:/Unreal Engine/UE_4.27/FeaturePacks/TP_VehicleBP.upack)
[2026.04.11-21.20.55:132][  0]LogPakFile: OnPakFileMounted2Time == 0.000030
[2026.04.11-21.20.55:139][  0]LogPakFile: PakFile PrimaryIndexSize=192
[2026.04.11-21.20.55:139][  0]LogPakFile: PakFile PathHashIndexSize=101
[2026.04.11-21.20.55:139][  0]LogPakFile: PakFile FullDirectoryIndexSize=158
[2026.04.11-21.20.55:139][  0]LogShaderLibrary: Display: ShaderCodeLibraryPakFileMountedCallback: PakFile 'F:/Unreal Engine/UE_4.27/FeaturePacks/TP_VirtualRealityBP.upack' (chunk index -1, root 'root:/') mounted
[2026.04.11-21.20.55:139][  0]LogShaderLibrary: Display: ShaderCodeLibraryPakFileMountedCallback: pending pak file info (ChunkID:-1 Root:root:/ File:F:/Unreal Engine/UE_4.27/FeaturePacks/TP_VirtualRealityBP.upack)
[2026.04.11-21.20.55:139][  0]LogPakFile: OnPakFileMounted2Time == 0.000029
[2026.04.11-21.20.55:795][  0]LogNativeClassHierarchy: Verbose: Native class hierarchy updated for 'AddContentDialog' in 0.0003 seconds. Added 0 classes and 0 folders.
[2026.04.11-21.20.55:822][  0]LogNativeClassHierarchy: Verbose: Native class hierarchy updated for 'SceneOutliner' in 0.0003 seconds. Added 2 classes and 0 folders.
[2026.04.11-21.20.56:290][  0]LogSlate: Took 0.009635 seconds to synchronously load lazily loaded font '../../../Engine/Content/Slate/Fonts/Roboto-Regular.ttf' (155K)
[2026.04.11-21.20.56:314][  0]LogSlate: Took 0.010491 seconds to synchronously load lazily loaded font '../../../Engine/Content/Editor/Slate/Fonts/FontAwesome.ttf' (139K)
[2026.04.11-21.20.56:347][  0]LogSlate: Took 0.014000 seconds to synchronously load lazily loaded font '../../../Engine/Content/Slate/Fonts/Roboto-Bold.ttf' (160K)
[2026.04.11-21.20.56:793][  0]LogRenderer: Reallocating scene render targets to support 1076x624 Format 10 NumSamples 1 (Frame:1).
[2026.04.11-21.20.57:390][  0]LogNativeClassHierarchy: Verbose: Native class hierarchy updated for 'HierarchicalLODOutliner' in 0.0003 seconds. Added 0 classes and 0 folders.
[2026.04.11-21.20.57:391][  0]LogInput: Warning: Action Jump uses invalid key OculusGo_Left_Trigger_Click.
[2026.04.11-21.20.57:391][  0]LogInput: Warning: Action ResetVR uses invalid key OculusGo_Left_Trackpad_Click.
[2026.04.11-21.20.57:391][  0]LogInput: Warning: Use -RemoveInvalidKeys to remove instances of these keys from the action mapping.
[2026.04.11-21.20.57:391][  0]LogLoad: (Engine Initialization) Total time: 16.25 seconds
[2026.04.11-21.20.57:391][  0]LogLoad: (Engine Initialization) Total Blueprint compile time: 0.00 seconds
[2026.04.11-21.20.57:442][  0]LogAssetRegistry: Asset discovery search completed in 13.0656 seconds
[2026.04.11-21.20.57:471][  0]LogCollectionManager: Fixed up redirectors for 0 collections in 0.000004 seconds (updated 0 objects)
[2026.04.11-21.20.57:491][  0]LogContentStreaming: Texture pool size now 1000 MB
[2026.04.11-21.20.57:837][  2]LogSlate: Took 0.013134 seconds to synchronously load lazily loaded font '../../../Engine/Content/Slate/Fonts/Roboto-Light.ttf' (167K)
[2026.04.11-21.43.29:715][787]LogUObjectHash: Compacting FUObjectHashTables data took   0.67ms
[2026.04.11-21.43.29:755][787]LogSlate: Took 0.005369 seconds to synchronously load lazily loaded font '../../../Engine/Content/Slate/Fonts/Roboto-Light.ttf' (167K)
[2026.04.11-21.43.29:942][787]LogAssetEditorSubsystem: Opening Asset editor for World /Game/ThirdPersonBP/Maps/Map1.Map1
[2026.04.11-21.43.29:942][787]Cmd: MAP LOAD FILE="C:/Github/Others/CPSC399_Game/CPSC399Game/Content/ThirdPersonBP/Maps/Map1.umap" TEMPLATE=0 SHOWPROGRESS=1 FEATURELEVEL=3
[2026.04.11-21.43.29:942][787]LightingResults: New page: Lighting Build
[2026.04.11-21.43.29:942][787]LoadErrors: New page: Loading map: Map1.umap
[2026.04.11-21.43.29:962][787]LogWorld: UWorld::CleanupWorld for ThirdPersonExampleMap, bSessionEnded=true, bCleanupResources=true
[2026.04.11-21.43.29:962][787]LogSlate: InvalidateAllWidgets triggered.  All widgets were invalidated
[2026.04.11-21.43.29:967][787]MapCheck: New page: Map Check
[2026.04.11-21.43.29:967][787]LightingResults: New page: Lighting Build
[2026.04.11-21.43.29:971][787]LogAudio: Display: Audio Device unregistered from world 'None'.
[2026.04.11-21.43.29:975][787]LogUObjectHash: Compacting FUObjectHashTables data took   0.76ms
[2026.04.11-21.43.29:975][787]LogAudio: Display: Audio Device (ID: 1) registered with world 'Map1'.
[2026.04.11-21.43.30:006][787]LogEditorServer: Finished looking for orphan Actors (0.000 secs)
[2026.04.11-21.43.30:006][787]LogAIModule: Creating AISystem for world Map1
[2026.04.11-21.43.30:016][787]LogUObjectHash: Compacting FUObjectHashTables data took   0.57ms
[2026.04.11-21.43.30:027][787]Cmd: MAP CHECKDEP NOCLEARLOG
[2026.04.11-21.43.30:028][787]MapCheck: Map check complete: 0 Error(s), 0 Warning(s), took 0.093ms to complete.
[2026.04.11-21.43.30:028][787]LogFileHelpers: Loading map 'Map1' took 0.086
[2026.04.11-22.44.06:392][265]LogAssetEditorSubsystem: Opening Asset editor for WidgetBlueprint /Game/Menus/MainMenu.MainMenu
[2026.04.11-22.44.07:444][265]LogNativeClassHierarchy: Verbose: Native class hierarchy updated for 'BlueprintGraph' in 0.0017 seconds. Added 126 classes and 0 folders.
[2026.04.11-22.44.09:891][265]LogSlate: Took 0.017530 seconds to synchronously load lazily loaded font '../../../Engine/Content/Slate/Fonts/Roboto-BoldCondensed.ttf' (158K)
[2026.04.11-22.46.28:704][929]LogUObjectHash: Compacting FUObjectHashTables data took   3.47ms
[2026.04.11-22.46.28:715][929]LogFileHelpers: Editor autosave (incl. external actors) for '/Game/ThirdPersonBP/Maps/Map1' took 0.113
[2026.04.11-22.46.28:731][929]OBJ SavePackage: Generating thumbnails for [0] asset(s) in package [/Game/Menus/MainMenu] ([2] browsable assets)...
[2026.04.11-22.46.28:732][929]OBJ SavePackage: Finished generating thumbnails for package [/Game/Menus/MainMenu]
[2026.04.11-22.46.28:732][929]Cmd: OBJ SAVEPACKAGE PACKAGE="/Game/Menus/MainMenu" FILE="C:/Github/Others/CPSC399_Game/CPSC399Game/Saved/Autosaves/Game/Menus/MainMenu_Auto1.uasset" SILENT=false AUTOSAVING=true
[2026.04.11-22.46.28:838][929]LogSavePackage: Moving 'C:/Github/Others/CPSC399_Game/CPSC399Game/Saved/MainMenu_Auto1CBDD54F846F1B5BECBA9C1A45146A4CC.tmp' to 'C:/Github/Others/CPSC399_Game/CPSC399Game/Saved/Autosaves/Game/Menus/MainMenu_Auto1.uasset'
[2026.04.11-22.46.28:858][929]LogFileHelpers: Auto-saving content packages took 0.143
[2026.04.11-22.56.29:145][ 99]LogUObjectHash: Compacting FUObjectHashTables data took   3.25ms
[2026.04.11-22.56.29:151][ 99]LogFileHelpers: Editor autosave (incl. external actors) for '/Game/ThirdPersonBP/Maps/Map1' took 0.030
[2026.04.11-22.56.29:151][ 99]OBJ SavePackage: Generating thumbnails for [0] asset(s) in package [/Game/Menus/MainMenu] ([2] browsable assets)...
[2026.04.11-22.56.29:151][ 99]OBJ SavePackage: Finished generating thumbnails for package [/Game/Menus/MainMenu]
[2026.04.11-22.56.29:151][ 99]Cmd: OBJ SAVEPACKAGE PACKAGE="/Game/Menus/MainMenu" FILE="C:/Github/Others/CPSC399_Game/CPSC399Game/Saved/Autosaves/Game/Menus/MainMenu_Auto2.uasset" SILENT=false AUTOSAVING=true
[2026.04.11-22.56.29:158][ 99]LogSavePackage: Moving 'C:/Github/Others/CPSC399_Game/CPSC399Game/Saved/MainMenu_Auto2E5D251664333A3AEF81C7BAF8A655AC4.tmp' to 'C:/Github/Others/CPSC399_Game/CPSC399Game/Saved/Autosaves/Game/Menus/MainMenu_Auto2.uasset'
[2026.04.11-22.56.29:159][ 99]LogFileHelpers: Auto-saving content packages took 0.009
[2026.04.11-23.12.10:140][852]BlueprintLog: New page: Compile MainMenu
[2026.04.11-23.12.10:210][852]LogUObjectHash: Compacting FUObjectHashTables data took   2.14ms
[2026.04.11-23.12.10:306][852]LogSlate: Took 0.016016 seconds to synchronously load lazily loaded font '../../../Engine/Content/Slate/Fonts/DroidSansMono.ttf' (77K)
[2026.04.11-23.12.20:764][ 71]Cmd: OBJ SAVEPACKAGE PACKAGE="/Game/Menus/MainMenu" FILE="C:/Github/Others/CPSC399_Game/CPSC399Game/Content/Menus/MainMenu.uasset" SILENT=true
[2026.04.11-23.12.20:771][ 71]LogSavePackage: Moving 'C:/Github/Others/CPSC399_Game/CPSC399Game/Saved/MainMenuE819453B4A4D6380605691B764AA7AB1.tmp' to 'C:/Github/Others/CPSC399_Game/CPSC399Game/Content/Menus/MainMenu.uasset'
[2026.04.11-23.12.20:791][ 71]AssetCheck: New page: Asset Save: MainMenu
[2026.04.11-23.12.20:791][ 71]LogContentValidation: Display: Validating WidgetBlueprint /Game/Menus/MainMenu.MainMenu
[2026.04.11-23.14.00:649][992]LogSlate: FontCache flush requested. Reason: Font Atlases Full; 2/1 Pages; frames since last flush: 251992
[2026.04.11-23.14.00:649][992]LogSlate: InvalidateAllWidgets triggered.  All widgets were invalidated
[2026.04.11-23.14.00:664][993]LogSlate: Took 0.005959 seconds to synchronously load lazily loaded font '../../../Engine/Content/Slate/Fonts/Roboto-Regular.ttf' (155K)
[2026.04.11-23.14.00:674][993]LogSlate: Took 0.005300 seconds to synchronously load lazily loaded font '../../../Engine/Content/Editor/Slate/Fonts/FontAwesome.ttf' (139K)
[2026.04.11-23.14.00:679][993]LogSlate: Took 0.004378 seconds to synchronously load lazily loaded font '../../../Engine/Content/Slate/Fonts/Roboto-Bold.ttf' (160K)
[2026.04.11-23.14.00:688][993]LogSlate: Took 0.004496 seconds to synchronously load lazily loaded font '../../../Engine/Content/Slate/Fonts/Roboto-Light.ttf' (167K)
[2026.04.11-23.14.00:691][993]LogSlate: Took 0.000245 seconds to synchronously load lazily loaded font '../../../Engine/Content/Slate/Fonts/Roboto-Light.ttf' (167K)
[2026.04.11-23.14.00:699][993]LogSlate: Took 0.004378 seconds to synchronously load lazily loaded font '../../../Engine/Content/Slate/Fonts/Roboto-BoldCondensed.ttf' (158K)
[2026.04.11-23.14.00:703][993]LogSlate: Took 0.000137 seconds to synchronously load lazily loaded font '../../../Engine/Content/Slate/Fonts/DroidSansMono.ttf' (77K)
[2026.04.11-23.14.00:992][ 24]LogSlate: FontCache flush requested. Reason: Font Atlases Full; 2/1 Pages; frames since last flush: 32
[2026.04.11-23.14.00:992][ 24]LogSlate: InvalidateAllWidgets triggered.  All widgets were invalidated
[2026.04.11-23.14.00:998][ 25]LogSlate: Took 0.000317 seconds to synchronously load lazily loaded font '../../../Engine/Content/Slate/Fonts/Roboto-Regular.ttf' (155K)
[2026.04.11-23.14.01:004][ 25]LogSlate: Took 0.000162 seconds to synchronously load lazily loaded font '../../../Engine/Content/Editor/Slate/Fonts/FontAwesome.ttf' (139K)
[2026.04.11-23.14.01:005][ 25]LogSlate: Took 0.000151 seconds to synchronously load lazily loaded font '../../../Engine/Content/Slate/Fonts/Roboto-Bold.ttf' (160K)
[2026.04.11-23.14.01:008][ 25]LogSlate: Took 0.000146 seconds to synchronously load lazily loaded font '../../../Engine/Content/Slate/Fonts/Roboto-Light.ttf' (167K)
[2026.04.11-23.14.01:011][ 25]LogSlate: Took 0.000118 seconds to synchronously load lazily loaded font '../../../Engine/Content/Slate/Fonts/Roboto-Light.ttf' (167K)
[2026.04.11-23.14.01:014][ 25]LogSlate: Took 0.000141 seconds to synchronously load lazily loaded font '../../../Engine/Content/Slate/Fonts/Roboto-BoldCondensed.ttf' (158K)
[2026.04.11-23.14.01:018][ 25]LogSlate: Took 0.000122 seconds to synchronously load lazily loaded font '../../../Engine/Content/Slate/Fonts/DroidSansMono.ttf' (77K)
[2026.04.11-23.15.38:092][645]LogUObjectHash: Compacting FUObjectHashTables data took   3.17ms
[2026.04.11-23.15.38:098][645]LogFileHelpers: Editor autosave (incl. external actors) for '/Game/ThirdPersonBP/Maps/Map1' took 0.030
[2026.04.11-23.15.38:099][645]OBJ SavePackage: Generating thumbnails for [0] asset(s) in package [/Game/Menus/MainMenu] ([2] browsable assets)...
[2026.04.11-23.15.38:099][645]OBJ SavePackage: Finished generating thumbnails for package [/Game/Menus/MainMenu]
[2026.04.11-23.15.38:099][645]Cmd: OBJ SAVEPACKAGE PACKAGE="/Game/Menus/MainMenu" FILE="C:/Github/Others/CPSC399_Game/CPSC399Game/Saved/Autosaves/Game/Menus/MainMenu_Auto3.uasset" SILENT=false AUTOSAVING=true
[2026.04.11-23.15.38:105][645]LogSavePackage: Moving 'C:/Github/Others/CPSC399_Game/CPSC399Game/Saved/MainMenu_Auto32449D86D4F5066BE4B3A7E948760B67F.tmp' to 'C:/Github/Others/CPSC399_Game/CPSC399Game/Saved/Autosaves/Game/Menus/MainMenu_Auto3.uasset'
[2026.04.11-23.15.38:106][645]LogFileHelpers: Auto-saving content packages took 0.008
[2026.04.11-23.16.15:438][850]Cmd: OBJ SAVEPACKAGE PACKAGE="/Game/Menus/MainMenu" FILE="C:/Github/Others/CPSC399_Game/CPSC399Game/Content/Menus/MainMenu.uasset" SILENT=true
[2026.04.11-23.16.15:444][850]LogSavePackage: Moving 'C:/Github/Others/CPSC399_Game/CPSC399Game/Saved/MainMenu5F8A5FE34706C6B65C331BB17B57AE8D.tmp' to 'C:/Github/Others/CPSC399_Game/CPSC399Game/Content/Menus/MainMenu.uasset'
[2026.04.11-23.16.15:459][850]AssetCheck: New page: Asset Save: MainMenu
[2026.04.11-23.16.15:459][850]LogContentValidation: Display: Validating WidgetBlueprint /Game/Menus/MainMenu.MainMenu
[2026.04.11-23.16.21:749][532]LogContentBrowser: Deferred new asset file creation: NewWidgetBlueprint
[2026.04.11-23.16.21:766][532]LogContentBrowser: Creating deferred item: NewWidgetBlueprint
[2026.04.11-23.16.30:469][573]LogContentBrowser: Attempting asset rename: NewWidgetBlueprint -> WBP_Controls
[2026.04.11-23.16.30:486][573]LogContentBrowser: End creating deferred item NewWidgetBlueprint
[2026.04.11-23.16.31:603][703]LogAssetEditorSubsystem: Opening Asset editor for WidgetBlueprint /Game/Menus/WBP_Controls.WBP_Controls
[2026.04.11-23.17.48:873][663]LogEditorTransaction: Undo Drag and Drop Widget
[2026.04.11-23.18.13:620][883]LogVSAccessor: Warning: Couldn't goto line number '1' in 'F:/Unreal Engine/UE_4.27/Engine/Source/Runtime/UMG/Public/Components/Image.h'
[2026.04.11-23.21.14:638][ 41]LogSlate: Window 'Debug Tools' being destroyed
[2026.04.11-23.21.14:645][ 41]LogSlate: Window 'Debug Tools' being destroyed
[2026.04.11-23.22.10:677][637]LogContentBrowser: Deferred new asset folder creation: NewFolder
[2026.04.11-23.22.10:691][637]LogContentBrowser: Creating deferred item: NewFolder
[2026.04.11-23.22.14:540][ 98]LogContentBrowser: Attempting asset rename: NewFolder -> MenuAssets
[2026.04.11-23.22.14:540][ 98]LogContentBrowser: End creating deferred item NewFolder
[2026.04.11-23.22.20:043][348]LogFactory: FactoryCreateFile: Texture with ReimportTextureFactory (0 0 C:\Users\aneki\Downloads\arrowkeys.png)
[2026.04.11-23.22.20:056][348]LogTexture: Display: Building textures: arrowkeys (OODLE_AutoDXT, 200X200)
[2026.04.11-23.22.23:408][736]Cmd: OBJ SAVEPACKAGE PACKAGE="/Game/ThirdPersonBP/Maps/Map1" FILE="C:/Github/Others/CPSC399_Game/CPSC399Game/Content/ThirdPersonBP/Maps/Map1.umap" SILENT=true AUTOSAVING=false KEEPDIRTY=false
[2026.04.11-23.22.23:446][736]LogUObjectHash: Compacting FUObjectHashTables data took   3.18ms
[2026.04.11-23.22.23:533][736]LogSavePackage: Moving 'C:/Github/Others/CPSC399_Game/CPSC399Game/Saved/Map1C96585A04E40AF0CAABFBB970201D760.tmp' to 'C:/Github/Others/CPSC399_Game/CPSC399Game/Content/ThirdPersonBP/Maps/Map1.umap'
[2026.04.11-23.22.23:562][736]AssetCheck: New page: Asset Save: Map1
[2026.04.11-23.22.23:562][736]LogContentValidation: Display: Validating World /Game/ThirdPersonBP/Maps/Map1.Map1
[2026.04.11-23.22.54:241][ 91]LogSlate: Window 'Color Picker' being destroyed
[2026.04.11-23.25.18:901][817]LogSlate: Window 'Color Picker' being destroyed
[2026.04.11-23.25.21:370][100]LogEditorTransaction: Undo Edit Color and Opacity
[2026.04.11-23.25.33:791][420]LogSlate: Window 'Color Picker' being destroyed
[2026.04.11-23.25.46:334][807]LogSlate: Window 'Color Picker' being destroyed
[2026.04.11-23.26.08:694][349]LogEditorTransaction: Undo Remove Widget
[2026.04.11-23.26.36:019][438]LogEditorTransaction: Undo Drag and Drop Widget
[2026.04.11-23.26.38:611][650]LogEditorTransaction: Undo Drag and Drop Widget
[2026.04.11-23.26.45:007][346]LogEditorTransaction: Undo Drag and Drop Widget
[2026.04.11-23.28.02:165][631]LogSlate: Window 'Color Picker' being destroyed
[2026.04.11-23.28.07:090][134]LogSlate: Window 'Color Picker' being destroyed
[2026.04.11-23.29.50:511][421]LogEditorTransaction: Undo Move Widget
[2026.04.11-23.29.51:590][503]LogEditorTransaction: Undo Drag and Drop Widget
[2026.04.11-23.30.59:044][213]Cmd: OBJ SAVEPACKAGE PACKAGE="/Game/Menus/WBP_Controls" FILE="C:/Github/Others/CPSC399_Game/CPSC399Game/Content/Menus/WBP_Controls.uasset" SILENT=true
[2026.04.11-23.30.59:052][213]LogSavePackage: Moving 'C:/Github/Others/CPSC399_Game/CPSC399Game/Saved/WBP_ControlsAA3494B8447452C38659D0A759A93B8C.tmp' to 'C:/Github/Others/CPSC399_Game/CPSC399Game/Content/Menus/WBP_Controls.uasset'
[2026.04.11-23.30.59:068][213]AssetCheck: New page: Asset Save: WBP_Controls
[2026.04.11-23.30.59:068][213]LogContentValidation: Display: Validating WidgetBlueprint /Game/Menus/WBP_Controls.WBP_Controls
[2026.04.11-23.31.00:877][408]BlueprintLog: New page: Compile MainMenu
[2026.04.11-23.31.00:917][408]LogUObjectHash: Compacting FUObjectHashTables data took   3.30ms
[2026.04.11-23.33.18:029][860]LogUObjectHash: Compacting FUObjectHashTables data took   2.94ms
[2026.04.11-23.33.18:031][860]LogFileHelpers: Editor autosave (incl. external actors) for '/Game/ThirdPersonBP/Maps/Map1' took 0.030
[2026.04.11-23.33.18:031][860]OBJ SavePackage: Generating thumbnails for [0] asset(s) in package [/Game/Menus/MainMenu] ([2] browsable assets)...
[2026.04.11-23.33.18:031][860]OBJ SavePackage: Finished generating thumbnails for package [/Game/Menus/MainMenu]
[2026.04.11-23.33.18:031][860]Cmd: OBJ SAVEPACKAGE PACKAGE="/Game/Menus/MainMenu" FILE="C:/Github/Others/CPSC399_Game/CPSC399Game/Saved/Autosaves/Game/Menus/MainMenu_Auto4.uasset" SILENT=false AUTOSAVING=true
[2026.04.11-23.33.18:038][860]LogSavePackage: Moving 'C:/Github/Others/CPSC399_Game/CPSC399Game/Saved/MainMenu_Auto43E958E2E4AF5D357B83896A1A48E2E1A.tmp' to 'C:/Github/Others/CPSC399_Game/CPSC399Game/Saved/Autosaves/Game/Menus/MainMenu_Auto4.uasset'
[2026.04.11-23.33.18:039][860]OBJ SavePackage: Generating thumbnails for [1] asset(s) in package [/Game/Menus/MenuAssets/arrowkeys] ([1] browsable assets)...
[2026.04.11-23.33.18:080][860]OBJ SavePackage:     Rendered thumbnail for [Texture2D /Game/Menus/MenuAssets/arrowkeys.arrowkeys]
[2026.04.11-23.33.18:080][860]OBJ SavePackage: Finished generating thumbnails for package [/Game/Menus/MenuAssets/arrowkeys]
[2026.04.11-23.33.18:080][860]Cmd: OBJ SAVEPACKAGE PACKAGE="/Game/Menus/MenuAssets/arrowkeys" FILE="C:/Github/Others/CPSC399_Game/CPSC399Game/Saved/Autosaves/Game/Menus/MenuAssets/arrowkeys_Auto4.uasset" SILENT=false AUTOSAVING=true
[2026.04.11-23.33.18:086][860]LogSavePackage: Moving 'C:/Github/Others/CPSC399_Game/CPSC399Game/Saved/arrowkeys_Auto4D7AC10554B770DB5759D1D8283615A15.tmp' to 'C:/Github/Others/CPSC399_Game/CPSC399Game/Saved/Autosaves/Game/Menus/MenuAssets/arrowkeys_Auto4.uasset'
[2026.04.11-23.33.18:086][860]LogFileHelpers: Auto-saving content packages took 0.056
[2026.04.11-23.34.14:762][585]Cmd: OBJ SAVEPACKAGE PACKAGE="/Game/Menus/WBP_Controls" FILE="C:/Github/Others/CPSC399_Game/CPSC399Game/Content/Menus/WBP_Controls.uasset" SILENT=true
[2026.04.11-23.34.14:766][585]LogSavePackage: Moving 'C:/Github/Others/CPSC399_Game/CPSC399Game/Saved/WBP_Controls51C67C964BA365881C9A3EB38ACD7503.tmp' to 'C:/Github/Others/CPSC399_Game/CPSC399Game/Content/Menus/WBP_Controls.uasset'
[2026.04.11-23.34.14:781][585]AssetCheck: New page: Asset Save: WBP_Controls
[2026.04.11-23.34.14:781][585]LogContentValidation: Display: Validating WidgetBlueprint /Game/Menus/WBP_Controls.WBP_Controls
[2026.04.11-23.34.19:283][ 75]Cmd: OBJ SAVEPACKAGE PACKAGE="/Game/Menus/WBP_Controls" FILE="C:/Github/Others/CPSC399_Game/CPSC399Game/Content/Menus/WBP_Controls.uasset" SILENT=true
[2026.04.11-23.34.19:287][ 75]LogSavePackage: Moving 'C:/Github/Others/CPSC399_Game/CPSC399Game/Saved/WBP_ControlsF5F4BD824B064486C98F5A88FBA65557.tmp' to 'C:/Github/Others/CPSC399_Game/CPSC399Game/Content/Menus/WBP_Controls.uasset'
[2026.04.11-23.34.19:299][ 75]AssetCheck: New page: Asset Save: WBP_Controls
[2026.04.11-23.34.19:299][ 75]LogContentValidation: Display: Validating WidgetBlueprint /Game/Menus/WBP_Controls.WBP_Controls
[2026.04.11-23.34.37:132][885]LogSlate: Window 'Color Picker' being destroyed
[2026.04.11-23.35.34:628][295]LogSlate: Window 'Color Picker' being destroyed
[2026.04.11-23.35.41:742][ 36]LogSlate: Window 'Color Picker' being destroyed
[2026.04.11-23.35.55:265][557]Cmd: OBJ SAVEPACKAGE PACKAGE="/Game/Menus/WBP_Controls" FILE="C:/Github/Others/CPSC399_Game/CPSC399Game/Content/Menus/WBP_Controls.uasset" SILENT=true
[2026.04.11-23.35.55:269][557]LogSavePackage: Moving 'C:/Github/Others/CPSC399_Game/CPSC399Game/Saved/WBP_Controls08B360CA485EE0CBA64AD799F88DD529.tmp' to 'C:/Github/Others/CPSC399_Game/CPSC399Game/Content/Menus/WBP_Controls.uasset'
[2026.04.11-23.35.55:287][557]AssetCheck: New page: Asset Save: WBP_Controls
[2026.04.11-23.35.55:288][557]LogContentValidation: Display: Validating WidgetBlueprint /Game/Menus/WBP_Controls.WBP_Controls
[2026.04.11-23.57.59:599][267]Cmd: OBJ SAVEPACKAGE PACKAGE="/Game/Menus/MainMenu" FILE="C:/Github/Others/CPSC399_Game/CPSC399Game/Content/Menus/MainMenu.uasset" SILENT=true
[2026.04.11-23.57.59:607][267]LogSavePackage: Moving 'C:/Github/Others/CPSC399_Game/CPSC399Game/Saved/MainMenu1B21F1CB45DEDAB597D9AA82ABFEBAF4.tmp' to 'C:/Github/Others/CPSC399_Game/CPSC399Game/Content/Menus/MainMenu.uasset'
[2026.04.11-23.57.59:622][267]AssetCheck: New page: Asset Save: MainMenu
[2026.04.11-23.57.59:622][267]LogContentValidation: Display: Validating WidgetBlueprint /Game/Menus/MainMenu.MainMenu
[2026.04.11-23.58.10:449][531]LogAssetEditorSubsystem: Opening Asset editor for Blueprint /Game/ThirdPersonBP/Blueprints/ThirdPersonGameMode.ThirdPersonGameMode
[2026.04.11-23.58.11:616][532]LogSlate: Took 0.015361 seconds to synchronously load lazily loaded font '../../../Engine/Content/Slate/Fonts/Roboto-Italic.ttf' (157K)
[2026.04.11-23.59.35:245][370]LogEditorClassViewer: Warning: Class /Engine/Tutorial/InWorldBlueprintEditing/TutorialAssets/IWBE_Blutility.IWBE_Blutility_C has parent /Script/Blutility.PlacedEditorUtilityBase, but this parent is not found. The Class will not be shown in ClassViewer.
[2026.04.12-00.01.25:774][902]LogSelectionDetails: Warning: NavigateToFunctionSource:  Unable to find symbols for 'UGameplayStatics::GetPlayerController' [The specified module could not be found.]
[2026.04.12-00.01.26:347][937]LogSelectionDetails: Warning: NavigateToFunctionSource:  Unable to find symbols for 'UGameplayStatics::GetPlayerController' [Element not found.]
[2026.04.12-00.02.04:113][268]Cmd: OBJ SAVEPACKAGE PACKAGE="/Game/ThirdPersonBP/Blueprints/ThirdPersonGameMode" FILE="C:/Github/Others/CPSC399_Game/CPSC399Game/Content/ThirdPersonBP/Blueprints/ThirdPersonGameMode.uasset" SILENT=true
[2026.04.12-00.02.04:120][268]LogSavePackage: Moving 'C:/Github/Others/CPSC399_Game/CPSC399Game/Saved/ThirdPersonGameMode17C8A1074473F6776F61DF9D9083C43D.tmp' to 'C:/Github/Others/CPSC399_Game/CPSC399Game/Content/ThirdPersonBP/Blueprints/ThirdPersonGameMode.uasset'
[2026.04.12-00.02.04:137][268]AssetCheck: New page: Asset Save: ThirdPersonGameMode
[2026.04.12-00.02.04:137][268]LogContentValidation: Display: Validating Blueprint /Game/ThirdPersonBP/Blueprints/ThirdPersonGameMode.ThirdPersonGameMode
[2026.04.12-00.02.24:212][606]Cmd: OBJ SAVEPACKAGE PACKAGE="/Game/ThirdPersonBP/Blueprints/ThirdPersonGameMode" FILE="C:/Github/Others/CPSC399_Game/CPSC399Game/Content/ThirdPersonBP/Blueprints/ThirdPersonGameMode.uasset" SILENT=true
[2026.04.12-00.02.24:220][606]LogSavePackage: Moving 'C:/Github/Others/CPSC399_Game/CPSC399Game/Saved/ThirdPersonGameMode70CA431440A1F8A3C8223D8A78B87980.tmp' to 'C:/Github/Others/CPSC399_Game/CPSC399Game/Content/ThirdPersonBP/Blueprints/ThirdPersonGameMode.uasset'
[2026.04.12-00.02.24:234][606]AssetCheck: New page: Asset Save: ThirdPersonGameMode
[2026.04.12-00.02.24:234][606]LogContentValidation: Display: Validating Blueprint /Game/ThirdPersonBP/Blueprints/ThirdPersonGameMode.ThirdPersonGameMode
[2026.04.12-00.02.27:977][ 36]BlueprintLog: New page: Compile ThirdPersonGameMode
[2026.04.12-00.02.28:131][ 36]LogUObjectHash: Compacting FUObjectHashTables data took   3.43ms
[2026.04.12-00.04.53:822][908]LogUObjectHash: Compacting FUObjectHashTables data took   3.98ms
[2026.04.12-00.04.53:825][908]LogFileHelpers: Editor autosave (incl. external actors) for '/Game/ThirdPersonBP/Maps/Map1' took 0.033
[2026.04.12-00.04.53:825][908]OBJ SavePackage: Generating thumbnails for [0] asset(s) in package [/Game/Menus/MainMenu] ([2] browsable assets)...
[2026.04.12-00.04.53:825][908]OBJ SavePackage: Finished generating thumbnails for package [/Game/Menus/MainMenu]
[2026.04.12-00.04.53:825][908]Cmd: OBJ SAVEPACKAGE PACKAGE="/Game/Menus/MainMenu" FILE="C:/Github/Others/CPSC399_Game/CPSC399Game/Saved/Autosaves/Game/Menus/MainMenu_Auto5.uasset" SILENT=false AUTOSAVING=true
[2026.04.12-00.04.53:833][908]LogSavePackage: Moving 'C:/Github/Others/CPSC399_Game/CPSC399Game/Saved/MainMenu_Auto50F5AA51D4C4D9B53C109D2A5546F523F.tmp' to 'C:/Github/Others/CPSC399_Game/CPSC399Game/Saved/Autosaves/Game/Menus/MainMenu_Auto5.uasset'
[2026.04.12-00.04.53:834][908]LogFileHelpers: Auto-saving content packages took 0.009
[2026.04.12-00.06.34:245][125]Cmd: OBJ SAVEPACKAGE PACKAGE="/Game/Menus/MainMenu" FILE="C:/Github/Others/CPSC399_Game/CPSC399Game/Content/Menus/MainMenu.uasset" SILENT=true
[2026.04.12-00.06.34:254][125]LogSavePackage: Moving 'C:/Github/Others/CPSC399_Game/CPSC399Game/Saved/MainMenuECD3C3CD43A64ADEC4D7C493ECA5C55C.tmp' to 'C:/Github/Others/CPSC399_Game/CPSC399Game/Content/Menus/MainMenu.uasset'
[2026.04.12-00.06.34:268][125]AssetCheck: New page: Asset Save: MainMenu
[2026.04.12-00.06.34:268][125]LogContentValidation: Display: Validating WidgetBlueprint /Game/Menus/MainMenu.MainMenu
[2026.04.12-00.06.50:377][893]Cmd: OBJ SAVEPACKAGE PACKAGE="/Game/ThirdPersonBP/Blueprints/ThirdPersonGameMode" FILE="C:/Github/Others/CPSC399_Game/CPSC399Game/Content/ThirdPersonBP/Blueprints/ThirdPersonGameMode.uasset" SILENT=true
[2026.04.12-00.06.50:384][893]LogSavePackage: Moving 'C:/Github/Others/CPSC399_Game/CPSC399Game/Saved/ThirdPersonGameMode98D01D614C405CFC3C0E5C9DF7A8880E.tmp' to 'C:/Github/Others/CPSC399_Game/CPSC399Game/Content/ThirdPersonBP/Blueprints/ThirdPersonGameMode.uasset'
[2026.04.12-00.06.50:400][893]AssetCheck: New page: Asset Save: ThirdPersonGameMode
[2026.04.12-00.06.50:400][893]LogContentValidation: Display: Validating Blueprint /Game/ThirdPersonBP/Blueprints/ThirdPersonGameMode.ThirdPersonGameMode
[2026.04.12-00.06.55:045][386]Cmd: OBJ SAVEPACKAGE PACKAGE="/Game/Menus/MainMenu" FILE="C:/Github/Others/CPSC399_Game/CPSC399Game/Content/Menus/MainMenu.uasset" SILENT=true
[2026.04.12-00.06.55:053][386]LogSavePackage: Moving 'C:/Github/Others/CPSC399_Game/CPSC399Game/Saved/MainMenu828CBAF545BB80711B1DDC87800D21D6.tmp' to 'C:/Github/Others/CPSC399_Game/CPSC399Game/Content/Menus/MainMenu.uasset'
[2026.04.12-00.06.55:065][386]AssetCheck: New page: Asset Save: MainMenu
[2026.04.12-00.06.55:065][386]LogContentValidation: Display: Validating WidgetBlueprint /Game/Menus/MainMenu.MainMenu
[2026.04.12-00.08.08:388][325]BlueprintLog: New page: Compile WBP_Controls
[2026.04.12-00.08.08:422][325]LogUObjectHash: Compacting FUObjectHashTables data took   2.98ms
[2026.04.12-00.08.09:676][430]BlueprintLog: New page: Compile MainMenu
[2026.04.12-00.08.09:713][430]LogUObjectHash: Compacting FUObjectHashTables data took   2.88ms
[2026.04.12-00.08.50:092][742]Cmd: OBJ SAVEPACKAGE PACKAGE="/Game/Menus/MainMenu" FILE="C:/Github/Others/CPSC399_Game/CPSC399Game/Content/Menus/MainMenu.uasset" SILENT=true
[2026.04.12-00.08.50:101][742]LogSavePackage: Moving 'C:/Github/Others/CPSC399_Game/CPSC399Game/Saved/MainMenuCB097F7A4B2152DDD0E3148229360C54.tmp' to 'C:/Github/Others/CPSC399_Game/CPSC399Game/Content/Menus/MainMenu.uasset'
[2026.04.12-00.08.50:112][742]AssetCheck: New page: Asset Save: MainMenu
[2026.04.12-00.08.50:112][742]LogContentValidation: Display: Validating WidgetBlueprint /Game/Menus/MainMenu.MainMenu
[2026.04.12-00.09.38:262][150]Cmd: OBJ SAVEPACKAGE PACKAGE="/Game/ThirdPersonBP/Blueprints/ThirdPersonGameMode" FILE="C:/Github/Others/CPSC399_Game/CPSC399Game/Content/ThirdPersonBP/Blueprints/ThirdPersonGameMode.uasset" SILENT=true
[2026.04.12-00.09.38:269][150]LogSavePackage: Moving 'C:/Github/Others/CPSC399_Game/CPSC399Game/Saved/ThirdPersonGameMode3B78DD4A4FD19E2FDBCBF88EA5E4882B.tmp' to 'C:/Github/Others/CPSC399_Game/CPSC399Game/Content/ThirdPersonBP/Blueprints/ThirdPersonGameMode.uasset'
[2026.04.12-00.09.38:282][150]AssetCheck: New page: Asset Save: ThirdPersonGameMode
[2026.04.12-00.09.38:282][150]LogContentValidation: Display: Validating Blueprint /Game/ThirdPersonBP/Blueprints/ThirdPersonGameMode.ThirdPersonGameMode
[2026.04.12-00.09.43:621][764]BlueprintLog: New page: Compile ThirdPersonGameMode
[2026.04.12-00.09.43:639][764]LogBlueprint: Error: [AssetLog] C:\Github\Others\CPSC399_Game\CPSC399Game\Content\ThirdPersonBP\Blueprints\ThirdPersonGameMode.uasset: [Compiler] This blueprint (self) is not a MainMenu_C, therefore ' Target ' must have a connection.
[2026.04.12-00.09.43:640][764]LogBlueprint: Error: [AssetLog] C:\Github\Others\CPSC399_Game\CPSC399Game\Content\ThirdPersonBP\Blueprints\ThirdPersonGameMode.uasset: [Compiler] Variable node  Set GameStarted  uses an invalid target.  It may depend on a node that is not connected to the execution chain, and got purged.
[2026.04.12-00.09.43:704][764]LogUObjectHash: Compacting FUObjectHashTables data took   3.46ms
[2026.04.12-00.10.39:264][155]Cmd: OBJ SAVEPACKAGE PACKAGE="/Game/ThirdPersonBP/Blueprints/ThirdPersonGameMode" FILE="C:/Github/Others/CPSC399_Game/CPSC399Game/Content/ThirdPersonBP/Blueprints/ThirdPersonGameMode.uasset" SILENT=true
[2026.04.12-00.10.39:271][155]LogSavePackage: Moving 'C:/Github/Others/CPSC399_Game/CPSC399Game/Saved/ThirdPersonGameModeA3D50E7640B532166A37879147B0D542.tmp' to 'C:/Github/Others/CPSC399_Game/CPSC399Game/Content/ThirdPersonBP/Blueprints/ThirdPersonGameMode.uasset'
[2026.04.12-00.10.39:288][155]AssetCheck: New page: Asset Save: ThirdPersonGameMode
[2026.04.12-00.10.39:288][155]LogContentValidation: Display: Validating Blueprint /Game/ThirdPersonBP/Blueprints/ThirdPersonGameMode.ThirdPersonGameMode
[2026.04.12-00.10.39:934][224]BlueprintLog: New page: Compile ThirdPersonGameMode
[2026.04.12-00.10.39:977][224]LogUObjectHash: Compacting FUObjectHashTables data took   3.12ms
[2026.04.12-00.10.41:459][392]Cmd: OBJ SAVEPACKAGE PACKAGE="/Game/ThirdPersonBP/Blueprints/ThirdPersonGameMode" FILE="C:/Github/Others/CPSC399_Game/CPSC399Game/Content/ThirdPersonBP/Blueprints/ThirdPersonGameMode.uasset" SILENT=true
[2026.04.12-00.10.41:467][392]LogSavePackage: Moving 'C:/Github/Others/CPSC399_Game/CPSC399Game/Saved/ThirdPersonGameModeE05BCB854742F758C4886E9242A01D6E.tmp' to 'C:/Github/Others/CPSC399_Game/CPSC399Game/Content/ThirdPersonBP/Blueprints/ThirdPersonGameMode.uasset'
[2026.04.12-00.10.41:481][392]AssetCheck: New page: Asset Save: ThirdPersonGameMode
[2026.04.12-00.10.41:482][392]LogContentValidation: Display: Validating Blueprint /Game/ThirdPersonBP/Blueprints/ThirdPersonGameMode.ThirdPersonGameMode
[2026.04.12-00.11.03:041][727]BlueprintLog: New page: Compile MainMenu
[2026.04.12-00.11.03:078][727]LogUObjectHash: Compacting FUObjectHashTables data took   3.45ms
[2026.04.12-00.11.04:431][851]Cmd: OBJ SAVEPACKAGE PACKAGE="/Game/Menus/MainMenu" FILE="C:/Github/Others/CPSC399_Game/CPSC399Game/Content/Menus/MainMenu.uasset" SILENT=true
[2026.04.12-00.11.04:439][851]LogSavePackage: Moving 'C:/Github/Others/CPSC399_Game/CPSC399Game/Saved/MainMenu3E50D1FE46D89872E15691AA86919ECC.tmp' to 'C:/Github/Others/CPSC399_Game/CPSC399Game/Content/Menus/MainMenu.uasset'
[2026.04.12-00.11.04:453][851]AssetCheck: New page: Asset Save: MainMenu
[2026.04.12-00.11.04:453][851]LogContentValidation: Display: Validating WidgetBlueprint /Game/Menus/MainMenu.MainMenu
[2026.04.12-00.11.37:026][550]LogSlate: Prevented a slow task dialog from being summoned while a context menu was open
[2026.04.12-00.11.37:045][550]LogEditorClassViewer: Warning: Class /Engine/Tutorial/InWorldBlueprintEditing/TutorialAssets/IWBE_Blutility.IWBE_Blutility_C has parent /Script/Blutility.PlacedEditorUtilityBase, but this parent is not found. The Class will not be shown in ClassViewer.
[2026.04.12-00.12.05:084][670]Cmd: OBJ SAVEPACKAGE PACKAGE="/Game/Menus/MainMenu" FILE="C:/Github/Others/CPSC399_Game/CPSC399Game/Content/Menus/MainMenu.uasset" SILENT=true
[2026.04.12-00.12.05:093][670]LogSavePackage: Moving 'C:/Github/Others/CPSC399_Game/CPSC399Game/Saved/MainMenu65C6911044DEC4896ED605AF4D17B6C2.tmp' to 'C:/Github/Others/CPSC399_Game/CPSC399Game/Content/Menus/MainMenu.uasset'
[2026.04.12-00.12.05:105][670]AssetCheck: New page: Asset Save: MainMenu
[2026.04.12-00.12.05:105][670]LogContentValidation: Display: Validating WidgetBlueprint /Game/Menus/MainMenu.MainMenu
[2026.04.12-00.13.09:988][ 41]Cmd: OBJ SAVEPACKAGE PACKAGE="/Game/Menus/WBP_Controls" FILE="C:/Github/Others/CPSC399_Game/CPSC399Game/Content/Menus/WBP_Controls.uasset" SILENT=true
[2026.04.12-00.13.09:993][ 41]LogSavePackage: Moving 'C:/Github/Others/CPSC399_Game/CPSC399Game/Saved/WBP_ControlsB29EF9FE4618238E2B99B3A53D4D5F9B.tmp' to 'C:/Github/Others/CPSC399_Game/CPSC399Game/Content/Menus/WBP_Controls.uasset'
[2026.04.12-00.13.10:007][ 41]AssetCheck: New page: Asset Save: WBP_Controls
[2026.04.12-00.13.10:007][ 41]LogContentValidation: Display: Validating WidgetBlueprint /Game/Menus/WBP_Controls.WBP_Controls
[2026.04.12-00.13.13:922][479]BlueprintLog: New page: Compile MainMenu
[2026.04.12-00.13.13:970][479]LogUObjectHash: Compacting FUObjectHashTables data took   3.20ms
[2026.04.12-00.13.31:157][429]LogAssetEditorSubsystem: Opening Asset editor for LevelScriptBlueprint /Game/ThirdPersonBP/Maps/Map1.Map1:PersistentLevel.Map1
[2026.04.12-00.14.38:021][956]Cmd: OBJ SAVEPACKAGE PACKAGE="/Game/ThirdPersonBP/Maps/Map1" FILE="C:/Github/Others/CPSC399_Game/CPSC399Game/Content/ThirdPersonBP/Maps/Map1.umap" SILENT=true AUTOSAVING=false KEEPDIRTY=false
[2026.04.12-00.14.38:054][956]LogUObjectHash: Compacting FUObjectHashTables data took   3.59ms
[2026.04.12-00.14.38:093][956]LogSavePackage: Moving 'C:/Github/Others/CPSC399_Game/CPSC399Game/Saved/Map10A29C49C424A5344C2FA15A55E0B8CE0.tmp' to 'C:/Github/Others/CPSC399_Game/CPSC399Game/Content/ThirdPersonBP/Maps/Map1.umap'
[2026.04.12-00.14.38:109][956]LogFileHelpers: Saving map 'Map1' took 0.089
[2026.04.12-00.14.38:123][956]AssetCheck: New page: Asset Save: Map1
[2026.04.12-00.14.38:123][956]LogContentValidation: Display: Validating World /Game/ThirdPersonBP/Maps/Map1.Map1
[2026.04.12-00.24.37:863][660]LogUObjectHash: Compacting FUObjectHashTables data took   3.95ms
[2026.04.12-00.24.37:866][660]LogFileHelpers: Editor autosave (incl. external actors) for '/Game/ThirdPersonBP/Maps/Map1' took 0.038
[2026.04.12-00.24.37:867][660]OBJ SavePackage: Generating thumbnails for [0] asset(s) in package [/Game/Menus/MainMenu] ([2] browsable assets)...
[2026.04.12-00.24.37:867][660]OBJ SavePackage: Finished generating thumbnails for package [/Game/Menus/MainMenu]
[2026.04.12-00.24.37:867][660]Cmd: OBJ SAVEPACKAGE PACKAGE="/Game/Menus/MainMenu" FILE="C:/Github/Others/CPSC399_Game/CPSC399Game/Saved/Autosaves/Game/Menus/MainMenu_Auto6.uasset" SILENT=false AUTOSAVING=true
[2026.04.12-00.24.37:875][660]LogSavePackage: Moving 'C:/Github/Others/CPSC399_Game/CPSC399Game/Saved/MainMenu_Auto603832A324A1398EF858947BD7ED27E6A.tmp' to 'C:/Github/Others/CPSC399_Game/CPSC399Game/Saved/Autosaves/Game/Menus/MainMenu_Auto6.uasset'
[2026.04.12-00.24.37:875][660]LogFileHelpers: Auto-saving content packages took 0.010
[2026.04.12-00.26.50:707][141]Cmd: OBJ SAVEPACKAGE PACKAGE="/Game/Menus/MainMenu" FILE="C:/Github/Others/CPSC399_Game/CPSC399Game/Content/Menus/MainMenu.uasset" SILENT=true
[2026.04.12-00.26.50:715][141]LogSavePackage: Moving 'C:/Github/Others/CPSC399_Game/CPSC399Game/Saved/MainMenu09C213DE4F6E9AD1962FB4841135743F.tmp' to 'C:/Github/Others/CPSC399_Game/CPSC399Game/Content/Menus/MainMenu.uasset'
[2026.04.12-00.26.50:733][141]AssetCheck: New page: Asset Save: MainMenu
[2026.04.12-00.26.50:733][141]LogContentValidation: Display: Validating WidgetBlueprint /Game/Menus/MainMenu.MainMenu
[2026.04.12-00.27.06:476][908]Cmd: OBJ SAVEPACKAGE PACKAGE="/Game/ThirdPersonBP/Blueprints/ThirdPersonGameMode" FILE="C:/Github/Others/CPSC399_Game/CPSC399Game/Content/ThirdPersonBP/Blueprints/ThirdPersonGameMode.uasset" SILENT=true
[2026.04.12-00.27.06:485][908]LogSavePackage: Moving 'C:/Github/Others/CPSC399_Game/CPSC399Game/Saved/ThirdPersonGameMode3A383280493445B1338F5CBD37A3B0EA.tmp' to 'C:/Github/Others/CPSC399_Game/CPSC399Game/Content/ThirdPersonBP/Blueprints/ThirdPersonGameMode.uasset'
[2026.04.12-00.27.06:499][908]AssetCheck: New page: Asset Save: ThirdPersonGameMode
[2026.04.12-00.27.06:499][908]LogContentValidation: Display: Validating Blueprint /Game/ThirdPersonBP/Blueprints/ThirdPersonGameMode.ThirdPersonGameMode
[2026.04.12-00.28.37:254][327]Cmd: OBJ SAVEPACKAGE PACKAGE="/Game/ThirdPersonBP/Blueprints/ThirdPersonGameMode" FILE="C:/Github/Others/CPSC399_Game/CPSC399Game/Content/ThirdPersonBP/Blueprints/ThirdPersonGameMode.uasset" SILENT=true
[2026.04.12-00.28.37:260][327]LogSavePackage: Moving 'C:/Github/Others/CPSC399_Game/CPSC399Game/Saved/ThirdPersonGameMode38E51A8440566357FCC58C8BBC19C0A0.tmp' to 'C:/Github/Others/CPSC399_Game/CPSC399Game/Content/ThirdPersonBP/Blueprints/ThirdPersonGameMode.uasset'
[2026.04.12-00.28.37:274][327]AssetCheck: New page: Asset Save: ThirdPersonGameMode
[2026.04.12-00.28.37:274][327]LogContentValidation: Display: Validating Blueprint /Game/ThirdPersonBP/Blueprints/ThirdPersonGameMode.ThirdPersonGameMode
[2026.04.12-00.28.50:426][874]Cmd: OBJ SAVEPACKAGE PACKAGE="/Game/ThirdPersonBP/Blueprints/ThirdPersonGameMode" FILE="C:/Github/Others/CPSC399_Game/CPSC399Game/Content/ThirdPersonBP/Blueprints/ThirdPersonGameMode.uasset" SILENT=true
[2026.04.12-00.28.50:434][874]LogSavePackage: Moving 'C:/Github/Others/CPSC399_Game/CPSC399Game/Saved/ThirdPersonGameMode311B43E849F561E2210477BAE85E0AEC.tmp' to 'C:/Github/Others/CPSC399_Game/CPSC399Game/Content/ThirdPersonBP/Blueprints/ThirdPersonGameMode.uasset'
[2026.04.12-00.28.50:448][874]AssetCheck: New page: Asset Save: ThirdPersonGameMode
[2026.04.12-00.28.50:448][874]LogContentValidation: Display: Validating Blueprint /Game/ThirdPersonBP/Blueprints/ThirdPersonGameMode.ThirdPersonGameMode
[2026.04.12-00.29.01:373][113]Cmd: OBJ SAVEPACKAGE PACKAGE="/Game/Menus/WBP_Controls" FILE="C:/Github/Others/CPSC399_Game/CPSC399Game/Content/Menus/WBP_Controls.uasset" SILENT=true
[2026.04.12-00.29.01:379][113]LogSavePackage: Moving 'C:/Github/Others/CPSC399_Game/CPSC399Game/Saved/WBP_ControlsDD1A2E994EB0A9FA257D598C722A3926.tmp' to 'C:/Github/Others/CPSC399_Game/CPSC399Game/Content/Menus/WBP_Controls.uasset'
[2026.04.12-00.29.01:393][113]AssetCheck: New page: Asset Save: WBP_Controls
[2026.04.12-00.29.01:393][113]LogContentValidation: Display: Validating WidgetBlueprint /Game/Menus/WBP_Controls.WBP_Controls
[2026.04.12-00.30.47:693][ 25]LogSlate: Warning: Ignoring SetUserFocus because it's not an active modal Window (user 0 not set to SGraphPanel [SGraphEditorImpl.cpp(668)].
[2026.04.12-00.30.47:723][ 25]Cmd: OBJ SAVEPACKAGE PACKAGE="/Game/ThirdPersonBP/Maps/Map1" FILE="C:/Github/Others/CPSC399_Game/CPSC399Game/Content/ThirdPersonBP/Maps/Map1.umap" SILENT=true AUTOSAVING=false KEEPDIRTY=false
[2026.04.12-00.30.47:759][ 25]LogUObjectHash: Compacting FUObjectHashTables data took   4.00ms
[2026.04.12-00.30.47:790][ 25]LogSavePackage: Moving 'C:/Github/Others/CPSC399_Game/CPSC399Game/Saved/Map184E6BB7D4DEF15894A06BAB366D69CA4.tmp' to 'C:/Github/Others/CPSC399_Game/CPSC399Game/Content/ThirdPersonBP/Maps/Map1.umap'
[2026.04.12-00.30.47:803][ 25]LogFileHelpers: Saving map 'Map1' took 0.080
[2026.04.12-00.30.47:819][ 25]AssetCheck: New page: Asset Save: Map1
[2026.04.12-00.30.47:819][ 25]LogContentValidation: Display: Validating World /Game/ThirdPersonBP/Maps/Map1.Map1
[2026.04.12-00.32.59:402][910]LogEditorTransaction: Undo Delete current selection
[2026.04.12-00.33.04:978][501]Cmd: OBJ SAVEPACKAGE PACKAGE="/Game/ThirdPersonBP/Blueprints/ThirdPersonGameMode" FILE="C:/Github/Others/CPSC399_Game/CPSC399Game/Content/ThirdPersonBP/Blueprints/ThirdPersonGameMode.uasset" SILENT=true
[2026.04.12-00.33.04:982][501]LogSavePackage: Moving 'C:/Github/Others/CPSC399_Game/CPSC399Game/Saved/ThirdPersonGameMode0E3F01B540B09A5A3534D79B98AC13D4.tmp' to 'C:/Github/Others/CPSC399_Game/CPSC399Game/Content/ThirdPersonBP/Blueprints/ThirdPersonGameMode.uasset'
[2026.04.12-00.33.04:999][501]AssetCheck: New page: Asset Save: ThirdPersonGameMode
[2026.04.12-00.33.04:999][501]LogContentValidation: Display: Validating Blueprint /Game/ThirdPersonBP/Blueprints/ThirdPersonGameMode.ThirdPersonGameMode
[2026.04.12-00.33.24:843][682]Cmd: OBJ SAVEPACKAGE PACKAGE="/Game/ThirdPersonBP/Maps/Map1" FILE="C:/Github/Others/CPSC399_Game/CPSC399Game/Content/ThirdPersonBP/Maps/Map1.umap" SILENT=true AUTOSAVING=false KEEPDIRTY=false
[2026.04.12-00.33.24:877][682]LogUObjectHash: Compacting FUObjectHashTables data took   3.97ms
[2026.04.12-00.33.24:915][682]LogSavePackage: Moving 'C:/Github/Others/CPSC399_Game/CPSC399Game/Saved/Map1D8F676CE426A3C501C6308883B0BDDFD.tmp' to 'C:/Github/Others/CPSC399_Game/CPSC399Game/Content/ThirdPersonBP/Maps/Map1.umap'
[2026.04.12-00.33.24:927][682]LogFileHelpers: Saving map 'Map1' took 0.083
[2026.04.12-00.33.24:941][682]AssetCheck: New page: Asset Save: Map1
[2026.04.12-00.33.24:941][682]LogContentValidation: Display: Validating World /Game/ThirdPersonBP/Maps/Map1.Map1
[2026.04.12-00.33.30:927][376]BlueprintLog: New page: Compile Map1
[2026.04.12-00.33.30:936][376]LogBlueprint: Error: [AssetLog] C:\Github\Others\CPSC399_Game\CPSC399Game\Content\ThirdPersonBP\Maps\Map1.umap: [Compiler] Could not find an event-dispatcher named "startGame" in 'MainMenu_C'.
Make sure 'MainMenu_C' has been compiled for  Bind Event to Start Game
[2026.04.12-00.33.30:936][376]LogBlueprint: Error: [AssetLog] C:\Github\Others\CPSC399_Game\CPSC399Game\Content\ThirdPersonBP\Maps\Map1.umap: [Compiler] Event Dispatcher pin is not connected  Bind Event to Start Game
[2026.04.12-00.33.30:937][376]LogBlueprint: Error: [AssetLog] C:\Github\Others\CPSC399_Game\CPSC399Game\Content\ThirdPersonBP\Maps\Map1.umap: [Compiler] Failed to create property K2Node_AddDelegate_Delegate from  <None>  due to a bad or unknown type (Delegate (by ref))
[2026.04.12-00.33.31:002][376]LogUObjectHash: Compacting FUObjectHashTables data took   3.07ms
[2026.04.12-00.36.57:781][ 87]LogEditorTransaction: Undo Move Node
[2026.04.12-00.37.11:588][504]Cmd: OBJ SAVEPACKAGE PACKAGE="/Game/ThirdPersonBP/Maps/Map1" FILE="C:/Github/Others/CPSC399_Game/CPSC399Game/Content/ThirdPersonBP/Maps/Map1.umap" SILENT=true AUTOSAVING=false KEEPDIRTY=false
[2026.04.12-00.37.11:625][504]LogUObjectHash: Compacting FUObjectHashTables data took   3.44ms
[2026.04.12-00.37.11:657][504]LogSavePackage: Moving 'C:/Github/Others/CPSC399_Game/CPSC399Game/Saved/Map1D3B483F34E55435E2065E58B526F9D6A.tmp' to 'C:/Github/Others/CPSC399_Game/CPSC399Game/Content/ThirdPersonBP/Maps/Map1.umap'
[2026.04.12-00.37.11:669][504]LogFileHelpers: Saving map 'Map1' took 0.082
[2026.04.12-00.37.11:686][504]AssetCheck: New page: Asset Save: Map1
[2026.04.12-00.37.11:686][504]LogContentValidation: Display: Validating World /Game/ThirdPersonBP/Maps/Map1.Map1
[2026.04.12-00.37.22:559][688]Cmd: OBJ SAVEPACKAGE PACKAGE="/Game/ThirdPersonBP/Blueprints/ThirdPersonGameMode" FILE="C:/Github/Others/CPSC399_Game/CPSC399Game/Content/ThirdPersonBP/Blueprints/ThirdPersonGameMode.uasset" SILENT=true
[2026.04.12-00.37.22:566][688]LogSavePackage: Moving 'C:/Github/Others/CPSC399_Game/CPSC399Game/Saved/ThirdPersonGameModeEEED5CDE4F1EFC66CFB5C78ABED97145.tmp' to 'C:/Github/Others/CPSC399_Game/CPSC399Game/Content/ThirdPersonBP/Blueprints/ThirdPersonGameMode.uasset'
[2026.04.12-00.37.22:583][688]AssetCheck: New page: Asset Save: ThirdPersonGameMode
[2026.04.12-00.37.22:583][688]LogContentValidation: Display: Validating Blueprint /Game/ThirdPersonBP/Blueprints/ThirdPersonGameMode.ThirdPersonGameMode
[2026.04.12-00.37.25:555][ 16]BlueprintLog: New page: Compile ThirdPersonGameMode
[2026.04.12-00.37.25:569][ 16]LogBlueprint: Error: [AssetLog] C:\Github\Others\CPSC399_Game\CPSC399Game\Content\ThirdPersonBP\Blueprints\ThirdPersonGameMode.uasset: [Compiler] Could not find an event-dispatcher named "startGame" in 'MainMenu_C'.
Make sure 'MainMenu_C' has been compiled for  Bind Event to Start Game
[2026.04.12-00.37.25:569][ 16]LogBlueprint: Error: [AssetLog] C:\Github\Others\CPSC399_Game\CPSC399Game\Content\ThirdPersonBP\Blueprints\ThirdPersonGameMode.uasset: [Compiler] Event Dispatcher pin is not connected  Bind Event to Start Game
[2026.04.12-00.37.25:570][ 16]LogBlueprint: Error: [AssetLog] C:\Github\Others\CPSC399_Game\CPSC399Game\Content\ThirdPersonBP\Blueprints\ThirdPersonGameMode.uasset: [Compiler] Failed to create property K2Node_AddDelegate_Delegate from  <None>  due to a bad or unknown type (Delegate (by ref))
[2026.04.12-00.37.25:611][ 16]LogUObjectHash: Compacting FUObjectHashTables data took   2.43ms
[2026.04.12-00.47.59:308][698]Cmd: OBJ SAVEPACKAGE PACKAGE="/Game/Menus/MainMenu" FILE="C:/Github/Others/CPSC399_Game/CPSC399Game/Content/Menus/MainMenu.uasset" SILENT=true
[2026.04.12-00.47.59:317][698]LogSavePackage: Moving 'C:/Github/Others/CPSC399_Game/CPSC399Game/Saved/MainMenuDFF2833744D704D9DDE7A09F8489DD72.tmp' to 'C:/Github/Others/CPSC399_Game/CPSC399Game/Content/Menus/MainMenu.uasset'
[2026.04.12-00.47.59:332][698]AssetCheck: New page: Asset Save: MainMenu
[2026.04.12-00.47.59:332][698]LogContentValidation: Display: Validating WidgetBlueprint /Game/Menus/MainMenu.MainMenu
[2026.04.12-00.48.42:855][754]Cmd: OBJ SAVEPACKAGE PACKAGE="/Game/Menus/WBP_Controls" FILE="C:/Github/Others/CPSC399_Game/CPSC399Game/Content/Menus/WBP_Controls.uasset" SILENT=true
[2026.04.12-00.48.42:860][754]LogSavePackage: Moving 'C:/Github/Others/CPSC399_Game/CPSC399Game/Saved/WBP_ControlsC147B0F94EF970C15880828B72974539.tmp' to 'C:/Github/Others/CPSC399_Game/CPSC399Game/Content/Menus/WBP_Controls.uasset'
[2026.04.12-00.48.42:875][754]AssetCheck: New page: Asset Save: WBP_Controls
[2026.04.12-00.48.42:876][754]LogContentValidation: Display: Validating WidgetBlueprint /Game/Menus/WBP_Controls.WBP_Controls
[2026.04.12-00.48.45:234][ 20]BlueprintLog: New page: Compile WBP_Controls
[2026.04.12-00.48.45:287][ 20]LogUObjectHash: Compacting FUObjectHashTables data took   3.94ms
[2026.04.12-00.48.47:771][278]BlueprintLog: New page: Compile MainMenu
[2026.04.12-00.48.47:812][278]LogUObjectHash: Compacting FUObjectHashTables data took   3.19ms
[2026.04.12-00.49.07:522][521]Cmd: OBJ SAVEPACKAGE PACKAGE="/Game/ThirdPersonBP/Blueprints/ThirdPersonGameMode" FILE="C:/Github/Others/CPSC399_Game/CPSC399Game/Content/ThirdPersonBP/Blueprints/ThirdPersonGameMode.uasset" SILENT=true
[2026.04.12-00.49.07:530][521]LogSavePackage: Moving 'C:/Github/Others/CPSC399_Game/CPSC399Game/Saved/ThirdPersonGameMode4890154141528F51B18007928157A7C1.tmp' to 'C:/Github/Others/CPSC399_Game/CPSC399Game/Content/ThirdPersonBP/Blueprints/ThirdPersonGameMode.uasset'
[2026.04.12-00.49.07:543][521]AssetCheck: New page: Asset Save: ThirdPersonGameMode
[2026.04.12-00.49.07:544][521]LogContentValidation: Display: Validating Blueprint /Game/ThirdPersonBP/Blueprints/ThirdPersonGameMode.ThirdPersonGameMode
[2026.04.12-00.49.14:029][220]LogSlate: Took 0.016391 seconds to synchronously load lazily loaded font '../../../Engine/Content/Slate/Fonts/Roboto-BoldCondensedItalic.ttf' (160K)
[2026.04.12-00.49.29:376][979]Cmd: OBJ SAVEPACKAGE PACKAGE="/Game/ThirdPersonBP/Blueprints/ThirdPersonGameMode" FILE="C:/Github/Others/CPSC399_Game/CPSC399Game/Content/ThirdPersonBP/Blueprints/ThirdPersonGameMode.uasset" SILENT=true
[2026.04.12-00.49.29:383][979]LogSavePackage: Moving 'C:/Github/Others/CPSC399_Game/CPSC399Game/Saved/ThirdPersonGameModeBF366807442A4C54D97F9292088D36FF.tmp' to 'C:/Github/Others/CPSC399_Game/CPSC399Game/Content/ThirdPersonBP/Blueprints/ThirdPersonGameMode.uasset'
[2026.04.12-00.49.29:396][979]AssetCheck: New page: Asset Save: ThirdPersonGameMode
[2026.04.12-00.49.29:396][979]LogContentValidation: Display: Validating Blueprint /Game/ThirdPersonBP/Blueprints/ThirdPersonGameMode.ThirdPersonGameMode
[2026.04.12-00.51.02:850][244]Cmd: OBJ SAVEPACKAGE PACKAGE="/Game/ThirdPersonBP/Blueprints/ThirdPersonGameMode" FILE="C:/Github/Others/CPSC399_Game/CPSC399Game/Content/ThirdPersonBP/Blueprints/ThirdPersonGameMode.uasset" SILENT=true
[2026.04.12-00.51.02:860][244]LogSavePackage: Moving 'C:/Github/Others/CPSC399_Game/CPSC399Game/Saved/ThirdPersonGameMode8BF3CC93469B74AE71769D8586CFE6D7.tmp' to 'C:/Github/Others/CPSC399_Game/CPSC399Game/Content/ThirdPersonBP/Blueprints/ThirdPersonGameMode.uasset'
[2026.04.12-00.51.02:877][244]AssetCheck: New page: Asset Save: ThirdPersonGameMode
[2026.04.12-00.51.02:877][244]LogContentValidation: Display: Validating Blueprint /Game/ThirdPersonBP/Blueprints/ThirdPersonGameMode.ThirdPersonGameMode
[2026.04.12-00.51.05:234][478]LogEditorTransaction: Undo Move Node
[2026.04.12-00.51.05:827][503]LogEditorTransaction: Undo Create Pin Link
[2026.04.12-00.51.21:354][ 16]Cmd: OBJ SAVEPACKAGE PACKAGE="/Game/ThirdPersonBP/Blueprints/ThirdPersonGameMode" FILE="C:/Github/Others/CPSC399_Game/CPSC399Game/Content/ThirdPersonBP/Blueprints/ThirdPersonGameMode.uasset" SILENT=true
[2026.04.12-00.51.21:365][ 16]LogSavePackage: Moving 'C:/Github/Others/CPSC399_Game/CPSC399Game/Saved/ThirdPersonGameMode9225966A426110C4FE0FFEB11E3D829E.tmp' to 'C:/Github/Others/CPSC399_Game/CPSC399Game/Content/ThirdPersonBP/Blueprints/ThirdPersonGameMode.uasset'
[2026.04.12-00.51.21:378][ 16]AssetCheck: New page: Asset Save: ThirdPersonGameMode
[2026.04.12-00.51.21:379][ 16]LogContentValidation: Display: Validating Blueprint /Game/ThirdPersonBP/Blueprints/ThirdPersonGameMode.ThirdPersonGameMode
[2026.04.12-00.51.25:797][480]Cmd: OBJ SAVEPACKAGE PACKAGE="/Game/ThirdPersonBP/Blueprints/ThirdPersonGameMode" FILE="C:/Github/Others/CPSC399_Game/CPSC399Game/Content/ThirdPersonBP/Blueprints/ThirdPersonGameMode.uasset" SILENT=true
[2026.04.12-00.51.25:808][480]LogSavePackage: Moving 'C:/Github/Others/CPSC399_Game/CPSC399Game/Saved/ThirdPersonGameModeF47D01684C41F1311343B5936D280D6C.tmp' to 'C:/Github/Others/CPSC399_Game/CPSC399Game/Content/ThirdPersonBP/Blueprints/ThirdPersonGameMode.uasset'
[2026.04.12-00.51.25:827][480]AssetCheck: New page: Asset Save: ThirdPersonGameMode
[2026.04.12-00.51.25:827][480]LogContentValidation: Display: Validating Blueprint /Game/ThirdPersonBP/Blueprints/ThirdPersonGameMode.ThirdPersonGameMode
[2026.04.12-00.52.04:458][704]Cmd: OBJ SAVEPACKAGE PACKAGE="/Game/ThirdPersonBP/Blueprints/ThirdPersonGameMode" FILE="C:/Github/Others/CPSC399_Game/CPSC399Game/Content/ThirdPersonBP/Blueprints/ThirdPersonGameMode.uasset" SILENT=true
[2026.04.12-00.52.04:469][704]LogSavePackage: Moving 'C:/Github/Others/CPSC399_Game/CPSC399Game/Saved/ThirdPersonGameMode7ADEA51345BE6E19997CC2882F0FE899.tmp' to 'C:/Github/Others/CPSC399_Game/CPSC399Game/Content/ThirdPersonBP/Blueprints/ThirdPersonGameMode.uasset'
[2026.04.12-00.52.04:482][704]AssetCheck: New page: Asset Save: ThirdPersonGameMode
[2026.04.12-00.52.04:482][704]LogContentValidation: Display: Validating Blueprint /Game/ThirdPersonBP/Blueprints/ThirdPersonGameMode.ThirdPersonGameMode
[2026.04.12-00.52.26:903][158]Cmd: OBJ SAVEPACKAGE PACKAGE="/Game/ThirdPersonBP/Blueprints/ThirdPersonGameMode" FILE="C:/Github/Others/CPSC399_Game/CPSC399Game/Content/ThirdPersonBP/Blueprints/ThirdPersonGameMode.uasset" SILENT=true
[2026.04.12-00.52.26:911][158]LogSavePackage: Moving 'C:/Github/Others/CPSC399_Game/CPSC399Game/Saved/ThirdPersonGameMode9653316546552ADF136F35B60F6C2F3D.tmp' to 'C:/Github/Others/CPSC399_Game/CPSC399Game/Content/ThirdPersonBP/Blueprints/ThirdPersonGameMode.uasset'
[2026.04.12-00.52.26:925][158]AssetCheck: New page: Asset Save: ThirdPersonGameMode
[2026.04.12-00.52.26:925][158]LogContentValidation: Display: Validating Blueprint /Game/ThirdPersonBP/Blueprints/ThirdPersonGameMode.ThirdPersonGameMode
[2026.04.12-00.52.59:968][971]Cmd: OBJ SAVEPACKAGE PACKAGE="/Game/ThirdPersonBP/Maps/Map1" FILE="C:/Github/Others/CPSC399_Game/CPSC399Game/Content/ThirdPersonBP/Maps/Map1.umap" SILENT=true AUTOSAVING=false KEEPDIRTY=false
[2026.04.12-00.53.00:001][971]LogUObjectHash: Compacting FUObjectHashTables data took   3.74ms
[2026.04.12-00.53.00:037][971]LogSavePackage: Moving 'C:/Github/Others/CPSC399_Game/CPSC399Game/Saved/Map1AA55937E46E1CE4F3411C7B422CC4329.tmp' to 'C:/Github/Others/CPSC399_Game/CPSC399Game/Content/ThirdPersonBP/Maps/Map1.umap'
[2026.04.12-00.53.00:049][971]LogFileHelpers: Saving map 'Map1' took 0.082
[2026.04.12-00.53.00:063][971]AssetCheck: New page: Asset Save: Map1
[2026.04.12-00.53.00:064][971]LogContentValidation: Display: Validating World /Game/ThirdPersonBP/Maps/Map1.Map1
[2026.04.12-00.53.46:328][160]Cmd: OBJ SAVEPACKAGE PACKAGE="/Game/ThirdPersonBP/Blueprints/ThirdPersonGameMode" FILE="C:/Github/Others/CPSC399_Game/CPSC399Game/Content/ThirdPersonBP/Blueprints/ThirdPersonGameMode.uasset" SILENT=true
[2026.04.12-00.53.46:337][160]LogSavePackage: Moving 'C:/Github/Others/CPSC399_Game/CPSC399Game/Saved/ThirdPersonGameModeD1BF43FE43F0F86B467575B8F2F62887.tmp' to 'C:/Github/Others/CPSC399_Game/CPSC399Game/Content/ThirdPersonBP/Blueprints/ThirdPersonGameMode.uasset'
[2026.04.12-00.53.46:350][160]AssetCheck: New page: Asset Save: ThirdPersonGameMode
[2026.04.12-00.53.46:350][160]LogContentValidation: Display: Validating Blueprint /Game/ThirdPersonBP/Blueprints/ThirdPersonGameMode.ThirdPersonGameMode
[2026.04.12-00.56.26:312][228]Cmd: OBJ SAVEPACKAGE PACKAGE="/Game/ThirdPersonBP/Maps/Map1" FILE="C:/Github/Others/CPSC399_Game/CPSC399Game/Content/ThirdPersonBP/Maps/Map1.umap" SILENT=true AUTOSAVING=false KEEPDIRTY=false
[2026.04.12-00.56.26:343][228]LogUObjectHash: Compacting FUObjectHashTables data took   3.70ms
[2026.04.12-00.56.26:374][228]LogSavePackage: Moving 'C:/Github/Others/CPSC399_Game/CPSC399Game/Saved/Map17A97EC4C44AEFE5AAA1172B50C26E547.tmp' to 'C:/Github/Others/CPSC399_Game/CPSC399Game/Content/ThirdPersonBP/Maps/Map1.umap'
[2026.04.12-00.56.26:387][228]LogFileHelpers: Saving map 'Map1' took 0.075
[2026.04.12-00.56.26:404][228]AssetCheck: New page: Asset Save: Map1
[2026.04.12-00.56.26:404][228]LogContentValidation: Display: Validating World /Game/ThirdPersonBP/Maps/Map1.Map1
[2026.04.12-00.56.32:277][910]Cmd: OBJ SAVEPACKAGE PACKAGE="/Game/ThirdPersonBP/Maps/Map1" FILE="C:/Github/Others/CPSC399_Game/CPSC399Game/Content/ThirdPersonBP/Maps/Map1.umap" SILENT=true AUTOSAVING=false KEEPDIRTY=false
[2026.04.12-00.56.32:303][910]LogUObjectHash: Compacting FUObjectHashTables data took   1.30ms
[2026.04.12-00.56.32:334][910]LogSavePackage: Moving 'C:/Github/Others/CPSC399_Game/CPSC399Game/Saved/Map1664C8AF0429D30F3210336AEF0850D07.tmp' to 'C:/Github/Others/CPSC399_Game/CPSC399Game/Content/ThirdPersonBP/Maps/Map1.umap'
[2026.04.12-00.56.32:346][910]LogFileHelpers: Saving map 'Map1' took 0.070
[2026.04.12-00.56.32:360][910]AssetCheck: New page: Asset Save: Map1
[2026.04.12-00.56.32:360][910]LogContentValidation: Display: Validating World /Game/ThirdPersonBP/Maps/Map1.Map1
[2026.04.12-00.57.06:245][860]BlueprintLog: New page: Compile Map1
[2026.04.12-00.57.06:267][860]LogBlueprint: Error: [AssetLog] C:\Github\Others\CPSC399_Game\CPSC399Game\Content\ThirdPersonBP\Maps\Map1.umap: [Compiler] The property associated with  Main Menu Ref  could not be found in '/Game/ThirdPersonBP/Maps/Map1.Map1_C'
[2026.04.12-00.57.06:267][860]LogBlueprint: Error: [AssetLog] C:\Github\Others\CPSC399_Game\CPSC399Game\Content\ThirdPersonBP\Maps\Map1.umap: [Compiler] Couldn't find target for dynamically bound delegate node  Bind Event to Start Game
[2026.04.12-00.57.06:312][860]LogUObjectHash: Compacting FUObjectHashTables data took   3.00ms
[2026.04.12-00.58.26:177][450]LogEditorTransaction: Undo Promote To Variable
[2026.04.12-00.58.26:506][463]LogEditorTransaction: Undo Delete current selection
[2026.04.12-00.58.27:520][564]Cmd: OBJ SAVEPACKAGE PACKAGE="/Game/ThirdPersonBP/Blueprints/ThirdPersonGameMode" FILE="C:/Github/Others/CPSC399_Game/CPSC399Game/Content/ThirdPersonBP/Blueprints/ThirdPersonGameMode.uasset" SILENT=true
[2026.04.12-00.58.27:528][564]LogSavePackage: Moving 'C:/Github/Others/CPSC399_Game/CPSC399Game/Saved/ThirdPersonGameMode6181C23D460FEDD8212525B6F3422EA9.tmp' to 'C:/Github/Others/CPSC399_Game/CPSC399Game/Content/ThirdPersonBP/Blueprints/ThirdPersonGameMode.uasset'
[2026.04.12-00.58.27:548][564]AssetCheck: New page: Asset Save: ThirdPersonGameMode
[2026.04.12-00.58.27:548][564]LogContentValidation: Display: Validating Blueprint /Game/ThirdPersonBP/Blueprints/ThirdPersonGameMode.ThirdPersonGameMode
[2026.04.12-00.58.45:003][534]BlueprintLog: New page: Compile ThirdPersonGameMode
[2026.04.12-00.58.45:065][534]LogUObjectHash: Compacting FUObjectHashTables data took   3.64ms
[2026.04.12-00.59.19:292][947]Cmd: OBJ SAVEPACKAGE PACKAGE="/Game/ThirdPersonBP/Maps/Map1" FILE="C:/Github/Others/CPSC399_Game/CPSC399Game/Content/ThirdPersonBP/Maps/Map1.umap" SILENT=true AUTOSAVING=false KEEPDIRTY=false
[2026.04.12-00.59.19:321][947]LogUObjectHash: Compacting FUObjectHashTables data took   3.19ms
[2026.04.12-00.59.19:353][947]LogSavePackage: Moving 'C:/Github/Others/CPSC399_Game/CPSC399Game/Saved/Map1AC5061674D29BBD35D9F518058425195.tmp' to 'C:/Github/Others/CPSC399_Game/CPSC399Game/Content/ThirdPersonBP/Maps/Map1.umap'
[2026.04.12-00.59.19:366][947]LogFileHelpers: Saving map 'Map1' took 0.075
[2026.04.12-00.59.19:380][947]AssetCheck: New page: Asset Save: Map1
[2026.04.12-00.59.19:380][947]LogContentValidation: Display: Validating World /Game/ThirdPersonBP/Maps/Map1.Map1
[2026.04.12-01.00.19:241][711]Cmd: OBJ SAVEPACKAGE PACKAGE="/Game/ThirdPersonBP/Maps/Map1" FILE="C:/Github/Others/CPSC399_Game/CPSC399Game/Content/ThirdPersonBP/Maps/Map1.umap" SILENT=true AUTOSAVING=false KEEPDIRTY=false
[2026.04.12-01.00.19:271][711]LogUObjectHash: Compacting FUObjectHashTables data took   3.21ms
[2026.04.12-01.00.19:305][711]LogSavePackage: Moving 'C:/Github/Others/CPSC399_Game/CPSC399Game/Saved/Map152003D094DDA84F075F7028CF0B80FE7.tmp' to 'C:/Github/Others/CPSC399_Game/CPSC399Game/Content/ThirdPersonBP/Maps/Map1.umap'
[2026.04.12-01.00.19:317][711]LogFileHelpers: Saving map 'Map1' took 0.076
[2026.04.12-01.00.19:329][711]AssetCheck: New page: Asset Save: Map1
[2026.04.12-01.00.19:329][711]LogContentValidation: Display: Validating World /Game/ThirdPersonBP/Maps/Map1.Map1
[2026.04.12-01.00.20:200][796]BlueprintLog: New page: Compile Map1
[2026.04.12-01.00.20:253][796]LogUObjectHash: Compacting FUObjectHashTables data took   3.36ms
[2026.04.12-01.00.33:452][207]BlueprintLog: New page: Compile Map1
[2026.04.12-01.00.33:501][207]LogUObjectHash: Compacting FUObjectHashTables data took   2.69ms
[2026.04.12-01.00.35:056][362]Cmd: OBJ SAVEPACKAGE PACKAGE="/Game/ThirdPersonBP/Maps/Map1" FILE="C:/Github/Others/CPSC399_Game/CPSC399Game/Content/ThirdPersonBP/Maps/Map1.umap" SILENT=true AUTOSAVING=false KEEPDIRTY=false
[2026.04.12-01.00.35:085][362]LogUObjectHash: Compacting FUObjectHashTables data took   2.34ms
[2026.04.12-01.00.35:116][362]LogSavePackage: Moving 'C:/Github/Others/CPSC399_Game/CPSC399Game/Saved/Map19ECFDF45428A6E7FE9CB9C933532EC66.tmp' to 'C:/Github/Others/CPSC399_Game/CPSC399Game/Content/ThirdPersonBP/Maps/Map1.umap'
[2026.04.12-01.00.35:128][362]LogFileHelpers: Saving map 'Map1' took 0.073
[2026.04.12-01.00.35:141][362]AssetCheck: New page: Asset Save: Map1
[2026.04.12-01.00.35:141][362]LogContentValidation: Display: Validating World /Game/ThirdPersonBP/Maps/Map1.Map1
[2026.04.12-01.02.33:316][738]Cmd: OBJ SAVEPACKAGE PACKAGE="/Game/ThirdPersonBP/Maps/Map1" FILE="C:/Github/Others/CPSC399_Game/CPSC399Game/Content/ThirdPersonBP/Maps/Map1.umap" SILENT=true AUTOSAVING=false KEEPDIRTY=false
[2026.04.12-01.02.33:345][738]LogUObjectHash: Compacting FUObjectHashTables data took   0.60ms
[2026.04.12-01.02.33:378][738]LogSavePackage: Moving 'C:/Github/Others/CPSC399_Game/CPSC399Game/Saved/Map1B8738BDC48046D4904CA04B6BB81FCE9.tmp' to 'C:/Github/Others/CPSC399_Game/CPSC399Game/Content/ThirdPersonBP/Maps/Map1.umap'
[2026.04.12-01.02.33:391][738]LogFileHelpers: Saving map 'Map1' took 0.075
[2026.04.12-01.02.33:404][738]AssetCheck: New page: Asset Save: Map1
[2026.04.12-01.02.33:404][738]LogContentValidation: Display: Validating World /Game/ThirdPersonBP/Maps/Map1.Map1
[2026.04.12-01.02.36:441][ 57]LogTemp: Repeating last play command: Selected Viewport
[2026.04.12-01.02.36:502][ 57]LogPlayLevel: PlayLevel: No blueprints needed recompiling
[2026.04.12-01.02.36:511][ 57]PIE: New page: PIE session: Map1 (Apr 11, 2026, 1:02:36 PM)
[2026.04.12-01.02.36:530][ 57]LogOnline: OSS: Creating online subsystem instance for: NULL
[2026.04.12-01.02.36:543][ 57]LogOnline: OSS: TryLoadSubsystemAndSetDefault: Loaded subsystem for module [NULL]
[2026.04.12-01.02.36:557][ 57]LogPlayLevel: Creating play world package: /Game/ThirdPersonBP/Maps/UEDPIE_0_Map1
[2026.04.12-01.02.36:580][ 57]LogPlayLevel: PIE: StaticDuplicateObject took: (0.023298s)
[2026.04.12-01.02.36:589][ 57]LogAIModule: Creating AISystem for world Map1
[2026.04.12-01.02.36:608][ 57]LogPlayLevel: PIE: World Init took: (0.027094s)
[2026.04.12-01.02.36:608][ 57]LogPlayLevel: PIE: Created PIE world by copying editor world from /Game/ThirdPersonBP/Maps/Map1.Map1 to /Game/ThirdPersonBP/Maps/UEDPIE_0_Map1.Map1 (0.051052s)
[2026.04.12-01.02.36:634][ 57]LogUObjectHash: Compacting FUObjectHashTables data took   2.19ms
[2026.04.12-01.02.36:637][ 57]LogAudio: Display: Creating Audio Device:                 Id: 2, Scope: Unique, Realtime: True
[2026.04.12-01.02.36:637][ 57]LogAudioMixer: Display: Audio Mixer Platform Settings:
[2026.04.12-01.02.36:637][ 57]LogAudioMixer: Display: 	Sample Rate:						  48000
[2026.04.12-01.02.36:637][ 57]LogAudioMixer: Display: 	Callback Buffer Frame Size Requested: 1024
[2026.04.12-01.02.36:637][ 57]LogAudioMixer: Display: 	Callback Buffer Frame Size To Use:	  1024
[2026.04.12-01.02.36:638][ 57]LogAudioMixer: Display: 	Number of buffers to queue:			  2
[2026.04.12-01.02.36:638][ 57]LogAudioMixer: Display: 	Max Channels (voices):				  32
[2026.04.12-01.02.36:638][ 57]LogAudioMixer: Display: 	Number of Async Source Workers:		  0
[2026.04.12-01.02.36:638][ 57]LogAudio: Display: AudioDevice MaxSources: 32
[2026.04.12-01.02.36:638][ 57]LogAudio: Display: Audio Spatialization Plugin: None (built-in).
[2026.04.12-01.02.36:638][ 57]LogAudio: Display: Audio Reverb Plugin: None (built-in).
[2026.04.12-01.02.36:638][ 57]LogAudio: Display: Audio Occlusion Plugin: None (built-in).
[2026.04.12-01.02.36:638][ 57]LogAudioMixer: Display: Initializing audio mixer.
[2026.04.12-01.02.36:748][ 57]LogAudioMixer: Display: 0: FrontLeft
[2026.04.12-01.02.36:748][ 57]LogAudioMixer: Display: 1: FrontRight
[2026.04.12-01.02.36:748][ 57]LogAudioMixer: Display: 2: FrontCenter
[2026.04.12-01.02.36:748][ 57]LogAudioMixer: Display: 3: LowFrequency
[2026.04.12-01.02.36:748][ 57]LogAudioMixer: Display: 4: BackLeft
[2026.04.12-01.02.36:748][ 57]LogAudioMixer: Display: 5: BackRight
[2026.04.12-01.02.36:748][ 57]LogAudioMixer: Display: 6: SideLeft
[2026.04.12-01.02.36:748][ 57]LogAudioMixer: Display: 7: SideRight
[2026.04.12-01.02.36:758][ 57]LogAudioMixer: Display: Using Audio Device Speakers (Logitech G733 Gaming Headset)
[2026.04.12-01.02.36:759][ 57]LogAudioMixer: Display: Initializing Sound Submixes...
[2026.04.12-01.02.36:759][ 57]LogAudioMixer: Display: Creating Master Submix 'MasterSubmixDefault'
[2026.04.12-01.02.36:759][ 57]LogAudioMixer: Display: Creating Master Submix 'MasterReverbSubmixDefault'
[2026.04.12-01.02.36:759][ 57]LogAudioMixer: Display: Creating Master Submix 'MasterEQSubmixDefault'
[2026.04.12-01.02.36:759][ 57]LogAudioMixer: FMixerPlatformXAudio2::StartAudioStream() called
[2026.04.12-01.02.36:759][ 57]LogAudioMixer: Display: Output buffers initialized: Frames=1024, Channels=8, Samples=8192
[2026.04.12-01.02.36:760][ 57]LogAudioMixer: Display: Starting AudioMixerPlatformInterface::RunInternal()
[2026.04.12-01.02.36:760][ 57]LogAudioMixer: Display: FMixerPlatformXAudio2::SubmitBuffer() called for the first time
[2026.04.12-01.02.36:760][ 57]LogInit: FAudioDevice initialized.
[2026.04.12-01.02.36:760][ 57]LogAudio: Display: Audio Device (ID: 2) registered with world 'Map1'.
[2026.04.12-01.02.36:804][ 57]LogLoad: Game class is 'ThirdPersonGameMode_C'
[2026.04.12-01.02.36:814][ 57]LogWorld: Bringing World /Game/ThirdPersonBP/Maps/UEDPIE_0_Map1.Map1 up for play (max tick rate 0) at 2026.04.11-19.02.36
[2026.04.12-01.02.36:838][ 57]LogWorld: Bringing up level for play took: 0.026553
[2026.04.12-01.02.36:852][ 57]LogOnline: OSS: Creating online subsystem instance for: :Context_13
[2026.04.12-01.02.37:046][ 57]LogNativeClassHierarchy: Verbose: Native class hierarchy updated for 'MovieSceneCapture' in 0.0009 seconds. Added 20 classes and 0 folders.
[2026.04.12-01.02.37:128][ 57]LogPlayerController: Error: InputMode:UIOnly - Attempting to focus Non-Focusable widget SObjectWidget [Widget.cpp(799)]!
[2026.04.12-01.02.37:128][ 57]LogViewport: Display: Viewport MouseLockMode Changed, LockOnCapture -> DoNotLock
[2026.04.12-01.02.37:128][ 57]LogViewport: Display: Viewport MouseCaptureMode Changed, CapturePermanently_IncludingInitialMouseDown -> NoCapture
[2026.04.12-01.02.37:164][ 57]PIE: Server logged in
[2026.04.12-01.02.37:167][ 57]PIE: Play in editor total start time 0.713 seconds.
[2026.04.12-01.02.39:739][312]LogViewport: Display: Viewport MouseLockMode Changed, DoNotLock -> LockOnCapture
[2026.04.12-01.02.39:739][312]LogViewport: Display: Viewport MouseCaptureMode Changed, NoCapture -> CapturePermanently
[2026.04.12-01.02.43:882][795]LogSlate: Updating window title bar state: overlay mode, drag disabled, window buttons hidden, title bar hidden
[2026.04.12-01.02.43:882][795]LogWorld: BeginTearingDown for /Game/ThirdPersonBP/Maps/UEDPIE_0_Map1
[2026.04.12-01.02.43:883][795]LogWorld: UWorld::CleanupWorld for Map1, bSessionEnded=true, bCleanupResources=true
[2026.04.12-01.02.43:884][795]LogSlate: InvalidateAllWidgets triggered.  All widgets were invalidated
[2026.04.12-01.02.43:906][795]LogPlayLevel: Display: Shutting down PIE online subsystems
[2026.04.12-01.02.43:912][795]LogSlate: InvalidateAllWidgets triggered.  All widgets were invalidated
[2026.04.12-01.02.43:945][795]LogAudio: Display: Audio Device unregistered from world 'None'.
[2026.04.12-01.02.43:946][795]LogAudioMixer: FMixerPlatformXAudio2::StopAudioStream() called
[2026.04.12-01.02.43:947][795]LogAudioMixer: FMixerPlatformXAudio2::StopAudioStream() called
[2026.04.12-01.02.43:949][795]LogSlate: Updating window title bar state: overlay mode, drag disabled, window buttons hidden, title bar hidden
[2026.04.12-01.02.44:004][795]LogUObjectHash: Compacting FUObjectHashTables data took   4.09ms
[2026.04.12-01.02.44:029][796]LogPlayLevel: Display: Destroying online subsystem :Context_13
[2026.04.12-01.02.45:113][922]LogTemp: Repeating last play command: Selected Viewport
[2026.04.12-01.02.45:120][922]LogPlayLevel: PlayLevel: No blueprints needed recompiling
[2026.04.12-01.02.45:120][922]PIE: New page: PIE session: Map1 (Apr 11, 2026, 1:02:45 PM)
[2026.04.12-01.02.45:156][922]LogPlayLevel: Creating play world package: /Game/ThirdPersonBP/Maps/UEDPIE_0_Map1
[2026.04.12-01.02.45:166][922]LogPlayLevel: PIE: StaticDuplicateObject took: (0.008671s)
[2026.04.12-01.02.45:166][922]LogAIModule: Creating AISystem for world Map1
[2026.04.12-01.02.45:166][922]LogPlayLevel: PIE: World Init took: (0.001046s)
[2026.04.12-01.02.45:166][922]LogPlayLevel: PIE: Created PIE world by copying editor world from /Game/ThirdPersonBP/Maps/Map1.Map1 to /Game/ThirdPersonBP/Maps/UEDPIE_0_Map1.Map1 (0.009935s)
[2026.04.12-01.02.45:208][922]LogUObjectHash: Compacting FUObjectHashTables data took   3.24ms
[2026.04.12-01.02.45:209][922]LogAudio: Display: Creating Audio Device:                 Id: 3, Scope: Unique, Realtime: True
[2026.04.12-01.02.45:209][922]LogAudioMixer: Display: Audio Mixer Platform Settings:
[2026.04.12-01.02.45:209][922]LogAudioMixer: Display: 	Sample Rate:						  48000
[2026.04.12-01.02.45:209][922]LogAudioMixer: Display: 	Callback Buffer Frame Size Requested: 1024
[2026.04.12-01.02.45:209][922]LogAudioMixer: Display: 	Callback Buffer Frame Size To Use:	  1024
[2026.04.12-01.02.45:209][922]LogAudioMixer: Display: 	Number of buffers to queue:			  2
[2026.04.12-01.02.45:209][922]LogAudioMixer: Display: 	Max Channels (voices):				  32
[2026.04.12-01.02.45:209][922]LogAudioMixer: Display: 	Number of Async Source Workers:		  0
[2026.04.12-01.02.45:209][922]LogAudio: Display: AudioDevice MaxSources: 32
[2026.04.12-01.02.45:210][922]LogAudio: Display: Audio Spatialization Plugin: None (built-in).
[2026.04.12-01.02.45:210][922]LogAudio: Display: Audio Reverb Plugin: None (built-in).
[2026.04.12-01.02.45:210][922]LogAudio: Display: Audio Occlusion Plugin: None (built-in).
[2026.04.12-01.02.45:210][922]LogAudioMixer: Display: Initializing audio mixer.
[2026.04.12-01.02.45:214][922]LogAudioMixer: Display: 0: FrontLeft
[2026.04.12-01.02.45:214][922]LogAudioMixer: Display: 1: FrontRight
[2026.04.12-01.02.45:214][922]LogAudioMixer: Display: 2: FrontCenter
[2026.04.12-01.02.45:214][922]LogAudioMixer: Display: 3: LowFrequency
[2026.04.12-01.02.45:214][922]LogAudioMixer: Display: 4: BackLeft
[2026.04.12-01.02.45:214][922]LogAudioMixer: Display: 5: BackRight
[2026.04.12-01.02.45:214][922]LogAudioMixer: Display: 6: SideLeft
[2026.04.12-01.02.45:214][922]LogAudioMixer: Display: 7: SideRight
[2026.04.12-01.02.45:226][922]LogAudioMixer: Display: Using Audio Device Speakers (Logitech G733 Gaming Headset)
[2026.04.12-01.02.45:226][922]LogAudioMixer: Display: Initializing Sound Submixes...
[2026.04.12-01.02.45:226][922]LogAudioMixer: Display: Creating Master Submix 'MasterSubmixDefault'
[2026.04.12-01.02.45:226][922]LogAudioMixer: Display: Creating Master Submix 'MasterReverbSubmixDefault'
[2026.04.12-01.02.45:226][922]LogAudioMixer: Display: Creating Master Submix 'MasterEQSubmixDefault'
[2026.04.12-01.02.45:226][922]LogAudioMixer: FMixerPlatformXAudio2::StartAudioStream() called
[2026.04.12-01.02.45:226][922]LogAudioMixer: Display: Output buffers initialized: Frames=1024, Channels=8, Samples=8192
[2026.04.12-01.02.45:227][922]LogAudioMixer: Display: Starting AudioMixerPlatformInterface::RunInternal()
[2026.04.12-01.02.45:227][922]LogAudioMixer: Display: FMixerPlatformXAudio2::SubmitBuffer() called for the first time
[2026.04.12-01.02.45:227][922]LogInit: FAudioDevice initialized.
[2026.04.12-01.02.45:227][922]LogAudio: Display: Audio Device (ID: 3) registered with world 'Map1'.
[2026.04.12-01.02.45:233][922]LogLoad: Game class is 'ThirdPersonGameMode_C'
[2026.04.12-01.02.45:236][922]LogWorld: Bringing World /Game/ThirdPersonBP/Maps/UEDPIE_0_Map1.Map1 up for play (max tick rate 0) at 2026.04.11-19.02.45
[2026.04.12-01.02.45:236][922]LogWorld: Bringing up level for play took: 0.001882
[2026.04.12-01.02.45:236][922]LogOnline: OSS: Creating online subsystem instance for: :Context_14
[2026.04.12-01.02.45:239][922]LogPlayerController: Error: InputMode:UIOnly - Attempting to focus Non-Focusable widget SObjectWidget [Widget.cpp(799)]!
[2026.04.12-01.02.45:239][922]LogViewport: Display: Viewport MouseLockMode Changed, LockOnCapture -> DoNotLock
[2026.04.12-01.02.45:239][922]LogViewport: Display: Viewport MouseCaptureMode Changed, CapturePermanently_IncludingInitialMouseDown -> NoCapture
[2026.04.12-01.02.45:239][922]PIE: Server logged in
[2026.04.12-01.02.45:239][922]PIE: Play in editor total start time 0.12 seconds.
[2026.04.12-01.02.51:908][718]LogSlate: Updating window title bar state: overlay mode, drag disabled, window buttons hidden, title bar hidden
[2026.04.12-01.02.51:908][718]LogWorld: BeginTearingDown for /Game/ThirdPersonBP/Maps/UEDPIE_0_Map1
[2026.04.12-01.02.51:908][718]LogWorld: UWorld::CleanupWorld for Map1, bSessionEnded=true, bCleanupResources=true
[2026.04.12-01.02.51:908][718]LogSlate: InvalidateAllWidgets triggered.  All widgets were invalidated
[2026.04.12-01.02.51:916][718]LogPlayLevel: Display: Shutting down PIE online subsystems
[2026.04.12-01.02.51:921][718]LogSlate: InvalidateAllWidgets triggered.  All widgets were invalidated
[2026.04.12-01.02.51:949][718]LogAudio: Display: Audio Device unregistered from world 'None'.
[2026.04.12-01.02.51:949][718]LogAudioMixer: FMixerPlatformXAudio2::StopAudioStream() called
[2026.04.12-01.02.51:950][718]LogAudioMixer: FMixerPlatformXAudio2::StopAudioStream() called
[2026.04.12-01.02.51:954][718]LogSlate: Updating window title bar state: overlay mode, drag disabled, window buttons hidden, title bar hidden
[2026.04.12-01.02.51:959][718]LogUObjectHash: Compacting FUObjectHashTables data took   3.33ms
[2026.04.12-01.02.52:001][720]LogPlayLevel: Display: Destroying online subsystem :Context_14
[2026.04.12-01.17.51:590][299]LogTemp: Repeating last play command: Selected Viewport
[2026.04.12-01.17.51:597][299]LogPlayLevel: PlayLevel: No blueprints needed recompiling
[2026.04.12-01.17.51:597][299]PIE: New page: PIE session: Map1 (Apr 11, 2026, 1:17:51 PM)
[2026.04.12-01.17.51:628][299]LogPlayLevel: Creating play world package: /Game/ThirdPersonBP/Maps/UEDPIE_0_Map1
[2026.04.12-01.17.51:635][299]LogPlayLevel: PIE: StaticDuplicateObject took: (0.007235s)
[2026.04.12-01.17.51:635][299]LogAIModule: Creating AISystem for world Map1
[2026.04.12-01.17.51:636][299]LogPlayLevel: PIE: World Init took: (0.000909s)
[2026.04.12-01.17.51:636][299]LogPlayLevel: PIE: Created PIE world by copying editor world from /Game/ThirdPersonBP/Maps/Map1.Map1 to /Game/ThirdPersonBP/Maps/UEDPIE_0_Map1.Map1 (0.008387s)
[2026.04.12-01.17.51:676][299]LogUObjectHash: Compacting FUObjectHashTables data took   2.78ms
[2026.04.12-01.17.51:679][299]LogAudio: Display: Creating Audio Device:                 Id: 4, Scope: Unique, Realtime: True
[2026.04.12-01.17.51:679][299]LogAudioMixer: Display: Audio Mixer Platform Settings:
[2026.04.12-01.17.51:679][299]LogAudioMixer: Display: 	Sample Rate:						  48000
[2026.04.12-01.17.51:679][299]LogAudioMixer: Display: 	Callback Buffer Frame Size Requested: 1024
[2026.04.12-01.17.51:679][299]LogAudioMixer: Display: 	Callback Buffer Frame Size To Use:	  1024
[2026.04.12-01.17.51:679][299]LogAudioMixer: Display: 	Number of buffers to queue:			  2
[2026.04.12-01.17.51:679][299]LogAudioMixer: Display: 	Max Channels (voices):				  32
[2026.04.12-01.17.51:679][299]LogAudioMixer: Display: 	Number of Async Source Workers:		  0
[2026.04.12-01.17.51:680][299]LogAudio: Display: AudioDevice MaxSources: 32
[2026.04.12-01.17.51:680][299]LogAudio: Display: Audio Spatialization Plugin: None (built-in).
[2026.04.12-01.17.51:680][299]LogAudio: Display: Audio Reverb Plugin: None (built-in).
[2026.04.12-01.17.51:680][299]LogAudio: Display: Audio Occlusion Plugin: None (built-in).
[2026.04.12-01.17.51:680][299]LogAudioMixer: Display: Initializing audio mixer.
[2026.04.12-01.17.51:684][299]LogAudioMixer: Display: 0: FrontLeft
[2026.04.12-01.17.51:684][299]LogAudioMixer: Display: 1: FrontRight
[2026.04.12-01.17.51:684][299]LogAudioMixer: Display: 2: FrontCenter
[2026.04.12-01.17.51:684][299]LogAudioMixer: Display: 3: LowFrequency
[2026.04.12-01.17.51:684][299]LogAudioMixer: Display: 4: BackLeft
[2026.04.12-01.17.51:684][299]LogAudioMixer: Display: 5: BackRight
[2026.04.12-01.17.51:684][299]LogAudioMixer: Display: 6: SideLeft
[2026.04.12-01.17.51:684][299]LogAudioMixer: Display: 7: SideRight
[2026.04.12-01.17.51:699][299]LogAudioMixer: Display: Using Audio Device Speakers (Logitech G733 Gaming Headset)
[2026.04.12-01.17.51:699][299]LogAudioMixer: Display: Initializing Sound Submixes...
[2026.04.12-01.17.51:699][299]LogAudioMixer: Display: Creating Master Submix 'MasterSubmixDefault'
[2026.04.12-01.17.51:699][299]LogAudioMixer: Display: Creating Master Submix 'MasterReverbSubmixDefault'
[2026.04.12-01.17.51:700][299]LogAudioMixer: Display: Creating Master Submix 'MasterEQSubmixDefault'
[2026.04.12-01.17.51:700][299]LogAudioMixer: FMixerPlatformXAudio2::StartAudioStream() called
[2026.04.12-01.17.51:700][299]LogAudioMixer: Display: Output buffers initialized: Frames=1024, Channels=8, Samples=8192
[2026.04.12-01.17.51:701][299]LogAudioMixer: Display: Starting AudioMixerPlatformInterface::RunInternal()
[2026.04.12-01.17.51:701][299]LogAudioMixer: Display: FMixerPlatformXAudio2::SubmitBuffer() called for the first time
[2026.04.12-01.17.51:701][299]LogInit: FAudioDevice initialized.
[2026.04.12-01.17.51:701][299]LogAudio: Display: Audio Device (ID: 4) registered with world 'Map1'.
[2026.04.12-01.17.51:709][299]LogLoad: Game class is 'ThirdPersonGameMode_C'
[2026.04.12-01.17.51:712][299]LogWorld: Bringing World /Game/ThirdPersonBP/Maps/UEDPIE_0_Map1.Map1 up for play (max tick rate 0) at 2026.04.11-19.17.51
[2026.04.12-01.17.51:712][299]LogWorld: Bringing up level for play took: 0.002351
[2026.04.12-01.17.51:712][299]LogOnline: OSS: Creating online subsystem instance for: :Context_15
[2026.04.12-01.17.51:715][299]LogPlayerController: Error: InputMode:UIOnly - Attempting to focus Non-Focusable widget SObjectWidget [Widget.cpp(799)]!
[2026.04.12-01.17.51:715][299]LogViewport: Display: Viewport MouseLockMode Changed, LockOnCapture -> DoNotLock
[2026.04.12-01.17.51:715][299]LogViewport: Display: Viewport MouseCaptureMode Changed, CapturePermanently_IncludingInitialMouseDown -> NoCapture
[2026.04.12-01.17.51:715][299]PIE: Server logged in
[2026.04.12-01.17.51:716][299]PIE: Play in editor total start time 0.12 seconds.
[2026.04.12-01.17.52:915][442]LogViewport: Display: Viewport MouseLockMode Changed, DoNotLock -> LockOnCapture
[2026.04.12-01.17.52:915][442]LogViewport: Display: Viewport MouseCaptureMode Changed, NoCapture -> CapturePermanently
[2026.04.12-01.17.54:198][593]LogSlate: Updating window title bar state: overlay mode, drag disabled, window buttons hidden, title bar hidden
[2026.04.12-01.17.54:198][593]LogWorld: BeginTearingDown for /Game/ThirdPersonBP/Maps/UEDPIE_0_Map1
[2026.04.12-01.17.54:198][593]LogWorld: UWorld::CleanupWorld for Map1, bSessionEnded=true, bCleanupResources=true
[2026.04.12-01.17.54:198][593]LogSlate: InvalidateAllWidgets triggered.  All widgets were invalidated
[2026.04.12-01.17.54:205][593]LogPlayLevel: Display: Shutting down PIE online subsystems
[2026.04.12-01.17.54:211][593]LogSlate: InvalidateAllWidgets triggered.  All widgets were invalidated
[2026.04.12-01.17.54:242][593]LogSlate: Updating window title bar state: overlay mode, drag disabled, window buttons hidden, title bar hidden
[2026.04.12-01.17.54:243][593]LogAudioMixer: FMixerPlatformXAudio2::StopAudioStream() called
[2026.04.12-01.17.54:244][593]LogAudioMixer: FMixerPlatformXAudio2::StopAudioStream() called
[2026.04.12-01.17.54:251][593]LogUObjectHash: Compacting FUObjectHashTables data took   2.80ms
[2026.04.12-01.17.54:288][595]LogPlayLevel: Display: Destroying online subsystem :Context_15
[2026.04.12-01.17.58:410][ 73]LogEditorViewport: Clicking on Actor (LMB): BP_TallPlatform_C (TallPlatform12)
[2026.04.12-01.17.58:727][ 88]LogEditorViewport: Clicking on Actor (LMB): BP_TallPlatform_C (TallPlatform12)
[2026.04.12-01.17.59:236][144]LogEditorViewport: Clicking on Actor (LMB): BP_TallPlatform_C (TallPlatform11)
[2026.04.12-01.18.00:176][242]LogEditorViewport: Clicking on Actor (LMB): BP_TallPlatform_C (TallPlatform12)
[2026.04.12-01.18.16:788][113]LogEditorViewport: Clicking on Actor (LMB): BP_TallPlatform_C (TallPlatform11)
[2026.04.12-01.18.22:476][764]Cmd: TRANSACTION UNDO
[2026.04.12-01.18.22:476][764]LogEditorTransaction: Undo Move Actors
[2026.04.12-01.18.23:048][795]LogEditorViewport: Clicking on Actor (LMB): StaticMeshActor (Plane)
[2026.04.12-01.18.24:739][953]LogEditorViewport: Clicking on Actor (LMB): BP_TallPlatform_C (TallPlatform12)
[2026.04.12-01.18.25:062][980]LogEditorViewport: Clicking on Actor (LMB): BP_TallPlatform_C (TallPlatform11)
[2026.04.12-01.18.25:378][  6]LogEditorViewport: Clicking on Actor (LMB): BP_TallPlatform_C (TallPlatform3)
[2026.04.12-01.18.26:365][119]LogEditorViewport: Clicking on Actor (LMB): BP_TallPlatform_C (TallPlatform12)
[2026.04.12-01.18.26:579][142]LogEditorViewport: Clicking on Actor (LMB): BP_TallPlatform_C (TallPlatform11)
[2026.04.12-01.18.26:803][166]LogEditorViewport: Clicking on Actor (LMB): BP_TallPlatform_C (TallPlatform3)
[2026.04.12-01.18.27:150][204]LogEditorViewport: Clicking on Actor (LMB): StaticMeshActor (Plane)
[2026.04.12-01.18.27:390][228]LogEditorViewport: Clicking on Actor (LMB): BP_TallPlatform_C (TallPlatform5)
[2026.04.12-01.18.27:967][294]LogEditorViewport: Clicking on Actor (LMB): BP_TallPlatform_C (TallPlatform6)
[2026.04.12-01.18.28:423][345]LogEditorViewport: Clicking on Actor (LMB): BP_TallPlatform_C (TallPlatform9)
[2026.04.12-01.18.28:935][403]LogEditorViewport: Clicking on Actor (LMB): StaticMeshActor (Plane)
[2026.04.12-01.18.29:227][433]LogEditorViewport: Clicking on Actor (LMB): BP_TallPlatform_C (TallPlatform6)
[2026.04.12-01.18.29:588][472]LogEditorViewport: Clicking on Actor (LMB): BP_TallPlatform_C (TallPlatform7)
[2026.04.12-01.18.41:535][895]LogEditorViewport: Clicking on Actor (LMB): StaticMeshActor (Plane)
[2026.04.12-01.18.42:666][ 17]LogEditorViewport: Clicking on Actor (LMB): StaticMeshActor (Plane)
[2026.04.12-01.19.27:409][323]LogEditorViewport: Clicking on Actor (LMB): StaticMeshActor (Start)
[2026.04.12-01.19.28:394][415]LogEditorViewport: Clicking on Actor (LMB): BP_TallPlatform_C (TallPlatform12)
[2026.04.12-01.19.38:366][582]Cmd: TRANSACTION UNDO
[2026.04.12-01.19.38:367][582]LogEditorTransaction: Undo Move Actors
[2026.04.12-01.19.42:038][938]Cmd: TRANSACTION UNDO
[2026.04.12-01.19.42:038][938]LogEditorTransaction: Undo Move Actors
[2026.04.12-01.19.43:781][106]Cmd: TRANSACTION UNDO
[2026.04.12-01.19.43:782][106]LogEditorTransaction: Undo Move Actors
[2026.04.12-01.19.51:287][951]Cmd: OBJ SAVEPACKAGE PACKAGE="/Game/ThirdPersonBP/Maps/Map1" FILE="C:/Github/Others/CPSC399_Game/CPSC399Game/Content/ThirdPersonBP/Maps/Map1.umap" SILENT=true AUTOSAVING=false KEEPDIRTY=false
[2026.04.12-01.19.51:329][951]LogUObjectHash: Compacting FUObjectHashTables data took   3.52ms
[2026.04.12-01.19.51:367][951]LogSavePackage: Moving 'C:/Github/Others/CPSC399_Game/CPSC399Game/Saved/Map1E7D9D8E04A47D772ED0AD8BDCC916A78.tmp' to 'C:/Github/Others/CPSC399_Game/CPSC399Game/Content/ThirdPersonBP/Maps/Map1.umap'
[2026.04.12-01.19.51:396][951]AssetCheck: New page: Asset Save: Map1
[2026.04.12-01.19.51:396][951]LogContentValidation: Display: Validating World /Game/ThirdPersonBP/Maps/Map1.Map1
[2026.04.12-01.19.51:884][  6]LogTemp: Repeating last play command: Selected Viewport
[2026.04.12-01.19.51:890][  6]LogPlayLevel: PlayLevel: No blueprints needed recompiling
[2026.04.12-01.19.51:890][  6]PIE: New page: PIE session: Map1 (Apr 11, 2026, 1:19:51 PM)
[2026.04.12-01.19.51:926][  6]LogPlayLevel: Creating play world package: /Game/ThirdPersonBP/Maps/UEDPIE_0_Map1
[2026.04.12-01.19.51:935][  6]LogPlayLevel: PIE: StaticDuplicateObject took: (0.008594s)
[2026.04.12-01.19.51:936][  6]LogAIModule: Creating AISystem for world Map1
[2026.04.12-01.19.51:936][  6]LogPlayLevel: PIE: World Init took: (0.001116s)
[2026.04.12-01.19.51:936][  6]LogPlayLevel: PIE: Created PIE world by copying editor world from /Game/ThirdPersonBP/Maps/Map1.Map1 to /Game/ThirdPersonBP/Maps/UEDPIE_0_Map1.Map1 (0.010048s)
[2026.04.12-01.19.51:973][  6]LogUObjectHash: Compacting FUObjectHashTables data took   3.01ms
[2026.04.12-01.19.51:974][  6]LogAudio: Display: Creating Audio Device:                 Id: 5, Scope: Unique, Realtime: True
[2026.04.12-01.19.51:974][  6]LogAudioMixer: Display: Audio Mixer Platform Settings:
[2026.04.12-01.19.51:974][  6]LogAudioMixer: Display: 	Sample Rate:						  48000
[2026.04.12-01.19.51:974][  6]LogAudioMixer: Display: 	Callback Buffer Frame Size Requested: 1024
[2026.04.12-01.19.51:974][  6]LogAudioMixer: Display: 	Callback Buffer Frame Size To Use:	  1024
[2026.04.12-01.19.51:974][  6]LogAudioMixer: Display: 	Number of buffers to queue:			  2
[2026.04.12-01.19.51:974][  6]LogAudioMixer: Display: 	Max Channels (voices):				  32
[2026.04.12-01.19.51:974][  6]LogAudioMixer: Display: 	Number of Async Source Workers:		  0
[2026.04.12-01.19.51:974][  6]LogAudio: Display: AudioDevice MaxSources: 32
[2026.04.12-01.19.51:975][  6]LogAudio: Display: Audio Spatialization Plugin: None (built-in).
[2026.04.12-01.19.51:975][  6]LogAudio: Display: Audio Reverb Plugin: None (built-in).
[2026.04.12-01.19.51:975][  6]LogAudio: Display: Audio Occlusion Plugin: None (built-in).
[2026.04.12-01.19.51:975][  6]LogAudioMixer: Display: Initializing audio mixer.
[2026.04.12-01.19.51:979][  6]LogAudioMixer: Display: 0: FrontLeft
[2026.04.12-01.19.51:979][  6]LogAudioMixer: Display: 1: FrontRight
[2026.04.12-01.19.51:979][  6]LogAudioMixer: Display: 2: FrontCenter
[2026.04.12-01.19.51:979][  6]LogAudioMixer: Display: 3: LowFrequency
[2026.04.12-01.19.51:979][  6]LogAudioMixer: Display: 4: BackLeft
[2026.04.12-01.19.51:979][  6]LogAudioMixer: Display: 5: BackRight
[2026.04.12-01.19.51:979][  6]LogAudioMixer: Display: 6: SideLeft
[2026.04.12-01.19.51:979][  6]LogAudioMixer: Display: 7: SideRight
[2026.04.12-01.19.51:995][  6]LogAudioMixer: Display: Using Audio Device Speakers (Logitech G733 Gaming Headset)
[2026.04.12-01.19.51:995][  6]LogAudioMixer: Display: Initializing Sound Submixes...
[2026.04.12-01.19.51:996][  6]LogAudioMixer: Display: Creating Master Submix 'MasterSubmixDefault'
[2026.04.12-01.19.51:996][  6]LogAudioMixer: Display: Creating Master Submix 'MasterReverbSubmixDefault'
[2026.04.12-01.19.51:996][  6]LogAudioMixer: Display: Creating Master Submix 'MasterEQSubmixDefault'
[2026.04.12-01.19.51:996][  6]LogAudioMixer: FMixerPlatformXAudio2::StartAudioStream() called
[2026.04.12-01.19.51:996][  6]LogAudioMixer: Display: Output buffers initialized: Frames=1024, Channels=8, Samples=8192
[2026.04.12-01.19.51:997][  6]LogAudioMixer: Display: Starting AudioMixerPlatformInterface::RunInternal()
[2026.04.12-01.19.51:997][  6]LogAudioMixer: Display: FMixerPlatformXAudio2::SubmitBuffer() called for the first time
[2026.04.12-01.19.51:997][  6]LogInit: FAudioDevice initialized.
[2026.04.12-01.19.51:997][  6]LogAudio: Display: Audio Device (ID: 5) registered with world 'Map1'.
[2026.04.12-01.19.52:007][  6]LogLoad: Game class is 'ThirdPersonGameMode_C'
[2026.04.12-01.19.52:010][  6]LogWorld: Bringing World /Game/ThirdPersonBP/Maps/UEDPIE_0_Map1.Map1 up for play (max tick rate 0) at 2026.04.11-19.19.52
[2026.04.12-01.19.52:010][  6]LogWorld: Bringing up level for play took: 0.002004
[2026.04.12-01.19.52:010][  6]LogOnline: OSS: Creating online subsystem instance for: :Context_17
[2026.04.12-01.19.52:013][  6]LogPlayerController: Error: InputMode:UIOnly - Attempting to focus Non-Focusable widget SObjectWidget [Widget.cpp(799)]!
[2026.04.12-01.19.52:013][  6]LogViewport: Display: Viewport MouseLockMode Changed, LockOnCapture -> DoNotLock
[2026.04.12-01.19.52:013][  6]LogViewport: Display: Viewport MouseCaptureMode Changed, CapturePermanently_IncludingInitialMouseDown -> NoCapture
[2026.04.12-01.19.52:013][  6]PIE: Server logged in
[2026.04.12-01.19.52:015][  6]PIE: Play in editor total start time 0.126 seconds.
[2026.04.12-01.19.52:691][ 85]LogViewport: Display: Viewport MouseLockMode Changed, DoNotLock -> LockOnCapture
[2026.04.12-01.19.52:691][ 85]LogViewport: Display: Viewport MouseCaptureMode Changed, NoCapture -> CapturePermanently
[2026.04.12-01.19.55:468][409]LogSlate: Updating window title bar state: overlay mode, drag disabled, window buttons hidden, title bar hidden
[2026.04.12-01.19.55:468][409]LogWorld: BeginTearingDown for /Game/ThirdPersonBP/Maps/UEDPIE_0_Map1
[2026.04.12-01.19.55:468][409]LogWorld: UWorld::CleanupWorld for Map1, bSessionEnded=true, bCleanupResources=true
[2026.04.12-01.19.55:469][409]LogSlate: InvalidateAllWidgets triggered.  All widgets were invalidated
[2026.04.12-01.19.55:481][409]LogPlayLevel: Display: Shutting down PIE online subsystems
[2026.04.12-01.19.55:492][409]LogSlate: InvalidateAllWidgets triggered.  All widgets were invalidated
[2026.04.12-01.19.55:521][409]LogSlate: Updating window title bar state: overlay mode, drag disabled, window buttons hidden, title bar hidden
[2026.04.12-01.19.55:521][409]LogAudioMixer: FMixerPlatformXAudio2::StopAudioStream() called
[2026.04.12-01.19.55:523][409]LogAudioMixer: FMixerPlatformXAudio2::StopAudioStream() called
[2026.04.12-01.19.55:529][409]LogUObjectHash: Compacting FUObjectHashTables data took   3.26ms
[2026.04.12-01.19.55:562][410]LogPlayLevel: Display: Destroying online subsystem :Context_17
[2026.04.12-01.19.59:929][918]LogEditorViewport: Clicking on Actor (LMB): BP_WidePlatform_C (BP_WidePlatform)
[2026.04.12-01.20.00:298][953]LogEditorViewport: Clicking on Actor (LMB): CameraActor (Camera1)
[2026.04.12-01.20.04:101][335]LogEditorViewport: Clicking on Actor (LMB): BP_TallPlatform_C (TallPlatform12)
[2026.04.12-01.20.06:933][663]LogEditorViewport: Clicking on Actor (LMB): CameraActor (Camera1)
[2026.04.12-01.20.09:732][989]LogEditorViewport: Clicking on Actor (LMB): BP_TallPlatform_C (TallPlatform12)
[2026.04.12-01.20.11:877][238]LogEditorViewport: Clicking on Actor (LMB): CameraActor (Camera1)
[2026.04.12-01.20.18:134][977]LogEditorViewport: Clicking on Actor (LMB): StaticMeshActor (Plane)
[2026.04.12-01.20.18:573][ 22]LogEditorViewport: Clicking on Actor (LMB): BP_TallPlatform_C (TallPlatform12)
[2026.04.12-01.20.18:881][ 56]Cmd: TRANSACTION UNDO
[2026.04.12-01.20.18:881][ 56]LogEditorTransaction: Undo Clicking on Actors
[2026.04.12-01.20.19:452][ 85]Cmd: TRANSACTION UNDO
[2026.04.12-01.20.19:452][ 85]LogEditorTransaction: Undo Clicking on Actors
[2026.04.12-01.20.20:039][140]Cmd: TRANSACTION UNDO
[2026.04.12-01.20.20:039][140]LogEditorTransaction: Undo Clicking on Actors
[2026.04.12-01.20.20:507][187]Cmd: TRANSACTION UNDO
[2026.04.12-01.20.20:507][187]LogEditorTransaction: Undo Move Actors
[2026.04.12-01.20.20:936][236]LogEditorViewport: Clicking on Actor (LMB): StaticMeshActor (Plane)
[2026.04.12-01.20.21:317][278]Cmd: TRANSACTION UNDO
[2026.04.12-01.20.21:317][278]LogEditorTransaction: Undo Clicking on Actors
[2026.04.12-01.20.21:788][331]Cmd: TRANSACTION UNDO
[2026.04.12-01.20.21:788][331]LogEditorTransaction: Undo Clicking on Actors
[2026.04.12-01.20.22:281][380]Cmd: TRANSACTION UNDO
[2026.04.12-01.20.22:281][380]LogEditorTransaction: Undo Clicking on Actors
[2026.04.12-01.20.22:606][414]Cmd: TRANSACTION UNDO
[2026.04.12-01.20.22:606][414]LogEditorTransaction: Undo Move Actors
[2026.04.12-01.20.23:242][488]Cmd: TRANSACTION UNDO
[2026.04.12-01.20.23:242][488]LogEditorTransaction: Undo Clicking on Actors
[2026.04.12-01.20.23:616][523]Cmd: TRANSACTION UNDO
[2026.04.12-01.20.23:616][523]LogEditorTransaction: Undo Clicking on Actors
[2026.04.12-01.20.23:901][552]Cmd: TRANSACTION UNDO
[2026.04.12-01.20.23:901][552]LogEditorTransaction: Undo Clicking on Actors
[2026.04.12-01.20.27:382][965]LogEditorViewport: Clicking on Actor (LMB): StaticMeshActor (Plane)
[2026.04.12-01.20.27:602][984]Cmd: OBJ SAVEPACKAGE PACKAGE="/Game/ThirdPersonBP/Maps/Map1" FILE="C:/Github/Others/CPSC399_Game/CPSC399Game/Content/ThirdPersonBP/Maps/Map1.umap" SILENT=true AUTOSAVING=false KEEPDIRTY=false
[2026.04.12-01.20.27:637][984]LogUObjectHash: Compacting FUObjectHashTables data took   2.69ms
[2026.04.12-01.20.27:675][984]LogSavePackage: Moving 'C:/Github/Others/CPSC399_Game/CPSC399Game/Saved/Map1617ED9BB489D923C6213F3BEEED78CB3.tmp' to 'C:/Github/Others/CPSC399_Game/CPSC399Game/Content/ThirdPersonBP/Maps/Map1.umap'
[2026.04.12-01.20.27:705][984]AssetCheck: New page: Asset Save: Map1
[2026.04.12-01.20.27:705][984]LogContentValidation: Display: Validating World /Game/ThirdPersonBP/Maps/Map1.Map1
[2026.04.12-01.20.31:693][426]LogEditorViewport: Clicking on Actor (LMB): BP_TallPlatform_C (TallPlatform3)
[2026.04.12-01.20.33:657][646]LogEditorViewport: Clicking on Actor (LMB): BP_TallPlatform_C (TallPlatform12)
[2026.04.12-01.20.48:544][353]LogEditorViewport: Clicking on Actor (LMB): StaticMeshActor (Plane)
[2026.04.12-01.20.49:231][429]Cmd: OBJ SAVEPACKAGE PACKAGE="/Game/ThirdPersonBP/Maps/Map1" FILE="C:/Github/Others/CPSC399_Game/CPSC399Game/Content/ThirdPersonBP/Maps/Map1.umap" SILENT=true AUTOSAVING=false KEEPDIRTY=false
[2026.04.12-01.20.49:263][429]LogUObjectHash: Compacting FUObjectHashTables data took   1.51ms
[2026.04.12-01.20.49:299][429]LogSavePackage: Moving 'C:/Github/Others/CPSC399_Game/CPSC399Game/Saved/Map153D218D8488012EE89BAC9880EFA9683.tmp' to 'C:/Github/Others/CPSC399_Game/CPSC399Game/Content/ThirdPersonBP/Maps/Map1.umap'
[2026.04.12-01.20.49:341][429]AssetCheck: New page: Asset Save: Map1
[2026.04.12-01.20.49:341][429]LogContentValidation: Display: Validating World /Game/ThirdPersonBP/Maps/Map1.Map1
[2026.04.12-01.21.32:205][502]LogEditorViewport: Clicking on Actor (LMB): BP_SpinObstacle_C (BP_SpinObstacle)
[2026.04.12-01.21.32:595][535]LogEditorViewport: Clicking on Actor (LMB): StaticMeshActor (Plane)
[2026.04.12-01.21.32:928][563]LogEditorViewport: Clicking on Actor (LMB): BP_SpinObstacle_C (BP_SpinObstacle3)
[2026.04.12-01.21.33:256][599]LogEditorViewport: Clicking on Actor (LMB): BP_SpinObstacle_C (BP_SpinObstacle2)
[2026.04.12-01.21.33:741][655]LogEditorViewport: Clicking on Actor (LMB): BP_Walkway_C (BP_Walkway)
[2026.04.12-01.21.34:183][705]LogEditorViewport: Clicking on Actor (LMB): BP_SpinObstacle_C (BP_SpinObstacle)
[2026.04.12-01.21.47:784][322]LogEditorViewport: Clicking on Actor (LMB): StaticMeshActor (Plane)
[2026.04.12-01.21.52:396][871]LogEditorViewport: Clicking on Actor (LMB): BP_SpinObstacle_C (BP_SpinObstacle)
[2026.04.12-01.21.56:108][273]LogEditorViewport: Clicking on Actor (context menu): StaticMeshActor (Plane)
[2026.04.12-01.21.57:228][381]LogEditorViewport: Clicking on Actor (LMB): StaticMeshActor (Plane)
[2026.04.12-01.22.37:106][875]LogEditorViewport: Clicking on Actor (LMB): StaticMeshActor (Plane)
[2026.04.12-01.23.03:242][935]LogEditorViewport: Clicking on Actor (LMB): BP_SpinObstacle_C (BP_SpinObstacle3)
[2026.04.12-01.23.03:736][978]LogEditorViewport: Clicking on Actor (LMB): BP_SpinObstacle_C (BP_SpinObstacle2)
[2026.04.12-01.23.04:152][ 25]LogEditorViewport: Clicking on Actor (LMB): BP_Walkway_C (BP_Walkway)
[2026.04.12-01.23.05:388][170]LogEditorViewport: Clicking on Actor (LMB): StaticMeshActor (Plane)
[2026.04.12-01.23.28:661][527]LogTemp: Repeating last play command: Selected Viewport
[2026.04.12-01.23.28:667][527]LogPlayLevel: PlayLevel: No blueprints needed recompiling
[2026.04.12-01.23.28:667][527]PIE: New page: PIE session: Map1 (Apr 11, 2026, 1:23:28 PM)
[2026.04.12-01.23.28:704][527]LogPlayLevel: Creating play world package: /Game/ThirdPersonBP/Maps/UEDPIE_0_Map1
[2026.04.12-01.23.28:711][527]LogPlayLevel: PIE: StaticDuplicateObject took: (0.007459s)
[2026.04.12-01.23.28:712][527]LogAIModule: Creating AISystem for world Map1
[2026.04.12-01.23.28:713][527]LogPlayLevel: PIE: World Init took: (0.001134s)
[2026.04.12-01.23.28:713][527]LogPlayLevel: PIE: Created PIE world by copying editor world from /Game/ThirdPersonBP/Maps/Map1.Map1 to /Game/ThirdPersonBP/Maps/UEDPIE_0_Map1.Map1 (0.008921s)
[2026.04.12-01.23.28:750][527]LogUObjectHash: Compacting FUObjectHashTables data took   3.65ms
[2026.04.12-01.23.28:755][527]LogAudio: Display: Creating Audio Device:                 Id: 6, Scope: Unique, Realtime: True
[2026.04.12-01.23.28:755][527]LogAudioMixer: Display: Audio Mixer Platform Settings:
[2026.04.12-01.23.28:755][527]LogAudioMixer: Display: 	Sample Rate:						  48000
[2026.04.12-01.23.28:755][527]LogAudioMixer: Display: 	Callback Buffer Frame Size Requested: 1024
[2026.04.12-01.23.28:755][527]LogAudioMixer: Display: 	Callback Buffer Frame Size To Use:	  1024
[2026.04.12-01.23.28:755][527]LogAudioMixer: Display: 	Number of buffers to queue:			  2
[2026.04.12-01.23.28:755][527]LogAudioMixer: Display: 	Max Channels (voices):				  32
[2026.04.12-01.23.28:755][527]LogAudioMixer: Display: 	Number of Async Source Workers:		  0
[2026.04.12-01.23.28:755][527]LogAudio: Display: AudioDevice MaxSources: 32
[2026.04.12-01.23.28:755][527]LogAudio: Display: Audio Spatialization Plugin: None (built-in).
[2026.04.12-01.23.28:755][527]LogAudio: Display: Audio Reverb Plugin: None (built-in).
[2026.04.12-01.23.28:755][527]LogAudio: Display: Audio Occlusion Plugin: None (built-in).
[2026.04.12-01.23.28:755][527]LogAudioMixer: Display: Initializing audio mixer.
[2026.04.12-01.23.28:760][527]LogAudioMixer: Display: 0: FrontLeft
[2026.04.12-01.23.28:760][527]LogAudioMixer: Display: 1: FrontRight
[2026.04.12-01.23.28:760][527]LogAudioMixer: Display: 2: FrontCenter
[2026.04.12-01.23.28:760][527]LogAudioMixer: Display: 3: LowFrequency
[2026.04.12-01.23.28:760][527]LogAudioMixer: Display: 4: BackLeft
[2026.04.12-01.23.28:760][527]LogAudioMixer: Display: 5: BackRight
[2026.04.12-01.23.28:760][527]LogAudioMixer: Display: 6: SideLeft
[2026.04.12-01.23.28:760][527]LogAudioMixer: Display: 7: SideRight
[2026.04.12-01.23.28:777][527]LogAudioMixer: Display: Using Audio Device Speakers (Logitech G733 Gaming Headset)
[2026.04.12-01.23.28:777][527]LogAudioMixer: Display: Initializing Sound Submixes...
[2026.04.12-01.23.28:777][527]LogAudioMixer: Display: Creating Master Submix 'MasterSubmixDefault'
[2026.04.12-01.23.28:777][527]LogAudioMixer: Display: Creating Master Submix 'MasterReverbSubmixDefault'
[2026.04.12-01.23.28:778][527]LogAudioMixer: Display: Creating Master Submix 'MasterEQSubmixDefault'
[2026.04.12-01.23.28:778][527]LogAudioMixer: FMixerPlatformXAudio2::StartAudioStream() called
[2026.04.12-01.23.28:778][527]LogAudioMixer: Display: Output buffers initialized: Frames=1024, Channels=8, Samples=8192
[2026.04.12-01.23.28:780][527]LogAudioMixer: Display: Starting AudioMixerPlatformInterface::RunInternal()
[2026.04.12-01.23.28:780][527]LogAudioMixer: Display: FMixerPlatformXAudio2::SubmitBuffer() called for the first time
[2026.04.12-01.23.28:780][527]LogInit: FAudioDevice initialized.
[2026.04.12-01.23.28:780][527]LogAudio: Display: Audio Device (ID: 6) registered with world 'Map1'.
[2026.04.12-01.23.28:790][527]LogLoad: Game class is 'ThirdPersonGameMode_C'
[2026.04.12-01.23.28:793][527]LogWorld: Bringing World /Game/ThirdPersonBP/Maps/UEDPIE_0_Map1.Map1 up for play (max tick rate 0) at 2026.04.11-19.23.28
[2026.04.12-01.23.28:794][527]LogWorld: Bringing up level for play took: 0.002824
[2026.04.12-01.23.28:794][527]LogOnline: OSS: Creating online subsystem instance for: :Context_18
[2026.04.12-01.23.28:797][527]LogPlayerController: Error: InputMode:UIOnly - Attempting to focus Non-Focusable widget SObjectWidget [Widget.cpp(799)]!
[2026.04.12-01.23.28:797][527]LogViewport: Display: Viewport MouseLockMode Changed, LockOnCapture -> DoNotLock
[2026.04.12-01.23.28:797][527]LogViewport: Display: Viewport MouseCaptureMode Changed, CapturePermanently_IncludingInitialMouseDown -> NoCapture
[2026.04.12-01.23.28:798][527]PIE: Server logged in
[2026.04.12-01.23.28:798][527]PIE: Play in editor total start time 0.132 seconds.
[2026.04.12-01.23.29:308][586]LogViewport: Display: Viewport MouseLockMode Changed, DoNotLock -> LockOnCapture
[2026.04.12-01.23.29:308][586]LogViewport: Display: Viewport MouseCaptureMode Changed, NoCapture -> CapturePermanently
[2026.04.12-01.23.36:286][416]LogBlueprintUserMessages: [Map1_C_4] Power: Speed Boost!
[2026.04.12-01.24.04:056][742]LogBlueprintUserMessages: [Map1_C_4] Power: Speed Boost!
[2026.04.12-01.24.16:158][181]LogBlueprintUserMessages: [Map1_C_4] Power: Speed Boost!
[2026.04.12-01.24.20:470][697]LogBlueprintUserMessages: [Map1_C_4] Power: More Jump!
[2026.04.12-01.25.11:904][509]LogSlate: Updating window title bar state: overlay mode, drag disabled, window buttons hidden, title bar hidden
[2026.04.12-01.25.11:904][509]LogWorld: BeginTearingDown for /Game/ThirdPersonBP/Maps/UEDPIE_0_Map1
[2026.04.12-01.25.11:905][509]LogWorld: UWorld::CleanupWorld for Map1, bSessionEnded=true, bCleanupResources=true
[2026.04.12-01.25.11:905][509]LogSlate: InvalidateAllWidgets triggered.  All widgets were invalidated
[2026.04.12-01.25.11:916][509]LogPlayLevel: Display: Shutting down PIE online subsystems
[2026.04.12-01.25.11:936][509]LogSlate: InvalidateAllWidgets triggered.  All widgets were invalidated
[2026.04.12-01.25.11:967][509]LogAudio: Display: Audio Device unregistered from world 'None'.
[2026.04.12-01.25.11:967][509]LogAudioMixer: FMixerPlatformXAudio2::StopAudioStream() called
[2026.04.12-01.25.11:969][509]LogAudioMixer: FMixerPlatformXAudio2::StopAudioStream() called
[2026.04.12-01.25.11:970][509]LogSlate: Updating window title bar state: overlay mode, drag disabled, window buttons hidden, title bar hidden
[2026.04.12-01.25.11:975][509]LogUObjectHash: Compacting FUObjectHashTables data took   2.80ms
[2026.04.12-01.25.12:015][510]LogPlayLevel: Display: Destroying online subsystem :Context_18
[2026.04.12-01.25.14:802][817]LogEditorViewport: Clicking on Actor (LMB): BP_TallPlatform_C (TallPlatform7)
[2026.04.12-01.26.20:783][200]LogEditorViewport: Clicking on Actor (LMB): StaticMeshActor (Plane)
[2026.04.12-01.27.10:780][ 10]LogEditorViewport: Clicking on Actor (LMB): StaticMeshActor (Plane)
[2026.04.12-01.27.12:572][202]LogEditorViewport: Clicking on Actor (LMB): StaticMeshActor (Plane)
[2026.04.12-01.27.13:910][329]LogEditorViewport: Clicking on Actor (LMB): BP_WidePlatform_C (BP_WidePlatform2)
[2026.04.12-01.27.16:332][582]LogEditorViewport: Clicking on Actor (LMB): BP_WidePlatform_C (BP_WidePlatform4)
[2026.04.12-01.27.17:505][717]LogEditorViewport: Clicking on Actor (LMB): BP_WidePlatform_C (BP_WidePlatform6)
[2026.04.12-01.27.19:338][912]LogEditorViewport: Clicking on Actor (LMB): BP_WidePlatform_C (BP_WidePlatform8)
[2026.04.12-01.27.21:399][114]LogEditorViewport: Clicking on Actor (LMB): BP_WidePlatform_C (BP_WidePlatform11)
[2026.04.12-01.27.23:474][339]LogEditorViewport: Clicking on Actor (LMB): BP_WidePlatform_C (BP_WidePlatform8)
[2026.04.12-01.27.24:227][424]LogEditorViewport: Clicking on Actor (LMB): StaticMeshActor (Plane)
[2026.04.12-01.27.25:180][528]LogTemp: Repeating last play command: Selected Viewport
[2026.04.12-01.27.25:186][528]LogPlayLevel: PlayLevel: No blueprints needed recompiling
[2026.04.12-01.27.25:186][528]PIE: New page: PIE session: Map1 (Apr 11, 2026, 1:27:25 PM)
[2026.04.12-01.27.25:231][528]LogPlayLevel: Creating play world package: /Game/ThirdPersonBP/Maps/UEDPIE_0_Map1
[2026.04.12-01.27.25:239][528]LogPlayLevel: PIE: StaticDuplicateObject took: (0.007252s)
[2026.04.12-01.27.25:239][528]LogAIModule: Creating AISystem for world Map1
[2026.04.12-01.27.25:239][528]LogPlayLevel: PIE: World Init took: (0.000887s)
[2026.04.12-01.27.25:239][528]LogPlayLevel: PIE: Created PIE world by copying editor world from /Game/ThirdPersonBP/Maps/Map1.Map1 to /Game/ThirdPersonBP/Maps/UEDPIE_0_Map1.Map1 (0.008334s)
[2026.04.12-01.27.25:281][528]LogUObjectHash: Compacting FUObjectHashTables data took   4.02ms
[2026.04.12-01.27.25:283][528]LogAudio: Display: Creating Audio Device:                 Id: 7, Scope: Unique, Realtime: True
[2026.04.12-01.27.25:283][528]LogAudioMixer: Display: Audio Mixer Platform Settings:
[2026.04.12-01.27.25:283][528]LogAudioMixer: Display: 	Sample Rate:						  48000
[2026.04.12-01.27.25:283][528]LogAudioMixer: Display: 	Callback Buffer Frame Size Requested: 1024
[2026.04.12-01.27.25:283][528]LogAudioMixer: Display: 	Callback Buffer Frame Size To Use:	  1024
[2026.04.12-01.27.25:283][528]LogAudioMixer: Display: 	Number of buffers to queue:			  2
[2026.04.12-01.27.25:283][528]LogAudioMixer: Display: 	Max Channels (voices):				  32
[2026.04.12-01.27.25:283][528]LogAudioMixer: Display: 	Number of Async Source Workers:		  0
[2026.04.12-01.27.25:283][528]LogAudio: Display: AudioDevice MaxSources: 32
[2026.04.12-01.27.25:283][528]LogAudio: Display: Audio Spatialization Plugin: None (built-in).
[2026.04.12-01.27.25:283][528]LogAudio: Display: Audio Reverb Plugin: None (built-in).
[2026.04.12-01.27.25:283][528]LogAudio: Display: Audio Occlusion Plugin: None (built-in).
[2026.04.12-01.27.25:283][528]LogAudioMixer: Display: Initializing audio mixer.
[2026.04.12-01.27.25:291][528]LogAudioMixer: Display: 0: FrontLeft
[2026.04.12-01.27.25:291][528]LogAudioMixer: Display: 1: FrontRight
[2026.04.12-01.27.25:291][528]LogAudioMixer: Display: 2: FrontCenter
[2026.04.12-01.27.25:291][528]LogAudioMixer: Display: 3: LowFrequency
[2026.04.12-01.27.25:291][528]LogAudioMixer: Display: 4: BackLeft
[2026.04.12-01.27.25:291][528]LogAudioMixer: Display: 5: BackRight
[2026.04.12-01.27.25:292][528]LogAudioMixer: Display: 6: SideLeft
[2026.04.12-01.27.25:292][528]LogAudioMixer: Display: 7: SideRight
[2026.04.12-01.27.25:307][528]LogAudioMixer: Display: Using Audio Device Speakers (Logitech G733 Gaming Headset)
[2026.04.12-01.27.25:307][528]LogAudioMixer: Display: Initializing Sound Submixes...
[2026.04.12-01.27.25:307][528]LogAudioMixer: Display: Creating Master Submix 'MasterSubmixDefault'
[2026.04.12-01.27.25:307][528]LogAudioMixer: Display: Creating Master Submix 'MasterReverbSubmixDefault'
[2026.04.12-01.27.25:308][528]LogAudioMixer: Display: Creating Master Submix 'MasterEQSubmixDefault'
[2026.04.12-01.27.25:308][528]LogAudioMixer: FMixerPlatformXAudio2::StartAudioStream() called
[2026.04.12-01.27.25:308][528]LogAudioMixer: Display: Output buffers initialized: Frames=1024, Channels=8, Samples=8192
[2026.04.12-01.27.25:308][528]LogAudioMixer: Display: Starting AudioMixerPlatformInterface::RunInternal()
[2026.04.12-01.27.25:308][528]LogAudioMixer: Display: FMixerPlatformXAudio2::SubmitBuffer() called for the first time
[2026.04.12-01.27.25:308][528]LogInit: FAudioDevice initialized.
[2026.04.12-01.27.25:308][528]LogAudio: Display: Audio Device (ID: 7) registered with world 'Map1'.
[2026.04.12-01.27.25:318][528]LogLoad: Game class is 'ThirdPersonGameMode_C'
[2026.04.12-01.27.25:320][528]LogWorld: Bringing World /Game/ThirdPersonBP/Maps/UEDPIE_0_Map1.Map1 up for play (max tick rate 0) at 2026.04.11-19.27.25
[2026.04.12-01.27.25:321][528]LogWorld: Bringing up level for play took: 0.001909
[2026.04.12-01.27.25:321][528]LogOnline: OSS: Creating online subsystem instance for: :Context_19
[2026.04.12-01.27.25:324][528]LogPlayerController: Error: InputMode:UIOnly - Attempting to focus Non-Focusable widget SObjectWidget [Widget.cpp(799)]!
[2026.04.12-01.27.25:324][528]LogViewport: Display: Viewport MouseLockMode Changed, LockOnCapture -> DoNotLock
[2026.04.12-01.27.25:324][528]LogViewport: Display: Viewport MouseCaptureMode Changed, CapturePermanently_IncludingInitialMouseDown -> NoCapture
[2026.04.12-01.27.25:324][528]PIE: Server logged in
[2026.04.12-01.27.25:325][528]PIE: Play in editor total start time 0.14 seconds.
[2026.04.12-01.27.25:834][588]LogViewport: Display: Viewport MouseLockMode Changed, DoNotLock -> LockOnCapture
[2026.04.12-01.27.25:834][588]LogViewport: Display: Viewport MouseCaptureMode Changed, NoCapture -> CapturePermanently
[2026.04.12-01.27.32:843][424]LogBlueprintUserMessages: [Map1_C_4] Power: More Jump!
[2026.04.12-01.27.52:702][793]LogSlate: Updating window title bar state: overlay mode, drag disabled, window buttons hidden, title bar hidden
[2026.04.12-01.27.52:702][793]LogWorld: BeginTearingDown for /Game/ThirdPersonBP/Maps/UEDPIE_0_Map1
[2026.04.12-01.27.52:702][793]LogWorld: UWorld::CleanupWorld for Map1, bSessionEnded=true, bCleanupResources=true
[2026.04.12-01.27.52:703][793]LogSlate: InvalidateAllWidgets triggered.  All widgets were invalidated
[2026.04.12-01.27.52:708][793]LogPlayLevel: Display: Shutting down PIE online subsystems
[2026.04.12-01.27.52:725][793]LogSlate: InvalidateAllWidgets triggered.  All widgets were invalidated
[2026.04.12-01.27.52:754][793]LogAudio: Display: Audio Device unregistered from world 'None'.
[2026.04.12-01.27.52:754][793]LogAudioMixer: FMixerPlatformXAudio2::StopAudioStream() called
[2026.04.12-01.27.52:755][793]LogAudioMixer: FMixerPlatformXAudio2::StopAudioStream() called
[2026.04.12-01.27.52:758][793]LogSlate: Updating window title bar state: overlay mode, drag disabled, window buttons hidden, title bar hidden
[2026.04.12-01.27.52:762][793]LogUObjectHash: Compacting FUObjectHashTables data took   3.12ms
[2026.04.12-01.27.52:799][794]LogPlayLevel: Display: Destroying online subsystem :Context_19
[2026.04.12-01.28.04:577][115]LogEditorViewport: Clicking on Actor (LMB): BP_WidePlatform_C (BP_WidePlatform10)
[2026.04.12-01.28.05:274][194]LogEditorViewport: Clicking on Actor (LMB): StaticMeshActor (Plane)
[2026.04.12-01.28.06:054][283]LogEditorViewport: Clicking on Actor (LMB): BP_WidePlatform_C (BP_WidePlatform10)
[2026.04.12-01.28.06:706][358]LogEditorViewport: Clicking on Actor (LMB): BP_WidePlatform_C (BP_WidePlatform5)
[2026.04.12-01.28.07:199][414]LogEditorViewport: Clicking on Actor (LMB): BP_WidePlatform_C (BP_WidePlatform)
[2026.04.12-01.28.07:813][485]LogEditorViewport: Clicking on Actor (context menu): StaticMeshActor (Plane)
[2026.04.12-01.28.08:092][510]LogEditorViewport: Clicking on Actor (LMB): StaticMeshActor (Plane)
[2026.04.12-01.29.13:513][ 24]LogEditorViewport: Clicking on Actor (LMB): BP_WidePlatform_C (BP_WidePlatform4)
[2026.04.12-01.29.14:957][174]LogEditorViewport: Clicking on Actor (LMB): BP_WidePlatform_C (BP_WidePlatform2)
[2026.04.12-01.29.20:750][821]LogEditorViewport: Clicking on Actor (LMB): BP_WidePlatform_C (BP_WidePlatform11)
[2026.04.12-01.29.23:044][ 58]LogEditorViewport: Clicking on Actor (LMB): BP_WidePlatform_C (BP_WidePlatform8)
[2026.04.12-01.29.26:341][438]LogEditorViewport: Clicking on Actor (LMB): StaticMeshActor (Plane)
[2026.04.12-01.29.26:863][497]LogEditorViewport: Clicking on Actor (LMB): BP_WidePlatform_C (BP_WidePlatform11)
[2026.04.12-01.29.29:865][836]LogEditorViewport: Clicking on Actor (LMB): StaticMeshActor (Plane)
[2026.04.12-01.29.35:977][547]LogEditorViewport: Clicking on Actor (LMB): BP_WidePlatform_C (BP_WidePlatform3)
[2026.04.12-01.29.36:477][603]LogEditorViewport: Clicking on Actor (LMB): StaticMeshActor (Plane)
[2026.04.12-01.29.36:902][650]LogEditorViewport: Clicking on Actor (LMB): BP_WidePlatform_C (BP_WidePlatform10)
[2026.04.12-01.29.37:396][706]LogEditorViewport: Clicking on Actor (LMB): BP_WidePlatform_C (BP_WidePlatform7)
[2026.04.12-01.29.37:833][756]LogEditorViewport: Clicking on Actor (LMB): BP_WidePlatform_C (BP_WidePlatform10)
[2026.04.12-01.29.38:345][815]LogEditorViewport: Clicking on Actor (LMB): BP_WidePlatform_C (BP_WidePlatform12)
[2026.04.12-01.29.38:947][885]LogEditorViewport: Clicking on Actor (LMB): BP_WidePlatform_C (BP_WidePlatform10)
[2026.04.12-01.29.39:311][926]LogEditorViewport: Clicking on Actor (LMB): StaticMeshActor (Plane)
[2026.04.12-01.29.39:647][962]LogEditorViewport: Clicking on Actor (LMB): BP_WidePlatform_C (BP_WidePlatform7)
[2026.04.12-01.29.40:161][ 20]LogEditorViewport: Clicking on Actor (LMB): BP_WidePlatform_C (BP_WidePlatform3)
[2026.04.12-01.29.40:566][ 66]LogEditorViewport: Clicking on Actor (LMB): BP_WidePlatform_C (BP_WidePlatform7)
[2026.04.12-01.29.40:902][104]LogEditorViewport: Clicking on Actor (LMB): BP_WidePlatform_C (BP_WidePlatform10)
[2026.04.12-01.29.41:290][148]LogEditorViewport: Clicking on Actor (LMB): StaticMeshActor (Plane)
[2026.04.12-01.29.41:751][199]LogEditorViewport: Clicking on Actor (LMB): BP_WidePlatform_C (BP_WidePlatform7)
[2026.04.12-01.29.42:130][241]LogEditorViewport: Clicking on Actor (LMB): StaticMeshActor (Plane)
[2026.04.12-01.29.42:510][281]LogEditorViewport: Clicking on Actor (LMB): BP_WidePlatform_C (BP_WidePlatform3)
[2026.04.12-01.29.43:145][354]LogEditorViewport: Clicking on Actor (LMB): BP_WidePlatform_C (BP_WidePlatform7)
[2026.04.12-01.29.43:399][382]LogEditorViewport: Clicking on Actor (LMB): BP_WidePlatform_C (BP_WidePlatform10)
[2026.04.12-01.29.55:682][760]LogEditorViewport: Clicking on Actor (LMB): BP_WidePlatform_C (BP_WidePlatform3)
[2026.04.12-01.29.56:938][881]LogEditorViewport: Clicking on Actor (LMB): BP_WidePlatform_C (BP_WidePlatform7)
[2026.04.12-01.29.57:260][910]LogEditorViewport: Clicking on Actor (LMB): BP_WidePlatform_C (BP_WidePlatform10)
[2026.04.12-01.29.57:683][957]LogEditorViewport: Clicking on Actor (LMB): BP_WidePlatform_C (BP_WidePlatform7)
[2026.04.12-01.29.58:295][ 28]LogEditorViewport: Clicking on Actor (LMB): BP_WidePlatform_C (BP_WidePlatform3)
[2026.04.12-01.29.58:710][ 75]LogEditorViewport: Clicking on Actor (LMB): BP_WidePlatform_C (BP_WidePlatform7)
[2026.04.12-01.29.59:005][108]LogEditorViewport: Clicking on Actor (LMB): StaticMeshActor (Plane)
[2026.04.12-01.29.59:310][140]LogEditorViewport: Clicking on Actor (LMB): BP_WidePlatform_C (BP_WidePlatform7)
[2026.04.12-01.30.07:079][995]LogEditorViewport: Clicking on Actor (LMB): BP_WidePlatform_C (BP_WidePlatform5)
[2026.04.12-01.30.07:417][ 26]LogEditorViewport: Clicking on Actor (LMB): BP_WidePlatform_C (BP_WidePlatform3)
[2026.04.12-01.30.08:843][194]LogEditorViewport: Clicking on Actor (LMB): BP_WidePlatform_C (BP_WidePlatform5)
[2026.04.12-01.30.09:399][258]LogEditorViewport: Clicking on Actor (context menu): StaticMeshActor (Plane)
[2026.04.12-01.30.09:686][283]LogEditorViewport: Clicking on Actor (LMB): BP_WidePlatform_C (BP_WidePlatform7)
[2026.04.12-01.30.10:424][367]LogEditorViewport: Clicking on Actor (LMB): BP_WidePlatform_C (BP_WidePlatform3)
[2026.04.12-01.30.10:907][422]LogEditorViewport: Clicking on Actor (LMB): BP_WidePlatform_C (BP_WidePlatform7)
[2026.04.12-01.30.11:886][523]LogEditorViewport: Clicking on Actor (LMB): BP_WidePlatform_C (BP_WidePlatform12)
[2026.04.12-01.30.12:282][560]LogEditorViewport: Clicking on Actor (LMB): BP_WidePlatform_C (BP_WidePlatform7)
[2026.04.12-01.30.13:292][660]LogEditorViewport: Clicking on Actor (LMB): BP_WidePlatform_C (BP_WidePlatform3)
[2026.04.12-01.30.13:897][721]LogEditorViewport: Clicking on Actor (LMB): BP_WidePlatform_C (BP_WidePlatform7)
[2026.04.12-01.30.14:402][779]LogEditorViewport: Clicking on Actor (LMB): BP_WidePlatform_C (BP_WidePlatform12)
[2026.04.12-01.30.14:864][832]LogEditorViewport: Clicking on Actor (LMB): BP_WidePlatform_C (BP_WidePlatform7)
[2026.04.12-01.30.15:210][871]LogEditorViewport: Clicking on Actor (LMB): BP_WidePlatform_C (BP_WidePlatform3)
[2026.04.12-01.30.16:024][958]LogEditorViewport: Clicking on Actor (LMB): BP_WidePlatform_C (BP_WidePlatform5)
[2026.04.12-01.30.16:252][978]LogEditorViewport: Clicking on Actor (LMB): BP_WidePlatform_C (BP_WidePlatform3)
[2026.04.12-01.30.16:550][  5]LogEditorViewport: Clicking on Actor (LMB): BP_WidePlatform_C (BP_WidePlatform5)
[2026.04.12-01.30.17:422][ 90]LogEditorViewport: Clicking on Actor (LMB): BP_WidePlatform_C (BP_WidePlatform3)
[2026.04.12-01.30.21:733][580]LogEditorViewport: Clicking on Actor (LMB): BP_WidePlatform_C (BP_WidePlatform5)
[2026.04.12-01.30.25:617][ 42]Cmd: TRANSACTION UNDO
[2026.04.12-01.30.25:617][ 42]LogEditorTransaction: Undo Move Actors
[2026.04.12-01.30.26:626][122]Cmd: TRANSACTION UNDO
[2026.04.12-01.30.26:626][122]LogEditorTransaction: Undo Clicking on Actors
[2026.04.12-01.30.27:687][243]LogEditorViewport: Clicking on Actor (LMB): StaticMeshActor (Plane)
[2026.04.12-01.30.34:767][ 70]LogEditorViewport: Clicking on Actor (LMB): BP_WidePlatform_C (BP_WidePlatform3)
[2026.04.12-01.30.35:949][198]LogEditorViewport: Clicking on Actor (LMB): StaticMeshActor (Plane)
[2026.04.12-01.30.52:705][190]LogTemp: Repeating last play command: Selected Viewport
[2026.04.12-01.30.52:710][190]LogPlayLevel: PlayLevel: No blueprints needed recompiling
[2026.04.12-01.30.52:710][190]PIE: New page: PIE session: Map1 (Apr 11, 2026, 1:30:52 PM)
[2026.04.12-01.30.52:739][190]LogPlayLevel: Creating play world package: /Game/ThirdPersonBP/Maps/UEDPIE_0_Map1
[2026.04.12-01.30.52:746][190]LogPlayLevel: PIE: StaticDuplicateObject took: (0.007095s)
[2026.04.12-01.30.52:747][190]LogAIModule: Creating AISystem for world Map1
[2026.04.12-01.30.52:747][190]LogPlayLevel: PIE: World Init took: (0.000942s)
[2026.04.12-01.30.52:747][190]LogPlayLevel: PIE: Created PIE world by copying editor world from /Game/ThirdPersonBP/Maps/Map1.Map1 to /Game/ThirdPersonBP/Maps/UEDPIE_0_Map1.Map1 (0.008227s)
[2026.04.12-01.30.52:787][190]LogUObjectHash: Compacting FUObjectHashTables data took   2.68ms
[2026.04.12-01.30.52:791][190]LogAudio: Display: Creating Audio Device:                 Id: 8, Scope: Unique, Realtime: True
[2026.04.12-01.30.52:791][190]LogAudioMixer: Display: Audio Mixer Platform Settings:
[2026.04.12-01.30.52:791][190]LogAudioMixer: Display: 	Sample Rate:						  48000
[2026.04.12-01.30.52:791][190]LogAudioMixer: Display: 	Callback Buffer Frame Size Requested: 1024
[2026.04.12-01.30.52:791][190]LogAudioMixer: Display: 	Callback Buffer Frame Size To Use:	  1024
[2026.04.12-01.30.52:791][190]LogAudioMixer: Display: 	Number of buffers to queue:			  2
[2026.04.12-01.30.52:791][190]LogAudioMixer: Display: 	Max Channels (voices):				  32
[2026.04.12-01.30.52:791][190]LogAudioMixer: Display: 	Number of Async Source Workers:		  0
[2026.04.12-01.30.52:791][190]LogAudio: Display: AudioDevice MaxSources: 32
[2026.04.12-01.30.52:791][190]LogAudio: Display: Audio Spatialization Plugin: None (built-in).
[2026.04.12-01.30.52:791][190]LogAudio: Display: Audio Reverb Plugin: None (built-in).
[2026.04.12-01.30.52:791][190]LogAudio: Display: Audio Occlusion Plugin: None (built-in).
[2026.04.12-01.30.52:791][190]LogAudioMixer: Display: Initializing audio mixer.
[2026.04.12-01.30.52:796][190]LogAudioMixer: Display: 0: FrontLeft
[2026.04.12-01.30.52:796][190]LogAudioMixer: Display: 1: FrontRight
[2026.04.12-01.30.52:796][190]LogAudioMixer: Display: 2: FrontCenter
[2026.04.12-01.30.52:796][190]LogAudioMixer: Display: 3: LowFrequency
[2026.04.12-01.30.52:796][190]LogAudioMixer: Display: 4: BackLeft
[2026.04.12-01.30.52:796][190]LogAudioMixer: Display: 5: BackRight
[2026.04.12-01.30.52:796][190]LogAudioMixer: Display: 6: SideLeft
[2026.04.12-01.30.52:796][190]LogAudioMixer: Display: 7: SideRight
[2026.04.12-01.30.52:808][190]LogAudioMixer: Display: Using Audio Device Speakers (Logitech G733 Gaming Headset)
[2026.04.12-01.30.52:808][190]LogAudioMixer: Display: Initializing Sound Submixes...
[2026.04.12-01.30.52:808][190]LogAudioMixer: Display: Creating Master Submix 'MasterSubmixDefault'
[2026.04.12-01.30.52:808][190]LogAudioMixer: Display: Creating Master Submix 'MasterReverbSubmixDefault'
[2026.04.12-01.30.52:808][190]LogAudioMixer: Display: Creating Master Submix 'MasterEQSubmixDefault'
[2026.04.12-01.30.52:808][190]LogAudioMixer: FMixerPlatformXAudio2::StartAudioStream() called
[2026.04.12-01.30.52:808][190]LogAudioMixer: Display: Output buffers initialized: Frames=1024, Channels=8, Samples=8192
[2026.04.12-01.30.52:810][190]LogAudioMixer: Display: Starting AudioMixerPlatformInterface::RunInternal()
[2026.04.12-01.30.52:810][190]LogAudioMixer: Display: FMixerPlatformXAudio2::SubmitBuffer() called for the first time
[2026.04.12-01.30.52:810][190]LogInit: FAudioDevice initialized.
[2026.04.12-01.30.52:810][190]LogAudio: Display: Audio Device (ID: 8) registered with world 'Map1'.
[2026.04.12-01.30.52:818][190]LogLoad: Game class is 'ThirdPersonGameMode_C'
[2026.04.12-01.30.52:820][190]LogWorld: Bringing World /Game/ThirdPersonBP/Maps/UEDPIE_0_Map1.Map1 up for play (max tick rate 0) at 2026.04.11-19.30.52
[2026.04.12-01.30.52:820][190]LogWorld: Bringing up level for play took: 0.002065
[2026.04.12-01.30.52:820][190]LogOnline: OSS: Creating online subsystem instance for: :Context_20
[2026.04.12-01.30.52:824][190]LogPlayerController: Error: InputMode:UIOnly - Attempting to focus Non-Focusable widget SObjectWidget [Widget.cpp(799)]!
[2026.04.12-01.30.52:824][190]LogViewport: Display: Viewport MouseLockMode Changed, LockOnCapture -> DoNotLock
[2026.04.12-01.30.52:824][190]LogViewport: Display: Viewport MouseCaptureMode Changed, CapturePermanently_IncludingInitialMouseDown -> NoCapture
[2026.04.12-01.30.52:824][190]PIE: Server logged in
[2026.04.12-01.30.52:825][190]PIE: Play in editor total start time 0.115 seconds.
[2026.04.12-01.30.53:503][270]LogViewport: Display: Viewport MouseLockMode Changed, DoNotLock -> LockOnCapture
[2026.04.12-01.30.53:503][270]LogViewport: Display: Viewport MouseCaptureMode Changed, NoCapture -> CapturePermanently
[2026.04.12-01.31.00:007][ 50]LogBlueprintUserMessages: [Map1_C_4] Power: More Jump!
[2026.04.12-01.31.22:940][640]LogSlate: Updating window title bar state: overlay mode, drag disabled, window buttons hidden, title bar hidden
[2026.04.12-01.31.22:940][640]LogWorld: BeginTearingDown for /Game/ThirdPersonBP/Maps/UEDPIE_0_Map1
[2026.04.12-01.31.22:940][640]LogWorld: UWorld::CleanupWorld for Map1, bSessionEnded=true, bCleanupResources=true
[2026.04.12-01.31.22:941][640]LogSlate: InvalidateAllWidgets triggered.  All widgets were invalidated
[2026.04.12-01.31.22:953][640]LogPlayLevel: Display: Shutting down PIE online subsystems
[2026.04.12-01.31.22:969][640]LogSlate: InvalidateAllWidgets triggered.  All widgets were invalidated
[2026.04.12-01.31.23:004][640]LogSlate: Updating window title bar state: overlay mode, drag disabled, window buttons hidden, title bar hidden
[2026.04.12-01.31.23:004][640]LogAudioMixer: FMixerPlatformXAudio2::StopAudioStream() called
[2026.04.12-01.31.23:005][640]LogAudioMixer: FMixerPlatformXAudio2::StopAudioStream() called
[2026.04.12-01.31.23:012][640]LogUObjectHash: Compacting FUObjectHashTables data took   3.30ms
[2026.04.12-01.31.23:056][641]LogPlayLevel: Display: Destroying online subsystem :Context_20
[2026.04.12-01.31.23:977][738]LogTemp: Repeating last play command: Selected Viewport
[2026.04.12-01.31.23:983][738]LogPlayLevel: PlayLevel: No blueprints needed recompiling
[2026.04.12-01.31.23:983][738]PIE: New page: PIE session: Map1 (Apr 11, 2026, 1:31:23 PM)
[2026.04.12-01.31.24:009][738]LogPlayLevel: Creating play world package: /Game/ThirdPersonBP/Maps/UEDPIE_0_Map1
[2026.04.12-01.31.24:018][738]LogPlayLevel: PIE: StaticDuplicateObject took: (0.008519s)
[2026.04.12-01.31.24:018][738]LogAIModule: Creating AISystem for world Map1
[2026.04.12-01.31.24:019][738]LogPlayLevel: PIE: World Init took: (0.000870s)
[2026.04.12-01.31.24:019][738]LogPlayLevel: PIE: Created PIE world by copying editor world from /Game/ThirdPersonBP/Maps/Map1.Map1 to /Game/ThirdPersonBP/Maps/UEDPIE_0_Map1.Map1 (0.009588s)
[2026.04.12-01.31.24:052][738]LogUObjectHash: Compacting FUObjectHashTables data took   3.10ms
[2026.04.12-01.31.24:053][738]LogAudio: Display: Creating Audio Device:                 Id: 9, Scope: Unique, Realtime: True
[2026.04.12-01.31.24:053][738]LogAudioMixer: Display: Audio Mixer Platform Settings:
[2026.04.12-01.31.24:053][738]LogAudioMixer: Display: 	Sample Rate:						  48000
[2026.04.12-01.31.24:053][738]LogAudioMixer: Display: 	Callback Buffer Frame Size Requested: 1024
[2026.04.12-01.31.24:053][738]LogAudioMixer: Display: 	Callback Buffer Frame Size To Use:	  1024
[2026.04.12-01.31.24:053][738]LogAudioMixer: Display: 	Number of buffers to queue:			  2
[2026.04.12-01.31.24:053][738]LogAudioMixer: Display: 	Max Channels (voices):				  32
[2026.04.12-01.31.24:053][738]LogAudioMixer: Display: 	Number of Async Source Workers:		  0
[2026.04.12-01.31.24:053][738]LogAudio: Display: AudioDevice MaxSources: 32
[2026.04.12-01.31.24:054][738]LogAudio: Display: Audio Spatialization Plugin: None (built-in).
[2026.04.12-01.31.24:054][738]LogAudio: Display: Audio Reverb Plugin: None (built-in).
[2026.04.12-01.31.24:054][738]LogAudio: Display: Audio Occlusion Plugin: None (built-in).
[2026.04.12-01.31.24:054][738]LogAudioMixer: Display: Initializing audio mixer.
[2026.04.12-01.31.24:058][738]LogAudioMixer: Display: 0: FrontLeft
[2026.04.12-01.31.24:058][738]LogAudioMixer: Display: 1: FrontRight
[2026.04.12-01.31.24:058][738]LogAudioMixer: Display: 2: FrontCenter
[2026.04.12-01.31.24:058][738]LogAudioMixer: Display: 3: LowFrequency
[2026.04.12-01.31.24:058][738]LogAudioMixer: Display: 4: BackLeft
[2026.04.12-01.31.24:058][738]LogAudioMixer: Display: 5: BackRight
[2026.04.12-01.31.24:058][738]LogAudioMixer: Display: 6: SideLeft
[2026.04.12-01.31.24:058][738]LogAudioMixer: Display: 7: SideRight
[2026.04.12-01.31.24:072][738]LogAudioMixer: Display: Using Audio Device Speakers (Logitech G733 Gaming Headset)
[2026.04.12-01.31.24:072][738]LogAudioMixer: Display: Initializing Sound Submixes...
[2026.04.12-01.31.24:072][738]LogAudioMixer: Display: Creating Master Submix 'MasterSubmixDefault'
[2026.04.12-01.31.24:072][738]LogAudioMixer: Display: Creating Master Submix 'MasterReverbSubmixDefault'
[2026.04.12-01.31.24:073][738]LogAudioMixer: Display: Creating Master Submix 'MasterEQSubmixDefault'
[2026.04.12-01.31.24:073][738]LogAudioMixer: FMixerPlatformXAudio2::StartAudioStream() called
[2026.04.12-01.31.24:073][738]LogAudioMixer: Display: Output buffers initialized: Frames=1024, Channels=8, Samples=8192
[2026.04.12-01.31.24:073][738]LogAudioMixer: Display: Starting AudioMixerPlatformInterface::RunInternal()
[2026.04.12-01.31.24:073][738]LogAudioMixer: Display: FMixerPlatformXAudio2::SubmitBuffer() called for the first time
[2026.04.12-01.31.24:073][738]LogInit: FAudioDevice initialized.
[2026.04.12-01.31.24:073][738]LogAudio: Display: Audio Device (ID: 9) registered with world 'Map1'.
[2026.04.12-01.31.24:084][738]LogLoad: Game class is 'ThirdPersonGameMode_C'
[2026.04.12-01.31.24:087][738]LogWorld: Bringing World /Game/ThirdPersonBP/Maps/UEDPIE_0_Map1.Map1 up for play (max tick rate 0) at 2026.04.11-19.31.24
[2026.04.12-01.31.24:087][738]LogWorld: Bringing up level for play took: 0.002452
[2026.04.12-01.31.24:087][738]LogOnline: OSS: Creating online subsystem instance for: :Context_21
[2026.04.12-01.31.24:091][738]LogPlayerController: Error: InputMode:UIOnly - Attempting to focus Non-Focusable widget SObjectWidget [Widget.cpp(799)]!
[2026.04.12-01.31.24:091][738]LogViewport: Display: Viewport MouseLockMode Changed, LockOnCapture -> DoNotLock
[2026.04.12-01.31.24:091][738]LogViewport: Display: Viewport MouseCaptureMode Changed, CapturePermanently_IncludingInitialMouseDown -> NoCapture
[2026.04.12-01.31.24:091][738]PIE: Server logged in
[2026.04.12-01.31.24:091][738]PIE: Play in editor total start time 0.11 seconds.
[2026.04.12-01.31.24:695][809]LogViewport: Display: Viewport MouseLockMode Changed, DoNotLock -> LockOnCapture
[2026.04.12-01.31.24:695][809]LogViewport: Display: Viewport MouseCaptureMode Changed, NoCapture -> CapturePermanently
[2026.04.12-01.31.27:129][ 92]LogSlate: Updating window title bar state: overlay mode, drag disabled, window buttons hidden, title bar hidden
[2026.04.12-01.31.27:129][ 92]LogWorld: BeginTearingDown for /Game/ThirdPersonBP/Maps/UEDPIE_0_Map1
[2026.04.12-01.31.27:131][ 92]LogWorld: UWorld::CleanupWorld for Map1, bSessionEnded=true, bCleanupResources=true
[2026.04.12-01.31.27:131][ 92]LogSlate: InvalidateAllWidgets triggered.  All widgets were invalidated
[2026.04.12-01.31.27:139][ 92]LogPlayLevel: Display: Shutting down PIE online subsystems
[2026.04.12-01.31.27:155][ 92]LogSlate: InvalidateAllWidgets triggered.  All widgets were invalidated
[2026.04.12-01.31.27:188][ 92]LogAudio: Display: Audio Device unregistered from world 'None'.
[2026.04.12-01.31.27:188][ 92]LogAudioMixer: FMixerPlatformXAudio2::StopAudioStream() called
[2026.04.12-01.31.27:189][ 92]LogAudioMixer: FMixerPlatformXAudio2::StopAudioStream() called
[2026.04.12-01.31.27:193][ 92]LogSlate: Updating window title bar state: overlay mode, drag disabled, window buttons hidden, title bar hidden
[2026.04.12-01.31.27:198][ 92]LogUObjectHash: Compacting FUObjectHashTables data took   3.16ms
[2026.04.12-01.31.27:238][ 93]LogPlayLevel: Display: Destroying online subsystem :Context_21
[2026.04.12-01.33.33:531][533]LogUObjectHash: Compacting FUObjectHashTables data took   3.87ms
[2026.04.12-01.33.33:564][533]LogSavePackage: Moving 'C:/Github/Others/CPSC399_Game/CPSC399Game/Saved/Map1_Auto7AD2F86714AD210465D587186B88F0003.tmp' to 'C:/Github/Others/CPSC399_Game/CPSC399Game/Saved/Autosaves/Game/ThirdPersonBP/Maps/Map1_Auto7.umap'
[2026.04.12-01.33.33:565][533]LogFileHelpers: Editor autosave (incl. external actors) for '/Game/ThirdPersonBP/Maps/Map1' took 0.074
[2026.04.12-01.33.33:565][533]LogFileHelpers: Editor autosave (incl. sublevels & external actors) for all levels took 0.074
[2026.04.12-01.36.48:342][116]LogRenderer: Reallocating scene render targets to support 1088x712 Format 10 NumSamples 1 (Frame:1).
[2026.04.12-01.36.53:527][532]Cmd: OBJ SAVEPACKAGE PACKAGE="/Game/ThirdPersonBP/Maps/Map1" FILE="C:/Github/Others/CPSC399_Game/CPSC399Game/Content/ThirdPersonBP/Maps/Map1.umap" SILENT=true AUTOSAVING=false KEEPDIRTY=false
[2026.04.12-01.36.53:560][532]LogUObjectHash: Compacting FUObjectHashTables data took   2.18ms
[2026.04.12-01.36.53:592][532]LogSavePackage: Moving 'C:/Github/Others/CPSC399_Game/CPSC399Game/Saved/Map1283C1545463DFB8626FF34BEF8B413AF.tmp' to 'C:/Github/Others/CPSC399_Game/CPSC399Game/Content/ThirdPersonBP/Maps/Map1.umap'
[2026.04.12-01.36.53:604][532]LogFileHelpers: Saving map 'Map1' took 0.078
[2026.04.12-01.36.53:619][532]AssetCheck: New page: Asset Save: Map1
[2026.04.12-01.36.53:619][532]LogContentValidation: Display: Validating World /Game/ThirdPersonBP/Maps/Map1.Map1
[2026.04.12-01.38.11:041][393]Cmd: OBJ SAVEPACKAGE PACKAGE="/Game/ThirdPersonBP/Maps/Map1" FILE="C:/Github/Others/CPSC399_Game/CPSC399Game/Content/ThirdPersonBP/Maps/Map1.umap" SILENT=true AUTOSAVING=false KEEPDIRTY=false
[2026.04.12-01.38.11:072][393]LogUObjectHash: Compacting FUObjectHashTables data took   1.11ms
[2026.04.12-01.38.11:104][393]LogSavePackage: Moving 'C:/Github/Others/CPSC399_Game/CPSC399Game/Saved/Map1987AC77A4590036318AC399B0D7E5D60.tmp' to 'C:/Github/Others/CPSC399_Game/CPSC399Game/Content/ThirdPersonBP/Maps/Map1.umap'
[2026.04.12-01.38.11:117][393]LogFileHelpers: Saving map 'Map1' took 0.077
[2026.04.12-01.38.11:136][393]AssetCheck: New page: Asset Save: Map1
[2026.04.12-01.38.11:136][393]LogContentValidation: Display: Validating World /Game/ThirdPersonBP/Maps/Map1.Map1
[2026.04.12-01.39.45:021][493]LogUObjectHash: Compacting FUObjectHashTables data took   0.79ms
[2026.04.12-01.39.46:660][493]LogSlate: Window 'Save Content' being destroyed
[2026.04.12-01.39.46:687][493]Cmd: OBJ SAVEPACKAGE PACKAGE="/Game/Menus/MenuAssets/arrowkeys" FILE="C:/Github/Others/CPSC399_Game/CPSC399Game/Content/Menus/MenuAssets/arrowkeys.uasset" SILENT=true
[2026.04.12-01.39.46:722][493]LogSavePackage: Moving 'C:/Github/Others/CPSC399_Game/CPSC399Game/Saved/arrowkeysEB5B4C194840116CE51377BE4089A3E8.tmp' to 'C:/Github/Others/CPSC399_Game/CPSC399Game/Content/Menus/MenuAssets/arrowkeys.uasset'
[2026.04.12-01.39.46:894][493]LogWorld: UWorld::CleanupWorld for World_1, bSessionEnded=true, bCleanupResources=true
[2026.04.12-01.39.46:894][493]LogSlate: InvalidateAllWidgets triggered.  All widgets were invalidated
[2026.04.12-01.39.46:913][493]LogWorld: UWorld::CleanupWorld for World_0, bSessionEnded=true, bCleanupResources=true
[2026.04.12-01.39.46:913][493]LogSlate: InvalidateAllWidgets triggered.  All widgets were invalidated
[2026.04.12-01.39.47:034][493]LogWorld: UWorld::CleanupWorld for World_5, bSessionEnded=true, bCleanupResources=true
[2026.04.12-01.39.47:034][493]LogSlate: InvalidateAllWidgets triggered.  All widgets were invalidated
[2026.04.12-01.39.47:043][493]LogWorld: UWorld::CleanupWorld for World_4, bSessionEnded=true, bCleanupResources=true
[2026.04.12-01.39.47:043][493]LogSlate: InvalidateAllWidgets triggered.  All widgets were invalidated
[2026.04.12-01.39.47:133][493]LogWorld: UWorld::CleanupWorld for World_17, bSessionEnded=true, bCleanupResources=true
[2026.04.12-01.39.47:133][493]LogSlate: InvalidateAllWidgets triggered.  All widgets were invalidated
[2026.04.12-01.39.47:220][493]LogSlate: Window 'Map1' being destroyed
[2026.04.12-01.39.47:240][493]LogWorld: UWorld::CleanupWorld for World_24, bSessionEnded=true, bCleanupResources=true
[2026.04.12-01.39.47:240][493]LogSlate: InvalidateAllWidgets triggered.  All widgets were invalidated
[2026.04.12-01.39.47:371][493]LogSlate: Window 'CPSC399Game - Unreal Editor' being destroyed
[2026.04.12-01.39.47:546][493]AssetCheck: New page: Asset Save: arrowkeys
[2026.04.12-01.39.47:546][493]LogContentValidation: Display: Validating Texture2D /Game/Menus/MenuAssets/arrowkeys.arrowkeys
[2026.04.12-01.39.47:547][494]Cmd: QUIT_EDITOR
[2026.04.12-01.39.47:547][494]LogCore: Engine exit requested (reason: UUnrealEdEngine::CloseEditor())
[2026.04.12-01.39.47:550][494]LogCore: Engine exit requested (reason: EngineExit() was called; note: exit was already requested)
[2026.04.12-01.39.47:813][494]LogAudio: Display: Beginning Audio Device Manager Shutdown (Module: AudioMixerXAudio2)...
[2026.04.12-01.39.47:813][494]LogAudio: Display: Destroying 1 Remaining Audio Device(s)...
[2026.04.12-01.39.47:813][494]LogAudio: Display: Audio Device unregistered from world 'Map1'.
[2026.04.12-01.39.47:813][494]LogAudioMixer: FMixerPlatformXAudio2::StopAudioStream() called
[2026.04.12-01.39.47:814][494]LogAudioMixer: FMixerPlatformXAudio2::StopAudioStream() called
[2026.04.12-01.39.47:838][494]LogAudio: Display: Audio Device Manager Shutdown
[2026.04.12-01.39.47:838][494]LogWindowsTextInputMethodSystem: Display: IME system deactivated.
[2026.04.12-01.39.47:844][494]LogExit: Preparing to exit.
[2026.04.12-01.39.48:928][494]LogUObjectHash: Compacting FUObjectHashTables data took   3.50ms
[2026.04.12-01.39.49:094][494]LogWorld: UWorld::CleanupWorld for World_12, bSessionEnded=true, bCleanupResources=true
[2026.04.12-01.39.49:097][494]LogWorld: UWorld::CleanupWorld for World_13, bSessionEnded=true, bCleanupResources=true
[2026.04.12-01.39.49:101][494]LogWorld: UWorld::CleanupWorld for World_14, bSessionEnded=true, bCleanupResources=true
[2026.04.12-01.39.49:104][494]LogWorld: UWorld::CleanupWorld for World_15, bSessionEnded=true, bCleanupResources=true
[2026.04.12-01.39.49:107][494]LogWorld: UWorld::CleanupWorld for World_16, bSessionEnded=true, bCleanupResources=true
[2026.04.12-01.39.49:109][494]LogActorComponent: UnregisterComponent: (None.None) Not registered. Aborting.
[2026.04.12-01.39.49:109][494]LogActorComponent: UnregisterComponent: (None.None) Not registered. Aborting.
[2026.04.12-01.39.49:109][494]LogActorComponent: UnregisterComponent: (None.None) Not registered. Aborting.
[2026.04.12-01.39.49:109][494]LogActorComponent: UnregisterComponent: (None.None) Not registered. Aborting.
[2026.04.12-01.39.49:109][494]LogActorComponent: UnregisterComponent: (None.None) Not registered. Aborting.
[2026.04.12-01.39.49:109][494]LogActorComponent: UnregisterComponent: (None.None) Not registered. Aborting.
[2026.04.12-01.39.49:109][494]LogActorComponent: UnregisterComponent: (None.None) Not registered. Aborting.
[2026.04.12-01.39.49:109][494]LogWorld: UWorld::CleanupWorld for None, bSessionEnded=true, bCleanupResources=true
[2026.04.12-01.39.49:111][494]LogActorComponent: UnregisterComponent: (None.None) Not registered. Aborting.
[2026.04.12-01.39.49:111][494]LogActorComponent: UnregisterComponent: (None.None) Not registered. Aborting.
[2026.04.12-01.39.49:112][494]LogActorComponent: UnregisterComponent: (None.None) Not registered. Aborting.
[2026.04.12-01.39.49:112][494]LogActorComponent: UnregisterComponent: (None.None) Not registered. Aborting.
[2026.04.12-01.39.49:112][494]LogActorComponent: UnregisterComponent: (None.None) Not registered. Aborting.
[2026.04.12-01.39.49:112][494]LogActorComponent: UnregisterComponent: (None.None) Not registered. Aborting.
[2026.04.12-01.39.49:112][494]LogActorComponent: UnregisterComponent: (None.None) Not registered. Aborting.
[2026.04.12-01.39.49:112][494]LogWorld: UWorld::CleanupWorld for None, bSessionEnded=true, bCleanupResources=true
[2026.04.12-01.39.49:172][494]LogDemo: Cleaned up 0 splitscreen connections with owner deletion
[2026.04.12-01.39.49:181][494]LogExit: Editor shut down
[2026.04.12-01.39.49:182][494]LogExit: Transaction tracking system shut down
[2026.04.12-01.39.49:629][494]LogExit: Object subsystem successfully closed.
[2026.04.12-01.39.49:649][494]LogShaderCompilers: Display: === FShaderJobCache stats ===
[2026.04.12-01.39.49:649][494]LogShaderCompilers: Display: Total job queries 0, among them cache hits 0 (0.00%)
[2026.04.12-01.39.49:649][494]LogShaderCompilers: Display: Tracking 0 distinct input hashes that result in 0 distinct outputs (0.00%)
[2026.04.12-01.39.49:649][494]LogShaderCompilers: Display: RAM used: 0.00 MB (0.00 GB) of 819.20 MB (0.80 GB) budget. Usage: 0.00%
[2026.04.12-01.39.49:649][494]LogShaderCompilers: Display: ================================================
[2026.04.12-01.39.49:665][494]LogShaderCompilers: Display: Shaders left to compile 0
[2026.04.12-01.39.49:683][494]LogModuleManager: Shutting down and abandoning module MovieSceneCapture (878)
[2026.04.12-01.39.49:683][494]LogModuleManager: Shutting down and abandoning module Voice (876)
[2026.04.12-01.39.49:692][494]LogModuleManager: Shutting down and abandoning module SequencerWidgets (874)
[2026.04.12-01.39.49:692][494]LogModuleManager: Shutting down and abandoning module BlueprintGraph (872)
[2026.04.12-01.39.49:692][494]LogModuleManager: Shutting down and abandoning module HierarchicalLODOutliner (870)
[2026.04.12-01.39.49:692][494]LogModuleManager: Shutting down and abandoning module SceneOutliner (868)
[2026.04.12-01.39.49:692][494]LogModuleManager: Shutting down and abandoning module AddContentDialog (866)
[2026.04.12-01.39.49:702][494]LogModuleManager: Shutting down and abandoning module WidgetCarousel (865)
[2026.04.12-01.39.49:702][494]LogModuleManager: Shutting down and abandoning module EditorWidgets (862)
[2026.04.12-01.39.49:702][494]LogModuleManager: Shutting down and abandoning module StatsViewer (860)
[2026.04.12-01.39.49:702][494]LogModuleManager: Shutting down and abandoning module PIEPreviewDeviceProfileSelector (858)
[2026.04.12-01.39.49:702][494]LogModuleManager: Shutting down and abandoning module SequenceRecorderSections (856)
[2026.04.12-01.39.49:702][494]LogModuleManager: Shutting down and abandoning module AutomationWorker (854)
[2026.04.12-01.39.49:702][494]LogModuleManager: Shutting down and abandoning module SteamVREditor (852)
[2026.04.12-01.39.49:702][494]LogModuleManager: Shutting down and abandoning module OculusMR (850)
[2026.04.12-01.39.49:702][494]LogModuleManager: Shutting down and abandoning module TakeRecorderSources (848)
[2026.04.12-01.39.49:702][494]LogModuleManager: Shutting down and abandoning module TakeRecorder (847)
[2026.04.12-01.39.49:703][494]LogModuleManager: Shutting down and abandoning module TakeTrackRecorders (844)
[2026.04.12-01.39.49:703][494]LogModuleManager: Shutting down and abandoning module TakesCore (842)
[2026.04.12-01.39.49:703][494]LogModuleManager: Shutting down and abandoning module OpenXRInput (840)
[2026.04.12-01.39.49:703][494]LogModuleManager: Shutting down and abandoning module GooglePADEditor (838)
[2026.04.12-01.39.49:703][494]LogModuleManager: Shutting down and abandoning module AudioCaptureEditor (836)
[2026.04.12-01.39.49:703][494]LogModuleManager: Shutting down and abandoning module TemplateSequenceEditor (834)
[2026.04.12-01.39.49:703][494]LogModuleManager: Shutting down and abandoning module MatineeToLevelSequence (832)
[2026.04.12-01.39.49:703][494]LogModuleManager: Shutting down and abandoning module LevelSequenceEditor (830)
[2026.04.12-01.39.49:703][494]LogModuleManager: Shutting down and abandoning module ActorSequenceEditor (828)
[2026.04.12-01.39.49:703][494]LogModuleManager: Shutting down and abandoning module WmfMediaFactory (826)
[2026.04.12-01.39.49:703][494]LogModuleManager: Shutting down and abandoning module WmfMediaEditor (824)
[2026.04.12-01.39.49:703][494]LogModuleManager: Shutting down and abandoning module WebMMediaFactory (822)
[2026.04.12-01.39.49:703][494]LogModuleManager: Shutting down and abandoning module WebMMediaEditor (820)
[2026.04.12-01.39.49:703][494]LogModuleManager: Shutting down and abandoning module WebMMedia (818)
[2026.04.12-01.39.49:703][494]LogModuleManager: Shutting down and abandoning module MediaPlayerEditor (816)
[2026.04.12-01.39.49:703][494]LogModuleManager: Shutting down and abandoning module MediaCompositingEditor (814)
[2026.04.12-01.39.49:703][494]LogModuleManager: Shutting down and abandoning module SequenceRecorder (813)
[2026.04.12-01.39.49:703][494]LogModuleManager: Shutting down and abandoning module OpenExrWrapper (810)
[2026.04.12-01.39.49:703][494]LogModuleManager: Shutting down and abandoning module ImgMediaFactory (808)
[2026.04.12-01.39.49:703][494]LogModuleManager: Shutting down and abandoning module ImgMediaEditor (806)
[2026.04.12-01.39.49:703][494]LogModuleManager: Shutting down and abandoning module AvfMediaFactory (804)
[2026.04.12-01.39.49:703][494]LogModuleManager: Shutting down and abandoning module AvfMediaEditor (802)
[2026.04.12-01.39.49:703][494]LogModuleManager: Shutting down and abandoning module AndroidMediaFactory (800)
[2026.04.12-01.39.49:703][494]LogModuleManager: Shutting down and abandoning module AndroidMediaEditor (798)
[2026.04.12-01.39.49:703][494]LogModuleManager: Shutting down and abandoning module MagicLeapMediaCodecFactory (796)
[2026.04.12-01.39.49:703][494]LogModuleManager: Shutting down and abandoning module MagicLeapMediaFactory (794)
[2026.04.12-01.39.49:703][494]LogModuleManager: Shutting down and abandoning module MagicLeapMediaEditor (792)
[2026.04.12-01.39.49:703][494]LogModuleManager: Shutting down and abandoning module PlanarCut (790)
[2026.04.12-01.39.49:703][494]LogModuleManager: Shutting down and abandoning module CharacterAI (788)
[2026.04.12-01.39.49:703][494]LogModuleManager: Shutting down and abandoning module TextureAlignMode (786)
[2026.04.12-01.39.49:703][494]LogModuleManager: Shutting down and abandoning module BspMode (784)
[2026.04.12-01.39.49:703][494]LogModuleManager: Shutting down and abandoning module GeometryMode (782)
[2026.04.12-01.39.49:703][494]LogModuleManager: Shutting down and abandoning module CameraShakePreviewer (780)
[2026.04.12-01.39.49:703][494]LogModuleManager: Shutting down and abandoning module SmartSnapping (778)
[2026.04.12-01.39.49:703][494]LogModuleManager: Shutting down and abandoning module SessionServices (776)
[2026.04.12-01.39.49:705][494]LogModuleManager: Shutting down and abandoning module MeshPaint (774)
[2026.04.12-01.39.49:705][494]LogModuleManager: Shutting down and abandoning module VirtualTexturingEditor (772)
[2026.04.12-01.39.49:705][494]LogModuleManager: Shutting down and abandoning module FoliageEdit (770)
[2026.04.12-01.39.49:705][494]LogModuleManager: Shutting down and abandoning module LandscapeEditor (768)
[2026.04.12-01.39.49:705][494]LogModuleManager: Shutting down and abandoning module MeshPaintMode (766)
[2026.04.12-01.39.49:705][494]LogModuleManager: Shutting down and abandoning module SceneDepthPickerMode (764)
[2026.04.12-01.39.49:705][494]LogModuleManager: Shutting down and abandoning module ActorPickerMode (762)
[2026.04.12-01.39.49:705][494]LogModuleManager: Shutting down and abandoning module PlacementMode (760)
[2026.04.12-01.39.49:705][494]LogModuleManager: Shutting down and abandoning module ViewportSnapping (758)
[2026.04.12-01.39.49:705][494]LogModuleManager: Shutting down and abandoning module ViewportInteraction (756)
[2026.04.12-01.39.49:705][494]LogModuleManager: Shutting down and abandoning module ClothPainter (754)
[2026.04.12-01.39.49:706][494]LogModuleManager: Shutting down and abandoning module SkeletalMeshEditor (753)
[2026.04.12-01.39.49:706][494]LogModuleManager: Shutting down and abandoning module LogVisualizer (750)
[2026.04.12-01.39.49:706][494]LogModuleManager: Shutting down and abandoning module IntroTutorials (748)
[2026.04.12-01.39.49:714][494]LogModuleManager: Shutting down and abandoning module GameProjectGeneration (747)
[2026.04.12-01.39.49:714][494]LogModuleManager: Shutting down and abandoning module LuminPlatformEditor (744)
[2026.04.12-01.39.49:714][494]LogModuleManager: Shutting down and abandoning module IOSPlatformEditor (742)
[2026.04.12-01.39.49:714][494]LogModuleManager: Shutting down and abandoning module AndroidPlatformEditor (740)
[2026.04.12-01.39.49:714][494]LogModuleManager: Shutting down and abandoning module AndroidDeviceDetection (739)
[2026.04.12-01.39.51:526][494]LogModuleManager: Shutting down and abandoning module WindowsPlatformEditor (736)
[2026.04.12-01.39.51:526][494]LogModuleManager: Shutting down and abandoning module LuminRuntimeSettings (734)
[2026.04.12-01.39.51:526][494]LogModuleManager: Shutting down and abandoning module IOSRuntimeSettings (732)
[2026.04.12-01.39.51:526][494]LogModuleManager: Shutting down and abandoning module AndroidRuntimeSettings (730)
[2026.04.12-01.39.51:526][494]LogModuleManager: Shutting down and abandoning module TraceInsights (728)
[2026.04.12-01.39.51:526][494]MemoryProfiler: Shutdown
[2026.04.12-01.39.51:526][494]NetworkingProfiler: Shutdown
[2026.04.12-01.39.51:526][494]LoadingProfiler: Shutdown
[2026.04.12-01.39.51:526][494]TimingProfiler: Shutdown
[2026.04.12-01.39.51:526][494]LogModuleManager: Shutting down and abandoning module TraceServices (727)
[2026.04.12-01.39.51:526][494]LogModuleManager: Shutting down and abandoning module EditorInteractiveToolsFramework (724)
[2026.04.12-01.39.51:526][494]LogModuleManager: Shutting down and abandoning module TimeManagementEditor (722)
[2026.04.12-01.39.51:526][494]LogModuleManager: Shutting down and abandoning module InputBindingEditor (720)
[2026.04.12-01.39.51:526][494]LogModuleManager: Shutting down and abandoning module MergeActors (718)
[2026.04.12-01.39.51:526][494]LogModuleManager: Shutting down and abandoning module LocalizationDashboard (716)
[2026.04.12-01.39.51:526][494]LogModuleManager: Shutting down and abandoning module LocalizationService (715)
[2026.04.12-01.39.51:526][494]LogModuleManager: Shutting down and abandoning module HardwareTargeting (712)
[2026.04.12-01.39.51:526][494]LogModuleManager: Shutting down and abandoning module DeviceProfileEditor (710)
[2026.04.12-01.39.51:527][494]LogModuleManager: Shutting down and abandoning module UndoHistory (708)
[2026.04.12-01.39.51:527][494]LogModuleManager: Shutting down and abandoning module XmlParser (706)
[2026.04.12-01.39.51:527][494]LogModuleManager: Shutting down and abandoning module Blutility (704)
[2026.04.12-01.39.51:527][494]LogModuleManager: Shutting down and abandoning module ProjectSettingsViewer (702)
[2026.04.12-01.39.51:527][494]LogModuleManager: Shutting down and abandoning module ProjectTargetPlatformEditor (701)
[2026.04.12-01.39.51:527][494]LogModuleManager: Shutting down and abandoning module EditorSettingsViewer (698)
[2026.04.12-01.39.51:527][494]LogModuleManager: Shutting down and abandoning module InternationalizationSettings (697)
[2026.04.12-01.39.51:527][494]LogModuleManager: Shutting down and abandoning module SettingsEditor (694)
[2026.04.12-01.39.51:527][494]LogModuleManager: Shutting down and abandoning module ProjectLauncher (692)
[2026.04.12-01.39.51:527][494]LogModuleManager: Shutting down and abandoning module SessionFrontend (690)
[2026.04.12-01.39.51:527][494]LogModuleManager: Shutting down and abandoning module ProfilerClient (688)
[2026.04.12-01.39.51:527][494]LogModuleManager: Shutting down and abandoning module DeviceManager (686)
[2026.04.12-01.39.51:527][494]LogModuleManager: Shutting down and abandoning module TargetDeviceServices (685)
[2026.04.12-01.39.51:559][494]LogModuleManager: Shutting down and abandoning module AutomationController (682)
[2026.04.12-01.39.51:559][494]LogModuleManager: Shutting down and abandoning module AutomationWindow (680)
[2026.04.12-01.39.51:559][494]LogModuleManager: Shutting down and abandoning module Layers (678)
[2026.04.12-01.39.51:559][494]LogModuleManager: Shutting down and abandoning module ComponentVisualizers (676)
[2026.04.12-01.39.51:559][494]LogModuleManager: Shutting down and abandoning module DetailCustomizations (674)
[2026.04.12-01.39.51:559][494]LogModuleManager: Shutting down and abandoning module PackagesDialog (672)
[2026.04.12-01.39.51:559][494]LogModuleManager: Shutting down and abandoning module AnimationBlueprintEditor (670)
[2026.04.12-01.39.51:559][494]LogModuleManager: Shutting down and abandoning module Persona (668)
[2026.04.12-01.39.51:559][494]LogModuleManager: Shutting down and abandoning module AdvancedPreviewScene (667)
[2026.04.12-01.39.51:559][494]LogModuleManager: Shutting down and abandoning module AnimGraph (665)
[2026.04.12-01.39.51:559][494]LogModuleManager: Shutting down and abandoning module Kismet (662)
[2026.04.12-01.39.51:575][494]LogModuleManager: Shutting down and abandoning module KismetWidgets (661)
[2026.04.12-01.39.51:575][494]LogModuleManager: Shutting down and abandoning module GraphEditor (658)
[2026.04.12-01.39.51:575][494]LogModuleManager: Shutting down and abandoning module StructViewer (656)
[2026.04.12-01.39.51:575][494]LogModuleManager: Shutting down and abandoning module ClassViewer (654)
[2026.04.12-01.39.51:578][494]LogModuleManager: Shutting down and abandoning module Toolbox (652)
[2026.04.12-01.39.51:578][494]LogModuleManager: Shutting down and abandoning module ModuleUI (650)
[2026.04.12-01.39.51:578][494]LogModuleManager: Shutting down and abandoning module OutputLog (648)
[2026.04.12-01.39.51:580][494]LogModuleManager: Shutting down and abandoning module GammaUI (646)
[2026.04.12-01.39.51:580][494]LogModuleManager: Shutting down and abandoning module Documentation (644)
[2026.04.12-01.39.51:584][494]LogModuleManager: Shutting down and abandoning module LiveCoding (642)
[2026.04.12-01.39.51:584][494]LogModuleManager: Shutting down and abandoning module LevelSequence (640)
[2026.04.12-01.39.51:584][494]LogModuleManager: Shutting down and abandoning module MovieSceneTracks (638)
[2026.04.12-01.39.51:584][494]LogModuleManager: Shutting down and abandoning module MovieScene (636)
[2026.04.12-01.39.51:585][494]LogModuleManager: Shutting down and abandoning module StreamingPauseRendering (634)
[2026.04.12-01.39.51:585][494]LogModuleManager: Shutting down and abandoning module LauncherPlatform (632)
[2026.04.12-01.39.51:585][494]LogModuleManager: Shutting down and abandoning module AnalyticsET (630)
[2026.04.12-01.39.51:585][494]LogModuleManager: Shutting down and abandoning module PortalServices (628)
[2026.04.12-01.39.51:585][494]LogModuleManager: Shutting down and abandoning module PortalRpc (626)
[2026.04.12-01.39.51:585][494]LogModuleManager: Shutting down and abandoning module MessagingRpc (624)
[2026.04.12-01.39.51:585][494]LogModuleManager: Shutting down and abandoning module AudioMixerXAudio2 (622)
[2026.04.12-01.39.51:585][494]LogModuleManager: Shutting down and abandoning module AudioMixerCore (621)
[2026.04.12-01.39.51:585][494]LogModuleManager: Shutting down and abandoning module AIModule (618)
[2026.04.12-01.39.51:585][494]LogModuleManager: Shutting down and abandoning module GameplayDebugger (617)
[2026.04.12-01.39.51:585][494]LogModuleManager: Shutting down and abandoning module AITestSuite (615)
[2026.04.12-01.39.51:585][494]LogModuleManager: Shutting down and abandoning module NavigationSystem (613)
[2026.04.12-01.39.51:585][494]LogModuleManager: Shutting down and abandoning module ImageWriteQueue (610)
[2026.04.12-01.39.51:589][494]LogModuleManager: Shutting down and abandoning module ProfilerService (608)
[2026.04.12-01.39.51:759][494]LogModuleManager: Shutting down and abandoning module TaskGraph (606)
[2026.04.12-01.39.51:759][494]LogModuleManager: Shutting down and abandoning module AudioSynesthesiaEditor (604)
[2026.04.12-01.39.51:759][494]LogModuleManager: Shutting down and abandoning module OculusEditor (602)
[2026.04.12-01.39.51:759][494]LogModuleManager: Shutting down and abandoning module OculusInput (600)
[2026.04.12-01.39.51:759][494]LogModuleManager: Shutting down and abandoning module ContentBrowserClassDataSource (598)
[2026.04.12-01.39.51:759][494]LogModuleManager: Shutting down and abandoning module ContentBrowserFileDataSource (596)
[2026.04.12-01.39.51:759][494]LogModuleManager: Shutting down and abandoning module ContentBrowserAssetDataSource (594)
[2026.04.12-01.39.51:759][494]LogModuleManager: Shutting down and abandoning module CollectionManager (593)
[2026.04.12-01.39.51:760][494]LogModuleManager: Shutting down and abandoning module TakeSequencer (590)
[2026.04.12-01.39.51:760][494]LogModuleManager: Shutting down and abandoning module TakeMovieScene (588)
[2026.04.12-01.39.51:760][494]LogModuleManager: Shutting down and abandoning module ScreenshotTools (586)
[2026.04.12-01.39.51:760][494]LogModuleManager: Shutting down and abandoning module SynthesisEditor (584)
[2026.04.12-01.39.51:760][494]LogModuleManager: Shutting down and abandoning module Synthesis (582)
[2026.04.12-01.39.51:760][494]LogModuleManager: Shutting down and abandoning module ProceduralMeshComponentEditor (580)
[2026.04.12-01.39.51:760][494]LogModuleManager: Shutting down and abandoning module ProceduralMeshComponent (578)
[2026.04.12-01.39.51:760][494]LogModuleManager: Shutting down and abandoning module OpenXREditor (576)
[2026.04.12-01.39.51:760][494]LogModuleManager: Shutting down and abandoning module MobilePatchingUtils (574)
[2026.04.12-01.39.51:760][494]LogModuleManager: Shutting down and abandoning module GooglePAD (572)
[2026.04.12-01.39.51:760][494]LogModuleManager: Shutting down and abandoning module EditableMesh (570)
[2026.04.12-01.39.51:760][494]LogModuleManager: Shutting down and abandoning module CustomMeshComponent (568)
[2026.04.12-01.39.51:760][494]LogModuleManager: Shutting down and abandoning module CableComponent (566)
[2026.04.12-01.39.51:760][494]LogModuleManager: Shutting down and abandoning module AudioCapture (564)
[2026.04.12-01.39.51:760][494]LogModuleManager: Shutting down and abandoning module AudioCaptureRtAudio (563)
[2026.04.12-01.39.51:760][494]LogModuleManager: Shutting down and abandoning module AssetTags (560)
[2026.04.12-01.39.51:760][494]LogModuleManager: Shutting down and abandoning module ArchVisCharacter (558)
[2026.04.12-01.39.51:760][494]LogModuleManager: Shutting down and abandoning module AppleImageUtilsBlueprintSupport (556)
[2026.04.12-01.39.51:760][494]LogModuleManager: Shutting down and abandoning module AppleImageUtils (554)
[2026.04.12-01.39.51:760][494]LogModuleManager: Shutting down and abandoning module AndroidPermission (552)
[2026.04.12-01.39.51:760][494]LogModuleManager: Shutting down and abandoning module ActorLayerUtilitiesEditor (550)
[2026.04.12-01.39.51:760][494]LogModuleManager: Shutting down and abandoning module ActorLayerUtilities (548)
[2026.04.12-01.39.51:760][494]LogModuleManager: Shutting down and abandoning module TemplateSequence (546)
[2026.04.12-01.39.51:760][494]LogModuleManager: Shutting down and abandoning module MediaCompositing (544)
[2026.04.12-01.39.51:760][494]LogModuleManager: Shutting down and abandoning module ImgMedia (542)
[2026.04.12-01.39.51:760][494]LogModuleManager: Shutting down and abandoning module MagicLeapSharedWorld (540)
[2026.04.12-01.39.51:760][494]LogModuleManager: Shutting down and abandoning module MagicLeapLightEstimation (538)
[2026.04.12-01.39.51:760][494]LogModuleManager: Shutting down and abandoning module MagicLeapHelperVulkan (536)
[2026.04.12-01.39.51:760][494]LogModuleManager: Shutting down and abandoning module MagicLeapHelperOpenGL (534)
[2026.04.12-01.39.51:760][494]LogModuleManager: Shutting down and abandoning module MagicLeapAudio (532)
[2026.04.12-01.39.51:760][494]LogModuleManager: Shutting down and abandoning module OpenImageDenoise (530)
[2026.04.12-01.39.51:760][494]LogOpenImageDenoise: OIDN shutting down
[2026.04.12-01.39.51:760][494]LogModuleManager: Shutting down and abandoning module MotoSynthEditor (528)
[2026.04.12-01.39.51:760][494]LogModuleManager: Shutting down and abandoning module MotoSynth (526)
[2026.04.12-01.39.51:760][494]LogModuleManager: Shutting down and abandoning module MeshConversion (524)
[2026.04.12-01.39.51:760][494]LogModuleManager: Shutting down and abandoning module DynamicMesh (522)
[2026.04.12-01.39.51:760][494]LogModuleManager: Shutting down and abandoning module GeometryAlgorithms (520)
[2026.04.12-01.39.51:760][494]LogModuleManager: Shutting down and abandoning module GeometricObjects (518)
[2026.04.12-01.39.51:760][494]LogModuleManager: Shutting down and abandoning module GeometryCollectionTracks (516)
[2026.04.12-01.39.51:760][494]LogModuleManager: Shutting down and abandoning module GeometryCollectionSequencer (515)
[2026.04.12-01.39.51:760][494]LogModuleManager: Shutting down and abandoning module GeometryCollectionEditor (512)
[2026.04.12-01.39.51:760][494]LogModuleManager: Shutting down and abandoning module GeometryCacheTracks (510)
[2026.04.12-01.39.51:760][494]LogModuleManager: Shutting down and abandoning module GeometryCacheStreamer (508)
[2026.04.12-01.39.51:760][494]LogModuleManager: Shutting down and abandoning module GeometryCacheSequencer (506)
[2026.04.12-01.39.51:760][494]LogModuleManager: Shutting down and abandoning module ChaosSolverEditor (504)
[2026.04.12-01.39.51:760][494]LogModuleManager: Shutting down and abandoning module ChaosNiagara (502)
[2026.04.12-01.39.51:760][494]LogModuleManager: Shutting down and abandoning module FractureEditor (500)
[2026.04.12-01.39.51:760][494]LogModuleManager: Shutting down and abandoning module FieldSystemEngine (499)
[2026.04.12-01.39.51:760][494]LogModuleManager: Shutting down and abandoning module ChaosClothEditor (496)
[2026.04.12-01.39.51:760][494]LogModuleManager: Shutting down and abandoning module NiagaraEditorWidgets (494)
[2026.04.12-01.39.51:760][494]LogModuleManager: Shutting down and abandoning module BackChannel (492)
[2026.04.12-01.39.51:760][494]LogModuleManager: Shutting down and abandoning module AutomationUtilsEditor (490)
[2026.04.12-01.39.51:760][494]LogModuleManager: Shutting down and abandoning module AutomationUtils (488)
[2026.04.12-01.39.51:760][494]LogModuleManager: Shutting down and abandoning module VariantManagerContentEditor (486)
[2026.04.12-01.39.51:760][494]LogModuleManager: Shutting down and abandoning module AlembicImporter (484)
[2026.04.12-01.39.51:760][494]LogModuleManager: Shutting down and abandoning module AlembicLibrary (483)
[2026.04.12-01.39.51:760][494]LogModuleManager: Shutting down and abandoning module GeometryCache (482)
[2026.04.12-01.39.51:760][494]LogModuleManager: Shutting down and abandoning module GeometryCacheEd (481)
[2026.04.12-01.39.51:760][494]LogModuleManager: Shutting down and abandoning module DatasmithContentEditor (476)
[2026.04.12-01.39.51:760][494]LogModuleManager: Shutting down and abandoning module SpeedTreeImporter (474)
[2026.04.12-01.39.51:760][494]LogModuleManager: Shutting down and abandoning module PluginBrowser (472)
[2026.04.12-01.39.51:760][494]LogModuleManager: Shutting down and abandoning module MobileLauncherProfileWizard (470)
[2026.04.12-01.39.51:761][494]LogModuleManager: Shutting down and abandoning module MaterialAnalyzer (468)
[2026.04.12-01.39.51:761][494]LogModuleManager: Shutting down and abandoning module CurveEditorTools (466)
[2026.04.12-01.39.51:761][494]LogModuleManager: Shutting down and abandoning module CryptoKeysOpenSSL (464)
[2026.04.12-01.39.51:761][494]LogModuleManager: Shutting down and abandoning module CryptoKeys (462)
[2026.04.12-01.39.51:761][494]LogModuleManager: Shutting down and abandoning module VisualStudioSourceCodeAccess (460)
[2026.04.12-01.39.51:761][494]LogModuleManager: Shutting down and abandoning module VisualStudioCodeSourceCodeAccess (458)
[2026.04.12-01.39.51:761][494]LogModuleManager: Shutting down and abandoning module UObjectPlugin (456)
[2026.04.12-01.39.51:761][494]LogModuleManager: Shutting down and abandoning module SubversionSourceControl (454)
[2026.04.12-01.39.51:761][494]LogModuleManager: Shutting down and abandoning module RiderSourceCodeAccess (452)
[2026.04.12-01.39.51:761][494]LogModuleManager: Shutting down and abandoning module PluginUtils (450)
[2026.04.12-01.39.51:761][494]LogModuleManager: Shutting down and abandoning module PlasticSourceControl (448)
[2026.04.12-01.39.51:761][494]LogModuleManager: Shutting down and abandoning module PerforceSourceControl (446)
[2026.04.12-01.39.51:761][494]LogModuleManager: Shutting down and abandoning module GitSourceControl (444)
[2026.04.12-01.39.51:761][494]LogModuleManager: Shutting down and abandoning module SourceControl (443)
[2026.04.12-01.39.51:761][494]LogModuleManager: Shutting down and abandoning module CLionSourceCodeAccess (440)
[2026.04.12-01.39.51:761][494]LogModuleManager: Shutting down and abandoning module AnimationSharingEd (438)
[2026.04.12-01.39.51:761][494]LogModuleManager: Shutting down and abandoning module OodleNetworkHandlerComponent (436)
[2026.04.12-01.39.51:761][494]LogModuleManager: Shutting down and abandoning module LiveLinkSequencer (434)
[2026.04.12-01.39.51:761][494]LogModuleManager: Shutting down and abandoning module LiveLinkMovieScene (432)
[2026.04.12-01.39.51:761][494]LogModuleManager: Shutting down and abandoning module LiveLinkGraphNode (430)
[2026.04.12-01.39.51:761][494]LogModuleManager: Shutting down and abandoning module LiveLinkEditor (428)
[2026.04.12-01.39.51:761][494]LogModuleManager: Shutting down and abandoning module LiveLinkComponents (426)
[2026.04.12-01.39.51:761][494]LogModuleManager: Shutting down and abandoning module LiveLink (424)
[2026.04.12-01.39.52:362][494]LogModuleManager: Shutting down and abandoning module LightPropagationVolumeEditor (422)
[2026.04.12-01.39.52:362][494]LogModuleManager: Shutting down and abandoning module PaperTiledImporter (420)
[2026.04.12-01.39.52:362][494]LogModuleManager: Shutting down and abandoning module PaperSpriteSheetImporter (418)
[2026.04.12-01.39.52:362][494]LogModuleManager: Shutting down and abandoning module Paper2DEditor (416)
[2026.04.12-01.39.52:362][494]LogModuleManager: Shutting down and abandoning module MeshPaintingToolset (414)
[2026.04.12-01.39.52:362][494]LogModuleManager: Shutting down and abandoning module MeshPaintEditorMode (412)
[2026.04.12-01.39.52:362][494]LogModuleManager: Shutting down and abandoning module SoundFields (410)
[2026.04.12-01.39.52:362][494]LogModuleManager: Shutting down and abandoning module SignificanceManager (408)
[2026.04.12-01.39.52:362][494]LogModuleManager: Shutting down and abandoning module RuntimePhysXCooking (406)
[2026.04.12-01.39.52:362][494]LogModuleManager: Shutting down and abandoning module PropertyAccessEditor (404)
[2026.04.12-01.39.52:362][494]LogModuleManager: Shutting down and abandoning module PhysXVehiclesEditor (402)
[2026.04.12-01.39.52:362][494]LogModuleManager: Shutting down and abandoning module LocationServicesBPLibrary (398)
[2026.04.12-01.39.52:362][494]LogModuleManager: Shutting down and abandoning module AudioSynesthesia (396)
[2026.04.12-01.39.52:362][494]LogModuleManager: Shutting down and abandoning module AudioSynesthesiaCore (394)
[2026.04.12-01.39.52:363][494]LogModuleManager: Shutting down and abandoning module ActorSequence (392)
[2026.04.12-01.39.52:363][494]LogModuleManager: Shutting down and abandoning module UdpMessaging (390)
[2026.04.12-01.39.52:464][494]LogModuleManager: Shutting down and abandoning module TcpMessaging (388)
[2026.04.12-01.39.52:565][494]LogModuleManager: Shutting down and abandoning module ImgMediaEngine (386)
[2026.04.12-01.39.52:565][494]LogModuleManager: Shutting down and abandoning module MagicLeapARPin (384)
[2026.04.12-01.39.52:565][494]LogModuleManager: Shutting down and abandoning module MagicLeapHandMeshing (382)
[2026.04.12-01.39.52:565][494]LogModuleManager: Shutting down and abandoning module MagicLeapSecureStorage (380)
[2026.04.12-01.39.52:565][494]LogModuleManager: Shutting down and abandoning module MagicLeapPrivileges (378)
[2026.04.12-01.39.52:565][494]LogModuleManager: Shutting down and abandoning module MagicLeapPlanes (376)
[2026.04.12-01.39.52:565][494]LogMagicLeapPlanes: Planes tracker already destroyed.
[2026.04.12-01.39.52:565][494]LogModuleManager: Shutting down and abandoning module MagicLeapImageTracker (374)
[2026.04.12-01.39.52:565][494]LogModuleManager: Shutting down and abandoning module MagicLeapIdentity (372)
[2026.04.12-01.39.52:565][494]LogModuleManager: Shutting down and abandoning module MagicLeapHandTracking (370)
[2026.04.12-01.39.52:565][494]LogModuleManager: Shutting down and abandoning module MagicLeapEyeTracker (368)
[2026.04.12-01.39.52:565][494]LogModuleManager: Shutting down and abandoning module MagicLeapController (366)
[2026.04.12-01.39.52:565][494]LogModuleManager: Shutting down and abandoning module MagicLeapARPinImpl (364)
[2026.04.12-01.39.52:565][494]LogModuleManager: Shutting down and abandoning module MagicLeapAR (362)
[2026.04.12-01.39.52:565][494]LogModuleManager: Shutting down and abandoning module PythonScriptPlugin (360)
[2026.04.12-01.39.52:566][494]LogModuleManager: Shutting down and abandoning module NiagaraAnimNotifies (358)
[2026.04.12-01.39.52:566][494]LogModuleManager: Shutting down and abandoning module Niagara (356)
[2026.04.12-01.39.52:566][494]LogModuleManager: Shutting down and abandoning module SignalProcessing (355)
[2026.04.12-01.39.52:566][494]LogModuleManager: Shutting down and abandoning module NiagaraEditor (353)
[2026.04.12-01.39.52:567][494]LogModuleManager: Shutting down and abandoning module NiagaraCore (350)
[2026.04.12-01.39.52:567][494]LogModuleManager: Shutting down and abandoning module GameplayTagsEditor (348)
[2026.04.12-01.39.52:567][494]LogModuleManager: Shutting down and abandoning module FacialAnimationEditor (346)
[2026.04.12-01.39.52:567][494]LogModuleManager: Shutting down and abandoning module FacialAnimation (344)
[2026.04.12-01.39.52:568][494]LogModuleManager: Shutting down and abandoning module DataValidation (342)
[2026.04.12-01.39.52:568][494]LogModuleManager: Shutting down and abandoning module AssetManagerEditor (340)
[2026.04.12-01.39.52:572][494]LogModuleManager: Shutting down and abandoning module LevelEditor (339)
[2026.04.12-01.39.52:604][494]LogModuleManager: Shutting down and abandoning module PixelInspectorModule (338)
[2026.04.12-01.39.52:604][494]LogModuleManager: Shutting down and abandoning module CommonMenuExtensions (336)
[2026.04.12-01.39.52:604][494]LogModuleManager: Shutting down and abandoning module MainFrame (334)
[2026.04.12-01.39.52:604][494]LogModuleManager: Shutting down and abandoning module HotReload (333)
[2026.04.12-01.39.52:605][494]LogModuleManager: Shutting down and abandoning module ToolMenus (329)
[2026.04.12-01.39.52:605][494]LogModuleManager: Shutting down and abandoning module ContentBrowser (327)
[2026.04.12-01.39.52:605][494]LogModuleManager: Shutting down and abandoning module ContentBrowserData (326)
[2026.04.12-01.39.52:605][494]LogModuleManager: Shutting down and abandoning module TreeMap (323)
[2026.04.12-01.39.52:605][494]LogModuleManager: Shutting down and abandoning module PropertyAccessNode (320)
[2026.04.12-01.39.52:606][494]LogModuleManager: Shutting down and abandoning module AnimationSharing (318)
[2026.04.12-01.39.52:606][494]LogModuleManager: Shutting down and abandoning module GameplayCameras (316)
[2026.04.12-01.39.52:606][494]LogModuleManager: Shutting down and abandoning module EnvironmentQueryEditor (314)
[2026.04.12-01.39.52:606][494]LogModuleManager: Shutting down and abandoning module LightPropagationVolumeRuntime (312)
[2026.04.12-01.39.52:607][494]LogModuleManager: Shutting down and abandoning module Paper2D (310)
[2026.04.12-01.39.52:607][494]LogModuleManager: Shutting down and abandoning module WindowsMoviePlayer (308)
[2026.04.12-01.39.52:647][494]LogModuleManager: Shutting down and abandoning module WebMMoviePlayer (306)
[2026.04.12-01.39.52:647][494]LogModuleManager: Shutting down and abandoning module NetworkReplayStreaming (304)
[2026.04.12-01.39.52:647][494]LogModuleManager: Shutting down and abandoning module PacketHandler (302)
[2026.04.12-01.39.52:647][494]LogModuleManager: Shutting down and abandoning module ClothingSystemEditor (300)
[2026.04.12-01.39.52:647][494]LogModuleManager: Shutting down and abandoning module ClothingSystemRuntimeNv (298)
[2026.04.12-01.39.52:647][494]LogModuleManager: Shutting down and abandoning module MediaAssets (296)
[2026.04.12-01.39.52:647][494]LogModuleManager: Shutting down and abandoning module Overlay (294)
[2026.04.12-01.39.52:647][494]LogModuleManager: Shutting down and abandoning module OverlayEditor (293)
[2026.04.12-01.39.52:647][494]LogModuleManager: Shutting down and abandoning module VREditor (290)
[2026.04.12-01.39.52:647][494]LogModuleManager: Shutting down and abandoning module StringTableEditor (288)
[2026.04.12-01.39.52:647][494]LogModuleManager: Shutting down and abandoning module GameplayTasksEditor (286)
[2026.04.12-01.39.52:647][494]LogModuleManager: Shutting down and abandoning module BehaviorTreeEditor (284)
[2026.04.12-01.39.52:648][494]LogModuleManager: Shutting down and abandoning module FunctionalTesting (282)
[2026.04.12-01.39.52:648][494]LogModuleManager: Shutting down and abandoning module CollisionAnalyzer (280)
[2026.04.12-01.39.52:648][494]LogModuleManager: Shutting down and abandoning module WorkspaceMenuStructure (279)
[2026.04.12-01.39.52:648][494]LogModuleManager: Shutting down and abandoning module UMG (276)
[2026.04.12-01.39.52:648][494]LogModuleManager: Shutting down and abandoning module UMGEditor (275)
[2026.04.12-01.39.52:648][494]LogModuleManager: Shutting down and abandoning module MessageLog (273)
[2026.04.12-01.39.52:648][494]LogModuleManager: Shutting down and abandoning module SlateReflector (268)
[2026.04.12-01.39.52:648][494]LogModuleManager: Shutting down and abandoning module Slate (266)
[2026.04.12-01.39.52:648][494]LogModuleManager: Shutting down and abandoning module SlateCore (264)
[2026.04.12-01.39.52:649][494]LogModuleManager: Shutting down and abandoning module LandscapeEditorUtilities (262)
[2026.04.12-01.39.52:649][494]LogModuleManager: Shutting down and abandoning module UnrealEd (260)
[2026.04.12-01.39.52:649][494]LogModuleManager: Shutting down and abandoning module MRMesh (258)
[2026.04.12-01.39.52:649][494]LogModuleManager: Shutting down and abandoning module SourceCodeAccess (256)
[2026.04.12-01.39.52:649][494]LogModuleManager: Shutting down and abandoning module HeadMountedDisplay (254)
[2026.04.12-01.39.52:649][494]LogModuleManager: Shutting down and abandoning module XAudio2 (252)
[2026.04.12-01.39.52:649][494]LogModuleManager: Shutting down and abandoning module Networking (250)
[2026.04.12-01.39.52:649][494]LogModuleManager: Shutting down and abandoning module Core (248)
[2026.04.12-01.39.52:649][494]LogModuleManager: Shutting down and abandoning module MaterialEditor (246)
[2026.04.12-01.39.52:649][494]LogModuleManager: Shutting down and abandoning module MovieSceneTools (244)
[2026.04.12-01.39.52:649][494]LogModuleManager: Shutting down and abandoning module CurveEditor (243)
[2026.04.12-01.39.52:649][494]LogModuleManager: Shutting down and abandoning module Sequencer (241)
[2026.04.12-01.39.52:651][494]LogModuleManager: Shutting down and abandoning module EditorStyle (240)
[2026.04.12-01.39.52:656][494]LogModuleManager: Shutting down and abandoning module KismetCompiler (236)
[2026.04.12-01.39.52:656][494]LogModuleManager: Shutting down and abandoning module MeshBuilder (234)
[2026.04.12-01.39.52:656][494]LogModuleManager: Shutting down and abandoning module MeshUtilities (232)
[2026.04.12-01.39.52:656][494]LogModuleManager: Shutting down and abandoning module MeshMergeUtilities (231)
[2026.04.12-01.39.52:656][494]LogModuleManager: Shutting down and abandoning module MeshReductionInterface (230)
[2026.04.12-01.39.52:656][494]LogModuleManager: Shutting down and abandoning module MeshBoneReduction (229)
[2026.04.12-01.39.52:656][494]LogModuleManager: Shutting down and abandoning module SkeletalMeshReduction (227)
[2026.04.12-01.39.52:657][494]LogModuleManager: Shutting down and abandoning module ProxyLODMeshReduction (225)
[2026.04.12-01.39.52:657][494]LogModuleManager: Shutting down and abandoning module QuadricMeshReduction (223)
[2026.04.12-01.39.52:658][494]LogModuleManager: Shutting down and abandoning module MaterialBaking (219)
[2026.04.12-01.39.52:658][494]LogModuleManager: Shutting down and abandoning module NullInstallBundleManager (214)
[2026.04.12-01.39.52:658][494]LogModuleManager: Shutting down and abandoning module DerivedDataCache (212)
[2026.04.12-01.39.52:658][494]LogModuleManager: Shutting down and abandoning module TargetPlatform (210)
[2026.04.12-01.39.52:658][494]LogModuleManager: Shutting down and abandoning module VulkanShaderFormat (209)
[2026.04.12-01.39.52:683][494]LogModuleManager: Shutting down and abandoning module ShaderFormatVectorVM (207)
[2026.04.12-01.39.52:683][494]LogModuleManager: Shutting down and abandoning module ShaderFormatOpenGL (205)
[2026.04.12-01.39.52:683][494]LogModuleManager: Shutting down and abandoning module ShaderFormatD3D (203)
[2026.04.12-01.39.52:683][494]LogModuleManager: Shutting down and abandoning module MetalShaderFormat (201)
[2026.04.12-01.39.52:684][494]LogModuleManager: Shutting down and abandoning module TextureFormatOodle (199)
[2026.04.12-01.39.52:684][494]LogModuleManager: Shutting down and abandoning module TextureFormatUncompressed (197)
[2026.04.12-01.39.52:684][494]LogModuleManager: Shutting down and abandoning module TextureFormatPVR (195)
[2026.04.12-01.39.52:684][494]LogModuleManager: Shutting down and abandoning module TextureFormatETC2 (193)
[2026.04.12-01.39.52:684][494]LogModuleManager: Shutting down and abandoning module TextureFormatDXT (191)
[2026.04.12-01.39.52:684][494]LogModuleManager: Shutting down and abandoning module TextureFormatIntelISPCTexComp (189)
[2026.04.12-01.39.52:684][494]LogModuleManager: Shutting down and abandoning module TextureFormatASTC (187)
[2026.04.12-01.39.52:684][494]LogModuleManager: Shutting down and abandoning module ImageWrapper (186)
[2026.04.12-01.39.52:684][494]LogModuleManager: Shutting down and abandoning module AudioFormatOpus (183)
[2026.04.12-01.39.52:684][494]LogModuleManager: Shutting down and abandoning module AudioFormatOgg (181)
[2026.04.12-01.39.52:684][494]LogModuleManager: Shutting down and abandoning module AudioFormatADPCM (179)
[2026.04.12-01.39.52:684][494]LogModuleManager: Shutting down and abandoning module WindowsServerTargetPlatform (177)
[2026.04.12-01.39.52:684][494]LogModuleManager: Shutting down and abandoning module WindowsClientTargetPlatform (175)
[2026.04.12-01.39.52:684][494]LogModuleManager: Shutting down and abandoning module WindowsTargetPlatform (173)
[2026.04.12-01.39.52:684][494]LogModuleManager: Shutting down and abandoning module WindowsNoEditorTargetPlatform (171)
[2026.04.12-01.39.52:684][494]LogModuleManager: Shutting down and abandoning module TVOSTargetPlatform (169)
[2026.04.12-01.39.52:690][494]LogModuleManager: Shutting down and abandoning module MacServerTargetPlatform (167)
[2026.04.12-01.39.52:690][494]LogModuleManager: Shutting down and abandoning module MacClientTargetPlatform (165)
[2026.04.12-01.39.52:690][494]LogModuleManager: Shutting down and abandoning module MacTargetPlatform (163)
[2026.04.12-01.39.52:690][494]LogModuleManager: Shutting down and abandoning module MacNoEditorTargetPlatform (161)
[2026.04.12-01.39.52:690][494]LogModuleManager: Shutting down and abandoning module LuminTargetPlatform (159)
[2026.04.12-01.39.52:698][494]LogModuleManager: Shutting down and abandoning module LinuxAArch64ServerTargetPlatform (157)
[2026.04.12-01.39.52:698][494]LogModuleManager: Shutting down and abandoning module LinuxAArch64ClientTargetPlatform (155)
[2026.04.12-01.39.52:698][494]LogModuleManager: Shutting down and abandoning module LinuxAArch64NoEditorTargetPlatform (153)
[2026.04.12-01.39.52:698][494]LogModuleManager: Shutting down and abandoning module LinuxServerTargetPlatform (151)
[2026.04.12-01.39.52:698][494]LogModuleManager: Shutting down and abandoning module LinuxClientTargetPlatform (149)
[2026.04.12-01.39.52:698][494]LogModuleManager: Shutting down and abandoning module LinuxNoEditorTargetPlatform (147)
[2026.04.12-01.39.52:698][494]LogModuleManager: Shutting down and abandoning module LinuxTargetPlatform (145)
[2026.04.12-01.39.52:698][494]LogModuleManager: Shutting down and abandoning module Messaging (143)
[2026.04.12-01.39.52:698][494]LogModuleManager: Shutting down and abandoning module IOSTargetPlatform (141)
[2026.04.12-01.39.52:703][494]LogModuleManager: Shutting down and abandoning module AndroidTargetPlatform (139)
[2026.04.12-01.39.52:725][494]LogModuleManager: Shutting down and abandoning module AllDesktopTargetPlatform (137)
[2026.04.12-01.39.52:725][494]LogModuleManager: Shutting down and abandoning module D3D11RHI (134)
[2026.04.12-01.39.52:725][494]LogModuleManager: Shutting down and abandoning module InputCore (132)
[2026.04.12-01.39.52:725][494]LogModuleManager: Shutting down and abandoning module Settings (130)
[2026.04.12-01.39.52:725][494]LogModuleManager: Shutting down and abandoning module DirectoryWatcher (128)
[2026.04.12-01.39.52:726][494]LogModuleManager: Shutting down and abandoning module PhysXCooking (126)
[2026.04.12-01.39.52:726][494]LogModuleManager: Shutting down and abandoning module Chaos (124)
[2026.04.12-01.39.52:726][494]LogModuleManager: Shutting down and abandoning module WindowsPlatformFeatures (122)
[2026.04.12-01.39.52:726][494]LogModuleManager: Shutting down and abandoning module GameplayMediaEncoder (121)
[2026.04.12-01.39.52:727][494]LogModuleManager: Shutting down and abandoning module AVEncoder (120)
[2026.04.12-01.39.52:727][494]LogModuleManager: Shutting down and abandoning module SteamVRInputDevice (116)
[2026.04.12-01.39.52:727][494]LogModuleManager: Shutting down and abandoning module SteamVRInput (114)
[2026.04.12-01.39.52:727][494]LogModuleManager: Shutting down and abandoning module SteamVR (112)
[2026.04.12-01.39.52:727][494]LogHMD: Freeing OpenVRDLLHandle.
[2026.04.12-01.39.52:727][494]LogModuleManager: Shutting down and abandoning module OculusHMD (110)
[2026.04.12-01.39.52:727][494]LogModuleManager: Shutting down and abandoning module OpenXRHandTracking (108)
[2026.04.12-01.39.52:741][494]LogSlate: Slate User Destroyed.  User Index 0, Is Virtual User: 0
[2026.04.12-01.39.52:741][494]LogModuleManager: Shutting down and abandoning module OpenXREyeTracker (106)
[2026.04.12-01.39.52:741][494]LogModuleManager: Shutting down and abandoning module OpenXRAR (104)
[2026.04.12-01.39.52:741][494]LogModuleManager: Shutting down and abandoning module AugmentedReality (103)
[2026.04.12-01.39.52:741][494]LogModuleManager: Shutting down and abandoning module OpenXRHMD (100)
[2026.04.12-01.39.52:751][494]LogModuleManager: Shutting down and abandoning module LauncherChunkInstaller (98)
[2026.04.12-01.39.52:751][494]LogModuleManager: Shutting down and abandoning module ExampleDeviceProfileSelector (96)
[2026.04.12-01.39.52:751][494]LogModuleManager: Shutting down and abandoning module ChunkDownloader (94)
[2026.04.12-01.39.52:751][494]LogModuleManager: Shutting down and abandoning module OnlineBlueprintSupport (92)
[2026.04.12-01.39.52:751][494]LogModuleManager: Shutting down and abandoning module OnlineSubsystem (88)
[2026.04.12-01.39.52:752][494]LogModuleManager: Shutting down and abandoning module XMPP (83)
[2026.04.12-01.39.52:752][494]LogModuleManager: Shutting down and abandoning module WebSockets (82)
[2026.04.12-01.39.52:759][494]LogModuleManager: Shutting down and abandoning module HTTP (79)
[2026.04.12-01.39.52:759][494]LogHttp: Display: Http module shutting down, but needs to wait on 2 outstanding Http requests:
[2026.04.12-01.39.52:759][494]LogHttp: Display: 	verb=[POST] url=[https://datarouter.ol.epicgames.com/datarouter/api/v1/public/data?SessionID=%7B007BD589-4FF9-26CA-BECB-1A9D14756944%7D&AppID=UEEditor.Rocket.Release&AppVersion=4.27.2-18319896%2B%2B%2BUE4%2BRelease-4.27&UserID=8fcc38ac48a66c8769f65980695484d0%7C6166004a434a48438f2a089efd603187%7C76f2bdca-bd28-4f11-b47b-d1fed44a7397&AppEnvironment=datacollector-binary&UploadType=eteventstream] refs=[1] status=Processing
[2026.04.12-01.39.52:759][494]LogHttp: Display: 	verb=[POST] url=[https://datarouter.ol.epicgames.com/datarouter/api/v1/public/data?SessionID=%7B007BD589-4FF9-26CA-BECB-1A9D14756944%7D&AppID=UEEditor.Rocket.Release&AppVersion=4.27.2-18319896%2B%2B%2BUE4%2BRelease-4.27&UserID=8fcc38ac48a66c8769f65980695484d0%7C6166004a434a48438f2a089efd603187%7C76f2bdca-bd28-4f11-b47b-d1fed44a7397&AppEnvironment=datacollector-binary&UploadType=eteventstream] refs=[1] status=Processing
[2026.04.12-01.39.52:759][494]LogHttp: Display: cleaning up 2 outstanding Http requests.
[2026.04.12-01.39.52:808][494]LogModuleManager: Shutting down and abandoning module SSL (78)
[2026.04.12-01.39.52:828][494]LogModuleManager: Shutting down and abandoning module WmfMedia (74)
[2026.04.12-01.39.52:833][494]LogModuleManager: Shutting down and abandoning module Media (73)
[2026.04.12-01.39.52:835][494]LogModuleManager: Shutting down and abandoning module MediaInfo (72)
[2026.04.12-01.39.52:836][494]LogModuleManager: Shutting down and abandoning module ExrReaderGpu (68)
[2026.04.12-01.39.52:836][494]LogModuleManager: Shutting down and abandoning module MLSDK (66)
[2026.04.12-01.39.52:836][494]LogModuleManager: Shutting down and abandoning module MagicLeap (64)
[2026.04.12-01.39.52:836][494]LogModuleManager: Shutting down and abandoning module ChaosCloth (62)
[2026.04.12-01.39.52:836][494]LogModuleManager: Shutting down and abandoning module NiagaraVertexFactories (60)
[2026.04.12-01.39.52:836][494]LogModuleManager: Shutting down and abandoning module NiagaraShader (58)
[2026.04.12-01.39.52:836][494]LogModuleManager: Shutting down and abandoning module VariantManagerContent (56)
[2026.04.12-01.39.52:836][494]LogModuleManager: Shutting down and abandoning module DatasmithContent (54)
[2026.04.12-01.39.52:836][494]LogModuleManager: Shutting down and abandoning module PixWinPlugin (52)
[2026.04.12-01.39.52:837][494]LogModuleManager: Shutting down and abandoning module AISupportModule (50)
[2026.04.12-01.39.52:837][494]LogModuleManager: Shutting down and abandoning module DesktopPlatform (48)
[2026.04.12-01.39.52:837][494]LogModuleManager: Shutting down and abandoning module PythonScriptPluginPreload (46)
[2026.04.12-01.39.52:838][494]LogModuleManager: Shutting down and abandoning module PlatformCryptoOpenSSL (44)
[2026.04.12-01.39.52:838][494]LogModuleManager: Shutting down and abandoning module PlatformCryptoTypes (42)
[2026.04.12-01.39.52:838][494]LogModuleManager: Shutting down and abandoning module PlatformCrypto (40)
[2026.04.12-01.39.52:838][494]LogModuleManager: Shutting down and abandoning module OodleDataCompressionFormat (38)
[2026.04.12-01.39.52:838][494]LogModuleManager: Shutting down and abandoning module XGEController (36)
[2026.04.12-01.39.52:838][494]LogModuleManager: Shutting down and abandoning module AnimationModifiers (34)
[2026.04.12-01.39.52:838][494]LogModuleManager: Shutting down and abandoning module AudioEditor (32)
[2026.04.12-01.39.52:841][494]LogModuleManager: Shutting down and abandoning module PropertyEditor (31)
[2026.04.12-01.39.52:842][494]LogModuleManager: Shutting down and abandoning module TextureCompressor (28)
[2026.04.12-01.39.52:842][494]LogModuleManager: Shutting down and abandoning module RenderCore (26)
[2026.04.12-01.39.52:842][494]LogModuleManager: Shutting down and abandoning module Landscape (24)
[2026.04.12-01.39.52:842][494]LogModuleManager: Shutting down and abandoning module SlateRHIRenderer (22)
[2026.04.12-01.39.52:855][494]LogModuleManager: Shutting down and abandoning module AnimGraphRuntime (20)
[2026.04.12-01.39.52:855][494]LogModuleManager: Shutting down and abandoning module Renderer (18)
[2026.04.12-01.39.52:855][494]LogModuleManager: Shutting down and abandoning module Engine (16)
[2026.04.12-01.39.52:856][494]LogModuleManager: Shutting down and abandoning module CoreUObject (14)
[2026.04.12-01.39.52:856][494]LogModuleManager: Shutting down and abandoning module NetworkFile (12)
[2026.04.12-01.39.52:856][494]LogModuleManager: Shutting down and abandoning module CookedIterativeFile (10)
[2026.04.12-01.39.52:856][494]LogModuleManager: Shutting down and abandoning module StreamingFile (8)
[2026.04.12-01.39.52:856][494]LogModuleManager: Shutting down and abandoning module SandboxFile (6)
[2026.04.12-01.39.52:856][494]LogModuleManager: Shutting down and abandoning module PakFile (4)
[2026.04.12-01.39.52:857][494]LogModuleManager: Shutting down and abandoning module RSA (3)
[2026.04.12-01.39.52:857][494]LogContentStreaming: Display: There are 1 unreleased StreamingManagers
[2026.04.12-01.39.52:901][494]LogD3D11RHI: Shutdown
[2026.04.12-01.39.52:901][494]LogD3D11RHI: CleanupD3DDevice
[2026.04.12-01.39.52:930][494]LogExit: Exiting.
[2026.04.12-01.39.52:947][494]Log file closed, 04/11/26 19:39:52
