Log file open, 04/07/26 17:00:01
LogWindows: Failed to load 'aqProf.dll' (GetLastError=126)
LogWindows: File 'aqProf.dll' does not exist
LogWindows: Failed to load 'VtuneApi.dll' (GetLastError=126)
LogWindows: File 'VtuneApi.dll' does not exist
LogWindows: Failed to load 'VtuneApi32e.dll' (GetLastError=126)
LogWindows: File 'VtuneApi32e.dll' does not exist
LogConsoleResponse: Display: Failed to find resolution value strings in scalability ini. Falling back to default.
LogConsoleResponse: Display: Failed to find resolution value strings in scalability ini. Falling back to default.
LogInit: Display: Running engine for game: CPSC399Game
LogPlatformFile: Not using cached read wrapper
LogTaskGraph: Started task graph with 5 named threads and 59 total threads with 3 sets of task threads.
LogStats: Stats thread started at 0.210004
LogICUInternationalization: ICU TimeZone Detection - Raw Offset: -7:00, Platform Override: ''
LogInit: Display: Loading text-based GConfig....
LogPluginManager: Mounting plugin MeshPainting
LogPluginManager: Mounting plugin XGEController
LogPluginManager: Mounting plugin Paper2D
LogPluginManager: Mounting plugin AISupport
LogPluginManager: Mounting plugin EnvironmentQueryEditor
LogPluginManager: Mounting plugin LightPropagationVolume
LogPluginManager: Mounting plugin LiveLink
LogPluginManager: Mounting plugin CameraShakePreviewer
LogPluginManager: Mounting plugin GameplayCameras
LogPluginManager: Mounting plugin OodleData
LogPluginManager: Mounting plugin AssetManagerEditor
LogPluginManager: Mounting plugin CryptoKeys
LogPluginManager: Mounting plugin FacialAnimation
LogPluginManager: Mounting plugin OodleNetwork
LogPluginManager: Mounting plugin GameplayTagsEditor
LogPluginManager: Mounting plugin GeometryMode
LogPluginManager: Mounting plugin DataValidation
LogPluginManager: Mounting plugin MaterialAnalyzer
LogPluginManager: Mounting plugin MobileLauncherProfileWizard
LogPluginManager: Mounting plugin SpeedTreeImporter
LogPluginManager: Mounting plugin MacGraphicsSwitching
LogPluginManager: Mounting plugin PluginBrowser
LogPluginManager: Mounting plugin DatasmithContent
LogPluginManager: Mounting plugin AnimationSharing
LogPluginManager: Mounting plugin CurveEditorTools
LogPluginManager: Mounting plugin CLionSourceCodeAccess
LogPluginManager: Mounting plugin VariantManagerContent
LogPluginManager: Mounting plugin KDevelopSourceCodeAccess
LogPluginManager: Mounting plugin NullSourceCodeAccess
LogPluginManager: Mounting plugin PerforceSourceControl
LogPluginManager: Mounting plugin PluginUtils
LogPluginManager: Mounting plugin PropertyAccessNode
LogPluginManager: Mounting plugin PixWinPlugin
LogPluginManager: Mounting plugin PlasticSourceControl
LogPluginManager: Mounting plugin TextureFormatOodle
LogPluginManager: Mounting plugin CodeLiteSourceCodeAccess
LogPluginManager: Mounting plugin RiderSourceCodeAccess
LogPluginManager: Mounting plugin GitSourceControl
LogPluginManager: Mounting plugin SubversionSourceControl
LogPluginManager: Mounting plugin UObjectPlugin
LogPluginManager: Mounting plugin VisualStudioSourceCodeAccess
LogPluginManager: Mounting plugin XCodeSourceCodeAccess
LogPluginManager: Mounting plugin AutomationUtils
LogPluginManager: Mounting plugin BackChannel
LogPluginManager: Mounting plugin ChaosCloth
LogPluginManager: Mounting plugin VisualStudioCodeSourceCodeAccess
LogPluginManager: Mounting plugin ChaosClothEditor
LogPluginManager: Mounting plugin ChaosEditor
LogPluginManager: Mounting plugin ChaosSolverPlugin
LogPluginManager: Mounting plugin CharacterAI
LogPluginManager: Mounting plugin ChaosNiagara
LogPluginManager: Mounting plugin AlembicImporter
LogPluginManager: Mounting plugin Niagara
LogPluginManager: Mounting plugin GeometryProcessing
LogPluginManager: Mounting plugin GeometryCache
LogPluginManager: Mounting plugin GeometryCollectionPlugin
LogPluginManager: Mounting plugin MotoSynth
LogPluginManager: Mounting plugin PlanarCut
LogPluginManager: Mounting plugin ProxyLODPlugin
LogPluginManager: Mounting plugin OpenImageDenoise
LogPluginManager: Mounting plugin PlatformCrypto
LogPluginManager: Mounting plugin PythonScriptPlugin
LogPluginManager: Mounting plugin SkeletalReduction
LogPluginManager: Mounting plugin LuminPlatformFeatures
LogPluginManager: Mounting plugin MagicLeap
LogPluginManager: Mounting plugin MagicLeapLightEstimation
LogPluginManager: Mounting plugin MagicLeapPassableWorld
LogPluginManager: Mounting plugin MagicLeapMedia
LogPluginManager: Mounting plugin MLSDK
LogPluginManager: Mounting plugin AndroidMedia
LogPluginManager: Mounting plugin ImgMedia
LogPluginManager: Mounting plugin MediaCompositing
LogPluginManager: Mounting plugin WebMMedia
LogPluginManager: Mounting plugin WmfMedia
LogPluginManager: Mounting plugin MediaPlayerEditor
LogPluginManager: Mounting plugin TcpMessaging
LogPluginManager: Mounting plugin UdpMessaging
LogPluginManager: Mounting plugin ActorSequence
LogPluginManager: Mounting plugin AvfMedia
LogPluginManager: Mounting plugin LevelSequenceEditor
LogPluginManager: Mounting plugin TemplateSequence
LogPluginManager: Mounting plugin LauncherChunkInstaller
LogPluginManager: Mounting plugin MatineeToLevelSequence
LogPluginManager: Mounting plugin ActorLayerUtilities
LogPluginManager: Mounting plugin AndroidPermission
LogPluginManager: Mounting plugin AndroidMoviePlayer
LogPluginManager: Mounting plugin AppleImageUtils
LogPluginManager: Mounting plugin ArchVisCharacter
LogPluginManager: Mounting plugin AudioCapture
LogPluginManager: Mounting plugin AudioSynesthesia
LogPluginManager: Mounting plugin AssetTags
LogPluginManager: Mounting plugin CableComponent
LogPluginManager: Mounting plugin ChunkDownloader
LogPluginManager: Mounting plugin CustomMeshComponent
LogPluginManager: Mounting plugin ExampleDeviceProfileSelector
LogPluginManager: Mounting plugin GoogleCloudMessaging
LogPluginManager: Mounting plugin OnlineSubsystem
LogPluginManager: Mounting plugin EditableMesh
LogPluginManager: Mounting plugin OnlineSubsystemNull
LogPluginManager: Mounting plugin OnlineSubsystemUtils
LogPluginManager: Mounting plugin GooglePAD
LogPluginManager: Mounting plugin LinuxDeviceProfileSelector
LogPluginManager: Mounting plugin IOSDeviceProfileSelector
LogPluginManager: Mounting plugin LocationServicesBPLibrary
LogPluginManager: Mounting plugin MobilePatchingUtils
LogPluginManager: Mounting plugin OpenXR
LogPluginManager: Mounting plugin OpenXRHandTracking
LogPluginManager: Mounting plugin OpenXREyeTracker
LogPluginManager: Mounting plugin PostSplashScreen
LogPluginManager: Mounting plugin PropertyAccessEditor
LogPluginManager: Mounting plugin PhysXVehicles
LogPluginManager: Mounting plugin SignificanceManager
LogPluginManager: Mounting plugin RuntimePhysXCooking
LogPluginManager: Mounting plugin SoundFields
LogPluginManager: Mounting plugin AppleMoviePlayer
LogPluginManager: Mounting plugin WindowsMoviePlayer
LogPluginManager: Mounting plugin Synthesis
LogPluginManager: Mounting plugin WebMMoviePlayer
LogPluginManager: Mounting plugin AndroidDeviceProfileSelector
LogPluginManager: Mounting plugin ScreenshotTools
LogPluginManager: Mounting plugin Takes
LogPluginManager: Mounting plugin ProceduralMeshComponent
LogPluginManager: Mounting plugin ContentBrowserAssetDataSource
LogPluginManager: Mounting plugin ContentBrowserClassDataSource
LogPluginManager: Mounting plugin ContentBrowserFileDataSource
LogPluginManager: Mounting plugin OnlineSubsystemGooglePlay
LogPluginManager: Mounting plugin OnlineSubsystemIOS
LogPluginManager: Mounting plugin OculusVR
LogPluginManager: Mounting plugin SteamVR
PixWinPlugin: PIX capture plugin failed to initialize! Check that the process is launched from PIX.
LogInit: Using libcurl 7.55.1-DEV
LogInit:  - built for x86_64-pc-win32
LogInit:  - supports SSL with OpenSSL/1.1.1
LogInit:  - supports HTTP deflate (compression) using libz 1.2.8
LogInit:  - other features:
LogInit:      CURL_VERSION_SSL
LogInit:      CURL_VERSION_LIBZ
LogInit:      CURL_VERSION_IPV6
LogInit:      CURL_VERSION_ASYNCHDNS
LogInit:      CURL_VERSION_LARGEFILE
LogInit:      CURL_VERSION_IDN
LogInit:  CurlRequestOptions (configurable via config and command line):
LogInit:  - bVerifyPeer = true  - Libcurl will verify peer certificate
LogInit:  - bUseHttpProxy = false  - Libcurl will NOT use HTTP proxy
LogInit:  - bDontReuseConnections = false  - Libcurl will reuse connections
LogInit:  - MaxHostConnections = 16  - Libcurl will limit the number of connections to a host
LogInit:  - LocalHostAddr = Default
LogInit:  - BufferSize = 65536
LogOnline: OSS: Creating online subsystem instance for: NULL
LogInit: WinSock: version 1.1 (2.2), MaxSocks=32767, MaxUdp=65467
LogOnline: OSS: TryLoadSubsystemAndSetDefault: Loaded subsystem for module [NULL]
LogOculusPluginWrapper: OculusPlugin initialized successfully
LogHMD: Failed initializing OVRPlugin 1.59.0
LogInit: Build: ++UE4+Release-4.27-CL-18319896
LogInit: Engine Version: 4.27.2-18319896+++UE4+Release-4.27
LogInit: Compatible Engine Version: 4.27.0-17155196+++UE4+Release-4.27
LogInit: Net CL: 17155196
LogInit: OS: Windows 10 (Release 2009) (), CPU: 12th Gen Intel(R) Core(TM) i7-12700H, GPU: NVIDIA GeForce RTX 3050 Ti Laptop GPU
LogInit: Compiled (64-bit): Nov 30 2021 07:12:08
LogInit: Compiled with Visual C++: 19.24.28315.00
LogInit: Build Configuration: Development
LogInit: Branch Name: ++UE4+Release-4.27
LogInit: Command Line:  -AUTH_LOGIN=unused -AUTH_PASSWORD=047b6ff35cf8425f823426eda5a61e22 -AUTH_TYPE=exchangecode -epicapp=UE_4.27 -epicenv=Prod -EpicPortal -epicusername=777-Arpit-777 -epicuserid=204d6d5d502243a9a55e59676d61b6bc -epiclocale=en -epicsandboxid=ue
LogInit: Base Directory: C:/Program Files/Epic Games/UE_4.27/Engine/Binaries/Win64/
LogInit: Allocator: TBB
LogInit: Installed Engine Build: 1
LogDevObjectVersion: Number of dev versions registered: 29
LogDevObjectVersion:   Dev-Blueprints (B0D832E4-1F89-4F0D-ACCF-7EB736FD4AA2): 10
LogDevObjectVersion:   Dev-Build (E1C64328-A22C-4D53-A36C-8E866417BD8C): 0
LogDevObjectVersion:   Dev-Core (375EC13C-06E4-48FB-B500-84F0262A717E): 4
LogDevObjectVersion:   Dev-Editor (E4B068ED-F494-42E9-A231-DA0B2E46BB41): 40
LogDevObjectVersion:   Dev-Framework (CFFC743F-43B0-4480-9391-14DF171D2073): 37
LogDevObjectVersion:   Dev-Mobile (B02B49B5-BB20-44E9-A304-32B752E40360): 3
LogDevObjectVersion:   Dev-Networking (A4E4105C-59A1-49B5-A7C5-40C4547EDFEE): 0
LogDevObjectVersion:   Dev-Online (39C831C9-5AE6-47DC-9A44-9C173E1C8E7C): 0
LogDevObjectVersion:   Dev-Physics (78F01B33-EBEA-4F98-B9B4-84EACCB95AA2): 14
LogDevObjectVersion:   Dev-Platform (6631380F-2D4D-43E0-8009-CF276956A95A): 0
LogDevObjectVersion:   Dev-Rendering (12F88B9F-8875-4AFC-A67C-D90C383ABD29): 45
LogDevObjectVersion:   Dev-Sequencer (7B5AE74C-D270-4C10-A958-57980B212A5A): 13
LogDevObjectVersion:   Dev-VR (D7296918-1DD6-4BDD-9DE2-64A83CC13884): 3
LogDevObjectVersion:   Dev-LoadTimes (C2A15278-BFE7-4AFE-6C17-90FF531DF755): 1
LogDevObjectVersion:   Private-Geometry (6EACA3D4-40EC-4CC1-B786-8BED09428FC5): 3
LogDevObjectVersion:   Dev-AnimPhys (29E575DD-E0A3-4627-9D10-D276232CDCEA): 17
LogDevObjectVersion:   Dev-Anim (AF43A65D-7FD3-4947-9873-3E8ED9C1BB05): 15
LogDevObjectVersion:   Dev-ReflectionCapture (6B266CEC-1EC7-4B8F-A30B-E4D90942FC07): 1
LogDevObjectVersion:   Dev-Automation (0DF73D61-A23F-47EA-B727-89E90C41499A): 1
LogDevObjectVersion:   FortniteMain (601D1886-AC64-4F84-AA16-D3DE0DEAC7D6): 47
LogDevObjectVersion:   FortniteRelease (E7086368-6B23-4C58-8439-1B7016265E91): 1
LogDevObjectVersion:   Dev-Enterprise (9DFFBCD6-494F-0158-E221-12823C92A888): 10
LogDevObjectVersion:   Dev-Niagara (F2AED0AC-9AFE-416F-8664-AA7FFA26D6FC): 1
LogDevObjectVersion:   Dev-Destruction (174F1F0B-B4C6-45A5-B13F-2EE8D0FB917D): 10
LogDevObjectVersion:   Dev-Physics-Ext (35F94A83-E258-406C-A318-09F59610247C): 41
LogDevObjectVersion:   Dev-PhysicsMaterial-Chaos (B68FC16E-8B1B-42E2-B453-215C058844FE): 1
LogDevObjectVersion:   Dev-CineCamera (B2E18506-4273-CFC2-A54E-F4BB758BBA07): 1
LogDevObjectVersion:   Dev-VirtualProduction (64F58936-FD1B-42BA-BA96-7289D5D0FA4E): 1
LogDevObjectVersion:   Dev-MediaFramework (6F0ED827-A609-4895-9C91-998D90180EA4): 2
LogInit: Presizing for max 25165824 objects, including 0 objects not considered by GC, pre-allocating 0 bytes for permanent pool.
LogConfig: Applying CVar settings from Section [/Script/Engine.StreamingSettings] File [C:/Users/asus/Desktop/Assign 565/My project/CPSC399_Game/CPSC399Game/Saved/Config/Windows/Engine.ini]
LogConfig: Setting CVar [[s.MinBulkDataSizeForAsyncLoading:131072]]
LogConfig: Setting CVar [[s.AsyncLoadingThreadEnabled:0]]
LogConfig: Setting CVar [[s.EventDrivenLoaderEnabled:1]]
LogConfig: Setting CVar [[s.WarnIfTimeLimitExceeded:0]]
LogConfig: Setting CVar [[s.TimeLimitExceededMultiplier:1.5]]
LogConfig: Setting CVar [[s.TimeLimitExceededMinTime:0.005]]
LogConfig: Setting CVar [[s.UseBackgroundLevelStreaming:1]]
LogConfig: Setting CVar [[s.PriorityAsyncLoadingExtraTime:15.0]]
LogConfig: Setting CVar [[s.LevelStreamingActorsUpdateTimeLimit:5.0]]
LogConfig: Setting CVar [[s.PriorityLevelStreamingActorsUpdateExtraTime:5.0]]
LogConfig: Setting CVar [[s.LevelStreamingComponentsRegistrationGranularity:10]]
LogConfig: Setting CVar [[s.UnregisterComponentsTimeLimit:1.0]]
LogConfig: Setting CVar [[s.LevelStreamingComponentsUnregistrationGranularity:5]]
LogConfig: Setting CVar [[s.FlushStreamingOnExit:1]]
LogInit: Object subsystem initialized
LogConfig: Setting CVar [[con.DebugEarlyDefault:1]]
LogConfig: Setting CVar [[r.setres:1280x720]]
[2026.04.07-23.00.01:700][  0]LogConfig: Setting CVar [[r.VSync:0]]
[2026.04.07-23.00.01:700][  0]LogConfig: Setting CVar [[r.RHICmdBypass:0]]
[2026.04.07-23.00.01:700][  0]LogConfig: Applying CVar settings from Section [/Script/Engine.RendererSettings] File [C:/Users/asus/Desktop/Assign 565/My project/CPSC399_Game/CPSC399Game/Saved/Config/Windows/Engine.ini]
[2026.04.07-23.00.01:700][  0]LogConfig: Setting CVar [[r.GPUCrashDebugging:0]]
[2026.04.07-23.00.01:700][  0]LogConfig: Setting CVar [[r.Mobile.DisableVertexFog:1]]
[2026.04.07-23.00.01:700][  0]LogConfig: Setting CVar [[r.Shadow.CSM.MaxMobileCascades:2]]
[2026.04.07-23.00.01:700][  0]LogConfig: Setting CVar [[r.MobileMSAA:1]]
[2026.04.07-23.00.01:700][  0]LogConfig: Setting CVar [[r.Mobile.AllowDitheredLODTransition:0]]
[2026.04.07-23.00.01:700][  0]LogConfig: Setting CVar [[r.Mobile.AllowSoftwareOcclusion:0]]
[2026.04.07-23.00.01:700][  0]LogConfig: Setting CVar [[r.Mobile.VirtualTextures:0]]
[2026.04.07-23.00.01:700][  0]LogConfig: Setting CVar [[r.DiscardUnusedQuality:0]]
[2026.04.07-23.00.01:700][  0]LogConfig: Setting CVar [[r.AllowOcclusionQueries:1]]
[2026.04.07-23.00.01:700][  0]LogConfig: Setting CVar [[r.MinScreenRadiusForLights:0.030000]]
[2026.04.07-23.00.01:701][  0]LogConfig: Setting CVar [[r.MinScreenRadiusForDepthPrepass:0.030000]]
[2026.04.07-23.00.01:701][  0]LogConfig: Setting CVar [[r.MinScreenRadiusForCSMDepth:0.010000]]
[2026.04.07-23.00.01:701][  0]LogConfig: Setting CVar [[r.PrecomputedVisibilityWarning:0]]
[2026.04.07-23.00.01:701][  0]LogConfig: Setting CVar [[r.TextureStreaming:1]]
[2026.04.07-23.00.01:701][  0]LogConfig: Setting CVar [[Compat.UseDXT5NormalMaps:0]]
[2026.04.07-23.00.01:701][  0]LogConfig: Setting CVar [[r.VirtualTextures:0]]
[2026.04.07-23.00.01:701][  0]LogConfig: Setting CVar [[r.VT.EnableAutoImport:1]]
[2026.04.07-23.00.01:701][  0]LogConfig: Setting CVar [[r.VirtualTexturedLightmaps:0]]
[2026.04.07-23.00.01:701][  0]LogConfig: Setting CVar [[r.VT.TileSize:128]]
[2026.04.07-23.00.01:701][  0]LogConfig: Setting CVar [[r.VT.TileBorderSize:4]]
[2026.04.07-23.00.01:701][  0]LogConfig: Setting CVar [[r.vt.FeedbackFactor:16]]
[2026.04.07-23.00.01:701][  0]LogConfig: Setting CVar [[r.VT.EnableCompressZlib:1]]
[2026.04.07-23.00.01:701][  0]LogConfig: Setting CVar [[r.VT.EnableCompressCrunch:0]]
[2026.04.07-23.00.01:701][  0]LogConfig: Setting CVar [[r.ClearCoatNormal:0]]
[2026.04.07-23.00.01:701][  0]LogConfig: Setting CVar [[r.ReflectionCaptureResolution:128]]
[2026.04.07-23.00.01:701][  0]LogConfig: Setting CVar [[r.Mobile.ReflectionCaptureCompression:0]]
[2026.04.07-23.00.01:701][  0]LogConfig: Setting CVar [[r.ReflectionEnvironmentLightmapMixBasedOnRoughness:1]]
[2026.04.07-23.00.01:701][  0]LogConfig: Setting CVar [[r.ForwardShading:0]]
[2026.04.07-23.00.01:701][  0]LogConfig: Setting CVar [[r.VertexFoggingForOpaque:1]]
[2026.04.07-23.00.01:701][  0]LogConfig: Setting CVar [[r.AllowStaticLighting:1]]
[2026.04.07-23.00.01:701][  0]LogConfig: Setting CVar [[r.NormalMapsForStaticLighting:0]]
[2026.04.07-23.00.01:701][  0]LogConfig: Setting CVar [[r.GenerateMeshDistanceFields:0]]
[2026.04.07-23.00.01:701][  0]LogConfig: Setting CVar [[r.DistanceFieldBuild.EightBit:0]]
[2026.04.07-23.00.01:701][  0]LogConfig: Setting CVar [[r.GenerateLandscapeGIData:0]]
[2026.04.07-23.00.01:701][  0]LogConfig: Setting CVar [[r.DistanceFieldBuild.Compress:0]]
[2026.04.07-23.00.01:701][  0]LogConfig: Setting CVar [[r.TessellationAdaptivePixelsPerTriangle:48.000000]]
[2026.04.07-23.00.01:701][  0]LogConfig: Setting CVar [[r.SeparateTranslucency:1]]
[2026.04.07-23.00.01:701][  0]LogConfig: Setting CVar [[r.TranslucentSortPolicy:0]]
[2026.04.07-23.00.01:701][  0]LogConfig: Setting CVar [[vr.VRS.HMDFixedFoveationLevel:0]]
[2026.04.07-23.00.01:701][  0]LogConfig: Setting CVar [[r.CustomDepth:1]]
[2026.04.07-23.00.01:701][  0]LogConfig: Setting CVar [[r.CustomDepthTemporalAAJitter:1]]
[2026.04.07-23.00.01:701][  0]LogConfig: Setting CVar [[r.PostProcessing.PropagateAlpha:0]]
[2026.04.07-23.00.01:701][  0]LogConfig: Setting CVar [[r.DefaultFeature.Bloom:1]]
[2026.04.07-23.00.01:701][  0]LogConfig: Setting CVar [[r.DefaultFeature.AmbientOcclusion:1]]
[2026.04.07-23.00.01:701][  0]LogConfig: Setting CVar [[r.DefaultFeature.AmbientOcclusionStaticFraction:1]]
[2026.04.07-23.00.01:701][  0]LogConfig: Setting CVar [[r.DefaultFeature.AutoExposure:0]]
[2026.04.07-23.00.01:701][  0]LogConfig: Setting CVar [[r.DefaultFeature.AutoExposure.Method:0]]
[2026.04.07-23.00.01:701][  0]LogConfig: Setting CVar [[r.DefaultFeature.AutoExposure.Bias:1.000000]]
[2026.04.07-23.00.01:701][  0]LogConfig: Setting CVar [[r.DefaultFeature.AutoExposure.ExtendDefaultLuminanceRange:0]]
[2026.04.07-23.00.01:701][  0]LogConfig: Setting CVar [[r.UsePreExposure:1]]
[2026.04.07-23.00.01:701][  0]LogConfig: Setting CVar [[r.EyeAdaptation.EditorOnly:0]]
[2026.04.07-23.00.01:701][  0]LogConfig: Setting CVar [[r.DefaultFeature.MotionBlur:0]]
[2026.04.07-23.00.01:701][  0]LogConfig: Setting CVar [[r.DefaultFeature.LensFlare:0]]
[2026.04.07-23.00.01:701][  0]LogConfig: Setting CVar [[r.TemporalAA.Upsampling:0]]
[2026.04.07-23.00.01:701][  0]LogConfig: Setting CVar [[r.SSGI.Enable:0]]
[2026.04.07-23.00.01:701][  0]LogConfig: Setting CVar [[r.DefaultFeature.AntiAliasing:0]]
[2026.04.07-23.00.01:701][  0]LogConfig: Setting CVar [[r.DefaultFeature.LightUnits:1]]
[2026.04.07-23.00.01:701][  0]LogConfig: Setting CVar [[r.DefaultBackBufferPixelFormat:4]]
[2026.04.07-23.00.01:701][  0]LogConfig: Setting CVar [[r.Shadow.UnbuiltPreviewInGame:1]]
[2026.04.07-23.00.01:701][  0]LogConfig: Setting CVar [[r.StencilForLODDither:0]]
[2026.04.07-23.00.01:701][  0]LogConfig: Setting CVar [[r.EarlyZPass:3]]
[2026.04.07-23.00.01:701][  0]LogConfig: Setting CVar [[r.EarlyZPassOnlyMaterialMasking:0]]
[2026.04.07-23.00.01:701][  0]LogConfig: Setting CVar [[r.DBuffer:1]]
[2026.04.07-23.00.01:701][  0]LogConfig: Setting CVar [[r.ClearSceneMethod:1]]
[2026.04.07-23.00.01:701][  0]LogConfig: Setting CVar [[r.BasePassOutputsVelocity:0]]
[2026.04.07-23.00.01:701][  0]LogConfig: Setting CVar [[r.VertexDeformationOutputsVelocity:0]]
[2026.04.07-23.00.01:701][  0]LogConfig: Setting CVar [[r.SelectiveBasePassOutputs:0]]
[2026.04.07-23.00.01:701][  0]LogConfig: Setting CVar [[fx.GPUSimulationTextureSizeX:1024]]
[2026.04.07-23.00.01:701][  0]LogConfig: Setting CVar [[fx.GPUSimulationTextureSizeY:1024]]
[2026.04.07-23.00.01:701][  0]LogConfig: Setting CVar [[r.AllowGlobalClipPlane:0]]
[2026.04.07-23.00.01:701][  0]LogConfig: Setting CVar [[r.GBufferFormat:1]]
[2026.04.07-23.00.01:701][  0]LogConfig: Setting CVar [[r.MorphTarget.Mode:1]]
[2026.04.07-23.00.01:701][  0]LogConfig: Setting CVar [[vr.InstancedStereo:0]]
[2026.04.07-23.00.01:701][  0]LogConfig: Setting CVar [[r.MobileHDR:1]]
[2026.04.07-23.00.01:701][  0]LogConfig: Setting CVar [[vr.MobileMultiView:0]]
[2026.04.07-23.00.01:701][  0]LogConfig: Setting CVar [[r.Mobile.UseHWsRGBEncoding:0]]
[2026.04.07-23.00.01:701][  0]LogConfig: Setting CVar [[vr.RoundRobinOcclusion:0]]
[2026.04.07-23.00.01:701][  0]LogConfig: Setting CVar [[vr.ODSCapture:0]]
[2026.04.07-23.00.01:701][  0]LogConfig: Setting CVar [[r.MeshStreaming:0]]
[2026.04.07-23.00.01:701][  0]LogConfig: Setting CVar [[r.WireframeCullThreshold:5.000000]]
[2026.04.07-23.00.01:701][  0]LogConfig: Setting CVar [[r.RayTracing:0]]
[2026.04.07-23.00.01:701][  0]LogConfig: Setting CVar [[r.RayTracing.UseTextureLod:0]]
[2026.04.07-23.00.01:701][  0]LogConfig: Setting CVar [[r.SupportStationarySkylight:1]]
[2026.04.07-23.00.01:701][  0]LogConfig: Setting CVar [[r.SupportLowQualityLightmaps:1]]
[2026.04.07-23.00.01:701][  0]LogConfig: Setting CVar [[r.SupportPointLightWholeSceneShadows:1]]
[2026.04.07-23.00.01:701][  0]LogConfig: Setting CVar [[r.SupportAtmosphericFog:1]]
[2026.04.07-23.00.01:701][  0]LogConfig: Setting CVar [[r.SupportSkyAtmosphere:1]]
[2026.04.07-23.00.01:701][  0]LogConfig: Setting CVar [[r.SupportSkyAtmosphereAffectsHeightFog:0]]
[2026.04.07-23.00.01:701][  0]LogConfig: Setting CVar [[r.SkinCache.CompileShaders:0]]
[2026.04.07-23.00.01:701][  0]LogConfig: Setting CVar [[r.SkinCache.DefaultBehavior:1]]
[2026.04.07-23.00.01:701][  0]LogConfig: Setting CVar [[r.SkinCache.SceneMemoryLimitInMB:128.000000]]
[2026.04.07-23.00.01:701][  0]LogConfig: Setting CVar [[r.Mobile.EnableStaticAndCSMShadowReceivers:1]]
[2026.04.07-23.00.01:701][  0]LogConfig: Setting CVar [[r.Mobile.EnableMovableLightCSMShaderCulling:1]]
[2026.04.07-23.00.01:701][  0]LogConfig: Setting CVar [[r.Mobile.AllowDistanceFieldShadows:1]]
[2026.04.07-23.00.01:701][  0]LogConfig: Setting CVar [[r.Mobile.AllowMovableDirectionalLights:1]]
[2026.04.07-23.00.01:701][  0]LogConfig: Setting CVar [[r.MobileNumDynamicPointLights:4]]
[2026.04.07-23.00.01:701][  0]LogConfig: Setting CVar [[r.MobileDynamicPointLightsUseStaticBranch:1]]
[2026.04.07-23.00.01:701][  0]LogConfig: Setting CVar [[r.Mobile.EnableMovableSpotlights:0]]
[2026.04.07-23.00.01:701][  0]LogConfig: Setting CVar [[r.Mobile.EnableMovableSpotlightsShadow:0]]
[2026.04.07-23.00.01:701][  0]LogConfig: Setting CVar [[r.GPUSkin.Support16BitBoneIndex:0]]
[2026.04.07-23.00.01:701][  0]LogConfig: Setting CVar [[r.GPUSkin.Limit2BoneInfluences:0]]
[2026.04.07-23.00.01:701][  0]LogConfig: Setting CVar [[r.SupportDepthOnlyIndexBuffers:1]]
[2026.04.07-23.00.01:701][  0]LogConfig: Setting CVar [[r.SupportReversedIndexBuffers:1]]
[2026.04.07-23.00.01:701][  0]LogConfig: Setting CVar [[r.LightPropagationVolume:0]]
[2026.04.07-23.00.01:701][  0]LogConfig: Setting CVar [[r.Mobile.AmbientOcclusion:0]]
[2026.04.07-23.00.01:701][  0]LogConfig: Setting CVar [[r.GPUSkin.UnlimitedBoneInfluences:0]]
[2026.04.07-23.00.01:701][  0]LogConfig: Setting CVar [[r.GPUSkin.UnlimitedBoneInfluencesThreshold:8]]
[2026.04.07-23.00.01:701][  0]LogConfig: Setting CVar [[r.Mobile.PlanarReflectionMode:0]]
[2026.04.07-23.00.01:701][  0]LogConfig: Setting CVar [[r.Mobile.SupportsGen4TAA:0]]
[2026.04.07-23.00.01:701][  0]LogConfig: Applying CVar settings from Section [/Script/Engine.RendererOverrideSettings] File [C:/Users/asus/Desktop/Assign 565/My project/CPSC399_Game/CPSC399Game/Saved/Config/Windows/Engine.ini]
[2026.04.07-23.00.01:701][  0]LogConfig: Applying CVar settings from Section [/Script/Engine.StreamingSettings] File [C:/Users/asus/Desktop/Assign 565/My project/CPSC399_Game/CPSC399Game/Saved/Config/Windows/Engine.ini]
[2026.04.07-23.00.01:701][  0]LogConfig: Setting CVar [[s.MinBulkDataSizeForAsyncLoading:131072]]
[2026.04.07-23.00.01:701][  0]LogConfig: Setting CVar [[s.AsyncLoadingThreadEnabled:0]]
[2026.04.07-23.00.01:701][  0]LogConfig: Setting CVar [[s.EventDrivenLoaderEnabled:1]]
[2026.04.07-23.00.01:701][  0]LogConfig: Setting CVar [[s.WarnIfTimeLimitExceeded:0]]
[2026.04.07-23.00.01:701][  0]LogConfig: Setting CVar [[s.TimeLimitExceededMultiplier:1.5]]
[2026.04.07-23.00.01:701][  0]LogConfig: Setting CVar [[s.TimeLimitExceededMinTime:0.005]]
[2026.04.07-23.00.01:701][  0]LogConfig: Setting CVar [[s.UseBackgroundLevelStreaming:1]]
[2026.04.07-23.00.01:701][  0]LogConfig: Setting CVar [[s.PriorityAsyncLoadingExtraTime:15.0]]
[2026.04.07-23.00.01:701][  0]LogConfig: Setting CVar [[s.LevelStreamingActorsUpdateTimeLimit:5.0]]
[2026.04.07-23.00.01:701][  0]LogConfig: Setting CVar [[s.PriorityLevelStreamingActorsUpdateExtraTime:5.0]]
[2026.04.07-23.00.01:701][  0]LogConfig: Setting CVar [[s.LevelStreamingComponentsRegistrationGranularity:10]]
[2026.04.07-23.00.01:701][  0]LogConfig: Setting CVar [[s.UnregisterComponentsTimeLimit:1.0]]
[2026.04.07-23.00.01:701][  0]LogConfig: Setting CVar [[s.LevelStreamingComponentsUnregistrationGranularity:5]]
[2026.04.07-23.00.01:701][  0]LogConfig: Setting CVar [[s.FlushStreamingOnExit:1]]
[2026.04.07-23.00.01:701][  0]LogConfig: Applying CVar settings from Section [/Script/Engine.GarbageCollectionSettings] File [C:/Users/asus/Desktop/Assign 565/My project/CPSC399_Game/CPSC399Game/Saved/Config/Windows/Engine.ini]
[2026.04.07-23.00.01:701][  0]LogConfig: Setting CVar [[gc.MaxObjectsNotConsideredByGC:1]]
[2026.04.07-23.00.01:701][  0]LogConfig: Setting CVar [[gc.SizeOfPermanentObjectPool:0]]
[2026.04.07-23.00.01:701][  0]LogConfig: Setting CVar [[gc.FlushStreamingOnGC:0]]
[2026.04.07-23.00.01:701][  0]LogConfig: Setting CVar [[gc.NumRetriesBeforeForcingGC:10]]
[2026.04.07-23.00.01:701][  0]LogConfig: Setting CVar [[gc.AllowParallelGC:1]]
[2026.04.07-23.00.01:701][  0]LogConfig: Setting CVar [[gc.TimeBetweenPurgingPendingKillObjects:61.1]]
[2026.04.07-23.00.01:701][  0]LogConfig: Setting CVar [[gc.MaxObjectsInEditor:25165824]]
[2026.04.07-23.00.01:701][  0]LogConfig: Setting CVar [[gc.IncrementalBeginDestroyEnabled:1]]
[2026.04.07-23.00.01:701][  0]LogConfig: Setting CVar [[gc.CreateGCClusters:1]]
[2026.04.07-23.00.01:701][  0]LogConfig: Setting CVar [[gc.MinGCClusterSize:5]]
[2026.04.07-23.00.01:701][  0]LogConfig: Setting CVar [[gc.ActorClusteringEnabled:0]]
[2026.04.07-23.00.01:701][  0]LogConfig: Setting CVar [[gc.BlueprintClusteringEnabled:0]]
[2026.04.07-23.00.01:701][  0]LogConfig: Setting CVar [[gc.UseDisregardForGCOnDedicatedServers:0]]
[2026.04.07-23.00.01:701][  0]LogConfig: Setting CVar [[gc.MultithreadedDestructionEnabled:1]]
[2026.04.07-23.00.01:701][  0]LogConfig: Applying CVar settings from Section [/Script/Engine.NetworkSettings] File [C:/Users/asus/Desktop/Assign 565/My project/CPSC399_Game/CPSC399Game/Saved/Config/Windows/Engine.ini]
[2026.04.07-23.00.01:701][  0]LogConfig: Applying CVar settings from Section [/Script/UnrealEd.CookerSettings] File [C:/Users/asus/Desktop/Assign 565/My project/CPSC399_Game/CPSC399Game/Saved/Config/Windows/Engine.ini]
[2026.04.07-23.00.01:706][  0]LogConfig: Applying CVar settings from Section [ViewDistanceQuality@3] File [C:/Users/asus/Desktop/Assign 565/My project/CPSC399_Game/CPSC399Game/Saved/Config/Windows/Scalability.ini]
[2026.04.07-23.00.01:706][  0]LogConfig: Setting CVar [[r.SkeletalMeshLODBias:0]]
[2026.04.07-23.00.01:706][  0]LogConfig: Setting CVar [[r.ViewDistanceScale:1.0]]
[2026.04.07-23.00.01:706][  0]LogConfig: Applying CVar settings from Section [AntiAliasingQuality@3] File [C:/Users/asus/Desktop/Assign 565/My project/CPSC399_Game/CPSC399Game/Saved/Config/Windows/Scalability.ini]
[2026.04.07-23.00.01:706][  0]LogConfig: Setting CVar [[r.PostProcessAAQuality:4]]
[2026.04.07-23.00.01:706][  0]LogConfig: Applying CVar settings from Section [ShadowQuality@3] File [C:/Users/asus/Desktop/Assign 565/My project/CPSC399_Game/CPSC399Game/Saved/Config/Windows/Scalability.ini]
[2026.04.07-23.00.01:706][  0]LogConfig: Setting CVar [[r.LightFunctionQuality:1]]
[2026.04.07-23.00.01:706][  0]LogConfig: Setting CVar [[r.ShadowQuality:5]]
[2026.04.07-23.00.01:706][  0]LogConfig: Setting CVar [[r.Shadow.CSM.MaxCascades:10]]
[2026.04.07-23.00.01:706][  0]LogConfig: Setting CVar [[r.Shadow.MaxResolution:2048]]
[2026.04.07-23.00.01:706][  0]LogConfig: Setting CVar [[r.Shadow.MaxCSMResolution:2048]]
[2026.04.07-23.00.01:706][  0]LogConfig: Setting CVar [[r.Shadow.RadiusThreshold:0.01]]
[2026.04.07-23.00.01:706][  0]LogConfig: Setting CVar [[r.Shadow.DistanceScale:1.0]]
[2026.04.07-23.00.01:706][  0]LogConfig: Setting CVar [[r.Shadow.CSM.TransitionScale:1.0]]
[2026.04.07-23.00.01:706][  0]LogConfig: Setting CVar [[r.Shadow.PreShadowResolutionFactor:1.0]]
[2026.04.07-23.00.01:706][  0]LogConfig: Setting CVar [[r.DistanceFieldShadowing:1]]
[2026.04.07-23.00.01:706][  0]LogConfig: Setting CVar [[r.DistanceFieldAO:1]]
[2026.04.07-23.00.01:706][  0]LogConfig: Setting CVar [[r.AOQuality:2]]
[2026.04.07-23.00.01:706][  0]LogConfig: Setting CVar [[r.VolumetricFog:1]]
[2026.04.07-23.00.01:706][  0]LogConfig: Setting CVar [[r.VolumetricFog.GridPixelSize:8]]
[2026.04.07-23.00.01:706][  0]LogConfig: Setting CVar [[r.VolumetricFog.GridSizeZ:128]]
[2026.04.07-23.00.01:706][  0]LogConfig: Setting CVar [[r.VolumetricFog.HistoryMissSupersampleCount:4]]
[2026.04.07-23.00.01:706][  0]LogConfig: Setting CVar [[r.LightMaxDrawDistanceScale:1]]
[2026.04.07-23.00.01:706][  0]LogConfig: Setting CVar [[r.CapsuleShadows:1]]
[2026.04.07-23.00.01:706][  0]LogConfig: Applying CVar settings from Section [PostProcessQuality@3] File [C:/Users/asus/Desktop/Assign 565/My project/CPSC399_Game/CPSC399Game/Saved/Config/Windows/Scalability.ini]
[2026.04.07-23.00.01:706][  0]LogConfig: Setting CVar [[r.MotionBlurQuality:4]]
[2026.04.07-23.00.01:706][  0]LogConfig: Setting CVar [[r.AmbientOcclusionMipLevelFactor:0.4]]
[2026.04.07-23.00.01:706][  0]LogConfig: Setting CVar [[r.AmbientOcclusionMaxQuality:100]]
[2026.04.07-23.00.01:706][  0]LogConfig: Setting CVar [[r.AmbientOcclusionLevels:-1]]
[2026.04.07-23.00.01:706][  0]LogConfig: Setting CVar [[r.AmbientOcclusionRadiusScale:1.0]]
[2026.04.07-23.00.01:706][  0]LogConfig: Setting CVar [[r.DepthOfFieldQuality:2]]
[2026.04.07-23.00.01:706][  0]LogConfig: Setting CVar [[r.RenderTargetPoolMin:400]]
[2026.04.07-23.00.01:706][  0]LogConfig: Setting CVar [[r.LensFlareQuality:2]]
[2026.04.07-23.00.01:706][  0]LogConfig: Setting CVar [[r.SceneColorFringeQuality:1]]
[2026.04.07-23.00.01:706][  0]LogConfig: Setting CVar [[r.EyeAdaptationQuality:2]]
[2026.04.07-23.00.01:706][  0]LogConfig: Setting CVar [[r.BloomQuality:5]]
[2026.04.07-23.00.01:706][  0]LogConfig: Setting CVar [[r.FastBlurThreshold:100]]
[2026.04.07-23.00.01:706][  0]LogConfig: Setting CVar [[r.Upscale.Quality:3]]
[2026.04.07-23.00.01:706][  0]LogConfig: Setting CVar [[r.Tonemapper.GrainQuantization:1]]
[2026.04.07-23.00.01:706][  0]LogConfig: Setting CVar [[r.LightShaftQuality:1]]
[2026.04.07-23.00.01:706][  0]LogConfig: Setting CVar [[r.Filter.SizeScale:1]]
[2026.04.07-23.00.01:706][  0]LogConfig: Setting CVar [[r.Tonemapper.Quality:5]]
[2026.04.07-23.00.01:706][  0]LogConfig: Setting CVar [[r.DOF.Gather.AccumulatorQuality:1        ; higher gathering accumulator quality]]
[2026.04.07-23.00.01:706][  0]LogConfig: Setting CVar [[r.DOF.Gather.PostfilterMethod:1          ; Median3x3 postfilering method]]
[2026.04.07-23.00.01:706][  0]LogConfig: Setting CVar [[r.DOF.Gather.EnableBokehSettings:0       ; no bokeh simulation when gathering]]
[2026.04.07-23.00.01:706][  0]LogConfig: Setting CVar [[r.DOF.Gather.RingCount:4                 ; medium number of samples when gathering]]
[2026.04.07-23.00.01:706][  0]LogConfig: Setting CVar [[r.DOF.Scatter.ForegroundCompositing:1    ; additive foreground scattering]]
[2026.04.07-23.00.01:706][  0]LogConfig: Setting CVar [[r.DOF.Scatter.BackgroundCompositing:2    ; additive background scattering]]
[2026.04.07-23.00.01:706][  0]LogConfig: Setting CVar [[r.DOF.Scatter.EnableBokehSettings:1      ; bokeh simulation when scattering]]
[2026.04.07-23.00.01:706][  0]LogConfig: Setting CVar [[r.DOF.Scatter.MaxSpriteRatio:0.1         ; only a maximum of 10% of scattered bokeh]]
[2026.04.07-23.00.01:706][  0]LogConfig: Setting CVar [[r.DOF.Recombine.Quality:1                ; cheap slight out of focus]]
[2026.04.07-23.00.01:706][  0]LogConfig: Setting CVar [[r.DOF.Recombine.EnableBokehSettings:0    ; no bokeh simulation on slight out of focus]]
[2026.04.07-23.00.01:706][  0]LogConfig: Setting CVar [[r.DOF.TemporalAAQuality:1                ; more stable temporal accumulation]]
[2026.04.07-23.00.01:706][  0]LogConfig: Setting CVar [[r.DOF.Kernel.MaxForegroundRadius:0.025]]
[2026.04.07-23.00.01:706][  0]LogConfig: Setting CVar [[r.DOF.Kernel.MaxBackgroundRadius:0.025]]
[2026.04.07-23.00.01:706][  0]LogConfig: Applying CVar settings from Section [TextureQuality@3] File [C:/Users/asus/Desktop/Assign 565/My project/CPSC399_Game/CPSC399Game/Saved/Config/Windows/Scalability.ini]
[2026.04.07-23.00.01:706][  0]LogConfig: Setting CVar [[r.Streaming.MipBias:0]]
[2026.04.07-23.00.01:706][  0]LogConfig: Setting CVar [[r.Streaming.AmortizeCPUToGPUCopy:0]]
[2026.04.07-23.00.01:706][  0]LogConfig: Setting CVar [[r.Streaming.MaxNumTexturesToStreamPerFrame:0]]
[2026.04.07-23.00.01:706][  0]LogConfig: Setting CVar [[r.Streaming.Boost:1]]
[2026.04.07-23.00.01:706][  0]LogConfig: Setting CVar [[r.MaxAnisotropy:8]]
[2026.04.07-23.00.01:706][  0]LogConfig: Setting CVar [[r.VT.MaxAnisotropy:8]]
[2026.04.07-23.00.01:706][  0]LogConfig: Setting CVar [[r.Streaming.LimitPoolSizeToVRAM:0]]
[2026.04.07-23.00.01:706][  0]LogConfig: Setting CVar [[r.Streaming.PoolSize:1000]]
[2026.04.07-23.00.01:706][  0]LogConfig: Setting CVar [[r.Streaming.MaxEffectiveScreenSize:0]]
[2026.04.07-23.00.01:706][  0]LogConfig: Applying CVar settings from Section [EffectsQuality@3] File [C:/Users/asus/Desktop/Assign 565/My project/CPSC399_Game/CPSC399Game/Saved/Config/Windows/Scalability.ini]
[2026.04.07-23.00.01:706][  0]LogConfig: Setting CVar [[r.TranslucencyLightingVolumeDim:64]]
[2026.04.07-23.00.01:706][  0]LogConfig: Setting CVar [[r.RefractionQuality:2]]
[2026.04.07-23.00.01:706][  0]LogConfig: Setting CVar [[r.SSR.Quality:3]]
[2026.04.07-23.00.01:706][  0]LogConfig: Setting CVar [[r.SSR.HalfResSceneColor:0]]
[2026.04.07-23.00.01:706][  0]LogConfig: Setting CVar [[r.SceneColorFormat:4]]
[2026.04.07-23.00.01:706][  0]LogConfig: Setting CVar [[r.DetailMode:2]]
[2026.04.07-23.00.01:706][  0]LogConfig: Setting CVar [[r.TranslucencyVolumeBlur:1]]
[2026.04.07-23.00.01:706][  0]LogConfig: Setting CVar [[r.MaterialQualityLevel:1 ; High quality]]
[2026.04.07-23.00.01:706][  0]LogConfig: Setting CVar [[r.AnisotropicMaterials:1]]
[2026.04.07-23.00.01:706][  0]LogConfig: Setting CVar [[r.SSS.Scale:1]]
[2026.04.07-23.00.01:706][  0]LogConfig: Setting CVar [[r.SSS.SampleSet:2]]
[2026.04.07-23.00.01:706][  0]LogConfig: Setting CVar [[r.SSS.Quality:1]]
[2026.04.07-23.00.01:706][  0]LogConfig: Setting CVar [[r.SSS.HalfRes:0]]
[2026.04.07-23.00.01:706][  0]LogConfig: Setting CVar [[r.SSGI.Quality:3]]
[2026.04.07-23.00.01:706][  0]LogConfig: Setting CVar [[r.EmitterSpawnRateScale:1.0]]
[2026.04.07-23.00.01:706][  0]LogConfig: Setting CVar [[r.ParticleLightQuality:2]]
[2026.04.07-23.00.01:706][  0]LogConfig: Setting CVar [[r.SkyAtmosphere.AerialPerspectiveLUT.FastApplyOnOpaque:1 ; Always have FastSkyLUT 1 in this case to avoid wrong sky]]
[2026.04.07-23.00.01:706][  0]LogConfig: Setting CVar [[r.SkyAtmosphere.AerialPerspectiveLUT.SampleCountMaxPerSlice:4]]
[2026.04.07-23.00.01:706][  0]LogConfig: Setting CVar [[r.SkyAtmosphere.AerialPerspectiveLUT.DepthResolution:16.0]]
[2026.04.07-23.00.01:706][  0]LogConfig: Setting CVar [[r.SkyAtmosphere.FastSkyLUT:1]]
[2026.04.07-23.00.01:706][  0]LogConfig: Setting CVar [[r.SkyAtmosphere.FastSkyLUT.SampleCountMin:4.0]]
[2026.04.07-23.00.01:706][  0]LogConfig: Setting CVar [[r.SkyAtmosphere.FastSkyLUT.SampleCountMax:128.0]]
[2026.04.07-23.00.01:706][  0]LogConfig: Setting CVar [[r.SkyAtmosphere.SampleCountMin:4.0]]
[2026.04.07-23.00.01:706][  0]LogConfig: Setting CVar [[r.SkyAtmosphere.SampleCountMax:128.0]]
[2026.04.07-23.00.01:706][  0]LogConfig: Setting CVar [[r.SkyAtmosphere.TransmittanceLUT.UseSmallFormat:0]]
[2026.04.07-23.00.01:706][  0]LogConfig: Setting CVar [[r.SkyAtmosphere.TransmittanceLUT.SampleCount:10.0]]
[2026.04.07-23.00.01:706][  0]LogConfig: Setting CVar [[r.SkyAtmosphere.MultiScatteringLUT.SampleCount:15.0]]
[2026.04.07-23.00.01:706][  0]LogConfig: Setting CVar [[r.SkyLight.RealTimeReflectionCapture:1]]
[2026.04.07-23.00.01:707][  0]LogConfig: Applying CVar settings from Section [FoliageQuality@3] File [C:/Users/asus/Desktop/Assign 565/My project/CPSC399_Game/CPSC399Game/Saved/Config/Windows/Scalability.ini]
[2026.04.07-23.00.01:707][  0]LogConfig: Setting CVar [[foliage.DensityScale:1.0]]
[2026.04.07-23.00.01:707][  0]LogConfig: Setting CVar [[grass.DensityScale:1.0]]
[2026.04.07-23.00.01:707][  0]LogConfig: Applying CVar settings from Section [ShadingQuality@3] File [C:/Users/asus/Desktop/Assign 565/My project/CPSC399_Game/CPSC399Game/Saved/Config/Windows/Scalability.ini]
[2026.04.07-23.00.01:707][  0]LogConfig: Setting CVar [[r.HairStrands.SkyLighting.IntegrationType:2]]
[2026.04.07-23.00.01:707][  0]LogConfig: Setting CVar [[r.HairStrands.SkyAO.SampleCount:4]]
[2026.04.07-23.00.01:707][  0]LogConfig: Setting CVar [[r.HairStrands.Visibility.MSAA.SamplePerPixel:4]]
[2026.04.07-23.00.01:707][  0]LogInit: Selected Device Profile: [Windows]
[2026.04.07-23.00.01:707][  0]LogInit: Applying CVar settings loaded from the selected device profile: [Windows]
[2026.04.07-23.00.01:707][  0]LogHAL: Display: Platform has ~ 16 GB [16781983744 / 17179869184 / 16], which maps to Larger [LargestMinGB=32, LargerMinGB=12, DefaultMinGB=8, SmallerMinGB=6, SmallestMinGB=0)
[2026.04.07-23.00.01:707][  0]LogInit: Going up to parent DeviceProfile []
[2026.04.07-23.00.01:707][  0]LogConfig: Applying CVar settings from Section [ViewDistanceQuality@3] File [C:/Users/asus/Desktop/Assign 565/My project/CPSC399_Game/CPSC399Game/Saved/Config/Windows/Scalability.ini]
[2026.04.07-23.00.01:707][  0]LogConfig: Setting CVar [[r.SkeletalMeshLODBias:0]]
[2026.04.07-23.00.01:707][  0]LogConfig: Setting CVar [[r.ViewDistanceScale:1.0]]
[2026.04.07-23.00.01:707][  0]LogConfig: Applying CVar settings from Section [AntiAliasingQuality@3] File [C:/Users/asus/Desktop/Assign 565/My project/CPSC399_Game/CPSC399Game/Saved/Config/Windows/Scalability.ini]
[2026.04.07-23.00.01:707][  0]LogConfig: Setting CVar [[r.PostProcessAAQuality:4]]
[2026.04.07-23.00.01:707][  0]LogConfig: Applying CVar settings from Section [ShadowQuality@3] File [C:/Users/asus/Desktop/Assign 565/My project/CPSC399_Game/CPSC399Game/Saved/Config/Windows/Scalability.ini]
[2026.04.07-23.00.01:707][  0]LogConfig: Setting CVar [[r.LightFunctionQuality:1]]
[2026.04.07-23.00.01:707][  0]LogConfig: Setting CVar [[r.ShadowQuality:5]]
[2026.04.07-23.00.01:707][  0]LogConfig: Setting CVar [[r.Shadow.CSM.MaxCascades:10]]
[2026.04.07-23.00.01:707][  0]LogConfig: Setting CVar [[r.Shadow.MaxResolution:2048]]
[2026.04.07-23.00.01:707][  0]LogConfig: Setting CVar [[r.Shadow.MaxCSMResolution:2048]]
[2026.04.07-23.00.01:707][  0]LogConfig: Setting CVar [[r.Shadow.RadiusThreshold:0.01]]
[2026.04.07-23.00.01:707][  0]LogConfig: Setting CVar [[r.Shadow.DistanceScale:1.0]]
[2026.04.07-23.00.01:707][  0]LogConfig: Setting CVar [[r.Shadow.CSM.TransitionScale:1.0]]
[2026.04.07-23.00.01:707][  0]LogConfig: Setting CVar [[r.Shadow.PreShadowResolutionFactor:1.0]]
[2026.04.07-23.00.01:707][  0]LogConfig: Setting CVar [[r.DistanceFieldShadowing:1]]
[2026.04.07-23.00.01:707][  0]LogConfig: Setting CVar [[r.DistanceFieldAO:1]]
[2026.04.07-23.00.01:707][  0]LogConfig: Setting CVar [[r.AOQuality:2]]
[2026.04.07-23.00.01:707][  0]LogConfig: Setting CVar [[r.VolumetricFog:1]]
[2026.04.07-23.00.01:707][  0]LogConfig: Setting CVar [[r.VolumetricFog.GridPixelSize:8]]
[2026.04.07-23.00.01:707][  0]LogConfig: Setting CVar [[r.VolumetricFog.GridSizeZ:128]]
[2026.04.07-23.00.01:707][  0]LogConfig: Setting CVar [[r.VolumetricFog.HistoryMissSupersampleCount:4]]
[2026.04.07-23.00.01:707][  0]LogConfig: Setting CVar [[r.LightMaxDrawDistanceScale:1]]
[2026.04.07-23.00.01:707][  0]LogConfig: Setting CVar [[r.CapsuleShadows:1]]
[2026.04.07-23.00.01:707][  0]LogConfig: Applying CVar settings from Section [PostProcessQuality@3] File [C:/Users/asus/Desktop/Assign 565/My project/CPSC399_Game/CPSC399Game/Saved/Config/Windows/Scalability.ini]
[2026.04.07-23.00.01:707][  0]LogConfig: Setting CVar [[r.MotionBlurQuality:4]]
[2026.04.07-23.00.01:707][  0]LogConfig: Setting CVar [[r.AmbientOcclusionMipLevelFactor:0.4]]
[2026.04.07-23.00.01:707][  0]LogConfig: Setting CVar [[r.AmbientOcclusionMaxQuality:100]]
[2026.04.07-23.00.01:707][  0]LogConfig: Setting CVar [[r.AmbientOcclusionLevels:-1]]
[2026.04.07-23.00.01:707][  0]LogConfig: Setting CVar [[r.AmbientOcclusionRadiusScale:1.0]]
[2026.04.07-23.00.01:707][  0]LogConfig: Setting CVar [[r.DepthOfFieldQuality:2]]
[2026.04.07-23.00.01:707][  0]LogConfig: Setting CVar [[r.RenderTargetPoolMin:400]]
[2026.04.07-23.00.01:707][  0]LogConfig: Setting CVar [[r.LensFlareQuality:2]]
[2026.04.07-23.00.01:707][  0]LogConfig: Setting CVar [[r.SceneColorFringeQuality:1]]
[2026.04.07-23.00.01:707][  0]LogConfig: Setting CVar [[r.EyeAdaptationQuality:2]]
[2026.04.07-23.00.01:707][  0]LogConfig: Setting CVar [[r.BloomQuality:5]]
[2026.04.07-23.00.01:707][  0]LogConfig: Setting CVar [[r.FastBlurThreshold:100]]
[2026.04.07-23.00.01:707][  0]LogConfig: Setting CVar [[r.Upscale.Quality:3]]
[2026.04.07-23.00.01:707][  0]LogConfig: Setting CVar [[r.Tonemapper.GrainQuantization:1]]
[2026.04.07-23.00.01:707][  0]LogConfig: Setting CVar [[r.LightShaftQuality:1]]
[2026.04.07-23.00.01:707][  0]LogConfig: Setting CVar [[r.Filter.SizeScale:1]]
[2026.04.07-23.00.01:707][  0]LogConfig: Setting CVar [[r.Tonemapper.Quality:5]]
[2026.04.07-23.00.01:707][  0]LogConfig: Setting CVar [[r.DOF.Gather.AccumulatorQuality:1        ; higher gathering accumulator quality]]
[2026.04.07-23.00.01:707][  0]LogConfig: Setting CVar [[r.DOF.Gather.PostfilterMethod:1          ; Median3x3 postfilering method]]
[2026.04.07-23.00.01:707][  0]LogConfig: Setting CVar [[r.DOF.Gather.EnableBokehSettings:0       ; no bokeh simulation when gathering]]
[2026.04.07-23.00.01:707][  0]LogConfig: Setting CVar [[r.DOF.Gather.RingCount:4                 ; medium number of samples when gathering]]
[2026.04.07-23.00.01:707][  0]LogConfig: Setting CVar [[r.DOF.Scatter.ForegroundCompositing:1    ; additive foreground scattering]]
[2026.04.07-23.00.01:707][  0]LogConfig: Setting CVar [[r.DOF.Scatter.BackgroundCompositing:2    ; additive background scattering]]
[2026.04.07-23.00.01:707][  0]LogConfig: Setting CVar [[r.DOF.Scatter.EnableBokehSettings:1      ; bokeh simulation when scattering]]
[2026.04.07-23.00.01:707][  0]LogConfig: Setting CVar [[r.DOF.Scatter.MaxSpriteRatio:0.1         ; only a maximum of 10% of scattered bokeh]]
[2026.04.07-23.00.01:707][  0]LogConfig: Setting CVar [[r.DOF.Recombine.Quality:1                ; cheap slight out of focus]]
[2026.04.07-23.00.01:707][  0]LogConfig: Setting CVar [[r.DOF.Recombine.EnableBokehSettings:0    ; no bokeh simulation on slight out of focus]]
[2026.04.07-23.00.01:707][  0]LogConfig: Setting CVar [[r.DOF.TemporalAAQuality:1                ; more stable temporal accumulation]]
[2026.04.07-23.00.01:707][  0]LogConfig: Setting CVar [[r.DOF.Kernel.MaxForegroundRadius:0.025]]
[2026.04.07-23.00.01:707][  0]LogConfig: Setting CVar [[r.DOF.Kernel.MaxBackgroundRadius:0.025]]
[2026.04.07-23.00.01:707][  0]LogConfig: Applying CVar settings from Section [TextureQuality@3] File [C:/Users/asus/Desktop/Assign 565/My project/CPSC399_Game/CPSC399Game/Saved/Config/Windows/Scalability.ini]
[2026.04.07-23.00.01:707][  0]LogConfig: Setting CVar [[r.Streaming.MipBias:0]]
[2026.04.07-23.00.01:707][  0]LogConfig: Setting CVar [[r.Streaming.AmortizeCPUToGPUCopy:0]]
[2026.04.07-23.00.01:707][  0]LogConfig: Setting CVar [[r.Streaming.MaxNumTexturesToStreamPerFrame:0]]
[2026.04.07-23.00.01:707][  0]LogConfig: Setting CVar [[r.Streaming.Boost:1]]
[2026.04.07-23.00.01:707][  0]LogConfig: Setting CVar [[r.MaxAnisotropy:8]]
[2026.04.07-23.00.01:707][  0]LogConfig: Setting CVar [[r.VT.MaxAnisotropy:8]]
[2026.04.07-23.00.01:707][  0]LogConfig: Setting CVar [[r.Streaming.LimitPoolSizeToVRAM:0]]
[2026.04.07-23.00.01:707][  0]LogConfig: Setting CVar [[r.Streaming.PoolSize:1000]]
[2026.04.07-23.00.01:707][  0]LogConfig: Setting CVar [[r.Streaming.MaxEffectiveScreenSize:0]]
[2026.04.07-23.00.01:707][  0]LogConfig: Applying CVar settings from Section [EffectsQuality@3] File [C:/Users/asus/Desktop/Assign 565/My project/CPSC399_Game/CPSC399Game/Saved/Config/Windows/Scalability.ini]
[2026.04.07-23.00.01:707][  0]LogConfig: Setting CVar [[r.TranslucencyLightingVolumeDim:64]]
[2026.04.07-23.00.01:707][  0]LogConfig: Setting CVar [[r.RefractionQuality:2]]
[2026.04.07-23.00.01:707][  0]LogConfig: Setting CVar [[r.SSR.Quality:3]]
[2026.04.07-23.00.01:707][  0]LogConfig: Setting CVar [[r.SSR.HalfResSceneColor:0]]
[2026.04.07-23.00.01:707][  0]LogConfig: Setting CVar [[r.SceneColorFormat:4]]
[2026.04.07-23.00.01:707][  0]LogConfig: Setting CVar [[r.DetailMode:2]]
[2026.04.07-23.00.01:707][  0]LogConfig: Setting CVar [[r.TranslucencyVolumeBlur:1]]
[2026.04.07-23.00.01:707][  0]LogConfig: Setting CVar [[r.MaterialQualityLevel:1 ; High quality]]
[2026.04.07-23.00.01:707][  0]LogConfig: Setting CVar [[r.AnisotropicMaterials:1]]
[2026.04.07-23.00.01:707][  0]LogConfig: Setting CVar [[r.SSS.Scale:1]]
[2026.04.07-23.00.01:707][  0]LogConfig: Setting CVar [[r.SSS.SampleSet:2]]
[2026.04.07-23.00.01:707][  0]LogConfig: Setting CVar [[r.SSS.Quality:1]]
[2026.04.07-23.00.01:707][  0]LogConfig: Setting CVar [[r.SSS.HalfRes:0]]
[2026.04.07-23.00.01:707][  0]LogConfig: Setting CVar [[r.SSGI.Quality:3]]
[2026.04.07-23.00.01:707][  0]LogConfig: Setting CVar [[r.EmitterSpawnRateScale:1.0]]
[2026.04.07-23.00.01:707][  0]LogConfig: Setting CVar [[r.ParticleLightQuality:2]]
[2026.04.07-23.00.01:707][  0]LogConfig: Setting CVar [[r.SkyAtmosphere.AerialPerspectiveLUT.FastApplyOnOpaque:1 ; Always have FastSkyLUT 1 in this case to avoid wrong sky]]
[2026.04.07-23.00.01:707][  0]LogConfig: Setting CVar [[r.SkyAtmosphere.AerialPerspectiveLUT.SampleCountMaxPerSlice:4]]
[2026.04.07-23.00.01:707][  0]LogConfig: Setting CVar [[r.SkyAtmosphere.AerialPerspectiveLUT.DepthResolution:16.0]]
[2026.04.07-23.00.01:707][  0]LogConfig: Setting CVar [[r.SkyAtmosphere.FastSkyLUT:1]]
[2026.04.07-23.00.01:707][  0]LogConfig: Setting CVar [[r.SkyAtmosphere.FastSkyLUT.SampleCountMin:4.0]]
[2026.04.07-23.00.01:707][  0]LogConfig: Setting CVar [[r.SkyAtmosphere.FastSkyLUT.SampleCountMax:128.0]]
[2026.04.07-23.00.01:707][  0]LogConfig: Setting CVar [[r.SkyAtmosphere.SampleCountMin:4.0]]
[2026.04.07-23.00.01:707][  0]LogConfig: Setting CVar [[r.SkyAtmosphere.SampleCountMax:128.0]]
[2026.04.07-23.00.01:707][  0]LogConfig: Setting CVar [[r.SkyAtmosphere.TransmittanceLUT.UseSmallFormat:0]]
[2026.04.07-23.00.01:707][  0]LogConfig: Setting CVar [[r.SkyAtmosphere.TransmittanceLUT.SampleCount:10.0]]
[2026.04.07-23.00.01:707][  0]LogConfig: Setting CVar [[r.SkyAtmosphere.MultiScatteringLUT.SampleCount:15.0]]
[2026.04.07-23.00.01:707][  0]LogConfig: Setting CVar [[r.SkyLight.RealTimeReflectionCapture:1]]
[2026.04.07-23.00.01:707][  0]LogConfig: Applying CVar settings from Section [FoliageQuality@3] File [C:/Users/asus/Desktop/Assign 565/My project/CPSC399_Game/CPSC399Game/Saved/Config/Windows/Scalability.ini]
[2026.04.07-23.00.01:707][  0]LogConfig: Setting CVar [[foliage.DensityScale:1.0]]
[2026.04.07-23.00.01:707][  0]LogConfig: Setting CVar [[grass.DensityScale:1.0]]
[2026.04.07-23.00.01:707][  0]LogConfig: Applying CVar settings from Section [ShadingQuality@3] File [C:/Users/asus/Desktop/Assign 565/My project/CPSC399_Game/CPSC399Game/Saved/Config/Windows/Scalability.ini]
[2026.04.07-23.00.01:707][  0]LogConfig: Setting CVar [[r.HairStrands.SkyLighting.IntegrationType:2]]
[2026.04.07-23.00.01:707][  0]LogConfig: Setting CVar [[r.HairStrands.SkyAO.SampleCount:4]]
[2026.04.07-23.00.01:707][  0]LogConfig: Setting CVar [[r.HairStrands.Visibility.MSAA.SamplePerPixel:4]]
[2026.04.07-23.00.01:707][  0]LogConfig: Applying CVar settings from Section [Startup] File [../../../Engine/Config/ConsoleVariables.ini]
[2026.04.07-23.00.01:707][  0]LogConfig: Setting CVar [[net.UseAdaptiveNetUpdateFrequency:0]]
[2026.04.07-23.00.01:707][  0]LogConfig: Setting CVar [[p.chaos.AllowCreatePhysxBodies:1]]
[2026.04.07-23.00.01:707][  0]LogConfig: Setting CVar [[fx.SkipVectorVMBackendOptimizations:1]]
[2026.04.07-23.00.01:707][  0]LogConfig: Applying CVar settings from Section [ConsoleVariables] File [C:/Users/asus/Desktop/Assign 565/My project/CPSC399_Game/CPSC399Game/Saved/Config/Windows/Engine.ini]
[2026.04.07-23.00.01:707][  0]LogConfig: Applying CVar settings from Section [ConsoleVariables] File [C:/Users/asus/Desktop/Assign 565/My project/CPSC399_Game/CPSC399Game/Saved/Config/Windows/Editor.ini]
[2026.04.07-23.00.01:707][  0]LogInit: Computer: ARPIT
[2026.04.07-23.00.01:707][  0]LogInit: User: asus
[2026.04.07-23.00.01:708][  0]LogInit: CPU Page size=4096, Cores=14
[2026.04.07-23.00.01:708][  0]LogInit: High frequency timer resolution =10.000000 MHz
[2026.04.07-23.00.01:708][  0]LogMemory: Memory total: Physical=15.6GB (16GB approx)
[2026.04.07-23.00.01:708][  0]LogMemory: Platform Memory Stats for Windows
[2026.04.07-23.00.01:708][  0]LogMemory: Process Physical Memory: 158.68 MB used, 158.68 MB peak
[2026.04.07-23.00.01:708][  0]LogMemory: Process Virtual Memory: 135.33 MB used, 135.33 MB peak
[2026.04.07-23.00.01:708][  0]LogMemory: Physical Memory: 12807.12 MB used,  3197.42 MB free, 16004.55 MB total
[2026.04.07-23.00.01:708][  0]LogMemory: Virtual Memory: 134208520.00 MB used,  9210.89 MB free, 134217728.00 MB total
[2026.04.07-23.00.01:711][  0]LogWindows: WindowsPlatformFeatures enabled
[2026.04.07-23.00.01:738][  0]LogInit: Physics initialised using underlying interface: PhysX
[2026.04.07-23.00.01:739][  0]LogInit: Using OS detected language (en-US).
[2026.04.07-23.00.01:739][  0]LogInit: Using OS detected locale (en-US).
[2026.04.07-23.00.01:743][  0]LogTextLocalizationManager: No specific localization for 'en-US' exists, so the 'en' localization will be used.
[2026.04.07-23.00.01:866][  0]LogInit: Setting process to per monitor DPI aware
[2026.04.07-23.00.01:875][  0]LogWindowsTextInputMethodSystem: Display: IME system deactivated.
[2026.04.07-23.00.01:882][  0]LogSlate: New Slate User Created.  User Index 0, Is Virtual User: 0
[2026.04.07-23.00.01:882][  0]LogSlate: Slate User Registered.  User Index 0, Is Virtual User: 0
[2026.04.07-23.00.01:956][  0]LogD3D11RHI: Loaded GFSDK_Aftermath_Lib.x64.dll
[2026.04.07-23.00.01:972][  0]LogHMD: Failed to initialize OpenVR with code 110
[2026.04.07-23.00.01:972][  0]LogD3D11RHI: D3D11 min allowed feature level: 11_0
[2026.04.07-23.00.01:972][  0]LogD3D11RHI: D3D11 max allowed feature level: 11_0
[2026.04.07-23.00.01:972][  0]LogD3D11RHI: D3D11 adapters:
[2026.04.07-23.00.02:097][  0]LogD3D11RHI:    0. 'NVIDIA GeForce RTX 3050 Ti Laptop GPU' (Feature Level 11_0)
[2026.04.07-23.00.02:097][  0]LogD3D11RHI:       3962/0/8002 MB DedicatedVideo/DedicatedSystem/SharedSystem, Outputs:1, VendorId:0x10de
[2026.04.07-23.00.02:157][  0]LogD3D11RHI:    1. 'Intel(R) Iris(R) Xe Graphics' (Feature Level 11_0)
[2026.04.07-23.00.02:157][  0]LogD3D11RHI:       128/0/8002 MB DedicatedVideo/DedicatedSystem/SharedSystem, Outputs:0, VendorId:0x8086
[2026.04.07-23.00.02:161][  0]LogD3D11RHI:    2. 'Microsoft Basic Render Driver' (Feature Level 11_0)
[2026.04.07-23.00.02:161][  0]LogD3D11RHI:       0/0/8002 MB DedicatedVideo/DedicatedSystem/SharedSystem, Outputs:0, VendorId:0x1414
[2026.04.07-23.00.02:161][  0]LogD3D11RHI: Chosen D3D11 Adapter:
[2026.04.07-23.00.02:161][  0]LogD3D11RHI:     Description : NVIDIA GeForce RTX 3050 Ti Laptop GPU
[2026.04.07-23.00.02:161][  0]LogD3D11RHI:     VendorId    : 10de
[2026.04.07-23.00.02:161][  0]LogD3D11RHI:     DeviceId    : 25a0
[2026.04.07-23.00.02:161][  0]LogD3D11RHI:     SubSysId    : 1ccc1043
[2026.04.07-23.00.02:161][  0]LogD3D11RHI:     Revision    : 00a1
[2026.04.07-23.00.02:161][  0]LogD3D11RHI:     DedicatedVideoMemory : 4154458112 bytes
[2026.04.07-23.00.02:161][  0]LogD3D11RHI:     DedicatedSystemMemory : 0 bytes
[2026.04.07-23.00.02:161][  0]LogD3D11RHI:     SharedSystemMemory : 8390991872 bytes
[2026.04.07-23.00.02:161][  0]LogD3D11RHI:     AdapterLuid : 0 50683
[2026.04.07-23.00.02:167][  0]LogD3D11RHI: Creating new Direct3DDevice
[2026.04.07-23.00.02:167][  0]LogD3D11RHI:     GPU DeviceId: 0x25a0 (for the marketing name, search the web for "GPU Device Id")
[2026.04.07-23.00.02:167][  0]LogWindows: EnumDisplayDevices:
[2026.04.07-23.00.02:167][  0]LogWindows:    0. 'NVIDIA GeForce RTX 3050 Ti Laptop GPU' (P:1 D:1)
[2026.04.07-23.00.02:167][  0]LogWindows:    1. 'NVIDIA GeForce RTX 3050 Ti Laptop GPU' (P:0 D:0)
[2026.04.07-23.00.02:167][  0]LogWindows:    2. 'NVIDIA GeForce RTX 3050 Ti Laptop GPU' (P:0 D:0)
[2026.04.07-23.00.02:167][  0]LogWindows:    3. 'NVIDIA GeForce RTX 3050 Ti Laptop GPU' (P:0 D:0)
[2026.04.07-23.00.02:167][  0]LogWindows:    4. 'Intel(R) Iris(R) Xe Graphics' (P:0 D:0)
[2026.04.07-23.00.02:167][  0]LogWindows:    5. 'Intel(R) Iris(R) Xe Graphics' (P:0 D:0)
[2026.04.07-23.00.02:167][  0]LogWindows:    6. 'Intel(R) Iris(R) Xe Graphics' (P:0 D:0)
[2026.04.07-23.00.02:167][  0]LogWindows:    7. 'Intel(R) Iris(R) Xe Graphics' (P:0 D:0)
[2026.04.07-23.00.02:167][  0]LogWindows: DebugString: PrimaryIsNotTheChoosenAdapter PrimaryIsNotTheChoosenAdapter PrimaryIsNotTheChoosenAdapter PrimaryIsNotTheChoosenAdapter FoundDriverCount:4 
[2026.04.07-23.00.02:167][  0]LogD3D11RHI:     Adapter Name: NVIDIA GeForce RTX 3050 Ti Laptop GPU
[2026.04.07-23.00.02:168][  0]LogD3D11RHI:   Driver Version: 566.07 (internal:32.0.15.6607, unified:566.07)
[2026.04.07-23.00.02:168][  0]LogD3D11RHI:      Driver Date: 10-20-2024
[2026.04.07-23.00.02:168][  0]LogRHI: Texture pool is 2773 MB (70% of 3962 MB)
[2026.04.07-23.00.02:168][  0]LogD3D11RHI: Creating D3DDevice using adapter:
[2026.04.07-23.00.02:168][  0]LogD3D11RHI:     Description : NVIDIA GeForce RTX 3050 Ti Laptop GPU
[2026.04.07-23.00.02:168][  0]LogD3D11RHI:     VendorId    : 10de
[2026.04.07-23.00.02:168][  0]LogD3D11RHI:     DeviceId    : 25a0
[2026.04.07-23.00.02:168][  0]LogD3D11RHI:     SubSysId    : 1ccc1043
[2026.04.07-23.00.02:168][  0]LogD3D11RHI:     Revision    : 00a1
[2026.04.07-23.00.02:168][  0]LogD3D11RHI:     DedicatedVideoMemory : 4154458112 bytes
[2026.04.07-23.00.02:168][  0]LogD3D11RHI:     DedicatedSystemMemory : 0 bytes
[2026.04.07-23.00.02:168][  0]LogD3D11RHI:     SharedSystemMemory : 8390991872 bytes
[2026.04.07-23.00.02:168][  0]LogD3D11RHI:     AdapterLuid : 0 50683
[2026.04.07-23.00.02:258][  0]LogD3D11RHI: RHI has support for 64 bit atomics
[2026.04.07-23.00.02:259][  0]LogD3D11RHI: Async texture creation enabled
[2026.04.07-23.00.02:259][  0]LogD3D11RHI: Array index from any shader is supported
[2026.04.07-23.00.02:277][  0]LogD3D11RHI: GPU Timing Frequency: 1000.000000 (Debug: 2 2)
[2026.04.07-23.00.02:299][  0]LogRHI: GeForceNow SDK initialized: 1
[2026.04.07-23.00.02:512][  0]LogTargetPlatformManager: Display: Loaded TargetPlatform 'AllDesktop'
[2026.04.07-23.00.02:528][  0]LogTargetPlatformManager: Display: Loaded TargetPlatform 'Android'
[2026.04.07-23.00.02:528][  0]LogTargetPlatformManager: Display: Loaded TargetPlatform 'Android_ASTC'
[2026.04.07-23.00.02:528][  0]LogTargetPlatformManager: Display: Loaded TargetPlatform 'Android_DXT'
[2026.04.07-23.00.02:528][  0]LogTargetPlatformManager: Display: Loaded TargetPlatform 'Android_ETC2'
[2026.04.07-23.00.02:528][  0]LogTargetPlatformManager: Display: Loaded TargetPlatform 'AndroidClient'
[2026.04.07-23.00.02:528][  0]LogTargetPlatformManager: Display: Loaded TargetPlatform 'Android_ASTCClient'
[2026.04.07-23.00.02:528][  0]LogTargetPlatformManager: Display: Loaded TargetPlatform 'Android_DXTClient'
[2026.04.07-23.00.02:528][  0]LogTargetPlatformManager: Display: Loaded TargetPlatform 'Android_ETC2Client'
[2026.04.07-23.00.02:528][  0]LogTargetPlatformManager: Display: Loaded TargetPlatform 'Android_Multi'
[2026.04.07-23.00.02:528][  0]LogTargetPlatformManager: Display: Loaded TargetPlatform 'Android_MultiClient'
[2026.04.07-23.00.02:540][  0]LogTargetPlatformManager: Display: Loaded TargetPlatform 'IOSClient'
[2026.04.07-23.00.02:540][  0]LogTargetPlatformManager: Display: Loaded TargetPlatform 'IOS'
[2026.04.07-23.00.02:547][  0]LogTargetPlatformManager: Display: Loaded TargetPlatform 'Linux'
[2026.04.07-23.00.02:550][  0]LogTargetPlatformManager: Display: Loaded TargetPlatform 'LinuxNoEditor'
[2026.04.07-23.00.02:553][  0]LogTargetPlatformManager: Display: Loaded TargetPlatform 'LinuxClient'
[2026.04.07-23.00.02:556][  0]LogTargetPlatformManager: Display: Loaded TargetPlatform 'LinuxServer'
[2026.04.07-23.00.02:562][  0]LogTargetPlatformManager: Display: Loaded TargetPlatform 'LinuxAArch64NoEditor'
[2026.04.07-23.00.02:565][  0]LogTargetPlatformManager: Display: Loaded TargetPlatform 'LinuxAArch64Client'
[2026.04.07-23.00.02:568][  0]LogTargetPlatformManager: Display: Loaded TargetPlatform 'LinuxAArch64Server'
[2026.04.07-23.00.02:584][  0]LogTargetPlatformManager: Display: Loaded TargetPlatform 'Lumin'
[2026.04.07-23.00.02:584][  0]LogTargetPlatformManager: Display: Loaded TargetPlatform 'LuminClient'
[2026.04.07-23.00.02:590][  0]LogTargetPlatformManager: Display: Loaded TargetPlatform 'MacNoEditor'
[2026.04.07-23.00.02:594][  0]LogTargetPlatformManager: Display: Loaded TargetPlatform 'Mac'
[2026.04.07-23.00.02:596][  0]LogTargetPlatformManager: Display: Loaded TargetPlatform 'MacClient'
[2026.04.07-23.00.02:599][  0]LogTargetPlatformManager: Display: Loaded TargetPlatform 'MacServer'
[2026.04.07-23.00.02:605][  0]LogTargetPlatformManager: Display: Loaded TargetPlatform 'TVOSClient'
[2026.04.07-23.00.02:605][  0]LogTargetPlatformManager: Display: Loaded TargetPlatform 'TVOS'
[2026.04.07-23.00.02:611][  0]LogTargetPlatformManager: Display: Loaded TargetPlatform 'WindowsNoEditor'
[2026.04.07-23.00.02:614][  0]LogTargetPlatformManager: Display: Loaded TargetPlatform 'Windows'
[2026.04.07-23.00.02:616][  0]LogTargetPlatformManager: Display: Loaded TargetPlatform 'WindowsClient'
[2026.04.07-23.00.02:619][  0]LogTargetPlatformManager: Display: Loaded TargetPlatform 'WindowsServer'
[2026.04.07-23.00.02:619][  0]LogTargetPlatformManager: Display: Building Assets For Windows
[2026.04.07-23.00.02:625][  0]LogAudioDebug: Display: Lib vorbis DLL was dynamically loaded.
[2026.04.07-23.00.02:643][  0]LogTextureFormatOodle: Display: Oodle Texture 2.9.0 init RDO Off
[2026.04.07-23.00.02:662][  0]LogRendererCore: Ray tracing is disabled. Reason: r.RayTracing=0.
[2026.04.07-23.00.02:662][  0]LogShaderCompilers: Guid format shader working directory is -39 characters bigger than the processId version (../../../../../../Users/asus/Desktop/Assign 565/My project/CPSC399_Game/CPSC399Game/Intermediate/Shaders/WorkingDirectory/25568/).
[2026.04.07-23.00.02:663][  0]LogShaderCompilers: Cleaned the shader compiler working directory 'C:/Users/asus/AppData/Local/Temp/UnrealShaderWorkingDir/BCDBB0294FE8483F4ABB94839A330749/'.
[2026.04.07-23.00.02:663][  0]LogXGEController: Cannot use XGE Controller as Incredibuild is not installed on this machine.
[2026.04.07-23.00.02:663][  0]LogShaderCompilers: Cannot use XGE Shader Compiler as Incredibuild is not installed on this machine.
[2026.04.07-23.00.02:663][  0]LogShaderCompilers: Display: Using Local Shader Compiler.
[2026.04.07-23.00.03:166][  0]LogDerivedDataCache: Display: Max Cache Size: 512 MB
[2026.04.07-23.00.03:221][  0]LogDerivedDataCache: Loaded boot cache 0.05s 96MB C:/Users/asus/AppData/Local/UnrealEngine/4.27/DerivedDataCache/Boot.ddc.
[2026.04.07-23.00.03:221][  0]LogDerivedDataCache: Display: Loaded Boot cache: C:/Users/asus/AppData/Local/UnrealEngine/4.27/DerivedDataCache/Boot.ddc
[2026.04.07-23.00.03:221][  0]LogDerivedDataCache: FDerivedDataBackendGraph:  Pak pak cache file ../../../../../../Users/asus/Desktop/Assign 565/My project/CPSC399_Game/CPSC399Game/DerivedDataCache/DDC.ddp not found, will not use a pak cache.
[2026.04.07-23.00.03:221][  0]LogDerivedDataCache: Unable to find inner node Pak for hierarchical cache Hierarchy.
[2026.04.07-23.00.03:221][  0]LogDerivedDataCache: FDerivedDataBackendGraph:  CompressedPak pak cache file ../../../../../../Users/asus/Desktop/Assign 565/My project/CPSC399_Game/CPSC399Game/DerivedDataCache/Compressed.ddp not found, will not use a pak cache.
[2026.04.07-23.00.03:221][  0]LogDerivedDataCache: Unable to find inner node CompressedPak for hierarchical cache Hierarchy.
[2026.04.07-23.00.03:233][  0]LogDerivedDataCache: Display: Pak cache opened for reading ../../../Engine/DerivedDataCache/Compressed.ddp.
[2026.04.07-23.00.03:235][  0]LogDerivedDataCache: FDerivedDataBackendGraph:  EnterprisePak pak cache file ../../../Enterprise/DerivedDataCache/Compressed.ddp not found, will not use a pak cache.
[2026.04.07-23.00.03:235][  0]LogDerivedDataCache: Unable to find inner node EnterprisePak for hierarchical cache Hierarchy.
[2026.04.07-23.00.03:238][  0]LogDerivedDataCache: Speed tests for C:/Users/asus/AppData/Local/UnrealEngine/Common/DerivedDataCache took 0.00 seconds
[2026.04.07-23.00.03:238][  0]LogDerivedDataCache: Display: Performance to C:/Users/asus/AppData/Local/UnrealEngine/Common/DerivedDataCache: Latency=0.02ms. RandomReadSpeed=1817.57MBs, RandomWriteSpeed=261.29MBs. Assigned SpeedClass 'Local'
[2026.04.07-23.00.03:239][  0]LogDerivedDataCache: Using Local data cache path C:/Users/asus/AppData/Local/UnrealEngine/Common/DerivedDataCache: Writable
[2026.04.07-23.00.03:239][  0]LogDerivedDataCache: Shared data cache path not found in *engine.ini, will not use an Shared cache.
[2026.04.07-23.00.03:239][  0]LogDerivedDataCache: Unable to find inner node Shared for hierarchical cache Hierarchy.
[2026.04.07-23.00.03:271][  0]LogSlate: Using FreeType 2.10.0
[2026.04.07-23.00.03:271][  0]LogSlate: SlateFontServices - WITH_FREETYPE: 1, WITH_HARFBUZZ: 1
[2026.04.07-23.00.03:294][  0]LogAssetRegistry: FAssetRegistry took 0.0023 seconds to start up
[2026.04.07-23.00.03:443][  0]LogInit: Selected Device Profile: [Windows]
[2026.04.07-23.00.03:443][  0]LogInit: Active device profile: [000001FD7654CF00][000001FD737B0380 49] Windows
[2026.04.07-23.00.03:443][  0]LogInit: Profiles: [000001FD7654CF00][000001FD737B0380 49] Windows, [000001FD76502400][000001FD6E79E500 49] WindowsNoEditor, [000001FD7654DF00][000001FD6E7A2680 49] WindowsServer, [000001FD76501600][000001FD6E7A6800 49] WindowsClient, [000001FD7654D000][000001FD6E7AA980 49] IOS, [000001FD76503A00][000001FD6E7AEB00 49] iPadAir, [000001FD7654F300][000001FD737B4C40 49] iPadAir2, [000001FD764A5300][000001FD75C48E80 49] IPadPro, [000001FD764A5400][000001FD6E7B2EC0 49] iPadAir3, [000001FD76500B00][000001FD75C51040 49] iPadAir4, [000001FD764A6100][000001FD75C551C0 49] iPadMini2, [000001FD76503400][000001FD75C59340 49] iPadMini3, [000001FD764A6C00][000001FD75C5D4C0 49] iPadMini4, [000001FD76502700][000001FD75C61640 49] iPadMini5, [000001FD764D0E00][000001FD75C69900 49] iPhone6, [000001FD764D0F00][000001FD75C65940 49] iPodTouch6, [000001FD7654F700][000001FD75C71C00 49] iPhone7, [000001FD7654E800][000001FD75C6C0C0 49] iPodTouch7, [000001FD764A4C00][000001FD75C74240 49] iPhone5S, [000001FD7654D300][000001FD75C783C0 49] iPhone6Plus, [000001FD7654C600][000001FD75C7C540 49] iPhone6S, [000001FD764D1300][000001FD75C806C0 49] iPhone6SPlus, [000001FD7654CB00][000001FD75C84840 49] iPhone7Plus, [000001FD764D1600][000001FD75C889C0 49] iPhoneSE, [000001FD7654CA00][000001FD75C8CB40 49] iPhone8, [000001FD764D1200][000001FD75C90CC0 49] iPhone8Plus, [000001FD764A6B00][000001FD75C4CE00 49] iPhoneX, [000001FD764D0C00][000001FD75C94F40 49] iPhoneXS, [000001FD764A7A00][000001FD75C99080 49] iPhoneXSMax, [000001FD764D3800][000001FD75C9D1C0 49] iPhoneXR, [000001FD764A4D00][000001FD76FE9340 49] iPhone11, [000001FD764D2600][000001FD76FED4C0 49] iPhone11Pro, [000001FD764A6900][000001FD76FF1640 49] iPhone11ProMax, [000001FD764D0200][000001FD76FF57C0 49] iPhoneSE2, [000001FD764A4B00][000001FD76FF9940 49] iPhone12Mini, [000001FD764D2A00][000001FD76FFDAC0 49] iPhone12, [000001FD764A6E00][000001FD770000C0 49] iPhone12Pro, [000001FD764D0A00][000001FD77004240 49] iPhone12ProMax, [000001FD764A7200][000001FD770083C0 49] iPadPro105, [000001FD764D3600][000001FD7700C540 49] iPadPro129, [000001FD764A6000][000001FD770106C0 49] iPadPro97, [000001FD764D2000][000001FD77014840 49] iPadPro2_129, [000001FD764A6400][000001FD770189C0 49] iPad5, [000001FD764D1400][000001FD7701CB40 49] iPad6, [000001FD764A5000][000001FD77020CC0 49] iPad7, [000001FD764D1700][000001FD77024E40 49] iPad8, [000001FD764A7C00][000001FD76FE4F80 49] iPadPro11, [000001FD764D1800][000001FD770290C0 49] iPadPro2_11, [000001FD764A4600][000001FD7702D200 49] iPadPro3_129, [000001FD764D0D00][000001FD77031340 49] iPadPro4_129, [000001FD764A7100][000001FD770394C0 49] AppleTV, [000001FD764D0800][000001FD7703D640 49] AppleTV4K, [000001FD764A4500][000001FD770417C0 49] TVOS, [000001FD764D0500][000001FD77045940 49] Mac, [000001FD764A4700][000001FD77049AC0 49] MacClient, [000001FD764D1500][000001FD7704C0C0 49] MacNoEditor, [000001FD764A5500][000001FD77050240 49] MacServer, [000001FD764D2E00][000001FD770543C0 49] Linux, [000001FD764A4400][000001FD77058540 49] LinuxAArch64, [000001FD764D1E00][000001FD7705C6C0 49] LinuxNoEditor, [000001FD764A5C00][000001FD77060840 49] LinuxAArch64NoEditor, [000001FD764D2900][000001FD770649C0 49] LinuxClient, [000001FD764A6D00][000001FD77068B40 49] LinuxAArch64Client, [000001FD764D0100][000001FD7706CCC0 49] LinuxServer, [000001FD764A5E00][000001FD77070E40 49] LinuxAArch64Server, [000001FD764D0B00][000001FD77074FC0 49] Android, [000001FD764A5A00][000001FD77079140 49] Android_Low, [000001FD764D2F00][000001FD77035280 49] Android_Mid, [000001FD764A5100][000001FD7707D3C0 49] Android_High, [000001FD764D3000][000001FD77081500 49] Android_Default, [000001FD764A5700][000001FD77089680 49] Android_Adreno4xx, [000001FD764D1900][000001FD7708D800 49] Android_Adreno5xx_Low, [000001FD764A4A00][000001FD77091980 49] Android_Adreno5xx, [000001FD764D3400][000001FD77095B00 49] Android_Adreno6xx, [000001FD764A4E00][000001FD77098100 49] Android_Adreno6xx_Vulkan, [000001FD764D3100][000001FD7709C280 49] Android_Mali_T6xx, [000001FD7654EF00][000001FD770A0400 49] Android_Mali_T7xx, [000001FD76500800][000001FD770A4580 49] Android_Mali_T8xx, [000001FD7654D200][000001FD770A8700 49] Android_Mali_G71, [000001FD76500E00][000001FD770AC880 49] Android_Mali_G72, [000001FD7654D100][000001FD770C0A00 49] Android_Mali_G72_Vulkan, [000001FD76502500][000001FD770C4B80 49] Android_Mali_G76, [000001FD7654D500][000001FD770C8D00 49] Android_Mali_G76_Vulkan, [000001FD76502000][000001FD770CCE80 49] Android_Mali_G77, [000001FD7654FF00][000001FD770D1000 49] Android_Mali_G77_Vulkan, [000001FD76501D00][000001FD770D5180 49] Android_Mali_G78, [000001FD7654C300][000001FD770D9300 49] Android_Mali_G78_Vulkan, [000001FD76500400][000001FD77085440 49] Android_Mali_G710, [000001FD7654F600][000001FD770DD580 49] Android_Mali_G710_Vulkan, [000001FD76503100][000001FD770E16C0 49] Android_Vulkan_SM5, [000001FD7654C900][000001FD770E9840 49] Android_PowerVR_G6xxx, [000001FD76500A00][000001FD770ED9C0 49] Android_PowerVR_GT7xxx, [000001FD7654CD00][000001FD770F1B40 49] Android_PowerVR_GE8xxx, [000001FD76503C00][000001FD770F4140 49] Android_PowerVR_GM9xxx, [000001FD7654E300][000001FD771042C0 49] Android_PowerVR_GM9xxx_Vulkan, [000001FD76501200][000001FD77108440 49] Android_TegraK1, [000001FD7654EA00][000001FD7710C5C0 49] Android_Unknown_Vulkan, [000001FD76503000][000001FD77110740 49] Lumin, [000001FD7654DC00][000001FD771148C0 49] Lumin_Desktop, [000001FD76502E00][000001FD77118A40 49] HoloLens, 
[2026.04.07-23.00.03:555][  0]LogMeshReduction: Using QuadricMeshReduction for automatic static mesh reduction
[2026.04.07-23.00.03:555][  0]LogMeshReduction: Using SimplygonMeshReduction for automatic skeletal mesh reduction
[2026.04.07-23.00.03:555][  0]LogMeshReduction: Using ProxyLODMeshReduction for automatic mesh merging
[2026.04.07-23.00.03:555][  0]LogMeshReduction: No distributed automatic mesh merging module available
[2026.04.07-23.00.03:555][  0]LogMeshMerging: No distributed automatic mesh merging module available
[2026.04.07-23.00.03:570][  0]LogNetVersion: CPSC399Game 1.0.0, NetCL: 17155196, EngineNetVer: 17, GameNetVer: 0 (Checksum: 2010562307)
[2026.04.07-23.00.03:865][  0]LogTexture: Default maximum texture size for cubemaps generated from long-lat sources has been changed from 512 to unlimited. In order to preserve old behaiour for '/Engine/MapTemplates/Sky/DaylightAmbientCubemap.DaylightAmbientCubemap', its maximum texture size has been explicitly set to 512.
[2026.04.07-23.00.03:915][  0]LogHMD: PokeAHoleMaterial loaded successfully
[2026.04.07-23.00.03:919][  0]LogUObjectArray: 17178 objects as part of root set at end of initial load.
[2026.04.07-23.00.03:919][  0]LogUObjectAllocator: 4302048 out of 0 bytes used by permanent object pool.
[2026.04.07-23.00.03:919][  0]LogUObjectArray: CloseDisregardForGC: 0/0 objects in disregard for GC pool
[2026.04.07-23.00.04:118][  0]LogNiagaraDebuggerClient: Niagara Debugger Client Initialized | Session: C3F677CB4B880F9CB571BDB52D86F4C6 | Instance: F2310F504BDEA4F43F94EDB43A579C05 (ARPIT-25568).
[2026.04.07-23.00.04:143][  0]LogPython: Using Python 3.7.7
[2026.04.07-23.00.04:555][  0]LogTcpMessaging: Initializing TcpMessaging bridge
[2026.04.07-23.00.04:558][  0]LogUdpMessaging: Initializing bridge on interface 0.0.0.0:0 to multicast group 230.0.0.1:6666.
[2026.04.07-23.00.04:702][  0]SourceControl: Source control is disabled
[2026.04.07-23.00.04:702][  0]SourceControl: Source control is disabled
[2026.04.07-23.00.04:704][  0]SourceControl: Source control is disabled
[2026.04.07-23.00.04:709][  0]SourceControl: Source control is disabled
[2026.04.07-23.00.04:710][  0]SourceControl: Source control is disabled
[2026.04.07-23.00.04:714][  0]LogUProjectInfo: Found projects:
[2026.04.07-23.00.04:806][  0]LogOpenImageDenoise: OIDN starting up
[2026.04.07-23.00.04:834][  0]LogAndroidPermission: UAndroidPermissionCallbackProxy::GetInstance
[2026.04.07-23.00.04:846][  0]LogAudioCaptureCore: Display: No Audio Capture implementations found. Audio input will be silent.
[2026.04.07-23.00.04:846][  0]LogAudioCaptureCore: Display: No Audio Capture implementations found. Audio input will be silent.
[2026.04.07-23.00.04:936][  0]LogCollectionManager: Loaded 0 collections in 0.001089 seconds
[2026.04.07-23.00.04:955][  0]LogFileCache: Scanning file cache for directory 'C:/Users/asus/Desktop/Assign 565/My project/CPSC399_Game/CPSC399Game/Saved/Collections/' took 0.00s
[2026.04.07-23.00.04:955][  0]LogFileCache: Scanning file cache for directory 'C:/Users/asus/Desktop/Assign 565/My project/CPSC399_Game/CPSC399Game/Content/Developers/asus/Collections/' took 0.00s
[2026.04.07-23.00.04:955][  0]LogFileCache: Scanning file cache for directory 'C:/Users/asus/Desktop/Assign 565/My project/CPSC399_Game/CPSC399Game/Content/Collections/' took 0.00s
[2026.04.07-23.00.04:955][  0]LogOcInput: OculusInput pre-init called
[2026.04.07-23.00.05:117][  0]LogEngine: Initializing Engine...
[2026.04.07-23.00.05:179][  0]LogHMD: Failed to enumerate extensions. Please check that you have a valid OpenXR runtime installed.
[2026.04.07-23.00.05:179][  0]LogHMD: Failed to initialize OpenVR with code 110
[2026.04.07-23.00.05:179][  0]LogMagicLeap: Warning: VR disabled because ZI is not enabled.  To enable, in the editor, Edit -> Project Settings -> Plugins -> Magic Leap Plugin -> Enable Zero Iteration
[2026.04.07-23.00.05:180][  0]LogStats: UGameplayTagsManager::InitializeManager -  0.000 s
[2026.04.07-23.00.05:263][  0]LogInit: Initializing FReadOnlyCVARCache
[2026.04.07-23.00.05:269][  0]LogAIModule: Creating AISystem for world Untitled
[2026.04.07-23.00.05:274][  0]LogAudio: Display: Initializing Audio Device Manager...
[2026.04.07-23.00.05:276][  0]LogAudio: Display: Loading Default Audio Settings Objects...
[2026.04.07-23.00.05:277][  0]LogAudio: Display: No default SoundConcurrencyObject specified (or failed to load).
[2026.04.07-23.00.05:277][  0]LogAudio: Display: Audio Device Manager Initialized
[2026.04.07-23.00.05:277][  0]LogAudio: Display: Creating Audio Device:                 Id: 1, Scope: Shared, Realtime: True
[2026.04.07-23.00.05:277][  0]LogAudioMixer: Display: Audio Mixer Platform Settings:
[2026.04.07-23.00.05:277][  0]LogAudioMixer: Display: 	Sample Rate:						  48000
[2026.04.07-23.00.05:277][  0]LogAudioMixer: Display: 	Callback Buffer Frame Size Requested: 1024
[2026.04.07-23.00.05:277][  0]LogAudioMixer: Display: 	Callback Buffer Frame Size To Use:	  1024
[2026.04.07-23.00.05:277][  0]LogAudioMixer: Display: 	Number of buffers to queue:			  2
[2026.04.07-23.00.05:277][  0]LogAudioMixer: Display: 	Max Channels (voices):				  32
[2026.04.07-23.00.05:277][  0]LogAudioMixer: Display: 	Number of Async Source Workers:		  0
[2026.04.07-23.00.05:277][  0]LogAudio: Display: AudioDevice MaxSources: 32
[2026.04.07-23.00.05:277][  0]LogAudio: Display: Audio Spatialization Plugin: None (built-in).
[2026.04.07-23.00.05:277][  0]LogAudio: Display: Audio Reverb Plugin: None (built-in).
[2026.04.07-23.00.05:277][  0]LogAudio: Display: Audio Occlusion Plugin: None (built-in).
[2026.04.07-23.00.05:277][  0]LogAudioMixer: Display: Initializing audio mixer.
[2026.04.07-23.00.05:287][  0]LogAudioMixer: Display: 0: FrontLeft
[2026.04.07-23.00.05:287][  0]LogAudioMixer: Display: 1: FrontRight
[2026.04.07-23.00.05:362][  0]LogAudioMixer: Display: Using Audio Device Speakers (C-Media(R) Audio)
[2026.04.07-23.00.05:366][  0]LogAudioMixer: Display: Initializing Sound Submixes...
[2026.04.07-23.00.05:367][  0]LogAudioMixer: Display: Creating Master Submix 'MasterSubmixDefault'
[2026.04.07-23.00.05:367][  0]LogAudioMixer: Display: Creating Master Submix 'MasterReverbSubmixDefault'
[2026.04.07-23.00.05:368][  0]LogAudioMixer: Display: Creating Master Submix 'MasterEQSubmixDefault'
[2026.04.07-23.00.05:368][  0]LogAudioMixer: FMixerPlatformXAudio2::StartAudioStream() called
[2026.04.07-23.00.05:368][  0]LogAudioMixer: Display: Output buffers initialized: Frames=1024, Channels=2, Samples=2048
[2026.04.07-23.00.05:369][  0]LogAudioMixer: Display: Starting AudioMixerPlatformInterface::RunInternal()
[2026.04.07-23.00.05:369][  0]LogAudioMixer: Display: FMixerPlatformXAudio2::SubmitBuffer() called for the first time
[2026.04.07-23.00.05:369][  0]LogInit: FAudioDevice initialized.
[2026.04.07-23.00.05:369][  0]LogAudio: Display: Audio Device (ID: 1) registered with world 'Untitled'.
[2026.04.07-23.00.05:369][  0]LogNetVersion: Set ProjectVersion to 1.0.0.0. Version Checksum will be recalculated on next use.
[2026.04.07-23.00.05:457][  0]LogDerivedDataCache: Saved boot cache 0.09s 96MB C:/Users/asus/AppData/Local/UnrealEngine/4.27/DerivedDataCache/Boot.ddc.
[2026.04.07-23.00.05:457][  0]LogInit: Texture streaming: Enabled
[2026.04.07-23.00.05:465][  0]LogAnalytics: Display: [UEEditor.Rocket.Release] APIServer = https://datarouter.ol.epicgames.com/. AppVersion = 4.27.2-18319896+++UE4+Release-4.27
[2026.04.07-23.00.05:467][  0]LogEngineSessionManager: EngineSessionManager initialized
[2026.04.07-23.00.05:467][  0]LogEditorSessionSummary: Verbose: Initializing EditorSessionSummaryWriter for editor session tracking
[2026.04.07-23.00.05:468][  0]LogEditorSessionSummary: EditorSessionSummaryWriter initialized
[2026.04.07-23.00.05:486][  0]LogInit: Transaction tracking system initialized
[2026.04.07-23.00.05:501][  0]BlueprintLog: New page: Editor Load
[2026.04.07-23.00.05:545][  0]LocalizationService: Localization service is disabled
[2026.04.07-23.00.05:566][  0]TimingProfiler: Initialize
[2026.04.07-23.00.05:567][  0]TimingProfiler: OnSessionChanged
[2026.04.07-23.00.05:567][  0]LoadingProfiler: Initialize
[2026.04.07-23.00.05:567][  0]LoadingProfiler: OnSessionChanged
[2026.04.07-23.00.05:567][  0]NetworkingProfiler: Initialize
[2026.04.07-23.00.05:567][  0]NetworkingProfiler: OnSessionChanged
[2026.04.07-23.00.05:567][  0]MemoryProfiler: Initialize
[2026.04.07-23.00.05:567][  0]MemoryProfiler: OnSessionChanged
[2026.04.07-23.00.05:668][  0]LogCook: Display: CookSettings for Memory: MemoryMaxUsedVirtual 0MiB, MemoryMaxUsedPhysical 16384MiB, MemoryMinFreeVirtual 0MiB, MemoryMinFreePhysical 1024MiB
[2026.04.07-23.00.05:668][  0]LogCook: Display: Mobile HDR setting 1
[2026.04.07-23.00.05:801][  0]LogFileCache: Scanning file cache for directory 'C:/Users/asus/Desktop/Assign 565/My project/CPSC399_Game/CPSC399Game/Content/' took 0.00s
[2026.04.07-23.00.05:925][  0]LogInit: Display: Engine is initialized. Leaving FEngineLoop::Init()
[2026.04.07-23.00.05:927][  0]SourceControl: Source control is disabled
[2026.04.07-23.00.05:927][  0]LogUnrealEdMisc: Loading editor; pre map load, took 5.008
[2026.04.07-23.00.05:927][  0]Cmd: MAP LOAD FILE="../../../../../../Users/asus/Desktop/Assign 565/My project/CPSC399_Game/CPSC399Game/Content/ThirdPersonBP/Maps/ThirdPersonExampleMap.umap" TEMPLATE=0 SHOWPROGRESS=1 FEATURELEVEL=3
[2026.04.07-23.00.05:927][  0]LightingResults: New page: Lighting Build
[2026.04.07-23.00.05:929][  0]LogWorld: UWorld::CleanupWorld for Untitled, bSessionEnded=true, bCleanupResources=true
[2026.04.07-23.00.05:929][  0]LogSlate: InvalidateAllWidgets triggered.  All widgets were invalidated
[2026.04.07-23.00.05:929][  0]MapCheck: New page: Map Check
[2026.04.07-23.00.05:929][  0]LightingResults: New page: Lighting Build
[2026.04.07-23.00.05:932][  0]LogAudio: Display: Audio Device unregistered from world 'None'.
[2026.04.07-23.00.05:934][  0]LogUObjectHash: Compacting FUObjectHashTables data took   0.51ms
[2026.04.07-23.00.06:078][  0]LogTexture: Display: Building textures: T_Texture (OODLE_AutoDXT, 1024X1024)
[2026.04.07-23.00.06:078][  0]LogTextureFormatOodle: Display: non-RDO encode 1024 x 1024 x 1 to format OODLE_AutoDXT (Oodle OodleTex_BC1_WithTransparency) lambda=0 effort=20 
[2026.04.07-23.00.06:078][  0]LogStaticMesh: Building static mesh SM_Brazier_002...
[2026.04.07-23.00.06:083][  0]LogTexture: Display: Building textures: toppng_com-fr-en-shadow-of-a-blob-693x798 (BGRA8, 742X854)
[2026.04.07-23.00.06:083][  0]LogStaticMesh: Built static mesh [0.00s] /Game/Inferno_World_Free/Meshes/Props/SM_Brazier_002.SM_Brazier_002
[2026.04.07-23.00.06:105][  0]LogStaticMesh: Building static mesh SM_Axe_001...
[2026.04.07-23.00.06:115][  0]LogStaticMesh: Built static mesh [0.01s] /Game/Inferno_World_Free/Meshes/Statues/SM_Axe_001.SM_Axe_001
[2026.04.07-23.00.06:119][  0]LogStaticMesh: Building static mesh SM_PlatformSmall_002...
[2026.04.07-23.00.06:120][  0]LogStaticMesh: Built static mesh [0.00s] /Game/Inferno_World_Free/Meshes/Platforms/SM_PlatformSmall_002.SM_PlatformSmall_002
[2026.04.07-23.00.06:134][  0]LogStaticMesh: Building static mesh SM_Stone_005...
[2026.04.07-23.00.06:134][  0]LogStaticMesh: Built static mesh [0.00s] /Game/Inferno_World_Free/Meshes/Rocks/SM_Stone_005.SM_Stone_005
[2026.04.07-23.00.06:138][  0]LogStaticMesh: Building static mesh SM_RockSmall_001...
[2026.04.07-23.00.06:139][  0]LogStaticMesh: Built static mesh [0.00s] /Game/Inferno_World_Free/Meshes/Rocks/SM_RockSmall_001.SM_RockSmall_001
[2026.04.07-23.00.06:148][  0]LogMaterial: Display: Missing cached shadermap for M_Color in PCD3D_SM5, Default, SM5 (DDC key hash: 5EE5DF7E2D5D3B57076FCB552D1589AF39B62EE1), compiling. 
[2026.04.07-23.00.06:193][  0]LogShaderCompilers: Display: Submitted 25 shader compile jobs with 'Low' priority
[2026.04.07-23.00.06:281][  0]LogShaderCompilers: Display: Worker (1/17): shaders left to compile 25
[2026.04.07-23.00.06:283][  0]LogShaderCompilers: Display: Worker (2/17): shaders left to compile 23
[2026.04.07-23.00.06:283][  0]LogShaderCompilers: Display: Worker (3/17): shaders left to compile 21
[2026.04.07-23.00.06:283][  0]LogShaderCompilers: Display: Worker (4/17): shaders left to compile 19
[2026.04.07-23.00.06:283][  0]LogShaderCompilers: Display: Worker (5/17): shaders left to compile 17
[2026.04.07-23.00.06:283][  0]LogShaderCompilers: Display: Worker (6/17): shaders left to compile 15
[2026.04.07-23.00.06:283][  0]LogShaderCompilers: Display: Worker (7/17): shaders left to compile 13
[2026.04.07-23.00.06:283][  0]LogShaderCompilers: Display: Worker (8/17): shaders left to compile 11
[2026.04.07-23.00.06:283][  0]LogShaderCompilers: Display: Worker (9/17): shaders left to compile 9
[2026.04.07-23.00.06:283][  0]LogShaderCompilers: Display: Worker (10/17): shaders left to compile 7
[2026.04.07-23.00.06:283][  0]LogShaderCompilers: Display: Worker (11/17): shaders left to compile 5
[2026.04.07-23.00.06:283][  0]LogShaderCompilers: Display: Worker (12/17): shaders left to compile 3
[2026.04.07-23.00.06:283][  0]LogShaderCompilers: Display: Worker (13/17): shaders left to compile 1
[2026.04.07-23.00.06:283][  0]LogShaderCompilers: Display: Started 25 'Local' shader compile jobs with 'Low' priority
[2026.04.07-23.00.06:283][  0]LogMaterial: Display: Missing cached shadermap for PlayerShadow in PCD3D_SM5, Default, SM5 (DDC key hash: EB2507B9945473695E96A3899DAEC638760F486B), compiling. 
[2026.04.07-23.00.06:336][  0]LogShaderCompilers: Display: Submitted 35 shader compile jobs with 'Low' priority
[2026.04.07-23.00.06:342][  0]LogShaderCompilers: Display: Worker (14/17): shaders left to compile 35
[2026.04.07-23.00.06:342][  0]LogShaderCompilers: Display: Worker (15/17): shaders left to compile 32
[2026.04.07-23.00.06:342][  0]LogShaderCompilers: Display: Worker (16/17): shaders left to compile 29
[2026.04.07-23.00.06:342][  0]LogShaderCompilers: Display: Worker (17/17): shaders left to compile 26
[2026.04.07-23.00.06:342][  0]LogShaderCompilers: Display: Started 12 'Local' shader compile jobs with 'Low' priority
[2026.04.07-23.00.06:342][  0]LogAudio: Display: Audio Device (ID: 1) registered with world 'ThirdPersonExampleMap'.
[2026.04.07-23.00.06:343][  0]LogAIModule: Creating AISystem for world ThirdPersonExampleMap
[2026.04.07-23.00.06:373][  0]LogEditorServer: Finished looking for orphan Actors (0.000 secs)
[2026.04.07-23.00.06:382][  0]LogUObjectHash: Compacting FUObjectHashTables data took   0.90ms
[2026.04.07-23.00.06:383][  0]Cmd: MAP CHECKDEP NOCLEARLOG
[2026.04.07-23.00.06:383][  0]MapCheck: Map check complete: 0 Error(s), 0 Warning(s), took 0.142ms to complete.
[2026.04.07-23.00.06:383][  0]LogFileHelpers: Loading map 'ThirdPersonExampleMap' took 0.456
[2026.04.07-23.00.06:385][  0]LogUnrealEdMisc: Total Editor Startup Time, took 5.467
[2026.04.07-23.00.06:553][  0]LogSlate: Updating window title bar state: overlay mode, drag disabled, window buttons hidden, title bar hidden
[2026.04.07-23.00.06:560][  0]LogSlate: Updating window title bar state: overlay mode, drag disabled, window buttons hidden, title bar hidden
[2026.04.07-23.00.06:568][  0]LogSlate: Updating window title bar state: overlay mode, drag disabled, window buttons hidden, title bar hidden
[2026.04.07-23.00.06:575][  0]LogSlate: Updating window title bar state: overlay mode, drag disabled, window buttons hidden, title bar hidden
[2026.04.07-23.00.06:615][  0]LogNativeClassHierarchy: Verbose: Native class hierarchy populated in 0.0113 seconds. Added 3822 classes and 928 folders.
[2026.04.07-23.00.06:624][  0]LogNativeClassHierarchy: Verbose: Native class hierarchy updated for 'WidgetCarousel' in 0.0003 seconds. Added 0 classes and 0 folders.
[2026.04.07-23.00.06:638][  0]LogPakFile: PakFile PrimaryIndexSize=187
[2026.04.07-23.00.06:638][  0]LogPakFile: PakFile PathHashIndexSize=101
[2026.04.07-23.00.06:638][  0]LogPakFile: PakFile FullDirectoryIndexSize=148
[2026.04.07-23.00.06:639][  0]LogShaderLibrary: Display: ShaderCodeLibraryPakFileMountedCallback: PakFile 'C:/Program Files/Epic Games/UE_4.27/FeaturePacks/FP_FirstPerson.upack' (chunk index -1, root 'root:/') mounted
[2026.04.07-23.00.06:639][  0]LogShaderLibrary: Display: ShaderCodeLibraryPakFileMountedCallback: pending pak file info (ChunkID:-1 Root:root:/ File:C:/Program Files/Epic Games/UE_4.27/FeaturePacks/FP_FirstPerson.upack)
[2026.04.07-23.00.06:640][  0]LogPakFile: OnPakFileMounted2Time == 0.001080
[2026.04.07-23.00.06:643][  0]LogPakFile: PakFile PrimaryIndexSize=189
[2026.04.07-23.00.06:643][  0]LogPakFile: PakFile PathHashIndexSize=101
[2026.04.07-23.00.06:643][  0]LogPakFile: PakFile FullDirectoryIndexSize=152
[2026.04.07-23.00.06:643][  0]LogShaderLibrary: Display: ShaderCodeLibraryPakFileMountedCallback: PakFile 'C:/Program Files/Epic Games/UE_4.27/FeaturePacks/FP_FirstPersonBP.upack' (chunk index -1, root 'root:/') mounted
[2026.04.07-23.00.06:643][  0]LogShaderLibrary: Display: ShaderCodeLibraryPakFileMountedCallback: pending pak file info (ChunkID:-1 Root:root:/ File:C:/Program Files/Epic Games/UE_4.27/FeaturePacks/FP_FirstPersonBP.upack)
[2026.04.07-23.00.06:643][  0]LogPakFile: OnPakFileMounted2Time == 0.000055
[2026.04.07-23.00.06:645][  0]LogPakFile: PakFile PrimaryIndexSize=191
[2026.04.07-23.00.06:645][  0]LogPakFile: PakFile PathHashIndexSize=101
[2026.04.07-23.00.06:645][  0]LogPakFile: PakFile FullDirectoryIndexSize=160
[2026.04.07-23.00.06:645][  0]LogShaderLibrary: Display: ShaderCodeLibraryPakFileMountedCallback: PakFile 'C:/Program Files/Epic Games/UE_4.27/FeaturePacks/MobileStarterContent.upack' (chunk index -1, root 'root:/') mounted
[2026.04.07-23.00.06:645][  0]LogShaderLibrary: Display: ShaderCodeLibraryPakFileMountedCallback: pending pak file info (ChunkID:-1 Root:root:/ File:C:/Program Files/Epic Games/UE_4.27/FeaturePacks/MobileStarterContent.upack)
[2026.04.07-23.00.06:645][  0]LogPakFile: OnPakFileMounted2Time == 0.000036
[2026.04.07-23.00.06:646][  0]LogPakFile: PakFile PrimaryIndexSize=185
[2026.04.07-23.00.06:646][  0]LogPakFile: PakFile PathHashIndexSize=101
[2026.04.07-23.00.06:646][  0]LogPakFile: PakFile FullDirectoryIndexSize=148
[2026.04.07-23.00.06:646][  0]LogShaderLibrary: Display: ShaderCodeLibraryPakFileMountedCallback: PakFile 'C:/Program Files/Epic Games/UE_4.27/FeaturePacks/StarterContent.upack' (chunk index -1, root 'root:/') mounted
[2026.04.07-23.00.06:646][  0]LogShaderLibrary: Display: ShaderCodeLibraryPakFileMountedCallback: pending pak file info (ChunkID:-1 Root:root:/ File:C:/Program Files/Epic Games/UE_4.27/FeaturePacks/StarterContent.upack)
[2026.04.07-23.00.06:646][  0]LogPakFile: OnPakFileMounted2Time == 0.000041
[2026.04.07-23.00.06:648][  0]LogPakFile: PakFile PrimaryIndexSize=190
[2026.04.07-23.00.06:648][  0]LogPakFile: PakFile PathHashIndexSize=101
[2026.04.07-23.00.06:648][  0]LogPakFile: PakFile FullDirectoryIndexSize=154
[2026.04.07-23.00.06:648][  0]LogShaderLibrary: Display: ShaderCodeLibraryPakFileMountedCallback: PakFile 'C:/Program Files/Epic Games/UE_4.27/FeaturePacks/TP_2DSideScroller.upack' (chunk index -1, root 'root:/') mounted
[2026.04.07-23.00.06:648][  0]LogShaderLibrary: Display: ShaderCodeLibraryPakFileMountedCallback: pending pak file info (ChunkID:-1 Root:root:/ File:C:/Program Files/Epic Games/UE_4.27/FeaturePacks/TP_2DSideScroller.upack)
[2026.04.07-23.00.06:648][  0]LogPakFile: OnPakFileMounted2Time == 0.000038
[2026.04.07-23.00.06:650][  0]LogPakFile: PakFile PrimaryIndexSize=192
[2026.04.07-23.00.06:650][  0]LogPakFile: PakFile PathHashIndexSize=101
[2026.04.07-23.00.06:650][  0]LogPakFile: PakFile FullDirectoryIndexSize=158
[2026.04.07-23.00.06:650][  0]LogShaderLibrary: Display: ShaderCodeLibraryPakFileMountedCallback: PakFile 'C:/Program Files/Epic Games/UE_4.27/FeaturePacks/TP_2DSideScrollerBP.upack' (chunk index -1, root 'root:/') mounted
[2026.04.07-23.00.06:650][  0]LogShaderLibrary: Display: ShaderCodeLibraryPakFileMountedCallback: pending pak file info (ChunkID:-1 Root:root:/ File:C:/Program Files/Epic Games/UE_4.27/FeaturePacks/TP_2DSideScrollerBP.upack)
[2026.04.07-23.00.06:650][  0]LogPakFile: OnPakFileMounted2Time == 0.000040
[2026.04.07-23.00.06:651][  0]LogPakFile: PakFile PrimaryIndexSize=182
[2026.04.07-23.00.06:651][  0]LogPakFile: PakFile PathHashIndexSize=101
[2026.04.07-23.00.06:651][  0]LogPakFile: PakFile FullDirectoryIndexSize=138
[2026.04.07-23.00.06:651][  0]LogShaderLibrary: Display: ShaderCodeLibraryPakFileMountedCallback: PakFile 'C:/Program Files/Epic Games/UE_4.27/FeaturePacks/TP_Flying.upack' (chunk index -1, root 'root:/') mounted
[2026.04.07-23.00.06:651][  0]LogShaderLibrary: Display: ShaderCodeLibraryPakFileMountedCallback: pending pak file info (ChunkID:-1 Root:root:/ File:C:/Program Files/Epic Games/UE_4.27/FeaturePacks/TP_Flying.upack)
[2026.04.07-23.00.06:651][  0]LogPakFile: OnPakFileMounted2Time == 0.000039
[2026.04.07-23.00.06:653][  0]LogPakFile: PakFile PrimaryIndexSize=184
[2026.04.07-23.00.06:653][  0]LogPakFile: PakFile PathHashIndexSize=101
[2026.04.07-23.00.06:653][  0]LogPakFile: PakFile FullDirectoryIndexSize=142
[2026.04.07-23.00.06:653][  0]LogShaderLibrary: Display: ShaderCodeLibraryPakFileMountedCallback: PakFile 'C:/Program Files/Epic Games/UE_4.27/FeaturePacks/TP_FlyingBP.upack' (chunk index -1, root 'root:/') mounted
[2026.04.07-23.00.06:653][  0]LogShaderLibrary: Display: ShaderCodeLibraryPakFileMountedCallback: pending pak file info (ChunkID:-1 Root:root:/ File:C:/Program Files/Epic Games/UE_4.27/FeaturePacks/TP_FlyingBP.upack)
[2026.04.07-23.00.06:653][  0]LogPakFile: OnPakFileMounted2Time == 0.000038
[2026.04.07-23.00.06:655][  0]LogPakFile: PakFile PrimaryIndexSize=188
[2026.04.07-23.00.06:655][  0]LogPakFile: PakFile PathHashIndexSize=101
[2026.04.07-23.00.06:655][  0]LogPakFile: PakFile FullDirectoryIndexSize=150
[2026.04.07-23.00.06:655][  0]LogShaderLibrary: Display: ShaderCodeLibraryPakFileMountedCallback: PakFile 'C:/Program Files/Epic Games/UE_4.27/FeaturePacks/TP_HandheldARBP.upack' (chunk index -1, root 'root:/') mounted
[2026.04.07-23.00.06:655][  0]LogShaderLibrary: Display: ShaderCodeLibraryPakFileMountedCallback: pending pak file info (ChunkID:-1 Root:root:/ File:C:/Program Files/Epic Games/UE_4.27/FeaturePacks/TP_HandheldARBP.upack)
[2026.04.07-23.00.06:655][  0]LogPakFile: OnPakFileMounted2Time == 0.000038
[2026.04.07-23.00.06:660][  0]LogPakFile: PakFile PrimaryIndexSize=182
[2026.04.07-23.00.06:660][  0]LogPakFile: PakFile PathHashIndexSize=101
[2026.04.07-23.00.06:660][  0]LogPakFile: PakFile FullDirectoryIndexSize=138
[2026.04.07-23.00.06:660][  0]LogShaderLibrary: Display: ShaderCodeLibraryPakFileMountedCallback: PakFile 'C:/Program Files/Epic Games/UE_4.27/FeaturePacks/TP_Puzzle.upack' (chunk index -1, root 'root:/') mounted
[2026.04.07-23.00.06:660][  0]LogShaderLibrary: Display: ShaderCodeLibraryPakFileMountedCallback: pending pak file info (ChunkID:-1 Root:root:/ File:C:/Program Files/Epic Games/UE_4.27/FeaturePacks/TP_Puzzle.upack)
[2026.04.07-23.00.06:660][  0]LogPakFile: OnPakFileMounted2Time == 0.000046
[2026.04.07-23.00.06:662][  0]LogPakFile: PakFile PrimaryIndexSize=184
[2026.04.07-23.00.06:662][  0]LogPakFile: PakFile PathHashIndexSize=101
[2026.04.07-23.00.06:662][  0]LogPakFile: PakFile FullDirectoryIndexSize=142
[2026.04.07-23.00.06:662][  0]LogShaderLibrary: Display: ShaderCodeLibraryPakFileMountedCallback: PakFile 'C:/Program Files/Epic Games/UE_4.27/FeaturePacks/TP_PuzzleBP.upack' (chunk index -1, root 'root:/') mounted
[2026.04.07-23.00.06:662][  0]LogShaderLibrary: Display: ShaderCodeLibraryPakFileMountedCallback: pending pak file info (ChunkID:-1 Root:root:/ File:C:/Program Files/Epic Games/UE_4.27/FeaturePacks/TP_PuzzleBP.upack)
[2026.04.07-23.00.06:662][  0]LogPakFile: OnPakFileMounted2Time == 0.000043
[2026.04.07-23.00.06:663][  0]LogPakFile: PakFile PrimaryIndexSize=183
[2026.04.07-23.00.06:663][  0]LogPakFile: PakFile PathHashIndexSize=101
[2026.04.07-23.00.06:663][  0]LogPakFile: PakFile FullDirectoryIndexSize=140
[2026.04.07-23.00.06:663][  0]LogShaderLibrary: Display: ShaderCodeLibraryPakFileMountedCallback: PakFile 'C:/Program Files/Epic Games/UE_4.27/FeaturePacks/TP_Rolling.upack' (chunk index -1, root 'root:/') mounted
[2026.04.07-23.00.06:663][  0]LogShaderLibrary: Display: ShaderCodeLibraryPakFileMountedCallback: pending pak file info (ChunkID:-1 Root:root:/ File:C:/Program Files/Epic Games/UE_4.27/FeaturePacks/TP_Rolling.upack)
[2026.04.07-23.00.06:663][  0]LogPakFile: OnPakFileMounted2Time == 0.000038
[2026.04.07-23.00.06:665][  0]LogPakFile: PakFile PrimaryIndexSize=185
[2026.04.07-23.00.06:665][  0]LogPakFile: PakFile PathHashIndexSize=101
[2026.04.07-23.00.06:665][  0]LogPakFile: PakFile FullDirectoryIndexSize=144
[2026.04.07-23.00.06:665][  0]LogShaderLibrary: Display: ShaderCodeLibraryPakFileMountedCallback: PakFile 'C:/Program Files/Epic Games/UE_4.27/FeaturePacks/TP_RollingBP.upack' (chunk index -1, root 'root:/') mounted
[2026.04.07-23.00.06:665][  0]LogShaderLibrary: Display: ShaderCodeLibraryPakFileMountedCallback: pending pak file info (ChunkID:-1 Root:root:/ File:C:/Program Files/Epic Games/UE_4.27/FeaturePacks/TP_RollingBP.upack)
[2026.04.07-23.00.06:665][  0]LogPakFile: OnPakFileMounted2Time == 0.000106
[2026.04.07-23.00.06:666][  0]LogPakFile: PakFile PrimaryIndexSize=188
[2026.04.07-23.00.06:666][  0]LogPakFile: PakFile PathHashIndexSize=101
[2026.04.07-23.00.06:666][  0]LogPakFile: PakFile FullDirectoryIndexSize=150
[2026.04.07-23.00.06:666][  0]LogShaderLibrary: Display: ShaderCodeLibraryPakFileMountedCallback: PakFile 'C:/Program Files/Epic Games/UE_4.27/FeaturePacks/TP_SideScroller.upack' (chunk index -1, root 'root:/') mounted
[2026.04.07-23.00.06:666][  0]LogShaderLibrary: Display: ShaderCodeLibraryPakFileMountedCallback: pending pak file info (ChunkID:-1 Root:root:/ File:C:/Program Files/Epic Games/UE_4.27/FeaturePacks/TP_SideScroller.upack)
[2026.04.07-23.00.06:666][  0]LogPakFile: OnPakFileMounted2Time == 0.000033
[2026.04.07-23.00.06:667][  0]LogPakFile: PakFile PrimaryIndexSize=190
[2026.04.07-23.00.06:667][  0]LogPakFile: PakFile PathHashIndexSize=101
[2026.04.07-23.00.06:667][  0]LogPakFile: PakFile FullDirectoryIndexSize=154
[2026.04.07-23.00.06:667][  0]LogShaderLibrary: Display: ShaderCodeLibraryPakFileMountedCallback: PakFile 'C:/Program Files/Epic Games/UE_4.27/FeaturePacks/TP_SideScrollerBP.upack' (chunk index -1, root 'root:/') mounted
[2026.04.07-23.00.06:667][  0]LogShaderLibrary: Display: ShaderCodeLibraryPakFileMountedCallback: pending pak file info (ChunkID:-1 Root:root:/ File:C:/Program Files/Epic Games/UE_4.27/FeaturePacks/TP_SideScrollerBP.upack)
[2026.04.07-23.00.06:667][  0]LogPakFile: OnPakFileMounted2Time == 0.000038
[2026.04.07-23.00.06:668][  0]LogPakFile: PakFile PrimaryIndexSize=187
[2026.04.07-23.00.06:669][  0]LogPakFile: PakFile PathHashIndexSize=101
[2026.04.07-23.00.06:669][  0]LogPakFile: PakFile FullDirectoryIndexSize=148
[2026.04.07-23.00.06:669][  0]LogShaderLibrary: Display: ShaderCodeLibraryPakFileMountedCallback: PakFile 'C:/Program Files/Epic Games/UE_4.27/FeaturePacks/TP_ThirdPerson.upack' (chunk index -1, root 'root:/') mounted
[2026.04.07-23.00.06:669][  0]LogShaderLibrary: Display: ShaderCodeLibraryPakFileMountedCallback: pending pak file info (ChunkID:-1 Root:root:/ File:C:/Program Files/Epic Games/UE_4.27/FeaturePacks/TP_ThirdPerson.upack)
[2026.04.07-23.00.06:669][  0]LogPakFile: OnPakFileMounted2Time == 0.000035
[2026.04.07-23.00.06:671][  0]LogPakFile: PakFile PrimaryIndexSize=189
[2026.04.07-23.00.06:671][  0]LogPakFile: PakFile PathHashIndexSize=101
[2026.04.07-23.00.06:671][  0]LogPakFile: PakFile FullDirectoryIndexSize=152
[2026.04.07-23.00.06:671][  0]LogShaderLibrary: Display: ShaderCodeLibraryPakFileMountedCallback: PakFile 'C:/Program Files/Epic Games/UE_4.27/FeaturePacks/TP_ThirdPersonBP.upack' (chunk index -1, root 'root:/') mounted
[2026.04.07-23.00.06:671][  0]LogShaderLibrary: Display: ShaderCodeLibraryPakFileMountedCallback: pending pak file info (ChunkID:-1 Root:root:/ File:C:/Program Files/Epic Games/UE_4.27/FeaturePacks/TP_ThirdPersonBP.upack)
[2026.04.07-23.00.06:671][  0]LogPakFile: OnPakFileMounted2Time == 0.000043
[2026.04.07-23.00.06:672][  0]LogPakFile: PakFile PrimaryIndexSize=183
[2026.04.07-23.00.06:672][  0]LogPakFile: PakFile PathHashIndexSize=101
[2026.04.07-23.00.06:672][  0]LogPakFile: PakFile FullDirectoryIndexSize=140
[2026.04.07-23.00.06:672][  0]LogShaderLibrary: Display: ShaderCodeLibraryPakFileMountedCallback: PakFile 'C:/Program Files/Epic Games/UE_4.27/FeaturePacks/TP_TopDown.upack' (chunk index -1, root 'root:/') mounted
[2026.04.07-23.00.06:672][  0]LogShaderLibrary: Display: ShaderCodeLibraryPakFileMountedCallback: pending pak file info (ChunkID:-1 Root:root:/ File:C:/Program Files/Epic Games/UE_4.27/FeaturePacks/TP_TopDown.upack)
[2026.04.07-23.00.06:672][  0]LogPakFile: OnPakFileMounted2Time == 0.000045
[2026.04.07-23.00.06:674][  0]LogPakFile: PakFile PrimaryIndexSize=185
[2026.04.07-23.00.06:674][  0]LogPakFile: PakFile PathHashIndexSize=101
[2026.04.07-23.00.06:674][  0]LogPakFile: PakFile FullDirectoryIndexSize=144
[2026.04.07-23.00.06:674][  0]LogShaderLibrary: Display: ShaderCodeLibraryPakFileMountedCallback: PakFile 'C:/Program Files/Epic Games/UE_4.27/FeaturePacks/TP_TopDownBP.upack' (chunk index -1, root 'root:/') mounted
[2026.04.07-23.00.06:674][  0]LogShaderLibrary: Display: ShaderCodeLibraryPakFileMountedCallback: pending pak file info (ChunkID:-1 Root:root:/ File:C:/Program Files/Epic Games/UE_4.27/FeaturePacks/TP_TopDownBP.upack)
[2026.04.07-23.00.06:674][  0]LogPakFile: OnPakFileMounted2Time == 0.000039
[2026.04.07-23.00.06:675][  0]LogPakFile: PakFile PrimaryIndexSize=185
[2026.04.07-23.00.06:675][  0]LogPakFile: PakFile PathHashIndexSize=101
[2026.04.07-23.00.06:675][  0]LogPakFile: PakFile FullDirectoryIndexSize=144
[2026.04.07-23.00.06:675][  0]LogShaderLibrary: Display: ShaderCodeLibraryPakFileMountedCallback: PakFile 'C:/Program Files/Epic Games/UE_4.27/FeaturePacks/TP_TwinStick.upack' (chunk index -1, root 'root:/') mounted
[2026.04.07-23.00.06:675][  0]LogShaderLibrary: Display: ShaderCodeLibraryPakFileMountedCallback: pending pak file info (ChunkID:-1 Root:root:/ File:C:/Program Files/Epic Games/UE_4.27/FeaturePacks/TP_TwinStick.upack)
[2026.04.07-23.00.06:675][  0]LogPakFile: OnPakFileMounted2Time == 0.000040
[2026.04.07-23.00.06:676][  0]LogPakFile: PakFile PrimaryIndexSize=187
[2026.04.07-23.00.06:677][  0]LogPakFile: PakFile PathHashIndexSize=101
[2026.04.07-23.00.06:677][  0]LogPakFile: PakFile FullDirectoryIndexSize=148
[2026.04.07-23.00.06:677][  0]LogShaderLibrary: Display: ShaderCodeLibraryPakFileMountedCallback: PakFile 'C:/Program Files/Epic Games/UE_4.27/FeaturePacks/TP_TwinStickBP.upack' (chunk index -1, root 'root:/') mounted
[2026.04.07-23.00.06:677][  0]LogShaderLibrary: Display: ShaderCodeLibraryPakFileMountedCallback: pending pak file info (ChunkID:-1 Root:root:/ File:C:/Program Files/Epic Games/UE_4.27/FeaturePacks/TP_TwinStickBP.upack)
[2026.04.07-23.00.06:677][  0]LogPakFile: OnPakFileMounted2Time == 0.000040
[2026.04.07-23.00.06:678][  0]LogPakFile: PakFile PrimaryIndexSize=183
[2026.04.07-23.00.06:678][  0]LogPakFile: PakFile PathHashIndexSize=101
[2026.04.07-23.00.06:678][  0]LogPakFile: PakFile FullDirectoryIndexSize=140
[2026.04.07-23.00.06:678][  0]LogShaderLibrary: Display: ShaderCodeLibraryPakFileMountedCallback: PakFile 'C:/Program Files/Epic Games/UE_4.27/FeaturePacks/TP_Vehicle.upack' (chunk index -1, root 'root:/') mounted
[2026.04.07-23.00.06:678][  0]LogShaderLibrary: Display: ShaderCodeLibraryPakFileMountedCallback: pending pak file info (ChunkID:-1 Root:root:/ File:C:/Program Files/Epic Games/UE_4.27/FeaturePacks/TP_Vehicle.upack)
[2026.04.07-23.00.06:678][  0]LogPakFile: OnPakFileMounted2Time == 0.000043
[2026.04.07-23.00.06:680][  0]LogPakFile: PakFile PrimaryIndexSize=186
[2026.04.07-23.00.06:680][  0]LogPakFile: PakFile PathHashIndexSize=101
[2026.04.07-23.00.06:680][  0]LogPakFile: PakFile FullDirectoryIndexSize=146
[2026.04.07-23.00.06:680][  0]LogShaderLibrary: Display: ShaderCodeLibraryPakFileMountedCallback: PakFile 'C:/Program Files/Epic Games/UE_4.27/FeaturePacks/TP_VehicleAdv.upack' (chunk index -1, root 'root:/') mounted
[2026.04.07-23.00.06:680][  0]LogShaderLibrary: Display: ShaderCodeLibraryPakFileMountedCallback: pending pak file info (ChunkID:-1 Root:root:/ File:C:/Program Files/Epic Games/UE_4.27/FeaturePacks/TP_VehicleAdv.upack)
[2026.04.07-23.00.06:680][  0]LogPakFile: OnPakFileMounted2Time == 0.000044
[2026.04.07-23.00.06:681][  0]LogPakFile: PakFile PrimaryIndexSize=188
[2026.04.07-23.00.06:681][  0]LogPakFile: PakFile PathHashIndexSize=101
[2026.04.07-23.00.06:681][  0]LogPakFile: PakFile FullDirectoryIndexSize=150
[2026.04.07-23.00.06:682][  0]LogShaderLibrary: Display: ShaderCodeLibraryPakFileMountedCallback: PakFile 'C:/Program Files/Epic Games/UE_4.27/FeaturePacks/TP_VehicleAdvBP.upack' (chunk index -1, root 'root:/') mounted
[2026.04.07-23.00.06:682][  0]LogShaderLibrary: Display: ShaderCodeLibraryPakFileMountedCallback: pending pak file info (ChunkID:-1 Root:root:/ File:C:/Program Files/Epic Games/UE_4.27/FeaturePacks/TP_VehicleAdvBP.upack)
[2026.04.07-23.00.06:682][  0]LogPakFile: OnPakFileMounted2Time == 0.000065
[2026.04.07-23.00.06:683][  0]LogPakFile: PakFile PrimaryIndexSize=185
[2026.04.07-23.00.06:683][  0]LogPakFile: PakFile PathHashIndexSize=101
[2026.04.07-23.00.06:683][  0]LogPakFile: PakFile FullDirectoryIndexSize=144
[2026.04.07-23.00.06:683][  0]LogShaderLibrary: Display: ShaderCodeLibraryPakFileMountedCallback: PakFile 'C:/Program Files/Epic Games/UE_4.27/FeaturePacks/TP_VehicleBP.upack' (chunk index -1, root 'root:/') mounted
[2026.04.07-23.00.06:683][  0]LogShaderLibrary: Display: ShaderCodeLibraryPakFileMountedCallback: pending pak file info (ChunkID:-1 Root:root:/ File:C:/Program Files/Epic Games/UE_4.27/FeaturePacks/TP_VehicleBP.upack)
[2026.04.07-23.00.06:683][  0]LogPakFile: OnPakFileMounted2Time == 0.000046
[2026.04.07-23.00.06:685][  0]LogPakFile: PakFile PrimaryIndexSize=192
[2026.04.07-23.00.06:685][  0]LogPakFile: PakFile PathHashIndexSize=101
[2026.04.07-23.00.06:685][  0]LogPakFile: PakFile FullDirectoryIndexSize=158
[2026.04.07-23.00.06:685][  0]LogShaderLibrary: Display: ShaderCodeLibraryPakFileMountedCallback: PakFile 'C:/Program Files/Epic Games/UE_4.27/FeaturePacks/TP_VirtualRealityBP.upack' (chunk index -1, root 'root:/') mounted
[2026.04.07-23.00.06:685][  0]LogShaderLibrary: Display: ShaderCodeLibraryPakFileMountedCallback: pending pak file info (ChunkID:-1 Root:root:/ File:C:/Program Files/Epic Games/UE_4.27/FeaturePacks/TP_VirtualRealityBP.upack)
[2026.04.07-23.00.06:685][  0]LogPakFile: OnPakFileMounted2Time == 0.000048
[2026.04.07-23.00.06:778][  0]LogNativeClassHierarchy: Verbose: Native class hierarchy updated for 'AddContentDialog' in 0.0007 seconds. Added 0 classes and 0 folders.
[2026.04.07-23.00.06:785][  0]LogNativeClassHierarchy: Verbose: Native class hierarchy updated for 'SceneOutliner' in 0.0007 seconds. Added 2 classes and 0 folders.
[2026.04.07-23.00.06:888][  0]LogSlate: Took 0.000493 seconds to synchronously load lazily loaded font '../../../Engine/Content/Slate/Fonts/Roboto-Regular.ttf' (155K)
[2026.04.07-23.00.06:905][  0]LogSlate: Took 0.014942 seconds to synchronously load lazily loaded font '../../../Engine/Content/Editor/Slate/Fonts/FontAwesome.ttf' (139K)
[2026.04.07-23.00.06:907][  0]LogSlate: Took 0.000376 seconds to synchronously load lazily loaded font '../../../Engine/Content/Slate/Fonts/Roboto-Bold.ttf' (160K)
[2026.04.07-23.00.07:116][  0]LogRenderer: Reallocating scene render targets to support 964x428 Format 10 NumSamples 1 (Frame:1).
[2026.04.07-23.00.07:866][  0]LogShaderCompilers: Display: Worker (13/17): shaders left to compile 23
[2026.04.07-23.00.07:866][  0]LogShaderCompilers: Display: Started 2 'Local' shader compile jobs with 'Normal' priority
[2026.04.07-23.00.07:866][  0]LogShaderCompilers: Display: Worker (1/17): shaders left to compile 21
[2026.04.07-23.00.07:866][  0]LogShaderCompilers: Display: Started 2 'Local' shader compile jobs with 'Normal' priority
[2026.04.07-23.00.07:866][  0]LogShaderCompilers: Display: Worker (7/17): shaders left to compile 19
[2026.04.07-23.00.07:866][  0]LogShaderCompilers: Display: Started 2 'Local' shader compile jobs with 'Normal' priority
[2026.04.07-23.00.07:867][  0]LogShaderCompilers: Display: Worker (4/17): shaders left to compile 17
[2026.04.07-23.00.07:867][  0]LogShaderCompilers: Display: Started 2 'Local' shader compile jobs with 'Normal' priority
[2026.04.07-23.00.07:867][  0]LogShaderCompilers: Display: Worker (3/17): shaders left to compile 15
[2026.04.07-23.00.07:867][  0]LogShaderCompilers: Display: Started 1 'Local' shader compile jobs with 'Normal' priority
[2026.04.07-23.00.07:867][  0]LogShaderCompilers: Display: Worker (12/17): shaders left to compile 14
[2026.04.07-23.00.07:867][  0]LogShaderCompilers: Display: Started 1 'Local' shader compile jobs with 'Normal' priority
[2026.04.07-23.00.07:867][  0]LogShaderCompilers: Display: Worker (2/17): shaders left to compile 13
[2026.04.07-23.00.07:867][  0]LogShaderCompilers: Display: Started 1 'Local' shader compile jobs with 'Normal' priority
[2026.04.07-23.00.07:867][  0]LogShaderCompilers: Display: Worker (9/17): shaders left to compile 12
[2026.04.07-23.00.07:867][  0]LogShaderCompilers: Display: Started 1 'Local' shader compile jobs with 'Normal' priority
[2026.04.07-23.00.07:867][  0]LogShaderCompilers: Display: Worker (6/17): shaders left to compile 11
[2026.04.07-23.00.07:867][  0]LogShaderCompilers: Display: Started 1 'Local' shader compile jobs with 'Normal' priority
[2026.04.07-23.00.07:880][  0]LogNativeClassHierarchy: Verbose: Native class hierarchy updated for 'HierarchicalLODOutliner' in 0.0006 seconds. Added 0 classes and 0 folders.
[2026.04.07-23.00.07:880][  0]LogInput: Warning: Action Jump uses invalid key OculusGo_Left_Trigger_Click.
[2026.04.07-23.00.07:880][  0]LogInput: Warning: Action ResetVR uses invalid key OculusGo_Left_Trackpad_Click.
[2026.04.07-23.00.07:880][  0]LogInput: Warning: Use -RemoveInvalidKeys to remove instances of these keys from the action mapping.
[2026.04.07-23.00.07:880][  0]LogLoad: (Engine Initialization) Total time: 6.96 seconds
[2026.04.07-23.00.07:880][  0]LogLoad: (Engine Initialization) Total Blueprint compile time: 0.00 seconds
[2026.04.07-23.00.07:972][  0]LogShaderCompilers: Display: Worker (17/17): shaders left to compile 10
[2026.04.07-23.00.07:972][  0]LogShaderCompilers: Display: Started 1 'Local' shader compile jobs with 'Normal' priority
[2026.04.07-23.00.07:972][  0]LogShaderCompilers: Display: Worker (8/17): shaders left to compile 9
[2026.04.07-23.00.07:972][  0]LogShaderCompilers: Display: Started 1 'Local' shader compile jobs with 'Normal' priority
[2026.04.07-23.00.07:972][  0]LogAssetRegistry: Asset discovery search completed in 4.6786 seconds
[2026.04.07-23.00.07:981][  0]LogCollectionManager: Fixed up redirectors for 0 collections in 0.000007 seconds (updated 0 objects)
[2026.04.07-23.00.07:986][  0]LogContentStreaming: Texture pool size now 1000 MB
[2026.04.07-23.00.08:032][  1]LogShaderCompilers: Display: Worker (10/17): shaders left to compile 8
[2026.04.07-23.00.08:032][  1]LogShaderCompilers: Display: Started 1 'Local' shader compile jobs with 'Normal' priority
[2026.04.07-23.00.08:034][  1]LogFileCache: Retrieving MD5 hashes for directory 'C:/Users/asus/Desktop/Assign 565/My project/CPSC399_Game/CPSC399Game/Content/' took 0.11s
[2026.04.07-23.00.08:079][  2]LogShaderCompilers: Display: Worker (9/17): shaders left to compile 7
[2026.04.07-23.00.08:079][  2]LogShaderCompilers: Display: Started 1 'Local' shader compile jobs with 'Normal' priority
[2026.04.07-23.00.08:113][  2]LogShaderCompilers: Display: Worker (5/17): shaders left to compile 6
[2026.04.07-23.00.08:113][  2]LogShaderCompilers: Display: Worker (11/17): shaders left to compile 5
[2026.04.07-23.00.08:113][  2]LogShaderCompilers: Display: Started 2 'Local' shader compile jobs with 'Normal' priority
[2026.04.07-23.00.08:113][  2]LogSlate: Took 0.011658 seconds to synchronously load lazily loaded font '../../../Engine/Content/Slate/Fonts/Roboto-Light.ttf' (167K)
[2026.04.07-23.00.08:147][  4]LogShaderCompilers: Display: Worker (14/17): shaders left to compile 4
[2026.04.07-23.00.08:147][  4]LogShaderCompilers: Display: Started 1 'Local' shader compile jobs with 'Normal' priority
[2026.04.07-23.00.08:247][  5]LogShaderCompilers: Display: Worker (16/17): shaders left to compile 3
[2026.04.07-23.00.08:247][  5]LogShaderCompilers: Display: Started 1 'Local' shader compile jobs with 'Normal' priority
[2026.04.07-23.00.08:276][  5]LogShaderCompilers: Display: Worker (3/17): shaders left to compile 2
[2026.04.07-23.00.08:276][  5]LogShaderCompilers: Display: Worker (15/17): shaders left to compile 1
[2026.04.07-23.00.08:276][  5]LogShaderCompilers: Display: Started 2 'Local' shader compile jobs with 'Normal' priority
[2026.04.07-23.00.08:960][ 30]LogSlate: Took 0.000176 seconds to synchronously load lazily loaded font '../../../Engine/Content/Slate/Fonts/Roboto-Light.ttf' (167K)
[2026.04.07-23.00.17:626][547]LogTemp: Repeating last play command: Selected Viewport
[2026.04.07-23.00.17:631][547]LogPlayLevel: PlayLevel: No blueprints needed recompiling
[2026.04.07-23.00.17:633][547]PIE: New page: PIE session: ThirdPersonExampleMap (Apr 7, 2026, 11:00:17 AM)
[2026.04.07-23.00.17:635][547]LogOnline: OSS: Creating online subsystem instance for: NULL
[2026.04.07-23.00.17:636][547]LogOnline: OSS: TryLoadSubsystemAndSetDefault: Loaded subsystem for module [NULL]
[2026.04.07-23.00.17:636][547]LogPlayLevel: Creating play world package: /Game/ThirdPersonBP/Maps/UEDPIE_0_ThirdPersonExampleMap
[2026.04.07-23.00.17:647][547]LogPlayLevel: PIE: StaticDuplicateObject took: (0.011730s)
[2026.04.07-23.00.17:650][547]LogAIModule: Creating AISystem for world ThirdPersonExampleMap
[2026.04.07-23.00.17:650][547]LogPlayLevel: PIE: World Init took: (0.001571s)
[2026.04.07-23.00.17:650][547]LogPlayLevel: PIE: Created PIE world by copying editor world from /Game/ThirdPersonBP/Maps/ThirdPersonExampleMap.ThirdPersonExampleMap to /Game/ThirdPersonBP/Maps/UEDPIE_0_ThirdPersonExampleMap.ThirdPersonExampleMap (0.013853s)
[2026.04.07-23.00.17:654][547]LogUObjectHash: Compacting FUObjectHashTables data took   0.41ms
[2026.04.07-23.00.17:656][547]LogAudio: Display: Creating Audio Device:                 Id: 2, Scope: Unique, Realtime: True
[2026.04.07-23.00.17:656][547]LogAudioMixer: Display: Audio Mixer Platform Settings:
[2026.04.07-23.00.17:656][547]LogAudioMixer: Display: 	Sample Rate:						  48000
[2026.04.07-23.00.17:656][547]LogAudioMixer: Display: 	Callback Buffer Frame Size Requested: 1024
[2026.04.07-23.00.17:656][547]LogAudioMixer: Display: 	Callback Buffer Frame Size To Use:	  1024
[2026.04.07-23.00.17:656][547]LogAudioMixer: Display: 	Number of buffers to queue:			  2
[2026.04.07-23.00.17:656][547]LogAudioMixer: Display: 	Max Channels (voices):				  32
[2026.04.07-23.00.17:656][547]LogAudioMixer: Display: 	Number of Async Source Workers:		  0
[2026.04.07-23.00.17:656][547]LogAudio: Display: AudioDevice MaxSources: 32
[2026.04.07-23.00.17:656][547]LogAudio: Display: Audio Spatialization Plugin: None (built-in).
[2026.04.07-23.00.17:656][547]LogAudio: Display: Audio Reverb Plugin: None (built-in).
[2026.04.07-23.00.17:656][547]LogAudio: Display: Audio Occlusion Plugin: None (built-in).
[2026.04.07-23.00.17:656][547]LogAudioMixer: Display: Initializing audio mixer.
[2026.04.07-23.00.17:661][547]LogAudioMixer: Display: 0: FrontLeft
[2026.04.07-23.00.17:662][547]LogAudioMixer: Display: 1: FrontRight
[2026.04.07-23.00.17:670][547]LogAudioMixer: Display: Using Audio Device Speakers (C-Media(R) Audio)
[2026.04.07-23.00.17:671][547]LogAudioMixer: Display: Initializing Sound Submixes...
[2026.04.07-23.00.17:671][547]LogAudioMixer: Display: Creating Master Submix 'MasterSubmixDefault'
[2026.04.07-23.00.17:671][547]LogAudioMixer: Display: Creating Master Submix 'MasterReverbSubmixDefault'
[2026.04.07-23.00.17:671][547]LogAudioMixer: Display: Creating Master Submix 'MasterEQSubmixDefault'
[2026.04.07-23.00.17:671][547]LogAudioMixer: FMixerPlatformXAudio2::StartAudioStream() called
[2026.04.07-23.00.17:671][547]LogAudioMixer: Display: Output buffers initialized: Frames=1024, Channels=2, Samples=2048
[2026.04.07-23.00.17:671][547]LogAudioMixer: Display: Starting AudioMixerPlatformInterface::RunInternal()
[2026.04.07-23.00.17:671][547]LogAudioMixer: Display: FMixerPlatformXAudio2::SubmitBuffer() called for the first time
[2026.04.07-23.00.17:671][547]LogInit: FAudioDevice initialized.
[2026.04.07-23.00.17:671][547]LogAudio: Display: Audio Device (ID: 2) registered with world 'ThirdPersonExampleMap'.
[2026.04.07-23.00.17:685][547]LogLoad: Game class is 'ThirdPersonGameMode_C'
[2026.04.07-23.00.17:689][547]LogWorld: Bringing World /Game/ThirdPersonBP/Maps/UEDPIE_0_ThirdPersonExampleMap.ThirdPersonExampleMap up for play (max tick rate 60) at 2026.04.07-17.00.17
[2026.04.07-23.00.17:689][547]LogWorld: Bringing up level for play took: 0.002007
[2026.04.07-23.00.17:690][547]LogOnline: OSS: Creating online subsystem instance for: :Context_5
[2026.04.07-23.00.17:694][547]LogGameMode: FindPlayerStart: PATHS NOT DEFINED or NO PLAYERSTART with positive rating
[2026.04.07-23.00.17:701][547]LogNativeClassHierarchy: Verbose: Native class hierarchy updated for 'MovieSceneCapture' in 0.0002 seconds. Added 20 classes and 0 folders.
[2026.04.07-23.00.17:703][547]PIE: Server logged in
[2026.04.07-23.00.17:704][547]PIE: Play in editor total start time 0.075 seconds.
[2026.04.07-23.00.20:727][725]LogSlate: Updating window title bar state: overlay mode, drag disabled, window buttons hidden, title bar hidden
[2026.04.07-23.00.20:727][725]LogWorld: BeginTearingDown for /Game/ThirdPersonBP/Maps/UEDPIE_0_ThirdPersonExampleMap
[2026.04.07-23.00.20:727][725]LogWorld: UWorld::CleanupWorld for ThirdPersonExampleMap, bSessionEnded=true, bCleanupResources=true
[2026.04.07-23.00.20:727][725]LogSlate: InvalidateAllWidgets triggered.  All widgets were invalidated
[2026.04.07-23.00.20:736][725]LogPlayLevel: Display: Shutting down PIE online subsystems
[2026.04.07-23.00.20:737][725]LogSlate: InvalidateAllWidgets triggered.  All widgets were invalidated
[2026.04.07-23.00.20:741][725]LogAudio: Display: Audio Device unregistered from world 'None'.
[2026.04.07-23.00.20:741][725]LogAudioMixer: FMixerPlatformXAudio2::StopAudioStream() called
[2026.04.07-23.00.20:742][725]LogAudioMixer: FMixerPlatformXAudio2::StopAudioStream() called
[2026.04.07-23.00.20:743][725]LogSlate: Updating window title bar state: overlay mode, drag disabled, window buttons hidden, title bar hidden
[2026.04.07-23.00.20:744][725]LogUObjectHash: Compacting FUObjectHashTables data took   0.53ms
[2026.04.07-23.00.20:796][728]LogPlayLevel: Display: Destroying online subsystem :Context_5
[2026.04.07-23.01.06:119][445]LogAssetEditorSubsystem: Opening Asset editor for Blueprint /Game/ThirdPersonBP/Blueprints/ThirdPersonCharacter.ThirdPersonCharacter
[2026.04.07-23.01.06:252][445]LogNativeClassHierarchy: Verbose: Native class hierarchy updated for 'BlueprintGraph' in 0.0004 seconds. Added 126 classes and 0 folders.
[2026.04.07-23.01.06:790][445]LogAssetEditorSubsystem: Opening Asset editor for Blueprint /Game/ThirdPersonBP/Blueprints/ThirdPersonGameMode.ThirdPersonGameMode
[2026.04.07-23.01.09:131][572]LogSlate: Took 0.000154 seconds to synchronously load lazily loaded font '../../../Engine/Content/Slate/Fonts/Roboto-BoldCondensed.ttf' (158K)
[2026.04.07-23.01.12:196][750]LogSlate: Window 'ThirdPersonGameMode' being destroyed
[2026.04.07-23.01.12:199][750]LogSlate: Window 'ThirdPersonGameMode' being destroyed
[2026.04.07-23.01.12:201][750]LogWorld: UWorld::CleanupWorld for World_4, bSessionEnded=true, bCleanupResources=true
[2026.04.07-23.01.12:201][750]LogSlate: InvalidateAllWidgets triggered.  All widgets were invalidated
[2026.04.07-23.01.12:235][750]LogActorComponent: UnregisterComponent: (/Engine/Transient.EditorFloorComp) Not registered. Aborting.
[2026.04.07-23.01.12:235][750]LogWorld: UWorld::CleanupWorld for World_5, bSessionEnded=true, bCleanupResources=true
[2026.04.07-23.01.12:235][750]LogSlate: InvalidateAllWidgets triggered.  All widgets were invalidated
[2026.04.07-23.01.14:220][859]LogSlate: Took 0.005870 seconds to synchronously load lazily loaded font '../../../Engine/Content/Slate/Fonts/Roboto-Italic.ttf' (157K)
[2026.04.07-23.01.18:830][134]LogUObjectHash: Compacting FUObjectHashTables data took   1.48ms
[2026.04.07-23.01.18:848][134]LogSavePackage: Moving '../../../../../../Users/asus/Desktop/Assign 565/My project/CPSC399_Game/CPSC399Game/Saved/ThirdPersonExampleMapBDEECE72403DE8E8111AC29B3C0EA339.tmp' to '../../../../../../Users/asus/Desktop/Assign 565/My project/CPSC399_Game/CPSC399Game/Content/ThirdPersonBP/Maps/ThirdPersonExampleMap.umap'
[2026.04.07-23.01.18:924][134]LogSavePackage: Moving '../../../../../../Users/asus/Desktop/Assign 565/My project/CPSC399_Game/CPSC399Game/Saved/ThirdPersonExampleMap_BuiltData587C2EB54C8A609BC23BF3857E6F0556.tmp' to '../../../../../../Users/asus/Desktop/Assign 565/My project/CPSC399_Game/CPSC399Game/Content/ThirdPersonBP/Maps/ThirdPersonExampleMap_BuiltData.uasset'
[2026.04.07-23.01.18:936][134]AssetCheck: New page: Asset Save: multiple assets
[2026.04.07-23.01.18:936][134]LogContentValidation: Display: Validating MapBuildDataRegistry /Game/ThirdPersonBP/Maps/ThirdPersonExampleMap_BuiltData.ThirdPersonExampleMap_BuiltData
[2026.04.07-23.01.18:936][134]LogContentValidation: Display: Validating World /Game/ThirdPersonBP/Maps/ThirdPersonExampleMap.ThirdPersonExampleMap
[2026.04.07-23.01.45:288][704]LogTexture: Display: Building textures: T_Fire_Distortion (OODLE_AutoDXT, 512X512)
[2026.04.07-23.01.45:288][704]LogTexture: Display: Building textures: T_Water_Normal (OODLE_BC5, 512X512)
[2026.04.07-23.01.45:288][704]LogMaterial: Display: Missing cached shadermap for M_Water in PCD3D_SM5, Default, SM5 (DDC key hash: 72142CF90AAA5F4082E2A998040A3F646714BC6C), compiling. 
[2026.04.07-23.01.45:371][704]LogTexture: Display: Building textures: T_Sky_Texture (OODLE_BC6H, 4096X2048)
[2026.04.07-23.01.45:371][704]LogShaderCompilers: Display: Submitted 92 shader compile jobs with 'Low' priority
[2026.04.07-23.01.45:864][704]LogShaderCompilers: Display: Worker (1/17): shaders left to compile 92
[2026.04.07-23.01.45:864][704]LogShaderCompilers: Display: Worker (2/17): shaders left to compile 86
[2026.04.07-23.01.45:864][704]LogShaderCompilers: Display: Worker (3/17): shaders left to compile 80
[2026.04.07-23.01.45:864][704]LogShaderCompilers: Display: Worker (4/17): shaders left to compile 74
[2026.04.07-23.01.45:864][704]LogShaderCompilers: Display: Worker (5/17): shaders left to compile 68
[2026.04.07-23.01.45:864][704]LogShaderCompilers: Display: Worker (6/17): shaders left to compile 62
[2026.04.07-23.01.45:864][704]LogShaderCompilers: Display: Worker (7/17): shaders left to compile 56
[2026.04.07-23.01.45:864][704]LogShaderCompilers: Display: Worker (8/17): shaders left to compile 50
[2026.04.07-23.01.45:864][704]LogShaderCompilers: Display: Worker (9/17): shaders left to compile 44
[2026.04.07-23.01.45:864][704]LogShaderCompilers: Display: Worker (10/17): shaders left to compile 38
[2026.04.07-23.01.45:864][704]LogShaderCompilers: Display: Worker (11/17): shaders left to compile 32
[2026.04.07-23.01.45:864][704]LogShaderCompilers: Display: Worker (12/17): shaders left to compile 26
[2026.04.07-23.01.45:864][704]LogShaderCompilers: Display: Worker (13/17): shaders left to compile 20
[2026.04.07-23.01.45:864][704]LogShaderCompilers: Display: Worker (14/17): shaders left to compile 14
[2026.04.07-23.01.45:864][704]LogShaderCompilers: Display: Worker (15/17): shaders left to compile 8
[2026.04.07-23.01.45:864][704]LogShaderCompilers: Display: Worker (16/17): shaders left to compile 2
[2026.04.07-23.01.45:864][704]LogShaderCompilers: Display: Started 92 'Local' shader compile jobs with 'Low' priority
[2026.04.07-23.01.45:864][704]LogMaterial: Display: Missing cached shadermap for M_HDRI in PCD3D_SM5, Default, SM5 (DDC key hash: 5616D89537E06686ABBE27697C676163C23C224D), compiling. 
[2026.04.07-23.01.45:873][704]LogShaderCompilers: Display: Submitted 11 shader compile jobs with 'Low' priority
[2026.04.07-23.01.45:877][704]LogStaticMesh: Building static mesh SM_PlatformSmall_001...
[2026.04.07-23.01.45:904][704]LogStaticMesh: Built static mesh [0.03s] /Game/Inferno_World_Free/Meshes/Platforms/SM_PlatformSmall_001.SM_PlatformSmall_001
[2026.04.07-23.01.46:900][761]LogShaderCompilers: Display: Worker (16/17): shaders left to compile 4
[2026.04.07-23.01.46:900][761]LogShaderCompilers: Display: Started 1 'Local' shader compile jobs with 'ForceLocal' priority
[2026.04.07-23.01.47:138][772]LogShaderCompilers: Display: Worker (16/17): shaders left to compile 3
[2026.04.07-23.01.47:138][772]LogShaderCompilers: Display: Started 1 'Local' shader compile jobs with 'ForceLocal' priority
[2026.04.07-23.01.47:535][788]LogShaderCompilers: Display: Worker (16/17): shaders left to compile 2
[2026.04.07-23.01.47:535][788]LogShaderCompilers: Display: Started 1 'Local' shader compile jobs with 'ForceLocal' priority
[2026.04.07-23.01.48:173][825]LogShaderCompilers: Display: Worker (16/17): shaders left to compile 1
[2026.04.07-23.01.48:173][825]LogShaderCompilers: Display: Started 1 'Local' shader compile jobs with 'ForceLocal' priority
[2026.04.07-23.01.48:527][845]LogShaderCompilers: Display: Worker (13/17): shaders left to compile 7
[2026.04.07-23.01.48:527][845]LogShaderCompilers: Display: Started 1 'Local' shader compile jobs with 'Normal' priority
[2026.04.07-23.01.48:660][853]LogShaderCompilers: Display: Worker (16/17): shaders left to compile 6
[2026.04.07-23.01.48:660][853]LogShaderCompilers: Display: Started 1 'Local' shader compile jobs with 'Normal' priority
[2026.04.07-23.01.48:836][863]LogShaderCompilers: Display: Worker (5/17): shaders left to compile 5
[2026.04.07-23.01.48:836][863]LogShaderCompilers: Display: Started 1 'Local' shader compile jobs with 'Normal' priority
[2026.04.07-23.01.49:005][873]LogShaderCompilers: Display: Worker (7/17): shaders left to compile 4
[2026.04.07-23.01.49:005][873]LogShaderCompilers: Display: Started 1 'Local' shader compile jobs with 'Normal' priority
[2026.04.07-23.01.49:082][878]LogShaderCompilers: Display: Worker (16/17): shaders left to compile 3
[2026.04.07-23.01.49:083][878]LogShaderCompilers: Display: Started 1 'Local' shader compile jobs with 'Normal' priority
[2026.04.07-23.01.49:291][890]LogShaderCompilers: Display: Worker (5/17): shaders left to compile 2
[2026.04.07-23.01.49:291][890]LogShaderCompilers: Display: Started 1 'Local' shader compile jobs with 'Normal' priority
[2026.04.07-23.01.49:341][893]LogShaderCompilers: Display: Worker (7/17): shaders left to compile 1
[2026.04.07-23.01.49:342][893]LogShaderCompilers: Display: Started 1 'Local' shader compile jobs with 'Normal' priority
[2026.04.07-23.01.49:965][927]LogUObjectHash: Compacting FUObjectHashTables data took   2.94ms
[2026.04.07-23.01.50:003][927]LogAssetEditorSubsystem: Opening Asset editor for World /Game/ThirdPersonBP/Maps/Map1.Map1
[2026.04.07-23.01.50:006][927]Cmd: MAP LOAD FILE="../../../../../../Users/asus/Desktop/Assign 565/My project/CPSC399_Game/CPSC399Game/Content/ThirdPersonBP/Maps/Map1.umap" TEMPLATE=0 SHOWPROGRESS=1 FEATURELEVEL=3
[2026.04.07-23.01.50:006][927]LightingResults: New page: Lighting Build
[2026.04.07-23.01.50:006][927]LoadErrors: New page: Loading map: Map1.umap
[2026.04.07-23.01.50:058][927]LogWorld: UWorld::CleanupWorld for ThirdPersonExampleMap, bSessionEnded=true, bCleanupResources=true
[2026.04.07-23.01.50:058][927]LogSlate: InvalidateAllWidgets triggered.  All widgets were invalidated
[2026.04.07-23.01.50:058][927]MapCheck: New page: Map Check
[2026.04.07-23.01.50:058][927]LightingResults: New page: Lighting Build
[2026.04.07-23.01.50:078][927]LogAudio: Display: Audio Device unregistered from world 'None'.
[2026.04.07-23.01.50:085][927]LogUObjectHash: Compacting FUObjectHashTables data took   3.00ms
[2026.04.07-23.01.50:090][927]LogAudio: Display: Audio Device (ID: 1) registered with world 'Map1'.
[2026.04.07-23.01.50:125][927]LogEditorServer: Finished looking for orphan Actors (0.000 secs)
[2026.04.07-23.01.50:125][927]LogAIModule: Creating AISystem for world Map1
[2026.04.07-23.01.50:150][927]LogUObjectHash: Compacting FUObjectHashTables data took   2.86ms
[2026.04.07-23.01.50:174][927]Cmd: MAP CHECKDEP NOCLEARLOG
[2026.04.07-23.01.50:175][927]MapCheck: Map check complete: 0 Error(s), 0 Warning(s), took 0.211ms to complete.
[2026.04.07-23.01.50:175][927]LogFileHelpers: Loading map 'Map1' took 0.169
[2026.04.07-23.02.01:598][598]LogTexture: Display: Building textures: HQ_Lightmap0_10 (BGRA8, 128X128)
[2026.04.07-23.02.01:598][598]LogTexture: Display: Building textures: HQ_Lightmap0_16 (BGRA8, 128X128)
[2026.04.07-23.02.01:598][598]LogTexture: Display: Building textures: HQ_Lightmap0_17 (BGRA8, 128X128)
[2026.04.07-23.02.01:598][598]LogTexture: Display: Building textures: HQ_Lightmap0_15 (BGRA8, 128X128)
[2026.04.07-23.02.01:598][598]LogTexture: Display: Building textures: HQ_Lightmap0_18 (BGRA8, 128X128)
[2026.04.07-23.02.01:598][598]LogTexture: Display: Building textures: HQ_Lightmap0_14 (BGRA8, 128X128)
[2026.04.07-23.02.01:598][598]LogTexture: Display: Building textures: HQ_Lightmap0_25 (BGRA8, 128X128)
[2026.04.07-23.02.01:598][598]LogTexture: Display: Building textures: HQ_Lightmap0_12 (BGRA8, 128X128)
[2026.04.07-23.02.01:598][598]LogTexture: Display: Building textures: HQ_Lightmap0_2 (BGRA8, 128X128)
[2026.04.07-23.02.01:598][598]LogTexture: Display: Building textures: HQ_Lightmap0_20 (BGRA8, 256X256)
[2026.04.07-23.02.01:598][598]LogTexture: Display: Building textures: HQ_Lightmap0_21 (BGRA8, 128X128)
[2026.04.07-23.02.01:598][598]LogTexture: Display: Building textures: HQ_Lightmap0_24 (BGRA8, 128X128)
[2026.04.07-23.02.01:598][598]LogTexture: Display: Building textures: HQ_Lightmap0_13 (BGRA8, 128X128)
[2026.04.07-23.02.01:598][598]LogTexture: Display: Building textures: HQ_Lightmap0_23 (BGRA8, 128X128)
[2026.04.07-23.02.01:598][598]LogTexture: Display: Building textures: HQ_Lightmap0_11 (BGRA8, 256X256)
[2026.04.07-23.02.01:598][598]LogTexture: Display: Building textures: HQ_Lightmap0_28 (BGRA8, 128X128)
[2026.04.07-23.02.01:598][598]LogTexture: Display: Building textures: HQ_Lightmap0_19 (BGRA8, 256X256)
[2026.04.07-23.02.01:598][598]LogTexture: Display: Building textures: HQ_Lightmap0_26 (BGRA8, 128X128)
[2026.04.07-23.02.01:598][598]LogTexture: Display: Building textures: HQ_Lightmap0_27 (BGRA8, 128X128)
[2026.04.07-23.02.01:598][598]LogTexture: Display: Building textures: HQ_Lightmap0_22 (BGRA8, 256X256)
[2026.04.07-23.02.01:598][598]LogTexture: Display: Building textures: HQ_Lightmap0_30 (BGRA8, 128X128)
[2026.04.07-23.02.01:598][598]LogTexture: Display: Building textures: HQ_Lightmap0_29 (BGRA8, 128X128)
[2026.04.07-23.02.01:598][598]LogTexture: Display: Building textures: HQ_Lightmap0_38 (BGRA8, 128X128)
[2026.04.07-23.02.01:598][598]LogTexture: Display: Building textures: HQ_Lightmap0_34 (BGRA8, 256X256)
[2026.04.07-23.02.01:598][598]LogTexture: Display: Building textures: HQ_Lightmap0_31 (BGRA8, 256X256)
[2026.04.07-23.02.01:598][598]LogTexture: Display: Building textures: HQ_Lightmap0_32 (BGRA8, 256X256)
[2026.04.07-23.02.01:598][598]LogTexture: Display: Building textures: HQ_Lightmap0_33 (BGRA8, 256X256)
[2026.04.07-23.02.01:598][598]LogTexture: Display: Building textures: HQ_Lightmap0_3 (BGRA8, 128X128)
[2026.04.07-23.02.01:598][598]LogTexture: Display: Building textures: HQ_Lightmap0_36 (BGRA8, 256X256)
[2026.04.07-23.02.01:598][598]LogTexture: Display: Building textures: HQ_Lightmap0_41 (BGRA8, 128X128)
[2026.04.07-23.02.01:598][598]LogTexture: Display: Building textures: HQ_Lightmap0_37 (BGRA8, 256X256)
[2026.04.07-23.02.01:598][598]LogTexture: Display: Building textures: HQ_Lightmap0_35 (BGRA8, 256X256)
[2026.04.07-23.02.01:598][598]LogTexture: Display: Building textures: HQ_Lightmap0_42 (BGRA8, 128X128)
[2026.04.07-23.02.01:598][598]LogTexture: Display: Building textures: HQ_Lightmap0_43 (BGRA8, 64X64)
[2026.04.07-23.02.01:598][598]LogTexture: Display: Building textures: HQ_Lightmap0_4 (BGRA8, 128X128)
[2026.04.07-23.02.01:598][598]LogTexture: Display: Building textures: HQ_Lightmap0_6 (BGRA8, 128X128)
[2026.04.07-23.02.01:598][598]LogTexture: Display: Building textures: HQ_Lightmap0_7 (BGRA8, 128X128)
[2026.04.07-23.02.01:598][598]LogTexture: Display: Building textures: HQ_Lightmap0_5 (BGRA8, 256X256)
[2026.04.07-23.02.01:598][598]LogTexture: Display: Building textures: HQ_Lightmap0_8 (BGRA8, 128X128)
[2026.04.07-23.02.01:598][598]LogTexture: Display: Building textures: LQ_Lightmap_0_13 (BGRA8, 128X128)
[2026.04.07-23.02.01:598][598]LogTexture: Display: Building textures: HQ_Lightmap0_9 (BGRA8, 256X256)
[2026.04.07-23.02.01:598][598]LogTexture: Display: Building textures: LQ_Lightmap_0_12 (BGRA8, 128X128)
[2026.04.07-23.02.01:598][598]LogTexture: Display: Building textures: LQ_Lightmap_0_16 (BGRA8, 128X128)
[2026.04.07-23.02.01:598][598]LogTexture: Display: Building textures: LQ_Lightmap_0_15 (BGRA8, 128X128)
[2026.04.07-23.02.01:598][598]LogTexture: Display: Building textures: LQ_Lightmap_0_14 (BGRA8, 128X128)
[2026.04.07-23.02.01:598][598]LogTexture: Display: Building textures: LQ_Lightmap_0_10 (BGRA8, 128X128)
[2026.04.07-23.02.01:598][598]LogTexture: Display: Building textures: LQ_Lightmap_0_18 (BGRA8, 128X128)
[2026.04.07-23.02.01:598][598]LogTexture: Display: Building textures: LQ_Lightmap_0_11 (BGRA8, 256X256)
[2026.04.07-23.02.01:598][598]LogTexture: Display: Building textures: LQ_Lightmap_0_17 (BGRA8, 128X128)
[2026.04.07-23.02.01:598][598]LogTexture: Display: Building textures: LQ_Lightmap_0_2 (BGRA8, 128X128)
[2026.04.07-23.02.01:598][598]LogTexture: Display: Building textures: LQ_Lightmap_0_21 (BGRA8, 128X128)
[2026.04.07-23.02.01:598][598]LogTexture: Display: Building textures: LQ_Lightmap_0_20 (BGRA8, 256X256)
[2026.04.07-23.02.01:599][598]LogTexture: Display: Building textures: LQ_Lightmap_0_19 (BGRA8, 256X256)
[2026.04.07-23.02.01:599][598]LogTexture: Display: Building textures: LQ_Lightmap_0_25 (BGRA8, 128X128)
[2026.04.07-23.02.01:599][598]LogTexture: Display: Building textures: LQ_Lightmap_0_26 (BGRA8, 128X128)
[2026.04.07-23.02.01:599][598]LogTexture: Display: Building textures: LQ_Lightmap_0_29 (BGRA8, 128X128)
[2026.04.07-23.02.01:599][598]LogTexture: Display: Building textures: LQ_Lightmap_0_23 (BGRA8, 128X128)
[2026.04.07-23.02.01:599][598]LogTexture: Display: Building textures: LQ_Lightmap_0_28 (BGRA8, 128X128)
[2026.04.07-23.02.01:599][598]LogTexture: Display: Building textures: LQ_Lightmap_0_24 (BGRA8, 128X128)
[2026.04.07-23.02.01:599][598]LogTexture: Display: Building textures: LQ_Lightmap_0_27 (BGRA8, 128X128)
[2026.04.07-23.02.01:599][598]LogTexture: Display: Building textures: LQ_Lightmap_0_22 (BGRA8, 256X256)
[2026.04.07-23.02.01:599][598]LogTexture: Display: Building textures: LQ_Lightmap_0_3 (BGRA8, 128X128)
[2026.04.07-23.02.01:599][598]LogTexture: Display: Building textures: LQ_Lightmap_0_30 (BGRA8, 128X128)
[2026.04.07-23.02.01:599][598]LogTexture: Display: Building textures: LQ_Lightmap_0_36 (BGRA8, 256X256)
[2026.04.07-23.02.01:599][598]LogTexture: Display: Building textures: LQ_Lightmap_0_38 (BGRA8, 128X128)
[2026.04.07-23.02.01:599][598]LogTexture: Display: Building textures: LQ_Lightmap_0_32 (BGRA8, 256X256)
[2026.04.07-23.02.01:599][598]LogTexture: Display: Building textures: LQ_Lightmap_0_31 (BGRA8, 256X256)
[2026.04.07-23.02.01:599][598]LogTexture: Display: Building textures: LQ_Lightmap_0_33 (BGRA8, 256X256)
[2026.04.07-23.02.01:599][598]LogTexture: Display: Building textures: LQ_Lightmap_0_34 (BGRA8, 256X256)
[2026.04.07-23.02.01:599][598]LogTexture: Display: Building textures: LQ_Lightmap_0_37 (BGRA8, 256X256)
[2026.04.07-23.02.01:599][598]LogTexture: Display: Building textures: LQ_Lightmap_0_35 (BGRA8, 256X256)
[2026.04.07-23.02.01:599][598]LogTexture: Display: Building textures: HQ_Lightmap0_1 (BGRA8, 1024X1024)
[2026.04.07-23.02.01:599][598]LogTexture: Display: Building textures: LQ_Lightmap_0_43 (BGRA8, 64X64)
[2026.04.07-23.02.01:599][598]LogTexture: Display: Building textures: LQ_Lightmap_0_42 (BGRA8, 128X128)
[2026.04.07-23.02.01:599][598]LogTexture: Display: Building textures: LQ_Lightmap_0_41 (BGRA8, 128X128)
[2026.04.07-23.02.01:599][598]LogTexture: Display: Building textures: LQ_Lightmap_0_6 (BGRA8, 128X128)
[2026.04.07-23.02.01:599][598]LogTexture: Display: Building textures: LQ_Lightmap_0_8 (BGRA8, 128X128)
[2026.04.07-23.02.01:599][598]LogTexture: Display: Building textures: LQ_Lightmap_0_7 (BGRA8, 128X128)
[2026.04.07-23.02.01:599][598]LogTexture: Display: Building textures: LQ_Lightmap_0_4 (BGRA8, 128X128)
[2026.04.07-23.02.01:599][598]LogTexture: Display: Building textures: ShadowMapTexture2D_1 (G8, 64X64)
[2026.04.07-23.02.01:599][598]LogTexture: Display: Building textures: LQ_Lightmap_0_9 (BGRA8, 256X256)
[2026.04.07-23.02.01:599][598]LogTexture: Display: Building textures: ShadowMapTexture2D_10 (G8, 64X64)
[2026.04.07-23.02.01:599][598]LogTexture: Display: Building textures: ShadowMapTexture2D_11 (G8, 128X64)
[2026.04.07-23.02.01:599][598]LogTexture: Display: Building textures: LQ_Lightmap_0_5 (BGRA8, 256X256)
[2026.04.07-23.02.01:599][598]LogTexture: Display: Building textures: HQ_Lightmap0_39 (BGRA8, 1024X1024)
[2026.04.07-23.02.01:599][598]LogTexture: Display: Building textures: ShadowMapTexture2D_0 (G8, 1024X256)
[2026.04.07-23.02.01:599][598]LogTexture: Display: Building textures: ShadowMapTexture2D_14 (G8, 64X64)
[2026.04.07-23.02.01:599][598]LogTexture: Display: Building textures: ShadowMapTexture2D_12 (G8, 64X64)
[2026.04.07-23.02.01:599][598]LogTexture: Display: Building textures: ShadowMapTexture2D_13 (G8, 64X64)
[2026.04.07-23.02.01:599][598]LogTexture: Display: Building textures: ShadowMapTexture2D_21 (G8, 64X64)
[2026.04.07-23.02.01:599][598]LogTexture: Display: Building textures: ShadowMapTexture2D_20 (G8, 256X64)
[2026.04.07-23.02.01:599][598]LogTexture: Display: Building textures: ShadowMapTexture2D_17 (G8, 64X64)
[2026.04.07-23.02.01:599][598]LogTexture: Display: Building textures: ShadowMapTexture2D_16 (G8, 64X64)
[2026.04.07-23.02.01:599][598]LogTexture: Display: Building textures: ShadowMapTexture2D_24 (G8, 64X64)
[2026.04.07-23.02.01:599][598]LogTexture: Display: Building textures: ShadowMapTexture2D_23 (G8, 64X64)
[2026.04.07-23.02.01:599][598]LogTexture: Display: Building textures: ShadowMapTexture2D_15 (G8, 64X64)
[2026.04.07-23.02.01:599][598]LogTexture: Display: Building textures: ShadowMapTexture2D_18 (G8, 64X64)
[2026.04.07-23.02.01:599][598]LogTexture: Display: Building textures: ShadowMapTexture2D_29 (G8, 64X64)
[2026.04.07-23.02.01:599][598]LogTexture: Display: Building textures: ShadowMapTexture2D_22 (G8, 256X64)
[2026.04.07-23.02.01:599][598]LogTexture: Display: Building textures: ShadowMapTexture2D_26 (G8, 64X64)
[2026.04.07-23.02.01:599][598]LogTexture: Display: Building textures: ShadowMapTexture2D_27 (G8, 64X64)
[2026.04.07-23.02.01:599][598]LogTexture: Display: Building textures: ShadowMapTexture2D_31 (G8, 256X64)
[2026.04.07-23.02.01:599][598]LogTexture: Display: Building textures: ShadowMapTexture2D_28 (G8, 64X64)
[2026.04.07-23.02.01:599][598]LogTexture: Display: Building textures: ShadowMapTexture2D_32 (G8, 256X64)
[2026.04.07-23.02.01:599][598]LogTexture: Display: Building textures: ShadowMapTexture2D_30 (G8, 64X64)
[2026.04.07-23.02.01:599][598]LogTexture: Display: Building textures: ShadowMapTexture2D_19 (G8, 64X64)
[2026.04.07-23.02.01:599][598]LogTexture: Display: Building textures: HQ_Lightmap0_40 (BGRA8, 1024X1024)
[2026.04.07-23.02.01:599][598]LogTexture: Display: Building textures: ShadowMapTexture2D_36 (G8, 128X64)
[2026.04.07-23.02.01:599][598]LogTexture: Display: Building textures: LQ_Lightmap_0_1 (BGRA8, 1024X1024)
[2026.04.07-23.02.01:599][598]LogTexture: Display: Building textures: ShadowMapTexture2D_33 (G8, 256X64)
[2026.04.07-23.02.01:599][598]LogTexture: Display: Building textures: ShadowMapTexture2D_25 (G8, 64X64)
[2026.04.07-23.02.01:599][598]LogTexture: Display: Building textures: ShadowMapTexture2D_4 (G8, 64X64)
[2026.04.07-23.02.01:599][598]LogTexture: Display: Building textures: ShadowMapTexture2D_34 (G8, 512X64)
[2026.04.07-23.02.01:599][598]LogTexture: Display: Building textures: ShadowMapTexture2D_41 (G8, 64X64)
[2026.04.07-23.02.01:599][598]LogTexture: Display: Building textures: ShadowMapTexture2D_39 (G8, 1024X128)
[2026.04.07-23.02.01:599][598]LogTexture: Display: Building textures: ShadowMapTexture2D_35 (G8, 256X64)
[2026.04.07-23.02.01:599][598]LogTexture: Display: Building textures: ShadowMapTexture2D_38 (G8, 1024X256)
[2026.04.07-23.02.01:599][598]LogTexture: Display: Building textures: ShadowMapTexture2D_42 (G8, 64X64)
[2026.04.07-23.02.01:599][598]LogTexture: Display: Building textures: ShadowMapTexture2D_43 (G8, 64X64)
[2026.04.07-23.02.01:599][598]LogTexture: Display: Building textures: ShadowMapTexture2D_5 (G8, 256X64)
[2026.04.07-23.02.01:599][598]LogTexture: Display: Building textures: ShadowMapTexture2D_44 (G8, 64X32)
[2026.04.07-23.02.01:599][598]LogTexture: Display: Building textures: ShadowMapTexture2D_6 (G8, 64X64)
[2026.04.07-23.02.01:599][598]LogTexture: Display: Building textures: ShadowMapTexture2D_8 (G8, 64X64)
[2026.04.07-23.02.01:599][598]LogTexture: Display: Building textures: ShadowMapTexture2D_9 (G8, 256X64)
[2026.04.07-23.02.01:599][598]LogTexture: Display: Building textures: ShadowMapTexture2D_7 (G8, 64X64)
[2026.04.07-23.02.01:599][598]LogTexture: Display: Building textures: ShadowMapTexture2D_40 (G8, 1024X512)
[2026.04.07-23.02.01:599][598]LogTexture: Display: Building textures: LQ_Lightmap_0_39 (BGRA8, 1024X1024)
[2026.04.07-23.02.01:599][598]LogTexture: Display: Building textures: DeprecatedTextureC3C46EDA4F1092C5A0CE8FB997BF96B6 (BGRA8, 128X128)
[2026.04.07-23.02.01:599][598]LogTexture: Display: Building textures: ShadowMapTexture2D_37 (G8, 1024X128)
[2026.04.07-23.02.01:599][598]LogTexture: Display: Building textures: LQ_Lightmap_0_40 (BGRA8, 1024X1024)
[2026.04.07-23.02.01:622][598]LogAssetEditorSubsystem: Opening Asset editor for MapBuildDataRegistry /Game/Inferno_World_Free/Maps/Demonstration_BuiltData.Demonstration_BuiltData
[2026.04.07-23.02.03:677][719]LogSlate: Window 'Demonstration_BuiltData' being destroyed
[2026.04.07-23.02.03:682][719]LogSlate: Window 'Demonstration_BuiltData' being destroyed
[2026.04.07-23.02.05:413][823]LogEditorViewport: Clicking on Actor (LMB): StaticMeshActor (Plane)
[2026.04.07-23.02.07:130][923]Cmd: TRANSACTION UNDO
[2026.04.07-23.02.07:131][923]LogEditorTransaction: Undo Clicking on Actors
[2026.04.07-23.02.09:674][ 75]LogEditorViewport: Clicking on Actor (LMB): StaticMeshActor (Plane)
[2026.04.07-23.02.09:902][ 88]Cmd: TRANSACTION UNDO
[2026.04.07-23.02.09:902][ 88]LogEditorTransaction: Undo Clicking on Actors
[2026.04.07-23.02.11:585][189]LogEditorViewport: Clicking on Actor (LMB): StaticMeshActor (Plane)
[2026.04.07-23.02.13:077][278]LogEditorViewport: Clicking on Actor (context menu): StaticMeshActor (Plane)
[2026.04.07-23.02.21:398][762]LogStaticMesh: Building static mesh Floor_400x400...
[2026.04.07-23.02.21:417][762]LogStaticMesh: Built static mesh [0.02s] /Game/StarterContent/Architecture/Floor_400x400.Floor_400x400
[2026.04.07-23.02.21:549][762]LogTexture: Display: Building textures: DeprecatedTexture43ADA98049DD7D3E0EABF7B175F6CC97 (BGRA8, 128X128)
[2026.04.07-23.02.21:552][762]LogTexture: Display: Building textures: DeprecatedTexture34034B4C417D9B375A592E9A23C11137 (BGRA8, 128X128)
[2026.04.07-23.02.21:555][762]LogTexture: Display: Building textures: DeprecatedTexture310E58554010446A08107499F126CE3D (BGRA8, 128X128)
[2026.04.07-23.02.21:558][762]LogTexture: Display: Building textures: DeprecatedTextureF6495ADB4998903A4DCD9AAEAD18E643 (BGRA8, 128X128)
[2026.04.07-23.02.21:560][762]LogTexture: Display: Building textures: DeprecatedTexture286B71FD456BBC57D3B875B63A2AF0AA (BGRA8, 128X128)
[2026.04.07-23.02.21:564][762]LogTexture: Display: Building textures: DeprecatedTexture617F078740EB0F77ABFB678038ACFCA7 (BGRA8, 128X128)
[2026.04.07-23.02.21:566][762]LogTexture: Display: Building textures: DeprecatedTexture2A05A5254D431981518674B220E5E1A1 (BGRA8, 128X128)
[2026.04.07-23.02.21:568][762]LogTexture: Display: Building textures: DeprecatedTexture23F9881A4F7D09FA85B8FFBAC56882BF (BGRA8, 128X128)
[2026.04.07-23.02.21:571][762]LogTexture: Display: Building textures: DeprecatedTextureB91D75A74080657D8AF886A1EE756E94 (BGRA8, 128X128)
[2026.04.07-23.02.21:574][762]LogTexture: Display: Building textures: DeprecatedTexture3AD1786A42EB6F981CB7E1847869C35B (BGRA8, 128X128)
[2026.04.07-23.02.23:496][868]LogUObjectHash: Compacting FUObjectHashTables data took   1.38ms
[2026.04.07-23.02.23:521][868]LogAssetEditorSubsystem: Opening Asset editor for World /Game/StarterContent/Maps/StarterMap.StarterMap
[2026.04.07-23.02.23:521][868]Cmd: MAP LOAD FILE="../../../../../../Users/asus/Desktop/Assign 565/My project/CPSC399_Game/CPSC399Game/Content/StarterContent/Maps/StarterMap.umap" TEMPLATE=0 SHOWPROGRESS=1 FEATURELEVEL=3
[2026.04.07-23.02.23:521][868]LightingResults: New page: Lighting Build
[2026.04.07-23.02.23:521][868]LoadErrors: New page: Loading map: StarterMap.umap
[2026.04.07-23.02.23:523][868]LogWorld: UWorld::CleanupWorld for Map1, bSessionEnded=true, bCleanupResources=true
[2026.04.07-23.02.23:523][868]LogSlate: InvalidateAllWidgets triggered.  All widgets were invalidated
[2026.04.07-23.02.23:523][868]MapCheck: New page: Map Check
[2026.04.07-23.02.23:523][868]LightingResults: New page: Lighting Build
[2026.04.07-23.02.23:535][868]LogAudio: Display: Audio Device unregistered from world 'None'.
[2026.04.07-23.02.23:538][868]LogUObjectHash: Compacting FUObjectHashTables data took   1.50ms
[2026.04.07-23.02.23:539][868]LogAudio: Display: Audio Device (ID: 1) registered with world 'StarterMap'.
[2026.04.07-23.02.23:547][868]LogEditorServer: Finished looking for orphan Actors (0.000 secs)
[2026.04.07-23.02.23:547][868]LogAIModule: Creating AISystem for world StarterMap
[2026.04.07-23.02.23:564][868]LogUObjectHash: Compacting FUObjectHashTables data took   1.24ms
[2026.04.07-23.02.23:566][868]Cmd: MAP CHECKDEP NOCLEARLOG
[2026.04.07-23.02.23:566][868]MapCheck: Map check complete: 0 Error(s), 0 Warning(s), took 0.094ms to complete.
[2026.04.07-23.02.23:566][868]LogFileHelpers: Loading map 'StarterMap' took 0.045
[2026.04.07-23.02.29:505][202]LogTemp: Repeating last play command: Selected Viewport
[2026.04.07-23.02.29:510][202]LogPlayLevel: PlayLevel: No blueprints needed recompiling
[2026.04.07-23.02.29:510][202]PIE: New page: PIE session: StarterMap (Apr 7, 2026, 11:02:29 AM)
[2026.04.07-23.02.29:511][202]LogPlayLevel: Creating play world package: /Game/StarterContent/Maps/UEDPIE_0_StarterMap
[2026.04.07-23.02.29:522][202]LogPlayLevel: PIE: StaticDuplicateObject took: (0.010548s)
[2026.04.07-23.02.29:522][202]LogAIModule: Creating AISystem for world StarterMap
[2026.04.07-23.02.29:523][202]LogPlayLevel: PIE: World Init took: (0.000806s)
[2026.04.07-23.02.29:523][202]LogPlayLevel: PIE: Created PIE world by copying editor world from /Game/StarterContent/Maps/StarterMap.StarterMap to /Game/StarterContent/Maps/UEDPIE_0_StarterMap.StarterMap (0.011476s)
[2026.04.07-23.02.29:535][202]LogUObjectHash: Compacting FUObjectHashTables data took   1.18ms
[2026.04.07-23.02.29:536][202]LogAudio: Display: Creating Audio Device:                 Id: 3, Scope: Unique, Realtime: True
[2026.04.07-23.02.29:536][202]LogAudioMixer: Display: Audio Mixer Platform Settings:
[2026.04.07-23.02.29:536][202]LogAudioMixer: Display: 	Sample Rate:						  48000
[2026.04.07-23.02.29:536][202]LogAudioMixer: Display: 	Callback Buffer Frame Size Requested: 1024
[2026.04.07-23.02.29:536][202]LogAudioMixer: Display: 	Callback Buffer Frame Size To Use:	  1024
[2026.04.07-23.02.29:536][202]LogAudioMixer: Display: 	Number of buffers to queue:			  2
[2026.04.07-23.02.29:536][202]LogAudioMixer: Display: 	Max Channels (voices):				  32
[2026.04.07-23.02.29:536][202]LogAudioMixer: Display: 	Number of Async Source Workers:		  0
[2026.04.07-23.02.29:536][202]LogAudio: Display: AudioDevice MaxSources: 32
[2026.04.07-23.02.29:536][202]LogAudio: Display: Audio Spatialization Plugin: None (built-in).
[2026.04.07-23.02.29:536][202]LogAudio: Display: Audio Reverb Plugin: None (built-in).
[2026.04.07-23.02.29:536][202]LogAudio: Display: Audio Occlusion Plugin: None (built-in).
[2026.04.07-23.02.29:536][202]LogAudioMixer: Display: Initializing audio mixer.
[2026.04.07-23.02.29:540][202]LogAudioMixer: Display: 0: FrontLeft
[2026.04.07-23.02.29:540][202]LogAudioMixer: Display: 1: FrontRight
[2026.04.07-23.02.29:550][202]LogAudioMixer: Display: Using Audio Device Speakers (C-Media(R) Audio)
[2026.04.07-23.02.29:550][202]LogAudioMixer: Display: Initializing Sound Submixes...
[2026.04.07-23.02.29:550][202]LogAudioMixer: Display: Creating Master Submix 'MasterSubmixDefault'
[2026.04.07-23.02.29:550][202]LogAudioMixer: Display: Creating Master Submix 'MasterReverbSubmixDefault'
[2026.04.07-23.02.29:550][202]LogAudioMixer: Display: Creating Master Submix 'MasterEQSubmixDefault'
[2026.04.07-23.02.29:550][202]LogAudioMixer: FMixerPlatformXAudio2::StartAudioStream() called
[2026.04.07-23.02.29:550][202]LogAudioMixer: Display: Output buffers initialized: Frames=1024, Channels=2, Samples=2048
[2026.04.07-23.02.29:551][202]LogAudioMixer: Display: Starting AudioMixerPlatformInterface::RunInternal()
[2026.04.07-23.02.29:551][202]LogAudioMixer: Display: FMixerPlatformXAudio2::SubmitBuffer() called for the first time
[2026.04.07-23.02.29:551][202]LogInit: FAudioDevice initialized.
[2026.04.07-23.02.29:551][202]LogAudio: Display: Audio Device (ID: 3) registered with world 'StarterMap'.
[2026.04.07-23.02.29:560][202]LogLoad: Game class is 'ThirdPersonGameMode_C'
[2026.04.07-23.02.29:563][202]LogWorld: Bringing World /Game/StarterContent/Maps/UEDPIE_0_StarterMap.StarterMap up for play (max tick rate 60) at 2026.04.07-17.02.29
[2026.04.07-23.02.29:563][202]LogWorld: Bringing up level for play took: 0.002706
[2026.04.07-23.02.29:563][202]LogOnline: OSS: Creating online subsystem instance for: :Context_10
[2026.04.07-23.02.29:569][202]PIE: Server logged in
[2026.04.07-23.02.29:569][202]PIE: Play in editor total start time 0.06 seconds.
[2026.04.07-23.02.29:747][211]LogAudio: Display: Cached duration for Sound Cue SoundCue /Game/StarterContent/Audio/Collapse_Cue.Collapse_Cue was zero and has changed. Consider manually Re-saving the asset
[2026.04.07-23.03.04:666][304]LogSlate: Updating window title bar state: overlay mode, drag disabled, window buttons hidden, title bar hidden
[2026.04.07-23.03.04:666][304]LogWorld: BeginTearingDown for /Game/StarterContent/Maps/UEDPIE_0_StarterMap
[2026.04.07-23.03.04:666][304]LogWorld: UWorld::CleanupWorld for StarterMap, bSessionEnded=true, bCleanupResources=true
[2026.04.07-23.03.04:667][304]LogSlate: InvalidateAllWidgets triggered.  All widgets were invalidated
[2026.04.07-23.03.04:672][304]LogPlayLevel: Display: Shutting down PIE online subsystems
[2026.04.07-23.03.04:675][304]LogSlate: InvalidateAllWidgets triggered.  All widgets were invalidated
[2026.04.07-23.03.04:685][304]LogAudio: Display: Audio Device unregistered from world 'None'.
[2026.04.07-23.03.04:685][304]LogAudioMixer: FMixerPlatformXAudio2::StopAudioStream() called
[2026.04.07-23.03.04:686][304]LogAudioMixer: FMixerPlatformXAudio2::StopAudioStream() called
[2026.04.07-23.03.04:687][304]LogSlate: Updating window title bar state: overlay mode, drag disabled, window buttons hidden, title bar hidden
[2026.04.07-23.03.04:690][304]LogUObjectHash: Compacting FUObjectHashTables data took   1.20ms
[2026.04.07-23.03.04:739][307]LogPlayLevel: Display: Destroying online subsystem :Context_10
[2026.04.07-23.03.08:147][510]LogUObjectHash: Compacting FUObjectHashTables data took   1.19ms
[2026.04.07-23.03.08:159][510]LogAssetEditorSubsystem: Opening Asset editor for World /Game/ThirdPersonBP/Maps/Map1.Map1
[2026.04.07-23.03.08:159][510]Cmd: MAP LOAD FILE="../../../../../../Users/asus/Desktop/Assign 565/My project/CPSC399_Game/CPSC399Game/Content/ThirdPersonBP/Maps/Map1.umap" TEMPLATE=0 SHOWPROGRESS=1 FEATURELEVEL=3
[2026.04.07-23.03.08:159][510]LightingResults: New page: Lighting Build
[2026.04.07-23.03.08:159][510]LoadErrors: New page: Loading map: Map1.umap
[2026.04.07-23.03.08:161][510]LogWorld: UWorld::CleanupWorld for StarterMap, bSessionEnded=true, bCleanupResources=true
[2026.04.07-23.03.08:161][510]LogSlate: InvalidateAllWidgets triggered.  All widgets were invalidated
[2026.04.07-23.03.08:161][510]MapCheck: New page: Map Check
[2026.04.07-23.03.08:161][510]LightingResults: New page: Lighting Build
[2026.04.07-23.03.08:173][510]LogAudio: Display: Audio Device unregistered from world 'None'.
[2026.04.07-23.03.08:176][510]LogUObjectHash: Compacting FUObjectHashTables data took   1.32ms
[2026.04.07-23.03.08:177][510]LogAudio: Display: Audio Device (ID: 1) registered with world 'Map1'.
[2026.04.07-23.03.08:183][510]LogEditorServer: Finished looking for orphan Actors (0.000 secs)
[2026.04.07-23.03.08:183][510]LogAIModule: Creating AISystem for world Map1
[2026.04.07-23.03.08:198][510]LogUObjectHash: Compacting FUObjectHashTables data took   1.07ms
[2026.04.07-23.03.08:201][510]Cmd: MAP CHECKDEP NOCLEARLOG
[2026.04.07-23.03.08:201][510]MapCheck: Map check complete: 0 Error(s), 0 Warning(s), took 0.086ms to complete.
[2026.04.07-23.03.08:201][510]LogFileHelpers: Loading map 'Map1' took 0.043
[2026.04.07-23.03.09:864][609]LogTemp: Repeating last play command: Selected Viewport
[2026.04.07-23.03.09:868][609]LogPlayLevel: PlayLevel: No blueprints needed recompiling
[2026.04.07-23.03.09:868][609]PIE: New page: PIE session: Map1 (Apr 7, 2026, 11:03:09 AM)
[2026.04.07-23.03.09:868][609]LogPlayLevel: Creating play world package: /Game/ThirdPersonBP/Maps/UEDPIE_0_Map1
[2026.04.07-23.03.09:871][609]LogPlayLevel: PIE: StaticDuplicateObject took: (0.003331s)
[2026.04.07-23.03.09:872][609]LogAIModule: Creating AISystem for world Map1
[2026.04.07-23.03.09:872][609]LogPlayLevel: PIE: World Init took: (0.000648s)
[2026.04.07-23.03.09:872][609]LogPlayLevel: PIE: Created PIE world by copying editor world from /Game/ThirdPersonBP/Maps/Map1.Map1 to /Game/ThirdPersonBP/Maps/UEDPIE_0_Map1.Map1 (0.004051s)
[2026.04.07-23.03.09:884][609]LogUObjectHash: Compacting FUObjectHashTables data took   1.19ms
[2026.04.07-23.03.09:886][609]LogAudio: Display: Creating Audio Device:                 Id: 4, Scope: Unique, Realtime: True
[2026.04.07-23.03.09:886][609]LogAudioMixer: Display: Audio Mixer Platform Settings:
[2026.04.07-23.03.09:886][609]LogAudioMixer: Display: 	Sample Rate:						  48000
[2026.04.07-23.03.09:886][609]LogAudioMixer: Display: 	Callback Buffer Frame Size Requested: 1024
[2026.04.07-23.03.09:886][609]LogAudioMixer: Display: 	Callback Buffer Frame Size To Use:	  1024
[2026.04.07-23.03.09:886][609]LogAudioMixer: Display: 	Number of buffers to queue:			  2
[2026.04.07-23.03.09:886][609]LogAudioMixer: Display: 	Max Channels (voices):				  32
[2026.04.07-23.03.09:886][609]LogAudioMixer: Display: 	Number of Async Source Workers:		  0
[2026.04.07-23.03.09:886][609]LogAudio: Display: AudioDevice MaxSources: 32
[2026.04.07-23.03.09:886][609]LogAudio: Display: Audio Spatialization Plugin: None (built-in).
[2026.04.07-23.03.09:886][609]LogAudio: Display: Audio Reverb Plugin: None (built-in).
[2026.04.07-23.03.09:886][609]LogAudio: Display: Audio Occlusion Plugin: None (built-in).
[2026.04.07-23.03.09:886][609]LogAudioMixer: Display: Initializing audio mixer.
[2026.04.07-23.03.09:889][609]LogAudioMixer: Display: 0: FrontLeft
[2026.04.07-23.03.09:889][609]LogAudioMixer: Display: 1: FrontRight
[2026.04.07-23.03.09:897][609]LogAudioMixer: Display: Using Audio Device Speakers (C-Media(R) Audio)
[2026.04.07-23.03.09:897][609]LogAudioMixer: Display: Initializing Sound Submixes...
[2026.04.07-23.03.09:898][609]LogAudioMixer: Display: Creating Master Submix 'MasterSubmixDefault'
[2026.04.07-23.03.09:898][609]LogAudioMixer: Display: Creating Master Submix 'MasterReverbSubmixDefault'
[2026.04.07-23.03.09:898][609]LogAudioMixer: Display: Creating Master Submix 'MasterEQSubmixDefault'
[2026.04.07-23.03.09:898][609]LogAudioMixer: FMixerPlatformXAudio2::StartAudioStream() called
[2026.04.07-23.03.09:898][609]LogAudioMixer: Display: Output buffers initialized: Frames=1024, Channels=2, Samples=2048
[2026.04.07-23.03.09:900][609]LogAudioMixer: Display: Starting AudioMixerPlatformInterface::RunInternal()
[2026.04.07-23.03.09:900][609]LogAudioMixer: Display: FMixerPlatformXAudio2::SubmitBuffer() called for the first time
[2026.04.07-23.03.09:900][609]LogInit: FAudioDevice initialized.
[2026.04.07-23.03.09:900][609]LogAudio: Display: Audio Device (ID: 4) registered with world 'Map1'.
[2026.04.07-23.03.09:903][609]LogLoad: Game class is 'ThirdPersonGameMode_C'
[2026.04.07-23.03.09:905][609]LogWorld: Bringing World /Game/ThirdPersonBP/Maps/UEDPIE_0_Map1.Map1 up for play (max tick rate 60) at 2026.04.07-17.03.09
[2026.04.07-23.03.09:905][609]LogWorld: Bringing up level for play took: 0.001102
[2026.04.07-23.03.09:905][609]LogOnline: OSS: Creating online subsystem instance for: :Context_11
[2026.04.07-23.03.09:908][609]PIE: Server logged in
[2026.04.07-23.03.09:909][609]PIE: Play in editor total start time 0.042 seconds.
[2026.04.07-23.03.26:686][614]LogSlate: Updating window title bar state: overlay mode, drag disabled, window buttons hidden, title bar hidden
[2026.04.07-23.03.26:686][614]LogWorld: BeginTearingDown for /Game/ThirdPersonBP/Maps/UEDPIE_0_Map1
[2026.04.07-23.03.26:686][614]LogWorld: UWorld::CleanupWorld for Map1, bSessionEnded=true, bCleanupResources=true
[2026.04.07-23.03.26:686][614]LogSlate: InvalidateAllWidgets triggered.  All widgets were invalidated
[2026.04.07-23.03.26:694][614]LogPlayLevel: Display: Shutting down PIE online subsystems
[2026.04.07-23.03.26:696][614]LogSlate: InvalidateAllWidgets triggered.  All widgets were invalidated
[2026.04.07-23.03.26:706][614]LogAudio: Display: Audio Device unregistered from world 'None'.
[2026.04.07-23.03.26:706][614]LogAudioMixer: FMixerPlatformXAudio2::StopAudioStream() called
[2026.04.07-23.03.26:707][614]LogAudioMixer: FMixerPlatformXAudio2::StopAudioStream() called
[2026.04.07-23.03.26:709][614]LogSlate: Updating window title bar state: overlay mode, drag disabled, window buttons hidden, title bar hidden
[2026.04.07-23.03.26:711][614]LogUObjectHash: Compacting FUObjectHashTables data took   1.18ms
[2026.04.07-23.03.26:765][617]LogPlayLevel: Display: Destroying online subsystem :Context_11
[2026.04.07-23.03.28:733][735]LogEditorViewport: Clicking on Actor (LMB): StaticMeshActor (Start)
[2026.04.07-23.03.30:211][823]LogTemp: Repeating last play command: Selected Viewport
[2026.04.07-23.03.30:215][823]LogPlayLevel: PlayLevel: No blueprints needed recompiling
[2026.04.07-23.03.30:215][823]PIE: New page: PIE session: Map1 (Apr 7, 2026, 11:03:30 AM)
[2026.04.07-23.03.30:235][823]LogPlayLevel: Creating play world package: /Game/ThirdPersonBP/Maps/UEDPIE_0_Map1
[2026.04.07-23.03.30:238][823]LogPlayLevel: PIE: StaticDuplicateObject took: (0.003371s)
[2026.04.07-23.03.30:240][823]LogAIModule: Creating AISystem for world Map1
[2026.04.07-23.03.30:240][823]LogPlayLevel: PIE: World Init took: (0.000658s)
[2026.04.07-23.03.30:240][823]LogPlayLevel: PIE: Created PIE world by copying editor world from /Game/ThirdPersonBP/Maps/Map1.Map1 to /Game/ThirdPersonBP/Maps/UEDPIE_0_Map1.Map1 (0.004124s)
[2026.04.07-23.03.30:251][823]LogUObjectHash: Compacting FUObjectHashTables data took   1.16ms
[2026.04.07-23.03.30:251][823]LogAudio: Display: Creating Audio Device:                 Id: 5, Scope: Unique, Realtime: True
[2026.04.07-23.03.30:251][823]LogAudioMixer: Display: Audio Mixer Platform Settings:
[2026.04.07-23.03.30:251][823]LogAudioMixer: Display: 	Sample Rate:						  48000
[2026.04.07-23.03.30:251][823]LogAudioMixer: Display: 	Callback Buffer Frame Size Requested: 1024
[2026.04.07-23.03.30:251][823]LogAudioMixer: Display: 	Callback Buffer Frame Size To Use:	  1024
[2026.04.07-23.03.30:251][823]LogAudioMixer: Display: 	Number of buffers to queue:			  2
[2026.04.07-23.03.30:252][823]LogAudioMixer: Display: 	Max Channels (voices):				  32
[2026.04.07-23.03.30:252][823]LogAudioMixer: Display: 	Number of Async Source Workers:		  0
[2026.04.07-23.03.30:252][823]LogAudio: Display: AudioDevice MaxSources: 32
[2026.04.07-23.03.30:252][823]LogAudio: Display: Audio Spatialization Plugin: None (built-in).
[2026.04.07-23.03.30:252][823]LogAudio: Display: Audio Reverb Plugin: None (built-in).
[2026.04.07-23.03.30:252][823]LogAudio: Display: Audio Occlusion Plugin: None (built-in).
[2026.04.07-23.03.30:252][823]LogAudioMixer: Display: Initializing audio mixer.
[2026.04.07-23.03.30:256][823]LogAudioMixer: Display: 0: FrontLeft
[2026.04.07-23.03.30:256][823]LogAudioMixer: Display: 1: FrontRight
[2026.04.07-23.03.30:264][823]LogAudioMixer: Display: Using Audio Device Speakers (C-Media(R) Audio)
[2026.04.07-23.03.30:264][823]LogAudioMixer: Display: Initializing Sound Submixes...
[2026.04.07-23.03.30:264][823]LogAudioMixer: Display: Creating Master Submix 'MasterSubmixDefault'
[2026.04.07-23.03.30:264][823]LogAudioMixer: Display: Creating Master Submix 'MasterReverbSubmixDefault'
[2026.04.07-23.03.30:264][823]LogAudioMixer: Display: Creating Master Submix 'MasterEQSubmixDefault'
[2026.04.07-23.03.30:264][823]LogAudioMixer: FMixerPlatformXAudio2::StartAudioStream() called
[2026.04.07-23.03.30:264][823]LogAudioMixer: Display: Output buffers initialized: Frames=1024, Channels=2, Samples=2048
[2026.04.07-23.03.30:265][823]LogAudioMixer: Display: Starting AudioMixerPlatformInterface::RunInternal()
[2026.04.07-23.03.30:265][823]LogAudioMixer: Display: FMixerPlatformXAudio2::SubmitBuffer() called for the first time
[2026.04.07-23.03.30:265][823]LogInit: FAudioDevice initialized.
[2026.04.07-23.03.30:265][823]LogAudio: Display: Audio Device (ID: 5) registered with world 'Map1'.
[2026.04.07-23.03.30:271][823]LogLoad: Game class is 'ThirdPersonGameMode_C'
[2026.04.07-23.03.30:272][823]LogWorld: Bringing World /Game/ThirdPersonBP/Maps/UEDPIE_0_Map1.Map1 up for play (max tick rate 60) at 2026.04.07-17.03.30
[2026.04.07-23.03.30:272][823]LogWorld: Bringing up level for play took: 0.001071
[2026.04.07-23.03.30:272][823]LogOnline: OSS: Creating online subsystem instance for: :Context_12
[2026.04.07-23.03.30:274][823]PIE: Server logged in
[2026.04.07-23.03.30:275][823]PIE: Play in editor total start time 0.061 seconds.
[2026.04.07-23.03.43:628][623]LogSlate: Updating window title bar state: overlay mode, drag disabled, window buttons hidden, title bar hidden
[2026.04.07-23.03.43:628][623]LogWorld: BeginTearingDown for /Game/ThirdPersonBP/Maps/UEDPIE_0_Map1
[2026.04.07-23.03.43:628][623]LogWorld: UWorld::CleanupWorld for Map1, bSessionEnded=true, bCleanupResources=true
[2026.04.07-23.03.43:629][623]LogSlate: InvalidateAllWidgets triggered.  All widgets were invalidated
[2026.04.07-23.03.43:636][623]LogPlayLevel: Display: Shutting down PIE online subsystems
[2026.04.07-23.03.43:647][623]LogSlate: InvalidateAllWidgets triggered.  All widgets were invalidated
[2026.04.07-23.03.43:657][623]LogSlate: Updating window title bar state: overlay mode, drag disabled, window buttons hidden, title bar hidden
[2026.04.07-23.03.43:657][623]LogAudioMixer: FMixerPlatformXAudio2::StopAudioStream() called
[2026.04.07-23.03.43:658][623]LogAudioMixer: FMixerPlatformXAudio2::StopAudioStream() called
[2026.04.07-23.03.43:662][623]LogUObjectHash: Compacting FUObjectHashTables data took   1.12ms
[2026.04.07-23.03.43:705][625]LogPlayLevel: Display: Destroying online subsystem :Context_12
[2026.04.07-23.03.44:538][675]LogTemp: Repeating last play command: Selected Viewport
[2026.04.07-23.03.44:541][675]LogPlayLevel: PlayLevel: No blueprints needed recompiling
[2026.04.07-23.03.44:541][675]PIE: New page: PIE session: Map1 (Apr 7, 2026, 11:03:44 AM)
[2026.04.07-23.03.44:566][675]LogPlayLevel: Creating play world package: /Game/ThirdPersonBP/Maps/UEDPIE_0_Map1
[2026.04.07-23.03.44:569][675]LogPlayLevel: PIE: StaticDuplicateObject took: (0.003459s)
[2026.04.07-23.03.44:570][675]LogAIModule: Creating AISystem for world Map1
[2026.04.07-23.03.44:570][675]LogPlayLevel: PIE: World Init took: (0.000658s)
[2026.04.07-23.03.44:570][675]LogPlayLevel: PIE: Created PIE world by copying editor world from /Game/ThirdPersonBP/Maps/Map1.Map1 to /Game/ThirdPersonBP/Maps/UEDPIE_0_Map1.Map1 (0.004214s)
[2026.04.07-23.03.44:581][675]LogUObjectHash: Compacting FUObjectHashTables data took   1.18ms
[2026.04.07-23.03.44:582][675]LogAudio: Display: Creating Audio Device:                 Id: 6, Scope: Unique, Realtime: True
[2026.04.07-23.03.44:582][675]LogAudioMixer: Display: Audio Mixer Platform Settings:
[2026.04.07-23.03.44:582][675]LogAudioMixer: Display: 	Sample Rate:						  48000
[2026.04.07-23.03.44:582][675]LogAudioMixer: Display: 	Callback Buffer Frame Size Requested: 1024
[2026.04.07-23.03.44:582][675]LogAudioMixer: Display: 	Callback Buffer Frame Size To Use:	  1024
[2026.04.07-23.03.44:582][675]LogAudioMixer: Display: 	Number of buffers to queue:			  2
[2026.04.07-23.03.44:582][675]LogAudioMixer: Display: 	Max Channels (voices):				  32
[2026.04.07-23.03.44:582][675]LogAudioMixer: Display: 	Number of Async Source Workers:		  0
[2026.04.07-23.03.44:582][675]LogAudio: Display: AudioDevice MaxSources: 32
[2026.04.07-23.03.44:582][675]LogAudio: Display: Audio Spatialization Plugin: None (built-in).
[2026.04.07-23.03.44:582][675]LogAudio: Display: Audio Reverb Plugin: None (built-in).
[2026.04.07-23.03.44:582][675]LogAudio: Display: Audio Occlusion Plugin: None (built-in).
[2026.04.07-23.03.44:582][675]LogAudioMixer: Display: Initializing audio mixer.
[2026.04.07-23.03.44:587][675]LogAudioMixer: Display: 0: FrontLeft
[2026.04.07-23.03.44:587][675]LogAudioMixer: Display: 1: FrontRight
[2026.04.07-23.03.44:594][675]LogAudioMixer: Display: Using Audio Device Speakers (C-Media(R) Audio)
[2026.04.07-23.03.44:595][675]LogAudioMixer: Display: Initializing Sound Submixes...
[2026.04.07-23.03.44:595][675]LogAudioMixer: Display: Creating Master Submix 'MasterSubmixDefault'
[2026.04.07-23.03.44:595][675]LogAudioMixer: Display: Creating Master Submix 'MasterReverbSubmixDefault'
[2026.04.07-23.03.44:595][675]LogAudioMixer: Display: Creating Master Submix 'MasterEQSubmixDefault'
[2026.04.07-23.03.44:595][675]LogAudioMixer: FMixerPlatformXAudio2::StartAudioStream() called
[2026.04.07-23.03.44:595][675]LogAudioMixer: Display: Output buffers initialized: Frames=1024, Channels=2, Samples=2048
[2026.04.07-23.03.44:596][675]LogAudioMixer: Display: Starting AudioMixerPlatformInterface::RunInternal()
[2026.04.07-23.03.44:596][675]LogAudioMixer: Display: FMixerPlatformXAudio2::SubmitBuffer() called for the first time
[2026.04.07-23.03.44:596][675]LogInit: FAudioDevice initialized.
[2026.04.07-23.03.44:596][675]LogAudio: Display: Audio Device (ID: 6) registered with world 'Map1'.
[2026.04.07-23.03.44:602][675]LogLoad: Game class is 'ThirdPersonGameMode_C'
[2026.04.07-23.03.44:603][675]LogWorld: Bringing World /Game/ThirdPersonBP/Maps/UEDPIE_0_Map1.Map1 up for play (max tick rate 60) at 2026.04.07-17.03.44
[2026.04.07-23.03.44:603][675]LogWorld: Bringing up level for play took: 0.001094
[2026.04.07-23.03.44:603][675]LogOnline: OSS: Creating online subsystem instance for: :Context_13
[2026.04.07-23.03.44:605][675]PIE: Server logged in
[2026.04.07-23.03.44:606][675]PIE: Play in editor total start time 0.065 seconds.
[2026.04.07-23.04.24:796][ 85]LogSlate: Updating window title bar state: overlay mode, drag disabled, window buttons hidden, title bar hidden
[2026.04.07-23.04.24:796][ 85]LogWorld: BeginTearingDown for /Game/ThirdPersonBP/Maps/UEDPIE_0_Map1
[2026.04.07-23.04.24:796][ 85]LogWorld: UWorld::CleanupWorld for Map1, bSessionEnded=true, bCleanupResources=true
[2026.04.07-23.04.24:796][ 85]LogSlate: InvalidateAllWidgets triggered.  All widgets were invalidated
[2026.04.07-23.04.24:803][ 85]LogPlayLevel: Display: Shutting down PIE online subsystems
[2026.04.07-23.04.24:812][ 85]LogSlate: InvalidateAllWidgets triggered.  All widgets were invalidated
[2026.04.07-23.04.24:823][ 85]LogSlate: Updating window title bar state: overlay mode, drag disabled, window buttons hidden, title bar hidden
[2026.04.07-23.04.24:823][ 85]LogAudioMixer: FMixerPlatformXAudio2::StopAudioStream() called
[2026.04.07-23.04.24:824][ 85]LogAudioMixer: FMixerPlatformXAudio2::StopAudioStream() called
[2026.04.07-23.04.24:828][ 85]LogUObjectHash: Compacting FUObjectHashTables data took   1.37ms
[2026.04.07-23.04.24:875][ 87]LogPlayLevel: Display: Destroying online subsystem :Context_13
[2026.04.07-23.39.44:389][  6]LogEditorClassViewer: Warning: Class /Engine/Tutorial/InWorldBlueprintEditing/TutorialAssets/IWBE_Blutility.IWBE_Blutility_C has parent /Script/Blutility.PlacedEditorUtilityBase, but this parent is not found. The Class will not be shown in ClassViewer.
[2026.04.07-23.40.00:940][725]Running C:/Program Files/Epic Games/UE_4.27/Engine/Binaries/DotNET/UnrealBuildTool.exe  -projectfiles -project="C:/Users/asus/Desktop/Assign 565/My project/CPSC399_Game/CPSC399Game/CPSC399Game.uproject" -game -rocket -progress
[2026.04.07-23.40.01:247][725]Discovering modules, targets and source code for project...
[2026.04.07-23.40.02:453][725]Binding IntelliSense data...
[2026.04.07-23.40.04:373][725]Binding IntelliSense data... 100%
[2026.04.07-23.40.04:373][725]Writing project files...
[2026.04.07-23.40.06:184][725]Writing project files... 100%
[2026.04.07-23.40.06:285][725]LogHotReload: Recompiling module CPSC399Game...
[2026.04.07-23.40.06:285][725]LogVSAccessor: Warning: Couldn't access Visual Studio
[2026.04.07-23.40.06:293][725]Candidate modules for hot reload:
[2026.04.07-23.40.06:293][725]  CPSC399Game
[2026.04.07-23.40.06:293][725]Launching UnrealBuildTool... [C:/Program Files/Epic Games/UE_4.27/Engine/Binaries/DotNET/UnrealBuildTool.exe  -ModuleWithSuffix=CPSC399Game,8396 CPSC399GameEditor Win64 Development -Project="C:/Users/asus/Desktop/Assign 565/My project/CPSC399_Game/CPSC399Game/CPSC399Game.uproject" "C:/Users/asus/Desktop/Assign 565/My project/CPSC399_Game/CPSC399Game/CPSC399Game.uproject"  -IgnoreJunk]
[2026.04.07-23.40.41:124][725]Using 'git status' to determine working set for adaptive non-unity build (C:\Users\asus\Desktop\Assign 565\My project\CPSC399_Game).
Creating makefile for CPSC399GameEditor (no existing makefile)
Parsing headers for CPSC399GameEditor
  Running UnrealHeaderTool "C:\Users\asus\Desktop\Assign 565\My project\CPSC399_Game\CPSC399Game\CPSC399Game.uproject" "C:\Users\asus\Desktop\Assign 565\My project\CPSC399_Game\CPSC399Game\Intermediate\Build\Win64\CPSC399GameEditor\Development\CPSC399GameEditor.uhtmanifest" -LogCmds="loginit warning, logexit warning, logdatabase error" -Unattended -WarningsAsErrors -abslog="C:\Users\asus\AppData\Local\UnrealBuildTool\Log_UHT.txt" -installed
LogInit: Display: Loading text-based GConfig....
Reflection code generated for CPSC399GameEditor in 8.4648049 seconds
Building CPSC399GameEditor...
Using Visual Studio 2022 14.44.35225 toolchain (C:\Program Files\Microsoft Visual Studio\2022\Community\VC\Tools\MSVC\14.44.35207) and Windows 10.0.26100.0 SDK (C:\Program Files (x86)\Windows Kits\10).
Building 9 actions with 20 processes...
  [1/9] Default.rc2
  [2/9] SharedPCH.Engine.ShadowErrors.cpp
  Detected compiler newer than Visual Studio 2019, please update min version checking in WindowsPlatformCompilerSetup.h
  [3/9] CPSC399Game.cpp
  [4/9] MyActor.cpp
  [5/9] CPSC399Game.init.gen.cpp
  [6/9] MyActor.gen.cpp
  [7/9] UE4Editor-CPSC399Game-8396.lib
     Creating library C:\Users\asus\Desktop\Assign 565\My project\CPSC399_Game\CPSC399Game\Intermediate\Build\Win64\UE4Editor\Development\CPSC399Game\UE4Editor-CPSC399Game-8396.lib and object C:\Users\asus\Desktop\Assign 565\My project\CPSC399_Game\CPSC399Game\Intermediate\Build\Win64\UE4Editor\Development\CPSC399Game\UE4Editor-CPSC399Game-8396.exp
  [8/9] UE4Editor-CPSC399Game-8396.dll
     Creating library C:\Users\asus\Desktop\Assign 565\My project\CPSC399_Game\CPSC399Game\Intermediate\Build\Win64\UE4Editor\Development\CPSC399Game\UE4Editor-CPSC399Game-8396.suppressed.lib and object C:\Users\asus\Desktop\Assign 565\My project\CPSC399_Game\CPSC399Game\Intermediate\Build\Win64\UE4Editor\Development\CPSC399Game\UE4Editor-CPSC399Game-8396.suppressed.exp
  [9/9] CPSC399GameEditor.target
Total time in Parallel executor: 16.40 seconds
Total execution time: 34.75 seconds

[2026.04.07-23.40.41:124][725]CompilerResultsLog: New page: Compilation - Apr 7, 2026, 11:40:41 AM
[2026.04.07-23.40.41:125][725]CompilerResultsLog: Using 'git status' to determine working set for adaptive non-unity build (C:\Users\asus\Desktop\Assign 565\My project\CPSC399_Game).
[2026.04.07-23.40.41:125][725]CompilerResultsLog: Creating makefile for CPSC399GameEditor (no existing makefile)
[2026.04.07-23.40.41:125][725]CompilerResultsLog: Parsing headers for CPSC399GameEditor
[2026.04.07-23.40.41:125][725]CompilerResultsLog:   Running UnrealHeaderTool "C:\Users\asus\Desktop\Assign 565\My project\CPSC399_Game\CPSC399Game\CPSC399Game.uproject" "C:\Users\asus\Desktop\Assign 565\My project\CPSC399_Game\CPSC399Game\Intermediate\Build\Win64\CPSC399GameEditor\Development\CPSC399GameEditor.uhtmanifest" -LogCmds="loginit warning, logexit warning, logdatabase error" -Unattended -WarningsAsErrors -abslog="C:\Users\asus\AppData\Local\UnrealBuildTool\Log_UHT.txt" -installed
[2026.04.07-23.40.41:125][725]CompilerResultsLog: LogInit: Display: Loading text-based GConfig....
[2026.04.07-23.40.41:125][725]CompilerResultsLog: Reflection code generated for CPSC399GameEditor in 8.4648049 seconds
[2026.04.07-23.40.41:125][725]CompilerResultsLog: Building CPSC399GameEditor...
[2026.04.07-23.40.41:125][725]CompilerResultsLog: Using Visual Studio 2022 14.44.35225 toolchain (C:\Program Files\Microsoft Visual Studio\2022\Community\VC\Tools\MSVC\14.44.35207) and Windows 10.0.26100.0 SDK (C:\Program Files (x86)\Windows Kits\10).
[2026.04.07-23.40.41:125][725]CompilerResultsLog: Building 9 actions with 20 processes...
[2026.04.07-23.40.41:125][725]CompilerResultsLog:   [1/9] Default.rc2
[2026.04.07-23.40.41:125][725]CompilerResultsLog:   [2/9] SharedPCH.Engine.ShadowErrors.cpp
[2026.04.07-23.40.41:125][725]CompilerResultsLog:   Detected compiler newer than Visual Studio 2019, please update min version checking in WindowsPlatformCompilerSetup.h
[2026.04.07-23.40.41:125][725]CompilerResultsLog:   [3/9] CPSC399Game.cpp
[2026.04.07-23.40.41:125][725]CompilerResultsLog:   [4/9] MyActor.cpp
[2026.04.07-23.40.41:125][725]CompilerResultsLog:   [5/9] CPSC399Game.init.gen.cpp
[2026.04.07-23.40.41:125][725]CompilerResultsLog:   [6/9] MyActor.gen.cpp
[2026.04.07-23.40.41:125][725]CompilerResultsLog:   [7/9] UE4Editor-CPSC399Game-8396.lib
[2026.04.07-23.40.41:125][725]CompilerResultsLog:      Creating library C:\Users\asus\Desktop\Assign 565\My project\CPSC399_Game\CPSC399Game\Intermediate\Build\Win64\UE4Editor\Development\CPSC399Game\UE4Editor-CPSC399Game-8396.lib and object C:\Users\asus\Desktop\Assign 565\My project\CPSC399_Game\CPSC399Game\Intermediate\Build\Win64\UE4Editor\Development\CPSC399Game\UE4Editor-CPSC399Game-8396.exp
[2026.04.07-23.40.41:125][725]CompilerResultsLog:   [8/9] UE4Editor-CPSC399Game-8396.dll
[2026.04.07-23.40.41:125][725]CompilerResultsLog:      Creating library C:\Users\asus\Desktop\Assign 565\My project\CPSC399_Game\CPSC399Game\Intermediate\Build\Win64\UE4Editor\Development\CPSC399Game\UE4Editor-CPSC399Game-8396.suppressed.lib and object C:\Users\asus\Desktop\Assign 565\My project\CPSC399_Game\CPSC399Game\Intermediate\Build\Win64\UE4Editor\Development\CPSC399Game\UE4Editor-CPSC399Game-8396.suppressed.exp
[2026.04.07-23.40.41:125][725]CompilerResultsLog:   [9/9] CPSC399GameEditor.target
[2026.04.07-23.40.41:125][725]CompilerResultsLog: Total time in Parallel executor: 16.40 seconds
[2026.04.07-23.40.41:125][725]CompilerResultsLog: Total execution time: 34.75 seconds
[2026.04.07-23.40.41:125][725]LogMainFrame: MainFrame: Module compiling took 34.840 seconds
[2026.04.07-23.40.41:127][725]Reloading module CPSC399Game after successful compile.
[2026.04.07-23.40.41:179][725]LogClass: Could not find existing package /Script/CPSC399Game for HotReload of class MyActor, assuming a new package.
[2026.04.07-23.40.41:183][725]LogNativeClassHierarchy: Verbose: Native class hierarchy updated for 'CPSC399Game' in 0.0006 seconds. Added 1 classes and 2 folders.
[2026.04.07-23.40.41:207][725]LogUObjectHash: Compacting FUObjectHashTables data took   3.91ms
[2026.04.07-23.40.41:231][725]LogNativeClassHierarchy: Verbose: Native class hierarchy populated in 0.0131 seconds. Added 3823 classes and 930 folders.
[2026.04.07-23.40.41:335][725]LogSlate: Window 'Add C++ Class' being destroyed
[2026.04.07-23.43.43:997][292]LogUObjectHash: Compacting FUObjectHashTables data took   2.09ms
[2026.04.07-23.43.44:029][292]LogSavePackage: Moving '../../../../../../Users/asus/Desktop/Assign 565/My project/CPSC399_Game/CPSC399Game/Saved/Map150BC6D5C4C770E1D47E1E6A61C6CCF98.tmp' to '../../../../../../Users/asus/Desktop/Assign 565/My project/CPSC399_Game/CPSC399Game/Content/ThirdPersonBP/Maps/Map1.umap'
[2026.04.07-23.43.44:055][292]AssetCheck: New page: Asset Save: Map1
[2026.04.07-23.43.44:055][292]LogContentValidation: Display: Validating World /Game/ThirdPersonBP/Maps/Map1.Map1
[2026.04.07-23.43.52:926][764]Running C:/Program Files/Epic Games/UE_4.27/Engine/Binaries/DotNET/UnrealBuildTool.exe  -projectfiles -project="C:/Users/asus/Desktop/Assign 565/My project/CPSC399_Game/CPSC399Game/CPSC399Game.uproject" -game -rocket -progress
[2026.04.07-23.43.53:334][764]Discovering modules, targets and source code for project...
[2026.04.07-23.43.54:842][764]Binding IntelliSense data...
[2026.04.07-23.44.07:033][764]Binding IntelliSense data... 50%
[2026.04.07-23.44.07:033][764]Binding IntelliSense data... 100%
[2026.04.07-23.44.07:033][764]Writing project files...
[2026.04.07-23.44.09:951][764]Writing project files... 100%
[2026.04.07-23.47.13:952][811]LogUObjectHash: Compacting FUObjectHashTables data took   1.75ms
[2026.04.07-23.47.13:981][811]LogSavePackage: Moving '../../../../../../Users/asus/Desktop/Assign 565/My project/CPSC399_Game/CPSC399Game/Saved/Map1AD5FA3814AD6C51F9CC85995E4D4FED1.tmp' to '../../../../../../Users/asus/Desktop/Assign 565/My project/CPSC399_Game/CPSC399Game/Content/ThirdPersonBP/Maps/Map1.umap'
[2026.04.07-23.47.14:001][811]AssetCheck: New page: Asset Save: Map1
[2026.04.07-23.47.14:001][811]LogContentValidation: Display: Validating World /Game/ThirdPersonBP/Maps/Map1.Map1
[2026.04.07-23.47.24:460][180]LogEditorClassViewer: Warning: Class /Engine/Tutorial/InWorldBlueprintEditing/TutorialAssets/IWBE_Blutility.IWBE_Blutility_C has parent /Script/Blutility.PlacedEditorUtilityBase, but this parent is not found. The Class will not be shown in ClassViewer.
[2026.04.07-23.47.24:465][180]LogSlate: Warning: Slate: Had to block on waiting for a draw buffer
[2026.04.07-23.47.33:316][180]LogSlate: Window 'Pick Parent Class' being destroyed
[2026.04.07-23.51.03:404][899]LogUObjectHash: Compacting FUObjectHashTables data took   1.45ms
[2026.04.07-23.51.03:450][899]LogSlate: Window 'CPSC399Game - Unreal Editor' being destroyed
[2026.04.07-23.51.03:680][900]Cmd: QUIT_EDITOR
[2026.04.07-23.51.03:681][900]LogCore: Engine exit requested (reason: UUnrealEdEngine::CloseEditor())
[2026.04.07-23.51.03:688][900]LogCore: Engine exit requested (reason: EngineExit() was called; note: exit was already requested)
[2026.04.07-23.51.04:346][900]LogAudio: Display: Beginning Audio Device Manager Shutdown (Module: AudioMixerXAudio2)...
[2026.04.07-23.51.04:347][900]LogAudio: Display: Destroying 1 Remaining Audio Device(s)...
[2026.04.07-23.51.04:347][900]LogAudio: Display: Audio Device unregistered from world 'Map1'.
[2026.04.07-23.51.04:349][900]LogAudioMixer: FMixerPlatformXAudio2::StopAudioStream() called
[2026.04.07-23.51.04:351][900]LogAudioMixer: FMixerPlatformXAudio2::StopAudioStream() called
[2026.04.07-23.51.04:387][900]LogAudio: Display: Audio Device Manager Shutdown
[2026.04.07-23.51.04:389][900]LogWindowsTextInputMethodSystem: Display: IME system deactivated.
[2026.04.07-23.51.04:401][900]LogExit: Preparing to exit.
[2026.04.07-23.51.05:291][900]LogUObjectHash: Compacting FUObjectHashTables data took   1.62ms
[2026.04.07-23.51.05:674][900]LogActorComponent: UnregisterComponent: (None.None) Not registered. Aborting.
[2026.04.07-23.51.05:674][900]LogActorComponent: UnregisterComponent: (None.None) Not registered. Aborting.
[2026.04.07-23.51.05:674][900]LogActorComponent: UnregisterComponent: (None.None) Not registered. Aborting.
[2026.04.07-23.51.05:674][900]LogActorComponent: UnregisterComponent: (None.None) Not registered. Aborting.
[2026.04.07-23.51.05:674][900]LogActorComponent: UnregisterComponent: (None.None) Not registered. Aborting.
[2026.04.07-23.51.05:674][900]LogActorComponent: UnregisterComponent: (None.None) Not registered. Aborting.
[2026.04.07-23.51.05:675][900]LogActorComponent: UnregisterComponent: (None.None) Not registered. Aborting.
[2026.04.07-23.51.05:675][900]LogWorld: UWorld::CleanupWorld for None, bSessionEnded=true, bCleanupResources=true
[2026.04.07-23.51.05:680][900]LogActorComponent: UnregisterComponent: (None.None) Not registered. Aborting.
[2026.04.07-23.51.05:680][900]LogActorComponent: UnregisterComponent: (None.None) Not registered. Aborting.
[2026.04.07-23.51.05:680][900]LogActorComponent: UnregisterComponent: (None.None) Not registered. Aborting.
[2026.04.07-23.51.05:680][900]LogActorComponent: UnregisterComponent: (None.None) Not registered. Aborting.
[2026.04.07-23.51.05:680][900]LogActorComponent: UnregisterComponent: (None.None) Not registered. Aborting.
[2026.04.07-23.51.05:680][900]LogActorComponent: UnregisterComponent: (None.None) Not registered. Aborting.
[2026.04.07-23.51.05:680][900]LogActorComponent: UnregisterComponent: (None.None) Not registered. Aborting.
[2026.04.07-23.51.05:680][900]LogWorld: UWorld::CleanupWorld for None, bSessionEnded=true, bCleanupResources=true
[2026.04.07-23.51.05:681][900]LogActorComponent: UnregisterComponent: (None.None) Not registered. Aborting.
[2026.04.07-23.51.05:681][900]LogActorComponent: UnregisterComponent: (None.None) Not registered. Aborting.
[2026.04.07-23.51.05:681][900]LogActorComponent: UnregisterComponent: (None.None) Not registered. Aborting.
[2026.04.07-23.51.05:681][900]LogActorComponent: UnregisterComponent: (None.None) Not registered. Aborting.
[2026.04.07-23.51.05:681][900]LogActorComponent: UnregisterComponent: (None.None) Not registered. Aborting.
[2026.04.07-23.51.05:681][900]LogActorComponent: UnregisterComponent: (None.None) Not registered. Aborting.
[2026.04.07-23.51.05:681][900]LogActorComponent: UnregisterComponent: (None.None) Not registered. Aborting.
[2026.04.07-23.51.05:681][900]LogWorld: UWorld::CleanupWorld for None, bSessionEnded=true, bCleanupResources=true
[2026.04.07-23.51.05:682][900]LogActorComponent: UnregisterComponent: (None.None) Not registered. Aborting.
[2026.04.07-23.51.05:682][900]LogActorComponent: UnregisterComponent: (None.None) Not registered. Aborting.
[2026.04.07-23.51.05:682][900]LogActorComponent: UnregisterComponent: (None.None) Not registered. Aborting.
[2026.04.07-23.51.05:682][900]LogActorComponent: UnregisterComponent: (None.None) Not registered. Aborting.
[2026.04.07-23.51.05:682][900]LogActorComponent: UnregisterComponent: (None.None) Not registered. Aborting.
[2026.04.07-23.51.05:682][900]LogActorComponent: UnregisterComponent: (None.None) Not registered. Aborting.
[2026.04.07-23.51.05:682][900]LogActorComponent: UnregisterComponent: (None.None) Not registered. Aborting.
[2026.04.07-23.51.05:682][900]LogWorld: UWorld::CleanupWorld for None, bSessionEnded=true, bCleanupResources=true
[2026.04.07-23.51.05:682][900]LogActorComponent: UnregisterComponent: (None.None) Not registered. Aborting.
[2026.04.07-23.51.05:682][900]LogActorComponent: UnregisterComponent: (None.None) Not registered. Aborting.
[2026.04.07-23.51.05:682][900]LogActorComponent: UnregisterComponent: (None.None) Not registered. Aborting.
[2026.04.07-23.51.05:682][900]LogActorComponent: UnregisterComponent: (None.None) Not registered. Aborting.
[2026.04.07-23.51.05:682][900]LogActorComponent: UnregisterComponent: (None.None) Not registered. Aborting.
[2026.04.07-23.51.05:682][900]LogActorComponent: UnregisterComponent: (None.None) Not registered. Aborting.
[2026.04.07-23.51.05:682][900]LogActorComponent: UnregisterComponent: (None.None) Not registered. Aborting.
[2026.04.07-23.51.05:682][900]LogWorld: UWorld::CleanupWorld for None, bSessionEnded=true, bCleanupResources=true
[2026.04.07-23.51.05:683][900]LogActorComponent: UnregisterComponent: (None.None) Not registered. Aborting.
[2026.04.07-23.51.05:683][900]LogActorComponent: UnregisterComponent: (None.None) Not registered. Aborting.
[2026.04.07-23.51.05:683][900]LogActorComponent: UnregisterComponent: (None.None) Not registered. Aborting.
[2026.04.07-23.51.05:683][900]LogActorComponent: UnregisterComponent: (None.None) Not registered. Aborting.
[2026.04.07-23.51.05:683][900]LogActorComponent: UnregisterComponent: (None.None) Not registered. Aborting.
[2026.04.07-23.51.05:683][900]LogActorComponent: UnregisterComponent: (None.None) Not registered. Aborting.
[2026.04.07-23.51.05:683][900]LogActorComponent: UnregisterComponent: (None.None) Not registered. Aborting.
[2026.04.07-23.51.05:683][900]LogWorld: UWorld::CleanupWorld for None, bSessionEnded=true, bCleanupResources=true
[2026.04.07-23.51.05:885][900]LogWorld: UWorld::CleanupWorld for None, bSessionEnded=true, bCleanupResources=true
[2026.04.07-23.51.05:887][900]LogExit: Editor shut down
[2026.04.07-23.51.05:891][900]LogExit: Transaction tracking system shut down
[2026.04.07-23.51.05:904][900]LogDemo: Cleaned up 0 splitscreen connections with owner deletion
[2026.04.07-23.51.06:397][900]LogFileManager: Error: Error writing to file: ../../../../../../Users/asus/Desktop/Assign 565/My project/CPSC399_Game/CPSC399Game/Intermediate/CachedAssetRegistry.bin.tmp (There is not enough space on the disk.)
[2026.04.07-23.51.06:398][900]LogExit: Object subsystem successfully closed.
[2026.04.07-23.51.06:435][900]LogShaderCompilers: Display: === FShaderJobCache stats ===
[2026.04.07-23.51.06:435][900]LogShaderCompilers: Display: Total job queries 200, among them cache hits 37 (18.50%)
[2026.04.07-23.51.06:435][900]LogShaderCompilers: Display: Tracking 163 distinct input hashes that result in 105 distinct outputs (64.42%)
[2026.04.07-23.51.06:436][900]LogShaderCompilers: Display: RAM used: 0.82 MB (0.00 GB) of 819.20 MB (0.80 GB) budget. Usage: 0.10%
[2026.04.07-23.51.06:436][900]LogShaderCompilers: Display: ================================================
[2026.04.07-23.51.06:465][900]LogShaderCompilers: Display: Shaders left to compile 0
[2026.04.07-23.51.06:557][900]LogModuleManager: Shutting down and abandoning module CPSC399Game (878)
[2026.04.07-23.51.06:557][900]LogModuleManager: Shutting down and abandoning module BlueprintGraph (876)
[2026.04.07-23.51.06:557][900]LogModuleManager: Shutting down and abandoning module MovieSceneCapture (874)
[2026.04.07-23.51.06:557][900]LogModuleManager: Shutting down and abandoning module Voice (872)
[2026.04.07-23.51.06:557][900]LogModuleManager: Shutting down and abandoning module HierarchicalLODOutliner (870)
[2026.04.07-23.51.06:557][900]LogModuleManager: Shutting down and abandoning module SceneOutliner (868)
[2026.04.07-23.51.06:558][900]LogModuleManager: Shutting down and abandoning module AddContentDialog (866)
[2026.04.07-23.51.06:569][900]LogModuleManager: Shutting down and abandoning module WidgetCarousel (865)
[2026.04.07-23.51.06:569][900]LogModuleManager: Shutting down and abandoning module EditorWidgets (862)
[2026.04.07-23.51.06:569][900]LogModuleManager: Shutting down and abandoning module StatsViewer (860)
[2026.04.07-23.51.06:570][900]LogModuleManager: Shutting down and abandoning module PIEPreviewDeviceProfileSelector (858)
[2026.04.07-23.51.06:570][900]LogModuleManager: Shutting down and abandoning module SequenceRecorderSections (856)
[2026.04.07-23.51.06:570][900]LogModuleManager: Shutting down and abandoning module AutomationWorker (854)
[2026.04.07-23.51.06:571][900]LogModuleManager: Shutting down and abandoning module SteamVREditor (852)
[2026.04.07-23.51.06:571][900]LogModuleManager: Shutting down and abandoning module OculusMR (850)
[2026.04.07-23.51.06:571][900]LogModuleManager: Shutting down and abandoning module TakeRecorderSources (848)
[2026.04.07-23.51.06:573][900]LogModuleManager: Shutting down and abandoning module TakeRecorder (847)
[2026.04.07-23.51.06:574][900]LogModuleManager: Shutting down and abandoning module TakeTrackRecorders (844)
[2026.04.07-23.51.06:575][900]LogModuleManager: Shutting down and abandoning module TakesCore (842)
[2026.04.07-23.51.06:575][900]LogModuleManager: Shutting down and abandoning module OpenXRInput (840)
[2026.04.07-23.51.06:575][900]LogModuleManager: Shutting down and abandoning module GooglePADEditor (838)
[2026.04.07-23.51.06:575][900]LogModuleManager: Shutting down and abandoning module AudioCaptureEditor (836)
[2026.04.07-23.51.06:575][900]LogModuleManager: Shutting down and abandoning module MatineeToLevelSequence (834)
[2026.04.07-23.51.06:575][900]LogModuleManager: Shutting down and abandoning module TemplateSequenceEditor (832)
[2026.04.07-23.51.06:578][900]LogModuleManager: Shutting down and abandoning module LevelSequenceEditor (830)
[2026.04.07-23.51.06:579][900]LogModuleManager: Shutting down and abandoning module AvfMediaFactory (828)
[2026.04.07-23.51.06:579][900]LogModuleManager: Shutting down and abandoning module AvfMediaEditor (826)
[2026.04.07-23.51.06:579][900]LogModuleManager: Shutting down and abandoning module ActorSequenceEditor (824)
[2026.04.07-23.51.06:580][900]LogModuleManager: Shutting down and abandoning module MediaPlayerEditor (822)
[2026.04.07-23.51.06:580][900]LogModuleManager: Shutting down and abandoning module WmfMediaFactory (820)
[2026.04.07-23.51.06:580][900]LogModuleManager: Shutting down and abandoning module WmfMediaEditor (818)
[2026.04.07-23.51.06:580][900]LogModuleManager: Shutting down and abandoning module WebMMediaFactory (816)
[2026.04.07-23.51.06:580][900]LogModuleManager: Shutting down and abandoning module WebMMediaEditor (814)
[2026.04.07-23.51.06:580][900]LogModuleManager: Shutting down and abandoning module WebMMedia (812)
[2026.04.07-23.51.06:580][900]LogModuleManager: Shutting down and abandoning module MediaCompositingEditor (810)
[2026.04.07-23.51.06:581][900]LogModuleManager: Shutting down and abandoning module SequenceRecorder (809)
[2026.04.07-23.51.06:581][900]LogModuleManager: Shutting down and abandoning module OpenExrWrapper (806)
[2026.04.07-23.51.06:581][900]LogModuleManager: Shutting down and abandoning module ImgMediaFactory (804)
[2026.04.07-23.51.06:581][900]LogModuleManager: Shutting down and abandoning module ImgMediaEditor (802)
[2026.04.07-23.51.06:581][900]LogModuleManager: Shutting down and abandoning module AndroidMediaFactory (800)
[2026.04.07-23.51.06:581][900]LogModuleManager: Shutting down and abandoning module AndroidMediaEditor (798)
[2026.04.07-23.51.06:581][900]LogModuleManager: Shutting down and abandoning module MagicLeapMediaCodecFactory (796)
[2026.04.07-23.51.06:581][900]LogModuleManager: Shutting down and abandoning module MagicLeapMediaFactory (794)
[2026.04.07-23.51.06:581][900]LogModuleManager: Shutting down and abandoning module MagicLeapMediaEditor (792)
[2026.04.07-23.51.06:581][900]LogModuleManager: Shutting down and abandoning module PlanarCut (790)
[2026.04.07-23.51.06:582][900]LogModuleManager: Shutting down and abandoning module CharacterAI (788)
[2026.04.07-23.51.06:582][900]LogModuleManager: Shutting down and abandoning module TextureAlignMode (786)
[2026.04.07-23.51.06:582][900]LogModuleManager: Shutting down and abandoning module BspMode (784)
[2026.04.07-23.51.06:582][900]LogModuleManager: Shutting down and abandoning module GeometryMode (782)
[2026.04.07-23.51.06:582][900]LogModuleManager: Shutting down and abandoning module CameraShakePreviewer (780)
[2026.04.07-23.51.06:582][900]LogModuleManager: Shutting down and abandoning module SmartSnapping (778)
[2026.04.07-23.51.06:582][900]LogModuleManager: Shutting down and abandoning module SessionServices (776)
[2026.04.07-23.51.06:582][900]LogModuleManager: Shutting down and abandoning module MeshPaint (774)
[2026.04.07-23.51.06:583][900]LogModuleManager: Shutting down and abandoning module VirtualTexturingEditor (772)
[2026.04.07-23.51.06:583][900]LogModuleManager: Shutting down and abandoning module FoliageEdit (770)
[2026.04.07-23.51.06:583][900]LogModuleManager: Shutting down and abandoning module LandscapeEditor (768)
[2026.04.07-23.51.06:584][900]LogModuleManager: Shutting down and abandoning module MeshPaintMode (766)
[2026.04.07-23.51.06:584][900]LogModuleManager: Shutting down and abandoning module SceneDepthPickerMode (764)
[2026.04.07-23.51.06:585][900]LogModuleManager: Shutting down and abandoning module ActorPickerMode (762)
[2026.04.07-23.51.06:585][900]LogModuleManager: Shutting down and abandoning module PlacementMode (760)
[2026.04.07-23.51.06:585][900]LogModuleManager: Shutting down and abandoning module ViewportSnapping (758)
[2026.04.07-23.51.06:585][900]LogModuleManager: Shutting down and abandoning module ViewportInteraction (756)
[2026.04.07-23.51.06:585][900]LogModuleManager: Shutting down and abandoning module ClothPainter (754)
[2026.04.07-23.51.06:586][900]LogModuleManager: Shutting down and abandoning module SkeletalMeshEditor (753)
[2026.04.07-23.51.06:586][900]LogModuleManager: Shutting down and abandoning module LogVisualizer (750)
[2026.04.07-23.51.06:587][900]LogModuleManager: Shutting down and abandoning module IntroTutorials (748)
[2026.04.07-23.51.06:587][900]LogModuleManager: Shutting down and abandoning module GameProjectGeneration (747)
[2026.04.07-23.51.06:587][900]LogModuleManager: Shutting down and abandoning module LuminPlatformEditor (744)
[2026.04.07-23.51.06:587][900]LogModuleManager: Shutting down and abandoning module IOSPlatformEditor (742)
[2026.04.07-23.51.06:587][900]LogModuleManager: Shutting down and abandoning module AndroidPlatformEditor (740)
[2026.04.07-23.51.06:587][900]LogModuleManager: Shutting down and abandoning module AndroidDeviceDetection (739)
[2026.04.07-23.51.08:412][900]LogModuleManager: Shutting down and abandoning module WindowsPlatformEditor (736)
[2026.04.07-23.51.08:412][900]LogModuleManager: Shutting down and abandoning module LuminRuntimeSettings (734)
[2026.04.07-23.51.08:412][900]LogModuleManager: Shutting down and abandoning module IOSRuntimeSettings (732)
[2026.04.07-23.51.08:412][900]LogModuleManager: Shutting down and abandoning module AndroidRuntimeSettings (730)
[2026.04.07-23.51.08:412][900]LogModuleManager: Shutting down and abandoning module TraceInsights (728)
[2026.04.07-23.51.08:507][900]MemoryProfiler: Shutdown
[2026.04.07-23.51.08:514][900]NetworkingProfiler: Shutdown
[2026.04.07-23.51.08:518][900]LoadingProfiler: Shutdown
[2026.04.07-23.51.08:533][900]TimingProfiler: Shutdown
[2026.04.07-23.51.08:597][900]LogModuleManager: Shutting down and abandoning module TraceServices (727)
[2026.04.07-23.51.08:618][900]LogModuleManager: Shutting down and abandoning module EditorInteractiveToolsFramework (724)
[2026.04.07-23.51.08:618][900]LogModuleManager: Shutting down and abandoning module TimeManagementEditor (722)
[2026.04.07-23.51.08:624][900]LogModuleManager: Shutting down and abandoning module InputBindingEditor (720)
[2026.04.07-23.51.08:636][900]LogModuleManager: Shutting down and abandoning module MergeActors (718)
[2026.04.07-23.51.08:653][900]LogModuleManager: Shutting down and abandoning module LocalizationDashboard (716)
[2026.04.07-23.51.08:656][900]LogModuleManager: Shutting down and abandoning module LocalizationService (715)
[2026.04.07-23.51.08:664][900]LogModuleManager: Shutting down and abandoning module HardwareTargeting (712)
[2026.04.07-23.51.08:664][900]LogModuleManager: Shutting down and abandoning module DeviceProfileEditor (710)
[2026.04.07-23.51.08:671][900]LogModuleManager: Shutting down and abandoning module UndoHistory (708)
[2026.04.07-23.51.08:677][900]LogModuleManager: Shutting down and abandoning module XmlParser (706)
[2026.04.07-23.51.08:681][900]LogModuleManager: Shutting down and abandoning module Blutility (704)
[2026.04.07-23.51.08:684][900]LogModuleManager: Shutting down and abandoning module ProjectSettingsViewer (702)
[2026.04.07-23.51.08:685][900]LogModuleManager: Shutting down and abandoning module ProjectTargetPlatformEditor (701)
[2026.04.07-23.51.08:685][900]LogModuleManager: Shutting down and abandoning module EditorSettingsViewer (698)
[2026.04.07-23.51.08:691][900]LogModuleManager: Shutting down and abandoning module InternationalizationSettings (697)
[2026.04.07-23.51.08:691][900]LogModuleManager: Shutting down and abandoning module SettingsEditor (694)
[2026.04.07-23.51.08:698][900]LogModuleManager: Shutting down and abandoning module ProjectLauncher (692)
[2026.04.07-23.51.08:713][900]LogModuleManager: Shutting down and abandoning module SessionFrontend (690)
[2026.04.07-23.51.08:728][900]LogModuleManager: Shutting down and abandoning module ProfilerClient (688)
[2026.04.07-23.51.08:734][900]LogModuleManager: Shutting down and abandoning module DeviceManager (686)
[2026.04.07-23.51.08:744][900]LogModuleManager: Shutting down and abandoning module TargetDeviceServices (685)
[2026.04.07-23.51.08:807][900]LogModuleManager: Shutting down and abandoning module AutomationController (682)
[2026.04.07-23.51.08:828][900]LogModuleManager: Shutting down and abandoning module AutomationWindow (680)
[2026.04.07-23.51.08:837][900]LogModuleManager: Shutting down and abandoning module Layers (678)
[2026.04.07-23.51.08:865][900]LogModuleManager: Shutting down and abandoning module ComponentVisualizers (676)
[2026.04.07-23.51.08:865][900]LogModuleManager: Shutting down and abandoning module DetailCustomizations (674)
[2026.04.07-23.51.08:874][900]LogModuleManager: Shutting down and abandoning module PackagesDialog (672)
[2026.04.07-23.51.08:881][900]LogModuleManager: Shutting down and abandoning module AnimationBlueprintEditor (670)
[2026.04.07-23.51.08:926][900]LogModuleManager: Shutting down and abandoning module Persona (668)
[2026.04.07-23.51.08:955][900]LogModuleManager: Shutting down and abandoning module AdvancedPreviewScene (667)
[2026.04.07-23.51.08:955][900]LogModuleManager: Shutting down and abandoning module AnimGraph (665)
[2026.04.07-23.51.08:957][900]LogModuleManager: Shutting down and abandoning module Kismet (662)
[2026.04.07-23.51.09:022][900]LogModuleManager: Shutting down and abandoning module KismetWidgets (661)
[2026.04.07-23.51.09:023][900]LogModuleManager: Shutting down and abandoning module GraphEditor (658)
[2026.04.07-23.51.09:073][900]LogModuleManager: Shutting down and abandoning module StructViewer (656)
[2026.04.07-23.51.09:096][900]LogModuleManager: Shutting down and abandoning module ClassViewer (654)
[2026.04.07-23.51.09:097][900]LogModuleManager: Shutting down and abandoning module Toolbox (652)
[2026.04.07-23.51.09:105][900]LogModuleManager: Shutting down and abandoning module ModuleUI (650)
[2026.04.07-23.51.09:105][900]LogModuleManager: Shutting down and abandoning module OutputLog (648)
[2026.04.07-23.51.09:137][900]LogModuleManager: Shutting down and abandoning module GammaUI (646)
[2026.04.07-23.51.09:140][900]LogModuleManager: Shutting down and abandoning module Documentation (644)
[2026.04.07-23.51.09:142][900]LogModuleManager: Shutting down and abandoning module LiveCoding (642)
[2026.04.07-23.51.09:164][900]LogModuleManager: Shutting down and abandoning module LevelSequence (640)
[2026.04.07-23.51.09:164][900]LogModuleManager: Shutting down and abandoning module MovieSceneTracks (638)
[2026.04.07-23.51.09:176][900]LogModuleManager: Shutting down and abandoning module MovieScene (636)
[2026.04.07-23.51.09:196][900]LogModuleManager: Shutting down and abandoning module StreamingPauseRendering (634)
[2026.04.07-23.51.09:203][900]LogModuleManager: Shutting down and abandoning module LauncherPlatform (632)
[2026.04.07-23.51.09:208][900]LogModuleManager: Shutting down and abandoning module AnalyticsET (630)
[2026.04.07-23.51.09:208][900]LogModuleManager: Shutting down and abandoning module PortalServices (628)
[2026.04.07-23.51.09:208][900]LogModuleManager: Shutting down and abandoning module PortalRpc (626)
[2026.04.07-23.51.09:208][900]LogModuleManager: Shutting down and abandoning module MessagingRpc (624)
[2026.04.07-23.51.09:208][900]LogModuleManager: Shutting down and abandoning module AudioMixerXAudio2 (622)
[2026.04.07-23.51.09:208][900]LogModuleManager: Shutting down and abandoning module AudioMixerCore (621)
[2026.04.07-23.51.09:208][900]LogModuleManager: Shutting down and abandoning module AIModule (618)
[2026.04.07-23.51.09:242][900]LogModuleManager: Shutting down and abandoning module GameplayDebugger (617)
[2026.04.07-23.51.09:242][900]LogModuleManager: Shutting down and abandoning module AITestSuite (615)
[2026.04.07-23.51.09:249][900]LogModuleManager: Shutting down and abandoning module NavigationSystem (613)
[2026.04.07-23.51.09:265][900]LogModuleManager: Shutting down and abandoning module ImageWriteQueue (610)
[2026.04.07-23.51.09:296][900]LogModuleManager: Shutting down and abandoning module ProfilerService (608)
[2026.04.07-23.51.09:564][900]LogModuleManager: Shutting down and abandoning module TaskGraph (606)
[2026.04.07-23.51.09:585][900]LogModuleManager: Shutting down and abandoning module AudioSynesthesiaEditor (604)
[2026.04.07-23.51.09:585][900]LogModuleManager: Shutting down and abandoning module OculusEditor (602)
[2026.04.07-23.51.09:653][900]LogModuleManager: Shutting down and abandoning module OculusInput (600)
[2026.04.07-23.51.09:653][900]LogModuleManager: Shutting down and abandoning module ContentBrowserFileDataSource (598)
[2026.04.07-23.51.09:653][900]LogModuleManager: Shutting down and abandoning module ContentBrowserClassDataSource (596)
[2026.04.07-23.51.09:653][900]LogModuleManager: Shutting down and abandoning module ContentBrowserAssetDataSource (594)
[2026.04.07-23.51.09:653][900]LogModuleManager: Shutting down and abandoning module CollectionManager (593)
[2026.04.07-23.51.09:657][900]LogModuleManager: Shutting down and abandoning module ProceduralMeshComponentEditor (590)
[2026.04.07-23.51.09:657][900]LogModuleManager: Shutting down and abandoning module ProceduralMeshComponent (588)
[2026.04.07-23.51.09:657][900]LogModuleManager: Shutting down and abandoning module TakeSequencer (586)
[2026.04.07-23.51.09:658][900]LogModuleManager: Shutting down and abandoning module TakeMovieScene (584)
[2026.04.07-23.51.09:658][900]LogModuleManager: Shutting down and abandoning module ScreenshotTools (582)
[2026.04.07-23.51.09:658][900]LogModuleManager: Shutting down and abandoning module SynthesisEditor (580)
[2026.04.07-23.51.09:658][900]LogModuleManager: Shutting down and abandoning module Synthesis (578)
[2026.04.07-23.51.09:659][900]LogModuleManager: Shutting down and abandoning module OpenXREditor (576)
[2026.04.07-23.51.09:660][900]LogModuleManager: Shutting down and abandoning module MobilePatchingUtils (574)
[2026.04.07-23.51.09:660][900]LogModuleManager: Shutting down and abandoning module GooglePAD (572)
[2026.04.07-23.51.09:660][900]LogModuleManager: Shutting down and abandoning module EditableMesh (570)
[2026.04.07-23.51.09:662][900]LogModuleManager: Shutting down and abandoning module CustomMeshComponent (568)
[2026.04.07-23.51.09:662][900]LogModuleManager: Shutting down and abandoning module CableComponent (566)
[2026.04.07-23.51.09:662][900]LogModuleManager: Shutting down and abandoning module AssetTags (564)
[2026.04.07-23.51.09:662][900]LogModuleManager: Shutting down and abandoning module AudioCapture (562)
[2026.04.07-23.51.09:662][900]LogModuleManager: Shutting down and abandoning module AudioCaptureRtAudio (561)
[2026.04.07-23.51.09:662][900]LogModuleManager: Shutting down and abandoning module ArchVisCharacter (558)
[2026.04.07-23.51.09:662][900]LogModuleManager: Shutting down and abandoning module AppleImageUtilsBlueprintSupport (556)
[2026.04.07-23.51.09:662][900]LogModuleManager: Shutting down and abandoning module AppleImageUtils (554)
[2026.04.07-23.51.09:662][900]LogModuleManager: Shutting down and abandoning module AndroidPermission (552)
[2026.04.07-23.51.09:662][900]LogModuleManager: Shutting down and abandoning module ActorLayerUtilitiesEditor (550)
[2026.04.07-23.51.09:663][900]LogModuleManager: Shutting down and abandoning module ActorLayerUtilities (548)
[2026.04.07-23.51.09:663][900]LogModuleManager: Shutting down and abandoning module TemplateSequence (546)
[2026.04.07-23.51.09:663][900]LogModuleManager: Shutting down and abandoning module MediaCompositing (544)
[2026.04.07-23.51.09:663][900]LogModuleManager: Shutting down and abandoning module ImgMedia (542)
[2026.04.07-23.51.09:663][900]LogModuleManager: Shutting down and abandoning module MagicLeapSharedWorld (540)
[2026.04.07-23.51.09:663][900]LogModuleManager: Shutting down and abandoning module MagicLeapLightEstimation (538)
[2026.04.07-23.51.09:663][900]LogModuleManager: Shutting down and abandoning module MagicLeapHelperVulkan (536)
[2026.04.07-23.51.09:665][900]LogModuleManager: Shutting down and abandoning module MagicLeapHelperOpenGL (534)
[2026.04.07-23.51.09:665][900]LogModuleManager: Shutting down and abandoning module MagicLeapAudio (532)
[2026.04.07-23.51.09:665][900]LogModuleManager: Shutting down and abandoning module OpenImageDenoise (530)
[2026.04.07-23.51.09:665][900]LogOpenImageDenoise: OIDN shutting down
[2026.04.07-23.51.09:667][900]LogModuleManager: Shutting down and abandoning module MotoSynthEditor (528)
[2026.04.07-23.51.09:667][900]LogModuleManager: Shutting down and abandoning module MotoSynth (526)
[2026.04.07-23.51.09:667][900]LogModuleManager: Shutting down and abandoning module GeometryCollectionTracks (524)
[2026.04.07-23.51.09:667][900]LogModuleManager: Shutting down and abandoning module GeometryCollectionSequencer (523)
[2026.04.07-23.51.09:667][900]LogModuleManager: Shutting down and abandoning module GeometryCollectionEditor (520)
[2026.04.07-23.51.09:669][900]LogModuleManager: Shutting down and abandoning module GeometryCacheTracks (518)
[2026.04.07-23.51.09:669][900]LogModuleManager: Shutting down and abandoning module GeometryCacheStreamer (516)
[2026.04.07-23.51.09:669][900]LogModuleManager: Shutting down and abandoning module GeometryCacheSequencer (514)
[2026.04.07-23.51.09:669][900]LogModuleManager: Shutting down and abandoning module MeshConversion (512)
[2026.04.07-23.51.09:670][900]LogModuleManager: Shutting down and abandoning module DynamicMesh (510)
[2026.04.07-23.51.09:672][900]LogModuleManager: Shutting down and abandoning module GeometryAlgorithms (508)
[2026.04.07-23.51.09:673][900]LogModuleManager: Shutting down and abandoning module GeometricObjects (506)
[2026.04.07-23.51.09:673][900]LogModuleManager: Shutting down and abandoning module NiagaraEditorWidgets (504)
[2026.04.07-23.51.09:675][900]LogModuleManager: Shutting down and abandoning module AlembicImporter (502)
[2026.04.07-23.51.09:675][900]LogModuleManager: Shutting down and abandoning module AlembicLibrary (501)
[2026.04.07-23.51.09:675][900]LogModuleManager: Shutting down and abandoning module GeometryCache (500)
[2026.04.07-23.51.09:675][900]LogModuleManager: Shutting down and abandoning module GeometryCacheEd (499)
[2026.04.07-23.51.09:675][900]LogModuleManager: Shutting down and abandoning module ChaosNiagara (494)
[2026.04.07-23.51.09:675][900]LogModuleManager: Shutting down and abandoning module ChaosSolverEditor (492)
[2026.04.07-23.51.09:675][900]LogModuleManager: Shutting down and abandoning module FractureEditor (490)
[2026.04.07-23.51.09:675][900]LogModuleManager: Shutting down and abandoning module FieldSystemEngine (489)
[2026.04.07-23.51.09:675][900]LogModuleManager: Shutting down and abandoning module ChaosClothEditor (486)
[2026.04.07-23.51.09:675][900]LogModuleManager: Shutting down and abandoning module VisualStudioCodeSourceCodeAccess (484)
[2026.04.07-23.51.09:675][900]LogModuleManager: Shutting down and abandoning module BackChannel (482)
[2026.04.07-23.51.09:676][900]LogModuleManager: Shutting down and abandoning module AutomationUtilsEditor (480)
[2026.04.07-23.51.09:676][900]LogModuleManager: Shutting down and abandoning module AutomationUtils (478)
[2026.04.07-23.51.09:676][900]LogModuleManager: Shutting down and abandoning module VisualStudioSourceCodeAccess (476)
[2026.04.07-23.51.09:676][900]LogModuleManager: Shutting down and abandoning module UObjectPlugin (474)
[2026.04.07-23.51.09:676][900]LogModuleManager: Shutting down and abandoning module SubversionSourceControl (472)
[2026.04.07-23.51.09:676][900]LogModuleManager: Shutting down and abandoning module GitSourceControl (470)
[2026.04.07-23.51.09:678][900]LogModuleManager: Shutting down and abandoning module RiderSourceCodeAccess (468)
[2026.04.07-23.51.09:678][900]LogModuleManager: Shutting down and abandoning module PlasticSourceControl (466)
[2026.04.07-23.51.09:678][900]LogModuleManager: Shutting down and abandoning module PluginUtils (464)
[2026.04.07-23.51.09:679][900]LogModuleManager: Shutting down and abandoning module PerforceSourceControl (462)
[2026.04.07-23.51.09:680][900]LogModuleManager: Shutting down and abandoning module SourceControl (461)
[2026.04.07-23.51.09:680][900]LogModuleManager: Shutting down and abandoning module VariantManagerContentEditor (458)
[2026.04.07-23.51.09:680][900]LogModuleManager: Shutting down and abandoning module CLionSourceCodeAccess (456)
[2026.04.07-23.51.09:680][900]LogModuleManager: Shutting down and abandoning module CurveEditorTools (454)
[2026.04.07-23.51.09:680][900]LogModuleManager: Shutting down and abandoning module AnimationSharingEd (452)
[2026.04.07-23.51.09:680][900]LogModuleManager: Shutting down and abandoning module DatasmithContentEditor (450)
[2026.04.07-23.51.09:681][900]LogModuleManager: Shutting down and abandoning module PluginBrowser (448)
[2026.04.07-23.51.09:681][900]LogModuleManager: Shutting down and abandoning module SpeedTreeImporter (446)
[2026.04.07-23.51.09:681][900]LogModuleManager: Shutting down and abandoning module MobileLauncherProfileWizard (444)
[2026.04.07-23.51.09:682][900]LogModuleManager: Shutting down and abandoning module MaterialAnalyzer (442)
[2026.04.07-23.51.09:682][900]LogModuleManager: Shutting down and abandoning module OodleNetworkHandlerComponent (440)
[2026.04.07-23.51.09:682][900]LogModuleManager: Shutting down and abandoning module CryptoKeysOpenSSL (438)
[2026.04.07-23.51.09:682][900]LogModuleManager: Shutting down and abandoning module CryptoKeys (436)
[2026.04.07-23.51.09:682][900]LogModuleManager: Shutting down and abandoning module LiveLinkSequencer (434)
[2026.04.07-23.51.09:682][900]LogModuleManager: Shutting down and abandoning module LiveLinkMovieScene (432)
[2026.04.07-23.51.09:682][900]LogModuleManager: Shutting down and abandoning module LiveLinkGraphNode (430)
[2026.04.07-23.51.09:682][900]LogModuleManager: Shutting down and abandoning module LiveLinkEditor (428)
[2026.04.07-23.51.09:682][900]LogModuleManager: Shutting down and abandoning module LiveLinkComponents (426)
[2026.04.07-23.51.09:682][900]LogModuleManager: Shutting down and abandoning module LiveLink (424)
[2026.04.07-23.51.10:404][900]LogModuleManager: Shutting down and abandoning module LightPropagationVolumeEditor (422)
[2026.04.07-23.51.10:404][900]LogModuleManager: Shutting down and abandoning module PaperTiledImporter (420)
[2026.04.07-23.51.10:404][900]LogModuleManager: Shutting down and abandoning module PaperSpriteSheetImporter (418)
[2026.04.07-23.51.10:404][900]LogModuleManager: Shutting down and abandoning module Paper2DEditor (416)
[2026.04.07-23.51.10:405][900]LogModuleManager: Shutting down and abandoning module MeshPaintingToolset (414)
[2026.04.07-23.51.10:405][900]LogModuleManager: Shutting down and abandoning module MeshPaintEditorMode (412)
[2026.04.07-23.51.10:405][900]LogModuleManager: Shutting down and abandoning module SoundFields (410)
[2026.04.07-23.51.10:405][900]LogModuleManager: Shutting down and abandoning module RuntimePhysXCooking (408)
[2026.04.07-23.51.10:405][900]LogModuleManager: Shutting down and abandoning module SignificanceManager (406)
[2026.04.07-23.51.10:405][900]LogModuleManager: Shutting down and abandoning module PhysXVehiclesEditor (404)
[2026.04.07-23.51.10:405][900]LogModuleManager: Shutting down and abandoning module PropertyAccessEditor (400)
[2026.04.07-23.51.10:406][900]LogModuleManager: Shutting down and abandoning module LocationServicesBPLibrary (398)
[2026.04.07-23.51.10:406][900]LogModuleManager: Shutting down and abandoning module AudioSynesthesia (396)
[2026.04.07-23.51.10:406][900]LogModuleManager: Shutting down and abandoning module AudioSynesthesiaCore (394)
[2026.04.07-23.51.10:406][900]LogModuleManager: Shutting down and abandoning module ActorSequence (392)
[2026.04.07-23.51.10:406][900]LogModuleManager: Shutting down and abandoning module UdpMessaging (390)
[2026.04.07-23.51.10:506][900]LogModuleManager: Shutting down and abandoning module TcpMessaging (388)
[2026.04.07-23.51.10:608][900]LogModuleManager: Shutting down and abandoning module ImgMediaEngine (386)
[2026.04.07-23.51.10:608][900]LogModuleManager: Shutting down and abandoning module MagicLeapARPin (384)
[2026.04.07-23.51.10:608][900]LogModuleManager: Shutting down and abandoning module MagicLeapHandMeshing (382)
[2026.04.07-23.51.10:608][900]LogModuleManager: Shutting down and abandoning module MagicLeapSecureStorage (380)
[2026.04.07-23.51.10:608][900]LogModuleManager: Shutting down and abandoning module MagicLeapPrivileges (378)
[2026.04.07-23.51.10:608][900]LogModuleManager: Shutting down and abandoning module MagicLeapPlanes (376)
[2026.04.07-23.51.10:608][900]LogMagicLeapPlanes: Planes tracker already destroyed.
[2026.04.07-23.51.10:608][900]LogModuleManager: Shutting down and abandoning module MagicLeapImageTracker (374)
[2026.04.07-23.51.10:608][900]LogModuleManager: Shutting down and abandoning module MagicLeapIdentity (372)
[2026.04.07-23.51.10:608][900]LogModuleManager: Shutting down and abandoning module MagicLeapHandTracking (370)
[2026.04.07-23.51.10:609][900]LogModuleManager: Shutting down and abandoning module MagicLeapEyeTracker (368)
[2026.04.07-23.51.10:609][900]LogModuleManager: Shutting down and abandoning module MagicLeapController (366)
[2026.04.07-23.51.10:609][900]LogModuleManager: Shutting down and abandoning module MagicLeapARPinImpl (364)
[2026.04.07-23.51.10:609][900]LogModuleManager: Shutting down and abandoning module MagicLeapAR (362)
[2026.04.07-23.51.10:609][900]LogModuleManager: Shutting down and abandoning module PythonScriptPlugin (360)
[2026.04.07-23.51.10:609][900]LogModuleManager: Shutting down and abandoning module NiagaraAnimNotifies (358)
[2026.04.07-23.51.10:609][900]LogModuleManager: Shutting down and abandoning module Niagara (356)
[2026.04.07-23.51.10:610][900]LogModuleManager: Shutting down and abandoning module SignalProcessing (355)
[2026.04.07-23.51.10:610][900]LogModuleManager: Shutting down and abandoning module NiagaraEditor (353)
[2026.04.07-23.51.10:610][900]LogModuleManager: Shutting down and abandoning module NiagaraCore (350)
[2026.04.07-23.51.10:610][900]LogModuleManager: Shutting down and abandoning module PropertyAccessNode (348)
[2026.04.07-23.51.10:610][900]LogModuleManager: Shutting down and abandoning module AnimationSharing (346)
[2026.04.07-23.51.10:610][900]LogModuleManager: Shutting down and abandoning module DataValidation (344)
[2026.04.07-23.51.10:610][900]LogModuleManager: Shutting down and abandoning module GameplayTagsEditor (342)
[2026.04.07-23.51.10:611][900]LogModuleManager: Shutting down and abandoning module FacialAnimationEditor (340)
[2026.04.07-23.51.10:611][900]LogModuleManager: Shutting down and abandoning module FacialAnimation (338)
[2026.04.07-23.51.10:611][900]LogModuleManager: Shutting down and abandoning module AssetManagerEditor (336)
[2026.04.07-23.51.10:611][900]LogModuleManager: Shutting down and abandoning module LevelEditor (335)
[2026.04.07-23.51.10:614][900]LogModuleManager: Shutting down and abandoning module PixelInspectorModule (334)
[2026.04.07-23.51.10:614][900]LogModuleManager: Shutting down and abandoning module CommonMenuExtensions (332)
[2026.04.07-23.51.10:614][900]LogModuleManager: Shutting down and abandoning module MainFrame (330)
[2026.04.07-23.51.10:614][900]LogModuleManager: Shutting down and abandoning module HotReload (329)
[2026.04.07-23.51.10:615][900]LogModuleManager: Shutting down and abandoning module ToolMenus (325)
[2026.04.07-23.51.10:615][900]LogModuleManager: Shutting down and abandoning module ContentBrowser (323)
[2026.04.07-23.51.10:615][900]LogModuleManager: Shutting down and abandoning module ContentBrowserData (322)
[2026.04.07-23.51.10:615][900]LogModuleManager: Shutting down and abandoning module TreeMap (319)
[2026.04.07-23.51.10:615][900]LogModuleManager: Shutting down and abandoning module GameplayCameras (316)
[2026.04.07-23.51.10:615][900]LogModuleManager: Shutting down and abandoning module LightPropagationVolumeRuntime (314)
[2026.04.07-23.51.10:615][900]LogModuleManager: Shutting down and abandoning module EnvironmentQueryEditor (312)
[2026.04.07-23.51.10:616][900]LogModuleManager: Shutting down and abandoning module Paper2D (310)
[2026.04.07-23.51.10:616][900]LogModuleManager: Shutting down and abandoning module WebMMoviePlayer (308)
[2026.04.07-23.51.10:616][900]LogModuleManager: Shutting down and abandoning module WindowsMoviePlayer (306)
[2026.04.07-23.51.10:627][900]LogModuleManager: Shutting down and abandoning module NetworkReplayStreaming (304)
[2026.04.07-23.51.10:627][900]LogModuleManager: Shutting down and abandoning module PacketHandler (302)
[2026.04.07-23.51.10:627][900]LogModuleManager: Shutting down and abandoning module ClothingSystemEditor (300)
[2026.04.07-23.51.10:628][900]LogModuleManager: Shutting down and abandoning module ClothingSystemRuntimeNv (298)
[2026.04.07-23.51.10:628][900]LogModuleManager: Shutting down and abandoning module MediaAssets (296)
[2026.04.07-23.51.10:629][900]LogModuleManager: Shutting down and abandoning module Overlay (294)
[2026.04.07-23.51.10:629][900]LogModuleManager: Shutting down and abandoning module OverlayEditor (293)
[2026.04.07-23.51.10:629][900]LogModuleManager: Shutting down and abandoning module VREditor (290)
[2026.04.07-23.51.10:629][900]LogModuleManager: Shutting down and abandoning module StringTableEditor (288)
[2026.04.07-23.51.10:629][900]LogModuleManager: Shutting down and abandoning module GameplayTasksEditor (286)
[2026.04.07-23.51.10:629][900]LogModuleManager: Shutting down and abandoning module BehaviorTreeEditor (284)
[2026.04.07-23.51.10:630][900]LogModuleManager: Shutting down and abandoning module FunctionalTesting (282)
[2026.04.07-23.51.10:630][900]LogModuleManager: Shutting down and abandoning module CollisionAnalyzer (280)
[2026.04.07-23.51.10:630][900]LogModuleManager: Shutting down and abandoning module WorkspaceMenuStructure (279)
[2026.04.07-23.51.10:631][900]LogModuleManager: Shutting down and abandoning module UMG (276)
[2026.04.07-23.51.10:631][900]LogModuleManager: Shutting down and abandoning module UMGEditor (275)
[2026.04.07-23.51.10:632][900]LogModuleManager: Shutting down and abandoning module MessageLog (273)
[2026.04.07-23.51.10:632][900]LogModuleManager: Shutting down and abandoning module SlateReflector (268)
[2026.04.07-23.51.10:634][900]LogModuleManager: Shutting down and abandoning module Slate (266)
[2026.04.07-23.51.10:634][900]LogModuleManager: Shutting down and abandoning module SlateCore (264)
[2026.04.07-23.51.10:635][900]LogModuleManager: Shutting down and abandoning module LandscapeEditorUtilities (262)
[2026.04.07-23.51.10:635][900]LogModuleManager: Shutting down and abandoning module UnrealEd (260)
[2026.04.07-23.51.10:635][900]LogModuleManager: Shutting down and abandoning module MRMesh (258)
[2026.04.07-23.51.10:635][900]LogModuleManager: Shutting down and abandoning module SourceCodeAccess (256)
[2026.04.07-23.51.10:635][900]LogModuleManager: Shutting down and abandoning module HeadMountedDisplay (254)
[2026.04.07-23.51.10:635][900]LogModuleManager: Shutting down and abandoning module XAudio2 (252)
[2026.04.07-23.51.10:635][900]LogModuleManager: Shutting down and abandoning module Networking (250)
[2026.04.07-23.51.10:635][900]LogModuleManager: Shutting down and abandoning module Core (248)
[2026.04.07-23.51.10:635][900]LogModuleManager: Shutting down and abandoning module MaterialEditor (246)
[2026.04.07-23.51.10:636][900]LogModuleManager: Shutting down and abandoning module MovieSceneTools (244)
[2026.04.07-23.51.10:636][900]LogModuleManager: Shutting down and abandoning module CurveEditor (243)
[2026.04.07-23.51.10:637][900]LogModuleManager: Shutting down and abandoning module Sequencer (241)
[2026.04.07-23.51.10:638][900]LogModuleManager: Shutting down and abandoning module EditorStyle (240)
[2026.04.07-23.51.10:641][900]LogModuleManager: Shutting down and abandoning module KismetCompiler (236)
[2026.04.07-23.51.10:641][900]LogModuleManager: Shutting down and abandoning module MeshBuilder (234)
[2026.04.07-23.51.10:641][900]LogModuleManager: Shutting down and abandoning module MeshUtilities (232)
[2026.04.07-23.51.10:641][900]LogModuleManager: Shutting down and abandoning module MeshMergeUtilities (231)
[2026.04.07-23.51.10:641][900]LogModuleManager: Shutting down and abandoning module MeshReductionInterface (230)
[2026.04.07-23.51.10:642][900]LogModuleManager: Shutting down and abandoning module MeshBoneReduction (229)
[2026.04.07-23.51.10:642][900]LogModuleManager: Shutting down and abandoning module SkeletalMeshReduction (227)
[2026.04.07-23.51.10:642][900]LogModuleManager: Shutting down and abandoning module ProxyLODMeshReduction (225)
[2026.04.07-23.51.10:643][900]LogModuleManager: Shutting down and abandoning module QuadricMeshReduction (223)
[2026.04.07-23.51.10:643][900]LogModuleManager: Shutting down and abandoning module MaterialBaking (219)
[2026.04.07-23.51.10:643][900]LogModuleManager: Shutting down and abandoning module NullInstallBundleManager (214)
[2026.04.07-23.51.10:643][900]LogModuleManager: Shutting down and abandoning module DerivedDataCache (212)
[2026.04.07-23.51.10:644][900]LogModuleManager: Shutting down and abandoning module TargetPlatform (210)
[2026.04.07-23.51.10:645][900]LogModuleManager: Shutting down and abandoning module VulkanShaderFormat (209)
[2026.04.07-23.51.10:646][900]LogModuleManager: Shutting down and abandoning module ShaderFormatVectorVM (207)
[2026.04.07-23.51.10:646][900]LogModuleManager: Shutting down and abandoning module ShaderFormatOpenGL (205)
[2026.04.07-23.51.10:646][900]LogModuleManager: Shutting down and abandoning module ShaderFormatD3D (203)
[2026.04.07-23.51.10:646][900]LogModuleManager: Shutting down and abandoning module MetalShaderFormat (201)
[2026.04.07-23.51.10:646][900]LogModuleManager: Shutting down and abandoning module TextureFormatOodle (199)
[2026.04.07-23.51.10:647][900]LogModuleManager: Shutting down and abandoning module TextureFormatUncompressed (197)
[2026.04.07-23.51.10:647][900]LogModuleManager: Shutting down and abandoning module TextureFormatPVR (195)
[2026.04.07-23.51.10:647][900]LogModuleManager: Shutting down and abandoning module TextureFormatETC2 (193)
[2026.04.07-23.51.10:647][900]LogModuleManager: Shutting down and abandoning module TextureFormatDXT (191)
[2026.04.07-23.51.10:647][900]LogModuleManager: Shutting down and abandoning module TextureFormatIntelISPCTexComp (189)
[2026.04.07-23.51.10:647][900]LogModuleManager: Shutting down and abandoning module TextureFormatASTC (187)
[2026.04.07-23.51.10:647][900]LogModuleManager: Shutting down and abandoning module ImageWrapper (186)
[2026.04.07-23.51.10:647][900]LogModuleManager: Shutting down and abandoning module AudioFormatOpus (183)
[2026.04.07-23.51.10:647][900]LogModuleManager: Shutting down and abandoning module AudioFormatOgg (181)
[2026.04.07-23.51.10:648][900]LogModuleManager: Shutting down and abandoning module AudioFormatADPCM (179)
[2026.04.07-23.51.10:648][900]LogModuleManager: Shutting down and abandoning module WindowsServerTargetPlatform (177)
[2026.04.07-23.51.10:648][900]LogModuleManager: Shutting down and abandoning module WindowsClientTargetPlatform (175)
[2026.04.07-23.51.10:648][900]LogModuleManager: Shutting down and abandoning module WindowsTargetPlatform (173)
[2026.04.07-23.51.10:648][900]LogModuleManager: Shutting down and abandoning module WindowsNoEditorTargetPlatform (171)
[2026.04.07-23.51.10:648][900]LogModuleManager: Shutting down and abandoning module TVOSTargetPlatform (169)
[2026.04.07-23.51.10:657][900]LogModuleManager: Shutting down and abandoning module MacServerTargetPlatform (167)
[2026.04.07-23.51.10:657][900]LogModuleManager: Shutting down and abandoning module MacClientTargetPlatform (165)
[2026.04.07-23.51.10:657][900]LogModuleManager: Shutting down and abandoning module MacTargetPlatform (163)
[2026.04.07-23.51.10:657][900]LogModuleManager: Shutting down and abandoning module MacNoEditorTargetPlatform (161)
[2026.04.07-23.51.10:657][900]LogModuleManager: Shutting down and abandoning module LuminTargetPlatform (159)
[2026.04.07-23.51.10:674][900]LogModuleManager: Shutting down and abandoning module LinuxAArch64ServerTargetPlatform (157)
[2026.04.07-23.51.10:674][900]LogModuleManager: Shutting down and abandoning module LinuxAArch64ClientTargetPlatform (155)
[2026.04.07-23.51.10:674][900]LogModuleManager: Shutting down and abandoning module LinuxAArch64NoEditorTargetPlatform (153)
[2026.04.07-23.51.10:674][900]LogModuleManager: Shutting down and abandoning module LinuxServerTargetPlatform (151)
[2026.04.07-23.51.10:674][900]LogModuleManager: Shutting down and abandoning module LinuxClientTargetPlatform (149)
[2026.04.07-23.51.10:674][900]LogModuleManager: Shutting down and abandoning module LinuxNoEditorTargetPlatform (147)
[2026.04.07-23.51.10:674][900]LogModuleManager: Shutting down and abandoning module LinuxTargetPlatform (145)
[2026.04.07-23.51.10:674][900]LogModuleManager: Shutting down and abandoning module Messaging (143)
[2026.04.07-23.51.10:674][900]LogModuleManager: Shutting down and abandoning module IOSTargetPlatform (141)
[2026.04.07-23.51.10:679][900]LogModuleManager: Shutting down and abandoning module AndroidTargetPlatform (139)
[2026.04.07-23.51.10:696][900]LogModuleManager: Shutting down and abandoning module AllDesktopTargetPlatform (137)
[2026.04.07-23.51.10:697][900]LogModuleManager: Shutting down and abandoning module D3D11RHI (134)
[2026.04.07-23.51.10:697][900]LogModuleManager: Shutting down and abandoning module InputCore (132)
[2026.04.07-23.51.10:697][900]LogModuleManager: Shutting down and abandoning module Settings (130)
[2026.04.07-23.51.10:697][900]LogModuleManager: Shutting down and abandoning module DirectoryWatcher (128)
[2026.04.07-23.51.10:698][900]LogModuleManager: Shutting down and abandoning module PhysXCooking (126)
[2026.04.07-23.51.10:698][900]LogModuleManager: Shutting down and abandoning module Chaos (124)
[2026.04.07-23.51.10:698][900]LogModuleManager: Shutting down and abandoning module WindowsPlatformFeatures (122)
[2026.04.07-23.51.10:698][900]LogModuleManager: Shutting down and abandoning module GameplayMediaEncoder (121)
[2026.04.07-23.51.10:698][900]LogModuleManager: Shutting down and abandoning module AVEncoder (120)
[2026.04.07-23.51.10:698][900]LogModuleManager: Shutting down and abandoning module SteamVRInputDevice (116)
[2026.04.07-23.51.10:699][900]LogModuleManager: Shutting down and abandoning module SteamVRInput (114)
[2026.04.07-23.51.10:699][900]LogModuleManager: Shutting down and abandoning module SteamVR (112)
[2026.04.07-23.51.10:699][900]LogHMD: Freeing OpenVRDLLHandle.
[2026.04.07-23.51.10:699][900]LogModuleManager: Shutting down and abandoning module OculusHMD (110)
[2026.04.07-23.51.10:699][900]LogModuleManager: Shutting down and abandoning module OpenXREyeTracker (108)
[2026.04.07-23.51.10:699][900]LogModuleManager: Shutting down and abandoning module OpenXRHandTracking (106)
[2026.04.07-23.51.10:699][900]LogSlate: Slate User Destroyed.  User Index 0, Is Virtual User: 0
[2026.04.07-23.51.10:699][900]LogModuleManager: Shutting down and abandoning module OpenXRAR (104)
[2026.04.07-23.51.10:699][900]LogModuleManager: Shutting down and abandoning module AugmentedReality (103)
[2026.04.07-23.51.10:699][900]LogModuleManager: Shutting down and abandoning module OpenXRHMD (100)
[2026.04.07-23.51.10:703][900]LogModuleManager: Shutting down and abandoning module OnlineBlueprintSupport (98)
[2026.04.07-23.51.10:703][900]LogModuleManager: Shutting down and abandoning module OnlineSubsystem (94)
[2026.04.07-23.51.10:705][900]LogModuleManager: Shutting down and abandoning module XMPP (89)
[2026.04.07-23.51.10:705][900]LogModuleManager: Shutting down and abandoning module WebSockets (88)
[2026.04.07-23.51.10:729][900]LogModuleManager: Shutting down and abandoning module HTTP (85)
[2026.04.07-23.51.10:729][900]LogHttp: Display: Http module shutting down, but needs to wait on 1 outstanding Http requests:
[2026.04.07-23.51.10:729][900]LogHttp: Display: 	verb=[POST] url=[https://datarouter.ol.epicgames.com/datarouter/api/v1/public/data?SessionID=%7BC369B360-4D74-7E7D-7BFD-BE9C9235BDB0%7D&AppID=UEEditor.Rocket.Release&AppVersion=4.27.2-18319896%2B%2B%2BUE4%2BRelease-4.27&UserID=c8ef8a324036cf40f68843b4a17adfba%7C204d6d5d502243a9a55e59676d61b6bc%7C03ad3b15-b0b0-4191-8804-4999ee70a7ff&AppEnvironment=datacollector-binary&UploadType=eteventstream] refs=[1] status=Processing
[2026.04.07-23.51.10:729][900]LogHttp: Display: cleaning up 1 outstanding Http requests.
[2026.04.07-23.51.10:748][900]LogModuleManager: Shutting down and abandoning module SSL (84)
[2026.04.07-23.51.10:753][900]LogModuleManager: Shutting down and abandoning module ExampleDeviceProfileSelector (80)
[2026.04.07-23.51.10:753][900]LogModuleManager: Shutting down and abandoning module ChunkDownloader (78)
[2026.04.07-23.51.10:753][900]LogModuleManager: Shutting down and abandoning module LauncherChunkInstaller (76)
[2026.04.07-23.51.10:753][900]LogModuleManager: Shutting down and abandoning module WmfMedia (74)
[2026.04.07-23.51.10:756][900]LogModuleManager: Shutting down and abandoning module Media (73)
[2026.04.07-23.51.10:756][900]LogModuleManager: Shutting down and abandoning module MediaInfo (72)
[2026.04.07-23.51.10:756][900]LogModuleManager: Shutting down and abandoning module ExrReaderGpu (68)
[2026.04.07-23.51.10:756][900]LogModuleManager: Shutting down and abandoning module MLSDK (66)
[2026.04.07-23.51.10:757][900]LogModuleManager: Shutting down and abandoning module MagicLeap (64)
[2026.04.07-23.51.10:757][900]LogModuleManager: Shutting down and abandoning module NiagaraVertexFactories (62)
[2026.04.07-23.51.10:757][900]LogModuleManager: Shutting down and abandoning module NiagaraShader (60)
[2026.04.07-23.51.10:757][900]LogModuleManager: Shutting down and abandoning module ChaosCloth (58)
[2026.04.07-23.51.10:757][900]LogModuleManager: Shutting down and abandoning module PixWinPlugin (56)
[2026.04.07-23.51.10:757][900]LogModuleManager: Shutting down and abandoning module VariantManagerContent (54)
[2026.04.07-23.51.10:757][900]LogModuleManager: Shutting down and abandoning module DatasmithContent (52)
[2026.04.07-23.51.10:757][900]LogModuleManager: Shutting down and abandoning module AISupportModule (50)
[2026.04.07-23.51.10:757][900]LogModuleManager: Shutting down and abandoning module DesktopPlatform (48)
[2026.04.07-23.51.10:758][900]LogModuleManager: Shutting down and abandoning module PythonScriptPluginPreload (46)
[2026.04.07-23.51.10:758][900]LogModuleManager: Shutting down and abandoning module PlatformCryptoOpenSSL (44)
[2026.04.07-23.51.10:758][900]LogModuleManager: Shutting down and abandoning module PlatformCryptoTypes (42)
[2026.04.07-23.51.10:758][900]LogModuleManager: Shutting down and abandoning module PlatformCrypto (40)
[2026.04.07-23.51.10:758][900]LogModuleManager: Shutting down and abandoning module OodleDataCompressionFormat (38)
[2026.04.07-23.51.10:759][900]LogModuleManager: Shutting down and abandoning module XGEController (36)
[2026.04.07-23.51.10:759][900]LogModuleManager: Shutting down and abandoning module AnimationModifiers (34)
[2026.04.07-23.51.10:759][900]LogModuleManager: Shutting down and abandoning module AudioEditor (32)
[2026.04.07-23.51.10:762][900]LogModuleManager: Shutting down and abandoning module PropertyEditor (31)
[2026.04.07-23.51.10:762][900]LogModuleManager: Shutting down and abandoning module TextureCompressor (28)
[2026.04.07-23.51.10:763][900]LogModuleManager: Shutting down and abandoning module RenderCore (26)
[2026.04.07-23.51.10:763][900]LogModuleManager: Shutting down and abandoning module Landscape (24)
[2026.04.07-23.51.10:763][900]LogModuleManager: Shutting down and abandoning module SlateRHIRenderer (22)
[2026.04.07-23.51.10:766][900]LogModuleManager: Shutting down and abandoning module AnimGraphRuntime (20)
[2026.04.07-23.51.10:766][900]LogModuleManager: Shutting down and abandoning module Renderer (18)
[2026.04.07-23.51.10:767][900]LogModuleManager: Shutting down and abandoning module Engine (16)
[2026.04.07-23.51.10:767][900]LogModuleManager: Shutting down and abandoning module CoreUObject (14)
[2026.04.07-23.51.10:767][900]LogModuleManager: Shutting down and abandoning module NetworkFile (12)
[2026.04.07-23.51.10:767][900]LogModuleManager: Shutting down and abandoning module CookedIterativeFile (10)
[2026.04.07-23.51.10:767][900]LogModuleManager: Shutting down and abandoning module StreamingFile (8)
[2026.04.07-23.51.10:767][900]LogModuleManager: Shutting down and abandoning module SandboxFile (6)
[2026.04.07-23.51.10:767][900]LogModuleManager: Shutting down and abandoning module PakFile (4)
[2026.04.07-23.51.10:767][900]LogModuleManager: Shutting down and abandoning module RSA (3)
[2026.04.07-23.51.10:767][900]LogContentStreaming: Display: There are 1 unreleased StreamingManagers
[2026.04.07-23.51.10:793][900]LogD3D11RHI: Shutdown
[2026.04.07-23.51.10:793][900]LogD3D11RHI: CleanupD3DDevice
[2026.04.07-23.51.10:812][900]LogExit: Exiting.
[2026.04.07-23.51.10:824][900]Log file closed, 04/07/26 17:51:10
