Log file open, 04/13/26 22:25:28
LogWindows: Failed to load 'aqProf.dll' (GetLastError=126)
LogWindows: File 'aqProf.dll' does not exist
LogWindows: Failed to load 'VtuneApi.dll' (GetLastError=126)
LogWindows: File 'VtuneApi.dll' does not exist
LogWindows: Failed to load 'VtuneApi32e.dll' (GetLastError=126)
LogWindows: File 'VtuneApi32e.dll' does not exist
LogConsoleResponse: Display: Failed to find resolution value strings in scalability ini. Falling back to default.
LogConsoleResponse: Display: Failed to find resolution value strings in scalability ini. Falling back to default.
LogInit: Display: Running engine for game: CPSC399Game
LogPlatformFile: Not using cached read wrapper
LogTaskGraph: Started task graph with 5 named threads and 59 total threads with 3 sets of task threads.
LogStats: Stats thread started at 0.178411
LogICUInternationalization: ICU TimeZone Detection - Raw Offset: -7:00, Platform Override: ''
LogInit: Display: Loading text-based GConfig....
LogPluginManager: Mounting plugin MeshPainting
LogPluginManager: Mounting plugin XGEController
LogPluginManager: Mounting plugin Paper2D
LogPluginManager: Mounting plugin AISupport
LogPluginManager: Mounting plugin LiveLink
LogPluginManager: Mounting plugin EnvironmentQueryEditor
LogPluginManager: Mounting plugin LightPropagationVolume
LogPluginManager: Mounting plugin CameraShakePreviewer
LogPluginManager: Mounting plugin CLionSourceCodeAccess
LogPluginManager: Mounting plugin CodeLiteSourceCodeAccess
LogPluginManager: Mounting plugin GameplayCameras
LogPluginManager: Mounting plugin AnimationSharing
LogPluginManager: Mounting plugin KDevelopSourceCodeAccess
LogPluginManager: Mounting plugin GitSourceControl
LogPluginManager: Mounting plugin NullSourceCodeAccess
LogPluginManager: Mounting plugin RiderSourceCodeAccess
LogPluginManager: Mounting plugin SubversionSourceControl
LogPluginManager: Mounting plugin PerforceSourceControl
LogPluginManager: Mounting plugin PluginUtils
LogPluginManager: Mounting plugin UObjectPlugin
LogPluginManager: Mounting plugin VisualStudioSourceCodeAccess
LogPluginManager: Mounting plugin VisualStudioCodeSourceCodeAccess
LogPluginManager: Mounting plugin PropertyAccessNode
LogPluginManager: Mounting plugin PlasticSourceControl
LogPluginManager: Mounting plugin TextureFormatOodle
LogPluginManager: Mounting plugin XCodeSourceCodeAccess
LogPluginManager: Mounting plugin FacialAnimation
LogPluginManager: Mounting plugin PixWinPlugin
LogPluginManager: Mounting plugin DataValidation
LogPluginManager: Mounting plugin MacGraphicsSwitching
LogPluginManager: Mounting plugin GeometryMode
LogPluginManager: Mounting plugin MaterialAnalyzer
LogPluginManager: Mounting plugin MobileLauncherProfileWizard
LogPluginManager: Mounting plugin CurveEditorTools
LogPluginManager: Mounting plugin OodleData
LogPluginManager: Mounting plugin PluginBrowser
LogPluginManager: Mounting plugin DatasmithContent
LogPluginManager: Mounting plugin SpeedTreeImporter
LogPluginManager: Mounting plugin CryptoKeys
LogPluginManager: Mounting plugin VariantManagerContent
LogPluginManager: Mounting plugin AlembicImporter
LogPluginManager: Mounting plugin AutomationUtils
LogPluginManager: Mounting plugin BackChannel
LogPluginManager: Mounting plugin ChaosCloth
LogPluginManager: Mounting plugin ChaosClothEditor
LogPluginManager: Mounting plugin ChaosEditor
LogPluginManager: Mounting plugin ChaosNiagara
LogPluginManager: Mounting plugin ChaosSolverPlugin
LogPluginManager: Mounting plugin CharacterAI
LogPluginManager: Mounting plugin GeometryCache
LogPluginManager: Mounting plugin Niagara
LogPluginManager: Mounting plugin AssetManagerEditor
LogPluginManager: Mounting plugin GeometryProcessing
LogPluginManager: Mounting plugin OpenImageDenoise
LogPluginManager: Mounting plugin PlanarCut
LogPluginManager: Mounting plugin GameplayTagsEditor
LogPluginManager: Mounting plugin MotoSynth
LogPluginManager: Mounting plugin SkeletalReduction
LogPluginManager: Mounting plugin PlatformCrypto
LogPluginManager: Mounting plugin PythonScriptPlugin
LogPluginManager: Mounting plugin ProxyLODPlugin
LogPluginManager: Mounting plugin LuminPlatformFeatures
LogPluginManager: Mounting plugin MagicLeap
LogPluginManager: Mounting plugin MagicLeapMedia
LogPluginManager: Mounting plugin MagicLeapLightEstimation
LogPluginManager: Mounting plugin MagicLeapPassableWorld
LogPluginManager: Mounting plugin AvfMedia
LogPluginManager: Mounting plugin MLSDK
LogPluginManager: Mounting plugin AndroidMedia
LogPluginManager: Mounting plugin GeometryCollectionPlugin
LogPluginManager: Mounting plugin MediaCompositing
LogPluginManager: Mounting plugin ImgMedia
LogPluginManager: Mounting plugin MediaPlayerEditor
LogPluginManager: Mounting plugin WmfMedia
LogPluginManager: Mounting plugin WebMMedia
LogPluginManager: Mounting plugin TcpMessaging
LogPluginManager: Mounting plugin ActorSequence
LogPluginManager: Mounting plugin LevelSequenceEditor
LogPluginManager: Mounting plugin UdpMessaging
LogPluginManager: Mounting plugin MatineeToLevelSequence
LogPluginManager: Mounting plugin TemplateSequence
LogPluginManager: Mounting plugin OnlineSubsystem
LogPluginManager: Mounting plugin OnlineSubsystemNull
LogPluginManager: Mounting plugin OnlineSubsystemUtils
LogPluginManager: Mounting plugin ActorLayerUtilities
LogPluginManager: Mounting plugin LauncherChunkInstaller
LogPluginManager: Mounting plugin AndroidPermission
LogPluginManager: Mounting plugin AppleImageUtils
LogPluginManager: Mounting plugin AssetTags
LogPluginManager: Mounting plugin AndroidMoviePlayer
LogPluginManager: Mounting plugin AppleMoviePlayer
LogPluginManager: Mounting plugin ChunkDownloader
LogPluginManager: Mounting plugin AudioCapture
LogPluginManager: Mounting plugin CustomMeshComponent
LogPluginManager: Mounting plugin ArchVisCharacter
LogPluginManager: Mounting plugin CableComponent
LogPluginManager: Mounting plugin EditableMesh
LogPluginManager: Mounting plugin AudioSynesthesia
LogPluginManager: Mounting plugin AndroidDeviceProfileSelector
LogPluginManager: Mounting plugin GoogleCloudMessaging
LogPluginManager: Mounting plugin GooglePAD
LogPluginManager: Mounting plugin ExampleDeviceProfileSelector
LogPluginManager: Mounting plugin ScreenshotTools
LogPluginManager: Mounting plugin IOSDeviceProfileSelector
LogPluginManager: Mounting plugin LocationServicesBPLibrary
LogPluginManager: Mounting plugin MobilePatchingUtils
LogPluginManager: Mounting plugin LinuxDeviceProfileSelector
LogPluginManager: Mounting plugin OpenXREyeTracker
LogPluginManager: Mounting plugin OpenXRHandTracking
LogPluginManager: Mounting plugin OpenXR
LogPluginManager: Mounting plugin Takes
LogPluginManager: Mounting plugin SignificanceManager
LogPluginManager: Mounting plugin ProceduralMeshComponent
LogPluginManager: Mounting plugin RuntimePhysXCooking
LogPluginManager: Mounting plugin SoundFields
LogPluginManager: Mounting plugin PostSplashScreen
LogPluginManager: Mounting plugin PropertyAccessEditor
LogPluginManager: Mounting plugin WebMMoviePlayer
LogPluginManager: Mounting plugin WindowsMoviePlayer
LogPluginManager: Mounting plugin OodleNetwork
LogPluginManager: Mounting plugin Synthesis
LogPluginManager: Mounting plugin PhysXVehicles
LogPluginManager: Mounting plugin ContentBrowserClassDataSource
LogPluginManager: Mounting plugin ContentBrowserFileDataSource
LogPluginManager: Mounting plugin ContentBrowserAssetDataSource
LogPluginManager: Mounting plugin OnlineSubsystemGooglePlay
LogPluginManager: Mounting plugin OnlineSubsystemIOS
LogPluginManager: Mounting plugin OculusVR
LogPluginManager: Mounting plugin SteamVR
LogInit: Warning: Incompatible or missing module: CPSC399Game
Running C:/Program Files/Epic Games/UE_4.27/Engine/Binaries/DotNET/UnrealBuildTool.exe Development Win64 -Project="C:/Users/asus/Desktop/Assign 565/My project/CPSC399_Game/CPSC399Game/CPSC399Game.uproject" -TargetType=Editor -Progress -NoEngineChanges -NoHotReloadFromIDE
Using 'git status' to determine working set for adaptive non-unity build (C:\Users\asus\Desktop\Assign 565\My project\CPSC399_Game).
@progress push 5%
@progress pop
Building CPSC399GameEditor...
Using Visual Studio 2022 14.44.35225 toolchain (C:\Program Files\Microsoft Visual Studio\2022\Community\VC\Tools\MSVC\14.44.35207) and Windows 10.0.26100.0 SDK (C:\Program Files (x86)\Windows Kits\10).
Building 6 actions with 20 processes...
  @progress 'Compiling C++ source code...' 0%
  @progress 'Compiling C++ source code...' 17%
  [1/6] MyActor.gen.cpp
  @progress 'Compiling C++ source code...' 33%
  [2/6] GMSpinObstacle.gen.cpp
  @progress 'Compiling C++ source code...' 50%
  [3/6] GMGameMasterDirector.cpp
  @progress 'Compiling C++ source code...' 67%
  [4/6] UE4Editor-CPSC399Game.lib
     Creating library C:\Users\asus\Desktop\Assign 565\My project\CPSC399_Game\CPSC399Game\Intermediate\Build\Win64\UE4Editor\Development\CPSC399Game\UE4Editor-CPSC399Game.lib and object C:\Users\asus\Desktop\Assign 565\My project\CPSC399_Game\CPSC399Game\Intermediate\Build\Win64\UE4Editor\Development\CPSC399Game\UE4Editor-CPSC399Game.exp
  @progress 'Compiling C++ source code...' 83%
  [5/6] UE4Editor-CPSC399Game.dll
     Creating library C:\Users\asus\Desktop\Assign 565\My project\CPSC399_Game\CPSC399Game\Intermediate\Build\Win64\UE4Editor\Development\CPSC399Game\UE4Editor-CPSC399Game.suppressed.lib and object C:\Users\asus\Desktop\Assign 565\My project\CPSC399_Game\CPSC399Game\Intermediate\Build\Win64\UE4Editor\Development\CPSC399Game\UE4Editor-CPSC399Game.suppressed.exp
  @progress 'Compiling C++ source code...' 100%
  [6/6] CPSC399GameEditor.target
Total time in Parallel executor: 1.27 seconds
Total execution time: 1.81 seconds
PixWinPlugin: PIX capture plugin failed to initialize! Check that the process is launched from PIX.
LogLuminAPIImpl: Warning: MLSDK not found.  This likely means the MLSDK environment variable is not set.
LogInit: Using libcurl 7.55.1-DEV
LogInit:  - built for x86_64-pc-win32
LogInit:  - supports SSL with OpenSSL/1.1.1
LogInit:  - supports HTTP deflate (compression) using libz 1.2.8
LogInit:  - other features:
LogInit:      CURL_VERSION_SSL
LogInit:      CURL_VERSION_LIBZ
LogInit:      CURL_VERSION_IPV6
LogInit:      CURL_VERSION_ASYNCHDNS
LogInit:      CURL_VERSION_LARGEFILE
LogInit:      CURL_VERSION_IDN
LogInit:  CurlRequestOptions (configurable via config and command line):
LogInit:  - bVerifyPeer = true  - Libcurl will verify peer certificate
LogInit:  - bUseHttpProxy = false  - Libcurl will NOT use HTTP proxy
LogInit:  - bDontReuseConnections = false  - Libcurl will reuse connections
LogInit:  - MaxHostConnections = 16  - Libcurl will limit the number of connections to a host
LogInit:  - LocalHostAddr = Default
LogInit:  - BufferSize = 65536
LogOnline: OSS: Creating online subsystem instance for: NULL
LogInit: WinSock: version 1.1 (2.2), MaxSocks=32767, MaxUdp=65467
LogOnline: OSS: TryLoadSubsystemAndSetDefault: Loaded subsystem for module [NULL]
LogOculusPluginWrapper: OculusPlugin initialized successfully
LogHMD: Failed initializing OVRPlugin 1.59.0
LogInit: Build: ++UE4+Release-4.27-CL-18319896
LogInit: Engine Version: 4.27.2-18319896+++UE4+Release-4.27
LogInit: Compatible Engine Version: 4.27.0-17155196+++UE4+Release-4.27
LogInit: Net CL: 17155196
LogInit: OS: Windows 10 (Release 2009) (), CPU: 12th Gen Intel(R) Core(TM) i7-12700H, GPU: NVIDIA GeForce RTX 3050 Ti Laptop GPU
LogInit: Compiled (64-bit): Nov 30 2021 07:12:08
LogInit: Compiled with Visual C++: 19.24.28315.00
LogInit: Build Configuration: Development
LogInit: Branch Name: ++UE4+Release-4.27
LogInit: Command Line: 
LogInit: Base Directory: C:/Program Files/Epic Games/UE_4.27/Engine/Binaries/Win64/
LogInit: Allocator: TBB
LogInit: Installed Engine Build: 1
LogDevObjectVersion: Number of dev versions registered: 29
LogDevObjectVersion:   Dev-Blueprints (B0D832E4-1F89-4F0D-ACCF-7EB736FD4AA2): 10
LogDevObjectVersion:   Dev-Build (E1C64328-A22C-4D53-A36C-8E866417BD8C): 0
LogDevObjectVersion:   Dev-Core (375EC13C-06E4-48FB-B500-84F0262A717E): 4
LogDevObjectVersion:   Dev-Editor (E4B068ED-F494-42E9-A231-DA0B2E46BB41): 40
LogDevObjectVersion:   Dev-Framework (CFFC743F-43B0-4480-9391-14DF171D2073): 37
LogDevObjectVersion:   Dev-Mobile (B02B49B5-BB20-44E9-A304-32B752E40360): 3
LogDevObjectVersion:   Dev-Networking (A4E4105C-59A1-49B5-A7C5-40C4547EDFEE): 0
LogDevObjectVersion:   Dev-Online (39C831C9-5AE6-47DC-9A44-9C173E1C8E7C): 0
LogDevObjectVersion:   Dev-Physics (78F01B33-EBEA-4F98-B9B4-84EACCB95AA2): 14
LogDevObjectVersion:   Dev-Platform (6631380F-2D4D-43E0-8009-CF276956A95A): 0
LogDevObjectVersion:   Dev-Rendering (12F88B9F-8875-4AFC-A67C-D90C383ABD29): 45
LogDevObjectVersion:   Dev-Sequencer (7B5AE74C-D270-4C10-A958-57980B212A5A): 13
LogDevObjectVersion:   Dev-VR (D7296918-1DD6-4BDD-9DE2-64A83CC13884): 3
LogDevObjectVersion:   Dev-LoadTimes (C2A15278-BFE7-4AFE-6C17-90FF531DF755): 1
LogDevObjectVersion:   Private-Geometry (6EACA3D4-40EC-4CC1-B786-8BED09428FC5): 3
LogDevObjectVersion:   Dev-AnimPhys (29E575DD-E0A3-4627-9D10-D276232CDCEA): 17
LogDevObjectVersion:   Dev-Anim (AF43A65D-7FD3-4947-9873-3E8ED9C1BB05): 15
LogDevObjectVersion:   Dev-ReflectionCapture (6B266CEC-1EC7-4B8F-A30B-E4D90942FC07): 1
LogDevObjectVersion:   Dev-Automation (0DF73D61-A23F-47EA-B727-89E90C41499A): 1
LogDevObjectVersion:   FortniteMain (601D1886-AC64-4F84-AA16-D3DE0DEAC7D6): 47
LogDevObjectVersion:   FortniteRelease (E7086368-6B23-4C58-8439-1B7016265E91): 1
LogDevObjectVersion:   Dev-Enterprise (9DFFBCD6-494F-0158-E221-12823C92A888): 10
LogDevObjectVersion:   Dev-Niagara (F2AED0AC-9AFE-416F-8664-AA7FFA26D6FC): 1
LogDevObjectVersion:   Dev-Destruction (174F1F0B-B4C6-45A5-B13F-2EE8D0FB917D): 10
LogDevObjectVersion:   Dev-Physics-Ext (35F94A83-E258-406C-A318-09F59610247C): 41
LogDevObjectVersion:   Dev-PhysicsMaterial-Chaos (B68FC16E-8B1B-42E2-B453-215C058844FE): 1
LogDevObjectVersion:   Dev-CineCamera (B2E18506-4273-CFC2-A54E-F4BB758BBA07): 1
LogDevObjectVersion:   Dev-VirtualProduction (64F58936-FD1B-42BA-BA96-7289D5D0FA4E): 1
LogDevObjectVersion:   Dev-MediaFramework (6F0ED827-A609-4895-9C91-998D90180EA4): 2
LogInit: Presizing for max 25165824 objects, including 0 objects not considered by GC, pre-allocating 0 bytes for permanent pool.
LogConfig: Applying CVar settings from Section [/Script/Engine.StreamingSettings] File [C:/Users/asus/Desktop/Assign 565/My project/CPSC399_Game/CPSC399Game/Saved/Config/Windows/Engine.ini]
LogConfig: Setting CVar [[s.MinBulkDataSizeForAsyncLoading:131072]]
LogConfig: Setting CVar [[s.AsyncLoadingThreadEnabled:0]]
LogConfig: Setting CVar [[s.EventDrivenLoaderEnabled:1]]
LogConfig: Setting CVar [[s.WarnIfTimeLimitExceeded:0]]
LogConfig: Setting CVar [[s.TimeLimitExceededMultiplier:1.5]]
LogConfig: Setting CVar [[s.TimeLimitExceededMinTime:0.005]]
LogConfig: Setting CVar [[s.UseBackgroundLevelStreaming:1]]
LogConfig: Setting CVar [[s.PriorityAsyncLoadingExtraTime:15.0]]
LogConfig: Setting CVar [[s.LevelStreamingActorsUpdateTimeLimit:5.0]]
LogConfig: Setting CVar [[s.PriorityLevelStreamingActorsUpdateExtraTime:5.0]]
LogConfig: Setting CVar [[s.LevelStreamingComponentsRegistrationGranularity:10]]
LogConfig: Setting CVar [[s.UnregisterComponentsTimeLimit:1.0]]
LogConfig: Setting CVar [[s.LevelStreamingComponentsUnregistrationGranularity:5]]
LogConfig: Setting CVar [[s.FlushStreamingOnExit:1]]
LogInit: Object subsystem initialized
LogConfig: Setting CVar [[con.DebugEarlyDefault:1]]
LogConfig: Setting CVar [[r.setres:1280x720]]
[2026.04.14-04.25.32:391][  0]LogConfig: Setting CVar [[r.VSync:0]]
[2026.04.14-04.25.32:391][  0]LogConfig: Setting CVar [[r.RHICmdBypass:0]]
[2026.04.14-04.25.32:391][  0]LogConfig: Applying CVar settings from Section [/Script/Engine.RendererSettings] File [C:/Users/asus/Desktop/Assign 565/My project/CPSC399_Game/CPSC399Game/Saved/Config/Windows/Engine.ini]
[2026.04.14-04.25.32:391][  0]LogConfig: Setting CVar [[r.GPUCrashDebugging:0]]
[2026.04.14-04.25.32:391][  0]LogConfig: Setting CVar [[r.Mobile.DisableVertexFog:1]]
[2026.04.14-04.25.32:391][  0]LogConfig: Setting CVar [[r.Shadow.CSM.MaxMobileCascades:2]]
[2026.04.14-04.25.32:391][  0]LogConfig: Setting CVar [[r.MobileMSAA:1]]
[2026.04.14-04.25.32:391][  0]LogConfig: Setting CVar [[r.Mobile.AllowDitheredLODTransition:0]]
[2026.04.14-04.25.32:391][  0]LogConfig: Setting CVar [[r.Mobile.AllowSoftwareOcclusion:0]]
[2026.04.14-04.25.32:391][  0]LogConfig: Setting CVar [[r.Mobile.VirtualTextures:0]]
[2026.04.14-04.25.32:391][  0]LogConfig: Setting CVar [[r.DiscardUnusedQuality:0]]
[2026.04.14-04.25.32:391][  0]LogConfig: Setting CVar [[r.AllowOcclusionQueries:1]]
[2026.04.14-04.25.32:391][  0]LogConfig: Setting CVar [[r.MinScreenRadiusForLights:0.030000]]
[2026.04.14-04.25.32:391][  0]LogConfig: Setting CVar [[r.MinScreenRadiusForDepthPrepass:0.030000]]
[2026.04.14-04.25.32:391][  0]LogConfig: Setting CVar [[r.MinScreenRadiusForCSMDepth:0.010000]]
[2026.04.14-04.25.32:391][  0]LogConfig: Setting CVar [[r.PrecomputedVisibilityWarning:0]]
[2026.04.14-04.25.32:391][  0]LogConfig: Setting CVar [[r.TextureStreaming:1]]
[2026.04.14-04.25.32:391][  0]LogConfig: Setting CVar [[Compat.UseDXT5NormalMaps:0]]
[2026.04.14-04.25.32:391][  0]LogConfig: Setting CVar [[r.VirtualTextures:0]]
[2026.04.14-04.25.32:391][  0]LogConfig: Setting CVar [[r.VT.EnableAutoImport:1]]
[2026.04.14-04.25.32:391][  0]LogConfig: Setting CVar [[r.VirtualTexturedLightmaps:0]]
[2026.04.14-04.25.32:391][  0]LogConfig: Setting CVar [[r.VT.TileSize:128]]
[2026.04.14-04.25.32:391][  0]LogConfig: Setting CVar [[r.VT.TileBorderSize:4]]
[2026.04.14-04.25.32:391][  0]LogConfig: Setting CVar [[r.vt.FeedbackFactor:16]]
[2026.04.14-04.25.32:391][  0]LogConfig: Setting CVar [[r.VT.EnableCompressZlib:1]]
[2026.04.14-04.25.32:391][  0]LogConfig: Setting CVar [[r.VT.EnableCompressCrunch:0]]
[2026.04.14-04.25.32:391][  0]LogConfig: Setting CVar [[r.ClearCoatNormal:0]]
[2026.04.14-04.25.32:391][  0]LogConfig: Setting CVar [[r.ReflectionCaptureResolution:128]]
[2026.04.14-04.25.32:391][  0]LogConfig: Setting CVar [[r.Mobile.ReflectionCaptureCompression:0]]
[2026.04.14-04.25.32:391][  0]LogConfig: Setting CVar [[r.ReflectionEnvironmentLightmapMixBasedOnRoughness:1]]
[2026.04.14-04.25.32:391][  0]LogConfig: Setting CVar [[r.ForwardShading:0]]
[2026.04.14-04.25.32:391][  0]LogConfig: Setting CVar [[r.VertexFoggingForOpaque:1]]
[2026.04.14-04.25.32:391][  0]LogConfig: Setting CVar [[r.AllowStaticLighting:1]]
[2026.04.14-04.25.32:391][  0]LogConfig: Setting CVar [[r.NormalMapsForStaticLighting:0]]
[2026.04.14-04.25.32:391][  0]LogConfig: Setting CVar [[r.GenerateMeshDistanceFields:0]]
[2026.04.14-04.25.32:391][  0]LogConfig: Setting CVar [[r.DistanceFieldBuild.EightBit:0]]
[2026.04.14-04.25.32:391][  0]LogConfig: Setting CVar [[r.GenerateLandscapeGIData:0]]
[2026.04.14-04.25.32:391][  0]LogConfig: Setting CVar [[r.DistanceFieldBuild.Compress:0]]
[2026.04.14-04.25.32:391][  0]LogConfig: Setting CVar [[r.TessellationAdaptivePixelsPerTriangle:48.000000]]
[2026.04.14-04.25.32:391][  0]LogConfig: Setting CVar [[r.SeparateTranslucency:1]]
[2026.04.14-04.25.32:391][  0]LogConfig: Setting CVar [[r.TranslucentSortPolicy:0]]
[2026.04.14-04.25.32:391][  0]LogConfig: Setting CVar [[vr.VRS.HMDFixedFoveationLevel:0]]
[2026.04.14-04.25.32:391][  0]LogConfig: Setting CVar [[r.CustomDepth:1]]
[2026.04.14-04.25.32:391][  0]LogConfig: Setting CVar [[r.CustomDepthTemporalAAJitter:1]]
[2026.04.14-04.25.32:391][  0]LogConfig: Setting CVar [[r.PostProcessing.PropagateAlpha:0]]
[2026.04.14-04.25.32:391][  0]LogConfig: Setting CVar [[r.DefaultFeature.Bloom:1]]
[2026.04.14-04.25.32:391][  0]LogConfig: Setting CVar [[r.DefaultFeature.AmbientOcclusion:1]]
[2026.04.14-04.25.32:391][  0]LogConfig: Setting CVar [[r.DefaultFeature.AmbientOcclusionStaticFraction:1]]
[2026.04.14-04.25.32:391][  0]LogConfig: Setting CVar [[r.DefaultFeature.AutoExposure:0]]
[2026.04.14-04.25.32:391][  0]LogConfig: Setting CVar [[r.DefaultFeature.AutoExposure.Method:0]]
[2026.04.14-04.25.32:391][  0]LogConfig: Setting CVar [[r.DefaultFeature.AutoExposure.Bias:1.000000]]
[2026.04.14-04.25.32:391][  0]LogConfig: Setting CVar [[r.DefaultFeature.AutoExposure.ExtendDefaultLuminanceRange:0]]
[2026.04.14-04.25.32:391][  0]LogConfig: Setting CVar [[r.UsePreExposure:1]]
[2026.04.14-04.25.32:391][  0]LogConfig: Setting CVar [[r.EyeAdaptation.EditorOnly:0]]
[2026.04.14-04.25.32:391][  0]LogConfig: Setting CVar [[r.DefaultFeature.MotionBlur:0]]
[2026.04.14-04.25.32:391][  0]LogConfig: Setting CVar [[r.DefaultFeature.LensFlare:0]]
[2026.04.14-04.25.32:391][  0]LogConfig: Setting CVar [[r.TemporalAA.Upsampling:0]]
[2026.04.14-04.25.32:391][  0]LogConfig: Setting CVar [[r.SSGI.Enable:0]]
[2026.04.14-04.25.32:391][  0]LogConfig: Setting CVar [[r.DefaultFeature.AntiAliasing:0]]
[2026.04.14-04.25.32:391][  0]LogConfig: Setting CVar [[r.DefaultFeature.LightUnits:1]]
[2026.04.14-04.25.32:391][  0]LogConfig: Setting CVar [[r.DefaultBackBufferPixelFormat:4]]
[2026.04.14-04.25.32:391][  0]LogConfig: Setting CVar [[r.Shadow.UnbuiltPreviewInGame:1]]
[2026.04.14-04.25.32:391][  0]LogConfig: Setting CVar [[r.StencilForLODDither:0]]
[2026.04.14-04.25.32:391][  0]LogConfig: Setting CVar [[r.EarlyZPass:3]]
[2026.04.14-04.25.32:391][  0]LogConfig: Setting CVar [[r.EarlyZPassOnlyMaterialMasking:0]]
[2026.04.14-04.25.32:391][  0]LogConfig: Setting CVar [[r.DBuffer:1]]
[2026.04.14-04.25.32:391][  0]LogConfig: Setting CVar [[r.ClearSceneMethod:1]]
[2026.04.14-04.25.32:391][  0]LogConfig: Setting CVar [[r.BasePassOutputsVelocity:0]]
[2026.04.14-04.25.32:391][  0]LogConfig: Setting CVar [[r.VertexDeformationOutputsVelocity:0]]
[2026.04.14-04.25.32:391][  0]LogConfig: Setting CVar [[r.SelectiveBasePassOutputs:0]]
[2026.04.14-04.25.32:391][  0]LogConfig: Setting CVar [[fx.GPUSimulationTextureSizeX:1024]]
[2026.04.14-04.25.32:391][  0]LogConfig: Setting CVar [[fx.GPUSimulationTextureSizeY:1024]]
[2026.04.14-04.25.32:391][  0]LogConfig: Setting CVar [[r.AllowGlobalClipPlane:0]]
[2026.04.14-04.25.32:391][  0]LogConfig: Setting CVar [[r.GBufferFormat:1]]
[2026.04.14-04.25.32:391][  0]LogConfig: Setting CVar [[r.MorphTarget.Mode:1]]
[2026.04.14-04.25.32:391][  0]LogConfig: Setting CVar [[vr.InstancedStereo:0]]
[2026.04.14-04.25.32:391][  0]LogConfig: Setting CVar [[r.MobileHDR:1]]
[2026.04.14-04.25.32:391][  0]LogConfig: Setting CVar [[vr.MobileMultiView:0]]
[2026.04.14-04.25.32:391][  0]LogConfig: Setting CVar [[r.Mobile.UseHWsRGBEncoding:0]]
[2026.04.14-04.25.32:391][  0]LogConfig: Setting CVar [[vr.RoundRobinOcclusion:0]]
[2026.04.14-04.25.32:391][  0]LogConfig: Setting CVar [[vr.ODSCapture:0]]
[2026.04.14-04.25.32:391][  0]LogConfig: Setting CVar [[r.MeshStreaming:0]]
[2026.04.14-04.25.32:391][  0]LogConfig: Setting CVar [[r.WireframeCullThreshold:5.000000]]
[2026.04.14-04.25.32:391][  0]LogConfig: Setting CVar [[r.RayTracing:0]]
[2026.04.14-04.25.32:392][  0]LogConfig: Setting CVar [[r.RayTracing.UseTextureLod:0]]
[2026.04.14-04.25.32:392][  0]LogConfig: Setting CVar [[r.SupportStationarySkylight:1]]
[2026.04.14-04.25.32:392][  0]LogConfig: Setting CVar [[r.SupportLowQualityLightmaps:1]]
[2026.04.14-04.25.32:392][  0]LogConfig: Setting CVar [[r.SupportPointLightWholeSceneShadows:1]]
[2026.04.14-04.25.32:392][  0]LogConfig: Setting CVar [[r.SupportAtmosphericFog:1]]
[2026.04.14-04.25.32:392][  0]LogConfig: Setting CVar [[r.SupportSkyAtmosphere:1]]
[2026.04.14-04.25.32:392][  0]LogConfig: Setting CVar [[r.SupportSkyAtmosphereAffectsHeightFog:0]]
[2026.04.14-04.25.32:392][  0]LogConfig: Setting CVar [[r.SkinCache.CompileShaders:0]]
[2026.04.14-04.25.32:392][  0]LogConfig: Setting CVar [[r.SkinCache.DefaultBehavior:1]]
[2026.04.14-04.25.32:392][  0]LogConfig: Setting CVar [[r.SkinCache.SceneMemoryLimitInMB:128.000000]]
[2026.04.14-04.25.32:392][  0]LogConfig: Setting CVar [[r.Mobile.EnableStaticAndCSMShadowReceivers:1]]
[2026.04.14-04.25.32:392][  0]LogConfig: Setting CVar [[r.Mobile.EnableMovableLightCSMShaderCulling:1]]
[2026.04.14-04.25.32:392][  0]LogConfig: Setting CVar [[r.Mobile.AllowDistanceFieldShadows:1]]
[2026.04.14-04.25.32:392][  0]LogConfig: Setting CVar [[r.Mobile.AllowMovableDirectionalLights:1]]
[2026.04.14-04.25.32:392][  0]LogConfig: Setting CVar [[r.MobileNumDynamicPointLights:4]]
[2026.04.14-04.25.32:392][  0]LogConfig: Setting CVar [[r.MobileDynamicPointLightsUseStaticBranch:1]]
[2026.04.14-04.25.32:392][  0]LogConfig: Setting CVar [[r.Mobile.EnableMovableSpotlights:0]]
[2026.04.14-04.25.32:392][  0]LogConfig: Setting CVar [[r.Mobile.EnableMovableSpotlightsShadow:0]]
[2026.04.14-04.25.32:392][  0]LogConfig: Setting CVar [[r.GPUSkin.Support16BitBoneIndex:0]]
[2026.04.14-04.25.32:392][  0]LogConfig: Setting CVar [[r.GPUSkin.Limit2BoneInfluences:0]]
[2026.04.14-04.25.32:392][  0]LogConfig: Setting CVar [[r.SupportDepthOnlyIndexBuffers:1]]
[2026.04.14-04.25.32:392][  0]LogConfig: Setting CVar [[r.SupportReversedIndexBuffers:1]]
[2026.04.14-04.25.32:392][  0]LogConfig: Setting CVar [[r.LightPropagationVolume:0]]
[2026.04.14-04.25.32:392][  0]LogConfig: Setting CVar [[r.Mobile.AmbientOcclusion:0]]
[2026.04.14-04.25.32:392][  0]LogConfig: Setting CVar [[r.GPUSkin.UnlimitedBoneInfluences:0]]
[2026.04.14-04.25.32:392][  0]LogConfig: Setting CVar [[r.GPUSkin.UnlimitedBoneInfluencesThreshold:8]]
[2026.04.14-04.25.32:392][  0]LogConfig: Setting CVar [[r.Mobile.PlanarReflectionMode:0]]
[2026.04.14-04.25.32:392][  0]LogConfig: Setting CVar [[r.Mobile.SupportsGen4TAA:0]]
[2026.04.14-04.25.32:392][  0]LogConfig: Applying CVar settings from Section [/Script/Engine.RendererOverrideSettings] File [C:/Users/asus/Desktop/Assign 565/My project/CPSC399_Game/CPSC399Game/Saved/Config/Windows/Engine.ini]
[2026.04.14-04.25.32:392][  0]LogConfig: Applying CVar settings from Section [/Script/Engine.StreamingSettings] File [C:/Users/asus/Desktop/Assign 565/My project/CPSC399_Game/CPSC399Game/Saved/Config/Windows/Engine.ini]
[2026.04.14-04.25.32:392][  0]LogConfig: Setting CVar [[s.MinBulkDataSizeForAsyncLoading:131072]]
[2026.04.14-04.25.32:392][  0]LogConfig: Setting CVar [[s.AsyncLoadingThreadEnabled:0]]
[2026.04.14-04.25.32:392][  0]LogConfig: Setting CVar [[s.EventDrivenLoaderEnabled:1]]
[2026.04.14-04.25.32:392][  0]LogConfig: Setting CVar [[s.WarnIfTimeLimitExceeded:0]]
[2026.04.14-04.25.32:392][  0]LogConfig: Setting CVar [[s.TimeLimitExceededMultiplier:1.5]]
[2026.04.14-04.25.32:392][  0]LogConfig: Setting CVar [[s.TimeLimitExceededMinTime:0.005]]
[2026.04.14-04.25.32:392][  0]LogConfig: Setting CVar [[s.UseBackgroundLevelStreaming:1]]
[2026.04.14-04.25.32:392][  0]LogConfig: Setting CVar [[s.PriorityAsyncLoadingExtraTime:15.0]]
[2026.04.14-04.25.32:392][  0]LogConfig: Setting CVar [[s.LevelStreamingActorsUpdateTimeLimit:5.0]]
[2026.04.14-04.25.32:392][  0]LogConfig: Setting CVar [[s.PriorityLevelStreamingActorsUpdateExtraTime:5.0]]
[2026.04.14-04.25.32:392][  0]LogConfig: Setting CVar [[s.LevelStreamingComponentsRegistrationGranularity:10]]
[2026.04.14-04.25.32:392][  0]LogConfig: Setting CVar [[s.UnregisterComponentsTimeLimit:1.0]]
[2026.04.14-04.25.32:392][  0]LogConfig: Setting CVar [[s.LevelStreamingComponentsUnregistrationGranularity:5]]
[2026.04.14-04.25.32:392][  0]LogConfig: Setting CVar [[s.FlushStreamingOnExit:1]]
[2026.04.14-04.25.32:392][  0]LogConfig: Applying CVar settings from Section [/Script/Engine.GarbageCollectionSettings] File [C:/Users/asus/Desktop/Assign 565/My project/CPSC399_Game/CPSC399Game/Saved/Config/Windows/Engine.ini]
[2026.04.14-04.25.32:392][  0]LogConfig: Setting CVar [[gc.MaxObjectsNotConsideredByGC:1]]
[2026.04.14-04.25.32:392][  0]LogConfig: Setting CVar [[gc.SizeOfPermanentObjectPool:0]]
[2026.04.14-04.25.32:392][  0]LogConfig: Setting CVar [[gc.FlushStreamingOnGC:0]]
[2026.04.14-04.25.32:392][  0]LogConfig: Setting CVar [[gc.NumRetriesBeforeForcingGC:10]]
[2026.04.14-04.25.32:392][  0]LogConfig: Setting CVar [[gc.AllowParallelGC:1]]
[2026.04.14-04.25.32:392][  0]LogConfig: Setting CVar [[gc.TimeBetweenPurgingPendingKillObjects:61.1]]
[2026.04.14-04.25.32:392][  0]LogConfig: Setting CVar [[gc.MaxObjectsInEditor:25165824]]
[2026.04.14-04.25.32:392][  0]LogConfig: Setting CVar [[gc.IncrementalBeginDestroyEnabled:1]]
[2026.04.14-04.25.32:392][  0]LogConfig: Setting CVar [[gc.CreateGCClusters:1]]
[2026.04.14-04.25.32:392][  0]LogConfig: Setting CVar [[gc.MinGCClusterSize:5]]
[2026.04.14-04.25.32:392][  0]LogConfig: Setting CVar [[gc.ActorClusteringEnabled:0]]
[2026.04.14-04.25.32:392][  0]LogConfig: Setting CVar [[gc.BlueprintClusteringEnabled:0]]
[2026.04.14-04.25.32:392][  0]LogConfig: Setting CVar [[gc.UseDisregardForGCOnDedicatedServers:0]]
[2026.04.14-04.25.32:392][  0]LogConfig: Setting CVar [[gc.MultithreadedDestructionEnabled:1]]
[2026.04.14-04.25.32:392][  0]LogConfig: Applying CVar settings from Section [/Script/Engine.NetworkSettings] File [C:/Users/asus/Desktop/Assign 565/My project/CPSC399_Game/CPSC399Game/Saved/Config/Windows/Engine.ini]
[2026.04.14-04.25.32:392][  0]LogConfig: Applying CVar settings from Section [/Script/UnrealEd.CookerSettings] File [C:/Users/asus/Desktop/Assign 565/My project/CPSC399_Game/CPSC399Game/Saved/Config/Windows/Engine.ini]
[2026.04.14-04.25.32:396][  0]LogConfig: Applying CVar settings from Section [ViewDistanceQuality@3] File [C:/Users/asus/Desktop/Assign 565/My project/CPSC399_Game/CPSC399Game/Saved/Config/Windows/Scalability.ini]
[2026.04.14-04.25.32:396][  0]LogConfig: Setting CVar [[r.SkeletalMeshLODBias:0]]
[2026.04.14-04.25.32:396][  0]LogConfig: Setting CVar [[r.ViewDistanceScale:1.0]]
[2026.04.14-04.25.32:396][  0]LogConfig: Applying CVar settings from Section [AntiAliasingQuality@3] File [C:/Users/asus/Desktop/Assign 565/My project/CPSC399_Game/CPSC399Game/Saved/Config/Windows/Scalability.ini]
[2026.04.14-04.25.32:396][  0]LogConfig: Setting CVar [[r.PostProcessAAQuality:4]]
[2026.04.14-04.25.32:396][  0]LogConfig: Applying CVar settings from Section [ShadowQuality@3] File [C:/Users/asus/Desktop/Assign 565/My project/CPSC399_Game/CPSC399Game/Saved/Config/Windows/Scalability.ini]
[2026.04.14-04.25.32:396][  0]LogConfig: Setting CVar [[r.LightFunctionQuality:1]]
[2026.04.14-04.25.32:396][  0]LogConfig: Setting CVar [[r.ShadowQuality:5]]
[2026.04.14-04.25.32:396][  0]LogConfig: Setting CVar [[r.Shadow.CSM.MaxCascades:10]]
[2026.04.14-04.25.32:396][  0]LogConfig: Setting CVar [[r.Shadow.MaxResolution:2048]]
[2026.04.14-04.25.32:396][  0]LogConfig: Setting CVar [[r.Shadow.MaxCSMResolution:2048]]
[2026.04.14-04.25.32:396][  0]LogConfig: Setting CVar [[r.Shadow.RadiusThreshold:0.01]]
[2026.04.14-04.25.32:396][  0]LogConfig: Setting CVar [[r.Shadow.DistanceScale:1.0]]
[2026.04.14-04.25.32:396][  0]LogConfig: Setting CVar [[r.Shadow.CSM.TransitionScale:1.0]]
[2026.04.14-04.25.32:396][  0]LogConfig: Setting CVar [[r.Shadow.PreShadowResolutionFactor:1.0]]
[2026.04.14-04.25.32:396][  0]LogConfig: Setting CVar [[r.DistanceFieldShadowing:1]]
[2026.04.14-04.25.32:396][  0]LogConfig: Setting CVar [[r.DistanceFieldAO:1]]
[2026.04.14-04.25.32:396][  0]LogConfig: Setting CVar [[r.AOQuality:2]]
[2026.04.14-04.25.32:396][  0]LogConfig: Setting CVar [[r.VolumetricFog:1]]
[2026.04.14-04.25.32:396][  0]LogConfig: Setting CVar [[r.VolumetricFog.GridPixelSize:8]]
[2026.04.14-04.25.32:396][  0]LogConfig: Setting CVar [[r.VolumetricFog.GridSizeZ:128]]
[2026.04.14-04.25.32:396][  0]LogConfig: Setting CVar [[r.VolumetricFog.HistoryMissSupersampleCount:4]]
[2026.04.14-04.25.32:396][  0]LogConfig: Setting CVar [[r.LightMaxDrawDistanceScale:1]]
[2026.04.14-04.25.32:396][  0]LogConfig: Setting CVar [[r.CapsuleShadows:1]]
[2026.04.14-04.25.32:396][  0]LogConfig: Applying CVar settings from Section [PostProcessQuality@3] File [C:/Users/asus/Desktop/Assign 565/My project/CPSC399_Game/CPSC399Game/Saved/Config/Windows/Scalability.ini]
[2026.04.14-04.25.32:396][  0]LogConfig: Setting CVar [[r.MotionBlurQuality:4]]
[2026.04.14-04.25.32:396][  0]LogConfig: Setting CVar [[r.AmbientOcclusionMipLevelFactor:0.4]]
[2026.04.14-04.25.32:396][  0]LogConfig: Setting CVar [[r.AmbientOcclusionMaxQuality:100]]
[2026.04.14-04.25.32:396][  0]LogConfig: Setting CVar [[r.AmbientOcclusionLevels:-1]]
[2026.04.14-04.25.32:396][  0]LogConfig: Setting CVar [[r.AmbientOcclusionRadiusScale:1.0]]
[2026.04.14-04.25.32:396][  0]LogConfig: Setting CVar [[r.DepthOfFieldQuality:2]]
[2026.04.14-04.25.32:396][  0]LogConfig: Setting CVar [[r.RenderTargetPoolMin:400]]
[2026.04.14-04.25.32:396][  0]LogConfig: Setting CVar [[r.LensFlareQuality:2]]
[2026.04.14-04.25.32:396][  0]LogConfig: Setting CVar [[r.SceneColorFringeQuality:1]]
[2026.04.14-04.25.32:396][  0]LogConfig: Setting CVar [[r.EyeAdaptationQuality:2]]
[2026.04.14-04.25.32:396][  0]LogConfig: Setting CVar [[r.BloomQuality:5]]
[2026.04.14-04.25.32:396][  0]LogConfig: Setting CVar [[r.FastBlurThreshold:100]]
[2026.04.14-04.25.32:396][  0]LogConfig: Setting CVar [[r.Upscale.Quality:3]]
[2026.04.14-04.25.32:396][  0]LogConfig: Setting CVar [[r.Tonemapper.GrainQuantization:1]]
[2026.04.14-04.25.32:396][  0]LogConfig: Setting CVar [[r.LightShaftQuality:1]]
[2026.04.14-04.25.32:396][  0]LogConfig: Setting CVar [[r.Filter.SizeScale:1]]
[2026.04.14-04.25.32:396][  0]LogConfig: Setting CVar [[r.Tonemapper.Quality:5]]
[2026.04.14-04.25.32:396][  0]LogConfig: Setting CVar [[r.DOF.Gather.AccumulatorQuality:1        ; higher gathering accumulator quality]]
[2026.04.14-04.25.32:396][  0]LogConfig: Setting CVar [[r.DOF.Gather.PostfilterMethod:1          ; Median3x3 postfilering method]]
[2026.04.14-04.25.32:396][  0]LogConfig: Setting CVar [[r.DOF.Gather.EnableBokehSettings:0       ; no bokeh simulation when gathering]]
[2026.04.14-04.25.32:396][  0]LogConfig: Setting CVar [[r.DOF.Gather.RingCount:4                 ; medium number of samples when gathering]]
[2026.04.14-04.25.32:396][  0]LogConfig: Setting CVar [[r.DOF.Scatter.ForegroundCompositing:1    ; additive foreground scattering]]
[2026.04.14-04.25.32:396][  0]LogConfig: Setting CVar [[r.DOF.Scatter.BackgroundCompositing:2    ; additive background scattering]]
[2026.04.14-04.25.32:396][  0]LogConfig: Setting CVar [[r.DOF.Scatter.EnableBokehSettings:1      ; bokeh simulation when scattering]]
[2026.04.14-04.25.32:396][  0]LogConfig: Setting CVar [[r.DOF.Scatter.MaxSpriteRatio:0.1         ; only a maximum of 10% of scattered bokeh]]
[2026.04.14-04.25.32:396][  0]LogConfig: Setting CVar [[r.DOF.Recombine.Quality:1                ; cheap slight out of focus]]
[2026.04.14-04.25.32:396][  0]LogConfig: Setting CVar [[r.DOF.Recombine.EnableBokehSettings:0    ; no bokeh simulation on slight out of focus]]
[2026.04.14-04.25.32:396][  0]LogConfig: Setting CVar [[r.DOF.TemporalAAQuality:1                ; more stable temporal accumulation]]
[2026.04.14-04.25.32:396][  0]LogConfig: Setting CVar [[r.DOF.Kernel.MaxForegroundRadius:0.025]]
[2026.04.14-04.25.32:396][  0]LogConfig: Setting CVar [[r.DOF.Kernel.MaxBackgroundRadius:0.025]]
[2026.04.14-04.25.32:396][  0]LogConfig: Applying CVar settings from Section [TextureQuality@3] File [C:/Users/asus/Desktop/Assign 565/My project/CPSC399_Game/CPSC399Game/Saved/Config/Windows/Scalability.ini]
[2026.04.14-04.25.32:396][  0]LogConfig: Setting CVar [[r.Streaming.MipBias:0]]
[2026.04.14-04.25.32:396][  0]LogConfig: Setting CVar [[r.Streaming.AmortizeCPUToGPUCopy:0]]
[2026.04.14-04.25.32:396][  0]LogConfig: Setting CVar [[r.Streaming.MaxNumTexturesToStreamPerFrame:0]]
[2026.04.14-04.25.32:396][  0]LogConfig: Setting CVar [[r.Streaming.Boost:1]]
[2026.04.14-04.25.32:396][  0]LogConfig: Setting CVar [[r.MaxAnisotropy:8]]
[2026.04.14-04.25.32:396][  0]LogConfig: Setting CVar [[r.VT.MaxAnisotropy:8]]
[2026.04.14-04.25.32:396][  0]LogConfig: Setting CVar [[r.Streaming.LimitPoolSizeToVRAM:0]]
[2026.04.14-04.25.32:396][  0]LogConfig: Setting CVar [[r.Streaming.PoolSize:1000]]
[2026.04.14-04.25.32:396][  0]LogConfig: Setting CVar [[r.Streaming.MaxEffectiveScreenSize:0]]
[2026.04.14-04.25.32:396][  0]LogConfig: Applying CVar settings from Section [EffectsQuality@3] File [C:/Users/asus/Desktop/Assign 565/My project/CPSC399_Game/CPSC399Game/Saved/Config/Windows/Scalability.ini]
[2026.04.14-04.25.32:396][  0]LogConfig: Setting CVar [[r.TranslucencyLightingVolumeDim:64]]
[2026.04.14-04.25.32:396][  0]LogConfig: Setting CVar [[r.RefractionQuality:2]]
[2026.04.14-04.25.32:396][  0]LogConfig: Setting CVar [[r.SSR.Quality:3]]
[2026.04.14-04.25.32:396][  0]LogConfig: Setting CVar [[r.SSR.HalfResSceneColor:0]]
[2026.04.14-04.25.32:396][  0]LogConfig: Setting CVar [[r.SceneColorFormat:4]]
[2026.04.14-04.25.32:396][  0]LogConfig: Setting CVar [[r.DetailMode:2]]
[2026.04.14-04.25.32:396][  0]LogConfig: Setting CVar [[r.TranslucencyVolumeBlur:1]]
[2026.04.14-04.25.32:396][  0]LogConfig: Setting CVar [[r.MaterialQualityLevel:1 ; High quality]]
[2026.04.14-04.25.32:396][  0]LogConfig: Setting CVar [[r.AnisotropicMaterials:1]]
[2026.04.14-04.25.32:396][  0]LogConfig: Setting CVar [[r.SSS.Scale:1]]
[2026.04.14-04.25.32:396][  0]LogConfig: Setting CVar [[r.SSS.SampleSet:2]]
[2026.04.14-04.25.32:396][  0]LogConfig: Setting CVar [[r.SSS.Quality:1]]
[2026.04.14-04.25.32:396][  0]LogConfig: Setting CVar [[r.SSS.HalfRes:0]]
[2026.04.14-04.25.32:396][  0]LogConfig: Setting CVar [[r.SSGI.Quality:3]]
[2026.04.14-04.25.32:396][  0]LogConfig: Setting CVar [[r.EmitterSpawnRateScale:1.0]]
[2026.04.14-04.25.32:396][  0]LogConfig: Setting CVar [[r.ParticleLightQuality:2]]
[2026.04.14-04.25.32:396][  0]LogConfig: Setting CVar [[r.SkyAtmosphere.AerialPerspectiveLUT.FastApplyOnOpaque:1 ; Always have FastSkyLUT 1 in this case to avoid wrong sky]]
[2026.04.14-04.25.32:396][  0]LogConfig: Setting CVar [[r.SkyAtmosphere.AerialPerspectiveLUT.SampleCountMaxPerSlice:4]]
[2026.04.14-04.25.32:396][  0]LogConfig: Setting CVar [[r.SkyAtmosphere.AerialPerspectiveLUT.DepthResolution:16.0]]
[2026.04.14-04.25.32:396][  0]LogConfig: Setting CVar [[r.SkyAtmosphere.FastSkyLUT:1]]
[2026.04.14-04.25.32:396][  0]LogConfig: Setting CVar [[r.SkyAtmosphere.FastSkyLUT.SampleCountMin:4.0]]
[2026.04.14-04.25.32:396][  0]LogConfig: Setting CVar [[r.SkyAtmosphere.FastSkyLUT.SampleCountMax:128.0]]
[2026.04.14-04.25.32:396][  0]LogConfig: Setting CVar [[r.SkyAtmosphere.SampleCountMin:4.0]]
[2026.04.14-04.25.32:396][  0]LogConfig: Setting CVar [[r.SkyAtmosphere.SampleCountMax:128.0]]
[2026.04.14-04.25.32:396][  0]LogConfig: Setting CVar [[r.SkyAtmosphere.TransmittanceLUT.UseSmallFormat:0]]
[2026.04.14-04.25.32:396][  0]LogConfig: Setting CVar [[r.SkyAtmosphere.TransmittanceLUT.SampleCount:10.0]]
[2026.04.14-04.25.32:396][  0]LogConfig: Setting CVar [[r.SkyAtmosphere.MultiScatteringLUT.SampleCount:15.0]]
[2026.04.14-04.25.32:396][  0]LogConfig: Setting CVar [[r.SkyLight.RealTimeReflectionCapture:1]]
[2026.04.14-04.25.32:396][  0]LogConfig: Applying CVar settings from Section [FoliageQuality@3] File [C:/Users/asus/Desktop/Assign 565/My project/CPSC399_Game/CPSC399Game/Saved/Config/Windows/Scalability.ini]
[2026.04.14-04.25.32:396][  0]LogConfig: Setting CVar [[foliage.DensityScale:1.0]]
[2026.04.14-04.25.32:396][  0]LogConfig: Setting CVar [[grass.DensityScale:1.0]]
[2026.04.14-04.25.32:396][  0]LogConfig: Applying CVar settings from Section [ShadingQuality@3] File [C:/Users/asus/Desktop/Assign 565/My project/CPSC399_Game/CPSC399Game/Saved/Config/Windows/Scalability.ini]
[2026.04.14-04.25.32:396][  0]LogConfig: Setting CVar [[r.HairStrands.SkyLighting.IntegrationType:2]]
[2026.04.14-04.25.32:396][  0]LogConfig: Setting CVar [[r.HairStrands.SkyAO.SampleCount:4]]
[2026.04.14-04.25.32:396][  0]LogConfig: Setting CVar [[r.HairStrands.Visibility.MSAA.SamplePerPixel:4]]
[2026.04.14-04.25.32:396][  0]LogInit: Selected Device Profile: [Windows]
[2026.04.14-04.25.32:396][  0]LogInit: Applying CVar settings loaded from the selected device profile: [Windows]
[2026.04.14-04.25.32:396][  0]LogHAL: Display: Platform has ~ 16 GB [16781983744 / 17179869184 / 16], which maps to Larger [LargestMinGB=32, LargerMinGB=12, DefaultMinGB=8, SmallerMinGB=6, SmallestMinGB=0)
[2026.04.14-04.25.32:396][  0]LogInit: Going up to parent DeviceProfile []
[2026.04.14-04.25.32:396][  0]LogConfig: Applying CVar settings from Section [ViewDistanceQuality@3] File [C:/Users/asus/Desktop/Assign 565/My project/CPSC399_Game/CPSC399Game/Saved/Config/Windows/Scalability.ini]
[2026.04.14-04.25.32:396][  0]LogConfig: Setting CVar [[r.SkeletalMeshLODBias:0]]
[2026.04.14-04.25.32:396][  0]LogConfig: Setting CVar [[r.ViewDistanceScale:1.0]]
[2026.04.14-04.25.32:396][  0]LogConfig: Applying CVar settings from Section [AntiAliasingQuality@3] File [C:/Users/asus/Desktop/Assign 565/My project/CPSC399_Game/CPSC399Game/Saved/Config/Windows/Scalability.ini]
[2026.04.14-04.25.32:396][  0]LogConfig: Setting CVar [[r.PostProcessAAQuality:4]]
[2026.04.14-04.25.32:396][  0]LogConfig: Applying CVar settings from Section [ShadowQuality@3] File [C:/Users/asus/Desktop/Assign 565/My project/CPSC399_Game/CPSC399Game/Saved/Config/Windows/Scalability.ini]
[2026.04.14-04.25.32:396][  0]LogConfig: Setting CVar [[r.LightFunctionQuality:1]]
[2026.04.14-04.25.32:396][  0]LogConfig: Setting CVar [[r.ShadowQuality:5]]
[2026.04.14-04.25.32:396][  0]LogConfig: Setting CVar [[r.Shadow.CSM.MaxCascades:10]]
[2026.04.14-04.25.32:396][  0]LogConfig: Setting CVar [[r.Shadow.MaxResolution:2048]]
[2026.04.14-04.25.32:396][  0]LogConfig: Setting CVar [[r.Shadow.MaxCSMResolution:2048]]
[2026.04.14-04.25.32:396][  0]LogConfig: Setting CVar [[r.Shadow.RadiusThreshold:0.01]]
[2026.04.14-04.25.32:396][  0]LogConfig: Setting CVar [[r.Shadow.DistanceScale:1.0]]
[2026.04.14-04.25.32:396][  0]LogConfig: Setting CVar [[r.Shadow.CSM.TransitionScale:1.0]]
[2026.04.14-04.25.32:396][  0]LogConfig: Setting CVar [[r.Shadow.PreShadowResolutionFactor:1.0]]
[2026.04.14-04.25.32:396][  0]LogConfig: Setting CVar [[r.DistanceFieldShadowing:1]]
[2026.04.14-04.25.32:396][  0]LogConfig: Setting CVar [[r.DistanceFieldAO:1]]
[2026.04.14-04.25.32:397][  0]LogConfig: Setting CVar [[r.AOQuality:2]]
[2026.04.14-04.25.32:397][  0]LogConfig: Setting CVar [[r.VolumetricFog:1]]
[2026.04.14-04.25.32:397][  0]LogConfig: Setting CVar [[r.VolumetricFog.GridPixelSize:8]]
[2026.04.14-04.25.32:397][  0]LogConfig: Setting CVar [[r.VolumetricFog.GridSizeZ:128]]
[2026.04.14-04.25.32:397][  0]LogConfig: Setting CVar [[r.VolumetricFog.HistoryMissSupersampleCount:4]]
[2026.04.14-04.25.32:397][  0]LogConfig: Setting CVar [[r.LightMaxDrawDistanceScale:1]]
[2026.04.14-04.25.32:397][  0]LogConfig: Setting CVar [[r.CapsuleShadows:1]]
[2026.04.14-04.25.32:397][  0]LogConfig: Applying CVar settings from Section [PostProcessQuality@3] File [C:/Users/asus/Desktop/Assign 565/My project/CPSC399_Game/CPSC399Game/Saved/Config/Windows/Scalability.ini]
[2026.04.14-04.25.32:397][  0]LogConfig: Setting CVar [[r.MotionBlurQuality:4]]
[2026.04.14-04.25.32:397][  0]LogConfig: Setting CVar [[r.AmbientOcclusionMipLevelFactor:0.4]]
[2026.04.14-04.25.32:397][  0]LogConfig: Setting CVar [[r.AmbientOcclusionMaxQuality:100]]
[2026.04.14-04.25.32:397][  0]LogConfig: Setting CVar [[r.AmbientOcclusionLevels:-1]]
[2026.04.14-04.25.32:397][  0]LogConfig: Setting CVar [[r.AmbientOcclusionRadiusScale:1.0]]
[2026.04.14-04.25.32:397][  0]LogConfig: Setting CVar [[r.DepthOfFieldQuality:2]]
[2026.04.14-04.25.32:397][  0]LogConfig: Setting CVar [[r.RenderTargetPoolMin:400]]
[2026.04.14-04.25.32:397][  0]LogConfig: Setting CVar [[r.LensFlareQuality:2]]
[2026.04.14-04.25.32:397][  0]LogConfig: Setting CVar [[r.SceneColorFringeQuality:1]]
[2026.04.14-04.25.32:397][  0]LogConfig: Setting CVar [[r.EyeAdaptationQuality:2]]
[2026.04.14-04.25.32:397][  0]LogConfig: Setting CVar [[r.BloomQuality:5]]
[2026.04.14-04.25.32:397][  0]LogConfig: Setting CVar [[r.FastBlurThreshold:100]]
[2026.04.14-04.25.32:397][  0]LogConfig: Setting CVar [[r.Upscale.Quality:3]]
[2026.04.14-04.25.32:397][  0]LogConfig: Setting CVar [[r.Tonemapper.GrainQuantization:1]]
[2026.04.14-04.25.32:397][  0]LogConfig: Setting CVar [[r.LightShaftQuality:1]]
[2026.04.14-04.25.32:397][  0]LogConfig: Setting CVar [[r.Filter.SizeScale:1]]
[2026.04.14-04.25.32:397][  0]LogConfig: Setting CVar [[r.Tonemapper.Quality:5]]
[2026.04.14-04.25.32:397][  0]LogConfig: Setting CVar [[r.DOF.Gather.AccumulatorQuality:1        ; higher gathering accumulator quality]]
[2026.04.14-04.25.32:397][  0]LogConfig: Setting CVar [[r.DOF.Gather.PostfilterMethod:1          ; Median3x3 postfilering method]]
[2026.04.14-04.25.32:397][  0]LogConfig: Setting CVar [[r.DOF.Gather.EnableBokehSettings:0       ; no bokeh simulation when gathering]]
[2026.04.14-04.25.32:397][  0]LogConfig: Setting CVar [[r.DOF.Gather.RingCount:4                 ; medium number of samples when gathering]]
[2026.04.14-04.25.32:397][  0]LogConfig: Setting CVar [[r.DOF.Scatter.ForegroundCompositing:1    ; additive foreground scattering]]
[2026.04.14-04.25.32:397][  0]LogConfig: Setting CVar [[r.DOF.Scatter.BackgroundCompositing:2    ; additive background scattering]]
[2026.04.14-04.25.32:397][  0]LogConfig: Setting CVar [[r.DOF.Scatter.EnableBokehSettings:1      ; bokeh simulation when scattering]]
[2026.04.14-04.25.32:397][  0]LogConfig: Setting CVar [[r.DOF.Scatter.MaxSpriteRatio:0.1         ; only a maximum of 10% of scattered bokeh]]
[2026.04.14-04.25.32:397][  0]LogConfig: Setting CVar [[r.DOF.Recombine.Quality:1                ; cheap slight out of focus]]
[2026.04.14-04.25.32:397][  0]LogConfig: Setting CVar [[r.DOF.Recombine.EnableBokehSettings:0    ; no bokeh simulation on slight out of focus]]
[2026.04.14-04.25.32:397][  0]LogConfig: Setting CVar [[r.DOF.TemporalAAQuality:1                ; more stable temporal accumulation]]
[2026.04.14-04.25.32:397][  0]LogConfig: Setting CVar [[r.DOF.Kernel.MaxForegroundRadius:0.025]]
[2026.04.14-04.25.32:397][  0]LogConfig: Setting CVar [[r.DOF.Kernel.MaxBackgroundRadius:0.025]]
[2026.04.14-04.25.32:397][  0]LogConfig: Applying CVar settings from Section [TextureQuality@3] File [C:/Users/asus/Desktop/Assign 565/My project/CPSC399_Game/CPSC399Game/Saved/Config/Windows/Scalability.ini]
[2026.04.14-04.25.32:397][  0]LogConfig: Setting CVar [[r.Streaming.MipBias:0]]
[2026.04.14-04.25.32:397][  0]LogConfig: Setting CVar [[r.Streaming.AmortizeCPUToGPUCopy:0]]
[2026.04.14-04.25.32:397][  0]LogConfig: Setting CVar [[r.Streaming.MaxNumTexturesToStreamPerFrame:0]]
[2026.04.14-04.25.32:397][  0]LogConfig: Setting CVar [[r.Streaming.Boost:1]]
[2026.04.14-04.25.32:397][  0]LogConfig: Setting CVar [[r.MaxAnisotropy:8]]
[2026.04.14-04.25.32:397][  0]LogConfig: Setting CVar [[r.VT.MaxAnisotropy:8]]
[2026.04.14-04.25.32:397][  0]LogConfig: Setting CVar [[r.Streaming.LimitPoolSizeToVRAM:0]]
[2026.04.14-04.25.32:397][  0]LogConfig: Setting CVar [[r.Streaming.PoolSize:1000]]
[2026.04.14-04.25.32:397][  0]LogConfig: Setting CVar [[r.Streaming.MaxEffectiveScreenSize:0]]
[2026.04.14-04.25.32:397][  0]LogConfig: Applying CVar settings from Section [EffectsQuality@3] File [C:/Users/asus/Desktop/Assign 565/My project/CPSC399_Game/CPSC399Game/Saved/Config/Windows/Scalability.ini]
[2026.04.14-04.25.32:397][  0]LogConfig: Setting CVar [[r.TranslucencyLightingVolumeDim:64]]
[2026.04.14-04.25.32:397][  0]LogConfig: Setting CVar [[r.RefractionQuality:2]]
[2026.04.14-04.25.32:397][  0]LogConfig: Setting CVar [[r.SSR.Quality:3]]
[2026.04.14-04.25.32:397][  0]LogConfig: Setting CVar [[r.SSR.HalfResSceneColor:0]]
[2026.04.14-04.25.32:397][  0]LogConfig: Setting CVar [[r.SceneColorFormat:4]]
[2026.04.14-04.25.32:397][  0]LogConfig: Setting CVar [[r.DetailMode:2]]
[2026.04.14-04.25.32:397][  0]LogConfig: Setting CVar [[r.TranslucencyVolumeBlur:1]]
[2026.04.14-04.25.32:397][  0]LogConfig: Setting CVar [[r.MaterialQualityLevel:1 ; High quality]]
[2026.04.14-04.25.32:397][  0]LogConfig: Setting CVar [[r.AnisotropicMaterials:1]]
[2026.04.14-04.25.32:397][  0]LogConfig: Setting CVar [[r.SSS.Scale:1]]
[2026.04.14-04.25.32:397][  0]LogConfig: Setting CVar [[r.SSS.SampleSet:2]]
[2026.04.14-04.25.32:397][  0]LogConfig: Setting CVar [[r.SSS.Quality:1]]
[2026.04.14-04.25.32:397][  0]LogConfig: Setting CVar [[r.SSS.HalfRes:0]]
[2026.04.14-04.25.32:397][  0]LogConfig: Setting CVar [[r.SSGI.Quality:3]]
[2026.04.14-04.25.32:397][  0]LogConfig: Setting CVar [[r.EmitterSpawnRateScale:1.0]]
[2026.04.14-04.25.32:397][  0]LogConfig: Setting CVar [[r.ParticleLightQuality:2]]
[2026.04.14-04.25.32:397][  0]LogConfig: Setting CVar [[r.SkyAtmosphere.AerialPerspectiveLUT.FastApplyOnOpaque:1 ; Always have FastSkyLUT 1 in this case to avoid wrong sky]]
[2026.04.14-04.25.32:397][  0]LogConfig: Setting CVar [[r.SkyAtmosphere.AerialPerspectiveLUT.SampleCountMaxPerSlice:4]]
[2026.04.14-04.25.32:397][  0]LogConfig: Setting CVar [[r.SkyAtmosphere.AerialPerspectiveLUT.DepthResolution:16.0]]
[2026.04.14-04.25.32:397][  0]LogConfig: Setting CVar [[r.SkyAtmosphere.FastSkyLUT:1]]
[2026.04.14-04.25.32:397][  0]LogConfig: Setting CVar [[r.SkyAtmosphere.FastSkyLUT.SampleCountMin:4.0]]
[2026.04.14-04.25.32:397][  0]LogConfig: Setting CVar [[r.SkyAtmosphere.FastSkyLUT.SampleCountMax:128.0]]
[2026.04.14-04.25.32:397][  0]LogConfig: Setting CVar [[r.SkyAtmosphere.SampleCountMin:4.0]]
[2026.04.14-04.25.32:397][  0]LogConfig: Setting CVar [[r.SkyAtmosphere.SampleCountMax:128.0]]
[2026.04.14-04.25.32:397][  0]LogConfig: Setting CVar [[r.SkyAtmosphere.TransmittanceLUT.UseSmallFormat:0]]
[2026.04.14-04.25.32:397][  0]LogConfig: Setting CVar [[r.SkyAtmosphere.TransmittanceLUT.SampleCount:10.0]]
[2026.04.14-04.25.32:397][  0]LogConfig: Setting CVar [[r.SkyAtmosphere.MultiScatteringLUT.SampleCount:15.0]]
[2026.04.14-04.25.32:397][  0]LogConfig: Setting CVar [[r.SkyLight.RealTimeReflectionCapture:1]]
[2026.04.14-04.25.32:397][  0]LogConfig: Applying CVar settings from Section [FoliageQuality@3] File [C:/Users/asus/Desktop/Assign 565/My project/CPSC399_Game/CPSC399Game/Saved/Config/Windows/Scalability.ini]
[2026.04.14-04.25.32:397][  0]LogConfig: Setting CVar [[foliage.DensityScale:1.0]]
[2026.04.14-04.25.32:397][  0]LogConfig: Setting CVar [[grass.DensityScale:1.0]]
[2026.04.14-04.25.32:397][  0]LogConfig: Applying CVar settings from Section [ShadingQuality@3] File [C:/Users/asus/Desktop/Assign 565/My project/CPSC399_Game/CPSC399Game/Saved/Config/Windows/Scalability.ini]
[2026.04.14-04.25.32:397][  0]LogConfig: Setting CVar [[r.HairStrands.SkyLighting.IntegrationType:2]]
[2026.04.14-04.25.32:397][  0]LogConfig: Setting CVar [[r.HairStrands.SkyAO.SampleCount:4]]
[2026.04.14-04.25.32:397][  0]LogConfig: Setting CVar [[r.HairStrands.Visibility.MSAA.SamplePerPixel:4]]
[2026.04.14-04.25.32:397][  0]LogConfig: Applying CVar settings from Section [Startup] File [../../../Engine/Config/ConsoleVariables.ini]
[2026.04.14-04.25.32:397][  0]LogConfig: Setting CVar [[net.UseAdaptiveNetUpdateFrequency:0]]
[2026.04.14-04.25.32:397][  0]LogConfig: Setting CVar [[p.chaos.AllowCreatePhysxBodies:1]]
[2026.04.14-04.25.32:397][  0]LogConfig: Setting CVar [[fx.SkipVectorVMBackendOptimizations:1]]
[2026.04.14-04.25.32:397][  0]LogConfig: Applying CVar settings from Section [ConsoleVariables] File [C:/Users/asus/Desktop/Assign 565/My project/CPSC399_Game/CPSC399Game/Saved/Config/Windows/Engine.ini]
[2026.04.14-04.25.32:397][  0]LogConfig: Applying CVar settings from Section [ConsoleVariables] File [C:/Users/asus/Desktop/Assign 565/My project/CPSC399_Game/CPSC399Game/Saved/Config/Windows/Editor.ini]
[2026.04.14-04.25.32:397][  0]LogInit: Computer: ARPIT
[2026.04.14-04.25.32:397][  0]LogInit: User: asus
[2026.04.14-04.25.32:397][  0]LogInit: CPU Page size=4096, Cores=14
[2026.04.14-04.25.32:397][  0]LogInit: High frequency timer resolution =10.000000 MHz
[2026.04.14-04.25.32:397][  0]LogMemory: Memory total: Physical=15.6GB (16GB approx)
[2026.04.14-04.25.32:398][  0]LogMemory: Platform Memory Stats for Windows
[2026.04.14-04.25.32:398][  0]LogMemory: Process Physical Memory: 159.29 MB used, 159.29 MB peak
[2026.04.14-04.25.32:398][  0]LogMemory: Process Virtual Memory: 131.94 MB used, 131.94 MB peak
[2026.04.14-04.25.32:398][  0]LogMemory: Physical Memory: 8307.42 MB used,  7697.12 MB free, 16004.55 MB total
[2026.04.14-04.25.32:398][  0]LogMemory: Virtual Memory: 134199912.00 MB used,  17812.28 MB free, 134217728.00 MB total
[2026.04.14-04.25.32:401][  0]LogWindows: WindowsPlatformFeatures enabled
[2026.04.14-04.25.32:429][  0]LogInit: Physics initialised using underlying interface: PhysX
[2026.04.14-04.25.32:430][  0]LogInit: Using OS detected language (en-US).
[2026.04.14-04.25.32:430][  0]LogInit: Using OS detected locale (en-US).
[2026.04.14-04.25.32:433][  0]LogTextLocalizationManager: No specific localization for 'en-US' exists, so the 'en' localization will be used.
[2026.04.14-04.25.32:554][  0]LogInit: Setting process to per monitor DPI aware
[2026.04.14-04.25.32:561][  0]LogWindowsTextInputMethodSystem: Display: IME system deactivated.
[2026.04.14-04.25.32:568][  0]LogSlate: New Slate User Created.  User Index 0, Is Virtual User: 0
[2026.04.14-04.25.32:568][  0]LogSlate: Slate User Registered.  User Index 0, Is Virtual User: 0
[2026.04.14-04.25.32:645][  0]LogD3D11RHI: Loaded GFSDK_Aftermath_Lib.x64.dll
[2026.04.14-04.25.32:665][  0]LogHMD: Failed to initialize OpenVR with code 110
[2026.04.14-04.25.32:665][  0]LogD3D11RHI: D3D11 min allowed feature level: 11_0
[2026.04.14-04.25.32:665][  0]LogD3D11RHI: D3D11 max allowed feature level: 11_0
[2026.04.14-04.25.32:665][  0]LogD3D11RHI: D3D11 adapters:
[2026.04.14-04.25.32:811][  0]LogD3D11RHI:    0. 'NVIDIA GeForce RTX 3050 Ti Laptop GPU' (Feature Level 11_0)
[2026.04.14-04.25.32:811][  0]LogD3D11RHI:       3962/0/8002 MB DedicatedVideo/DedicatedSystem/SharedSystem, Outputs:1, VendorId:0x10de
[2026.04.14-04.25.32:868][  0]LogD3D11RHI:    1. 'Intel(R) Iris(R) Xe Graphics' (Feature Level 11_0)
[2026.04.14-04.25.32:868][  0]LogD3D11RHI:       128/0/8002 MB DedicatedVideo/DedicatedSystem/SharedSystem, Outputs:0, VendorId:0x8086
[2026.04.14-04.25.32:870][  0]LogD3D11RHI:    2. 'Microsoft Basic Render Driver' (Feature Level 11_0)
[2026.04.14-04.25.32:870][  0]LogD3D11RHI:       0/0/8002 MB DedicatedVideo/DedicatedSystem/SharedSystem, Outputs:0, VendorId:0x1414
[2026.04.14-04.25.32:870][  0]LogD3D11RHI: Chosen D3D11 Adapter:
[2026.04.14-04.25.32:870][  0]LogD3D11RHI:     Description : NVIDIA GeForce RTX 3050 Ti Laptop GPU
[2026.04.14-04.25.32:870][  0]LogD3D11RHI:     VendorId    : 10de
[2026.04.14-04.25.32:870][  0]LogD3D11RHI:     DeviceId    : 25a0
[2026.04.14-04.25.32:870][  0]LogD3D11RHI:     SubSysId    : 1ccc1043
[2026.04.14-04.25.32:870][  0]LogD3D11RHI:     Revision    : 00a1
[2026.04.14-04.25.32:870][  0]LogD3D11RHI:     DedicatedVideoMemory : 4154458112 bytes
[2026.04.14-04.25.32:870][  0]LogD3D11RHI:     DedicatedSystemMemory : 0 bytes
[2026.04.14-04.25.32:870][  0]LogD3D11RHI:     SharedSystemMemory : 8390991872 bytes
[2026.04.14-04.25.32:870][  0]LogD3D11RHI:     AdapterLuid : 0 50062
[2026.04.14-04.25.32:876][  0]LogD3D11RHI: Creating new Direct3DDevice
[2026.04.14-04.25.32:876][  0]LogD3D11RHI:     GPU DeviceId: 0x25a0 (for the marketing name, search the web for "GPU Device Id")
[2026.04.14-04.25.32:876][  0]LogWindows: EnumDisplayDevices:
[2026.04.14-04.25.32:876][  0]LogWindows:    0. 'NVIDIA GeForce RTX 3050 Ti Laptop GPU' (P:1 D:1)
[2026.04.14-04.25.32:876][  0]LogWindows:    1. 'NVIDIA GeForce RTX 3050 Ti Laptop GPU' (P:0 D:0)
[2026.04.14-04.25.32:876][  0]LogWindows:    2. 'NVIDIA GeForce RTX 3050 Ti Laptop GPU' (P:0 D:0)
[2026.04.14-04.25.32:877][  0]LogWindows:    3. 'NVIDIA GeForce RTX 3050 Ti Laptop GPU' (P:0 D:0)
[2026.04.14-04.25.32:877][  0]LogWindows:    4. 'Intel(R) Iris(R) Xe Graphics' (P:0 D:0)
[2026.04.14-04.25.32:877][  0]LogWindows:    5. 'Intel(R) Iris(R) Xe Graphics' (P:0 D:0)
[2026.04.14-04.25.32:877][  0]LogWindows:    6. 'Intel(R) Iris(R) Xe Graphics' (P:0 D:0)
[2026.04.14-04.25.32:877][  0]LogWindows:    7. 'Intel(R) Iris(R) Xe Graphics' (P:0 D:0)
[2026.04.14-04.25.32:877][  0]LogWindows: DebugString: PrimaryIsNotTheChoosenAdapter PrimaryIsNotTheChoosenAdapter PrimaryIsNotTheChoosenAdapter PrimaryIsNotTheChoosenAdapter FoundDriverCount:4 
[2026.04.14-04.25.32:877][  0]LogD3D11RHI:     Adapter Name: NVIDIA GeForce RTX 3050 Ti Laptop GPU
[2026.04.14-04.25.32:877][  0]LogD3D11RHI:   Driver Version: 566.07 (internal:32.0.15.6607, unified:566.07)
[2026.04.14-04.25.32:877][  0]LogD3D11RHI:      Driver Date: 10-20-2024
[2026.04.14-04.25.32:877][  0]LogRHI: Texture pool is 2773 MB (70% of 3962 MB)
[2026.04.14-04.25.32:877][  0]LogD3D11RHI: Creating D3DDevice using adapter:
[2026.04.14-04.25.32:877][  0]LogD3D11RHI:     Description : NVIDIA GeForce RTX 3050 Ti Laptop GPU
[2026.04.14-04.25.32:877][  0]LogD3D11RHI:     VendorId    : 10de
[2026.04.14-04.25.32:877][  0]LogD3D11RHI:     DeviceId    : 25a0
[2026.04.14-04.25.32:877][  0]LogD3D11RHI:     SubSysId    : 1ccc1043
[2026.04.14-04.25.32:877][  0]LogD3D11RHI:     Revision    : 00a1
[2026.04.14-04.25.32:877][  0]LogD3D11RHI:     DedicatedVideoMemory : 4154458112 bytes
[2026.04.14-04.25.32:877][  0]LogD3D11RHI:     DedicatedSystemMemory : 0 bytes
[2026.04.14-04.25.32:877][  0]LogD3D11RHI:     SharedSystemMemory : 8390991872 bytes
[2026.04.14-04.25.32:877][  0]LogD3D11RHI:     AdapterLuid : 0 50062
[2026.04.14-04.25.32:955][  0]LogD3D11RHI: RHI has support for 64 bit atomics
[2026.04.14-04.25.32:957][  0]LogD3D11RHI: Async texture creation enabled
[2026.04.14-04.25.32:957][  0]LogD3D11RHI: Array index from any shader is supported
[2026.04.14-04.25.32:974][  0]LogD3D11RHI: GPU Timing Frequency: 1000.000000 (Debug: 2 2)
[2026.04.14-04.25.33:001][  0]LogRHI: GeForceNow SDK initialized: 1
[2026.04.14-04.25.33:201][  0]LogTargetPlatformManager: Display: Loaded TargetPlatform 'AllDesktop'
[2026.04.14-04.25.33:214][  0]LogTargetPlatformManager: Display: Loaded TargetPlatform 'Android'
[2026.04.14-04.25.33:214][  0]LogTargetPlatformManager: Display: Loaded TargetPlatform 'Android_ASTC'
[2026.04.14-04.25.33:214][  0]LogTargetPlatformManager: Display: Loaded TargetPlatform 'Android_DXT'
[2026.04.14-04.25.33:214][  0]LogTargetPlatformManager: Display: Loaded TargetPlatform 'Android_ETC2'
[2026.04.14-04.25.33:214][  0]LogTargetPlatformManager: Display: Loaded TargetPlatform 'AndroidClient'
[2026.04.14-04.25.33:214][  0]LogTargetPlatformManager: Display: Loaded TargetPlatform 'Android_ASTCClient'
[2026.04.14-04.25.33:214][  0]LogTargetPlatformManager: Display: Loaded TargetPlatform 'Android_DXTClient'
[2026.04.14-04.25.33:214][  0]LogTargetPlatformManager: Display: Loaded TargetPlatform 'Android_ETC2Client'
[2026.04.14-04.25.33:214][  0]LogTargetPlatformManager: Display: Loaded TargetPlatform 'Android_Multi'
[2026.04.14-04.25.33:214][  0]LogTargetPlatformManager: Display: Loaded TargetPlatform 'Android_MultiClient'
[2026.04.14-04.25.33:226][  0]LogTargetPlatformManager: Display: Loaded TargetPlatform 'IOSClient'
[2026.04.14-04.25.33:226][  0]LogTargetPlatformManager: Display: Loaded TargetPlatform 'IOS'
[2026.04.14-04.25.33:233][  0]LogTargetPlatformManager: Display: Loaded TargetPlatform 'Linux'
[2026.04.14-04.25.33:236][  0]LogTargetPlatformManager: Display: Loaded TargetPlatform 'LinuxNoEditor'
[2026.04.14-04.25.33:239][  0]LogTargetPlatformManager: Display: Loaded TargetPlatform 'LinuxClient'
[2026.04.14-04.25.33:242][  0]LogTargetPlatformManager: Display: Loaded TargetPlatform 'LinuxServer'
[2026.04.14-04.25.33:248][  0]LogTargetPlatformManager: Display: Loaded TargetPlatform 'LinuxAArch64NoEditor'
[2026.04.14-04.25.33:251][  0]LogTargetPlatformManager: Display: Loaded TargetPlatform 'LinuxAArch64Client'
[2026.04.14-04.25.33:254][  0]LogTargetPlatformManager: Display: Loaded TargetPlatform 'LinuxAArch64Server'
[2026.04.14-04.25.33:269][  0]LogTargetPlatformManager: Display: Loaded TargetPlatform 'Lumin'
[2026.04.14-04.25.33:269][  0]LogTargetPlatformManager: Display: Loaded TargetPlatform 'LuminClient'
[2026.04.14-04.25.33:274][  0]LogTargetPlatformManager: Display: Loaded TargetPlatform 'MacNoEditor'
[2026.04.14-04.25.33:277][  0]LogTargetPlatformManager: Display: Loaded TargetPlatform 'Mac'
[2026.04.14-04.25.33:280][  0]LogTargetPlatformManager: Display: Loaded TargetPlatform 'MacClient'
[2026.04.14-04.25.33:283][  0]LogTargetPlatformManager: Display: Loaded TargetPlatform 'MacServer'
[2026.04.14-04.25.33:289][  0]LogTargetPlatformManager: Display: Loaded TargetPlatform 'TVOSClient'
[2026.04.14-04.25.33:289][  0]LogTargetPlatformManager: Display: Loaded TargetPlatform 'TVOS'
[2026.04.14-04.25.33:294][  0]LogTargetPlatformManager: Display: Loaded TargetPlatform 'WindowsNoEditor'
[2026.04.14-04.25.33:297][  0]LogTargetPlatformManager: Display: Loaded TargetPlatform 'Windows'
[2026.04.14-04.25.33:300][  0]LogTargetPlatformManager: Display: Loaded TargetPlatform 'WindowsClient'
[2026.04.14-04.25.33:303][  0]LogTargetPlatformManager: Display: Loaded TargetPlatform 'WindowsServer'
[2026.04.14-04.25.33:303][  0]LogTargetPlatformManager: Display: Building Assets For Windows
[2026.04.14-04.25.33:307][  0]LogAudioDebug: Display: Lib vorbis DLL was dynamically loaded.
[2026.04.14-04.25.33:326][  0]LogTextureFormatOodle: Display: Oodle Texture 2.9.0 init RDO Off
[2026.04.14-04.25.33:348][  0]LogRendererCore: Ray tracing is disabled. Reason: r.RayTracing=0.
[2026.04.14-04.25.33:348][  0]LogShaderCompilers: Guid format shader working directory is -39 characters bigger than the processId version (../../../../../../Users/asus/Desktop/Assign 565/My project/CPSC399_Game/CPSC399Game/Intermediate/Shaders/WorkingDirectory/29976/).
[2026.04.14-04.25.33:348][  0]LogShaderCompilers: Cleaned the shader compiler working directory 'C:/Users/asus/AppData/Local/Temp/UnrealShaderWorkingDir/DFB9C44F44EC885E3952A89109C66DC9/'.
[2026.04.14-04.25.33:349][  0]LogXGEController: Cannot use XGE Controller as Incredibuild is not installed on this machine.
[2026.04.14-04.25.33:349][  0]LogShaderCompilers: Cannot use XGE Shader Compiler as Incredibuild is not installed on this machine.
[2026.04.14-04.25.33:349][  0]LogShaderCompilers: Display: Using Local Shader Compiler.
[2026.04.14-04.25.33:851][  0]LogDerivedDataCache: Display: Max Cache Size: 512 MB
[2026.04.14-04.25.33:894][  0]LogDerivedDataCache: Loaded boot cache 0.04s 94MB C:/Users/asus/AppData/Local/UnrealEngine/4.27/DerivedDataCache/Boot.ddc.
[2026.04.14-04.25.33:894][  0]LogDerivedDataCache: Display: Loaded Boot cache: C:/Users/asus/AppData/Local/UnrealEngine/4.27/DerivedDataCache/Boot.ddc
[2026.04.14-04.25.33:894][  0]LogDerivedDataCache: FDerivedDataBackendGraph:  Pak pak cache file ../../../../../../Users/asus/Desktop/Assign 565/My project/CPSC399_Game/CPSC399Game/DerivedDataCache/DDC.ddp not found, will not use a pak cache.
[2026.04.14-04.25.33:894][  0]LogDerivedDataCache: Unable to find inner node Pak for hierarchical cache Hierarchy.
[2026.04.14-04.25.33:894][  0]LogDerivedDataCache: FDerivedDataBackendGraph:  CompressedPak pak cache file ../../../../../../Users/asus/Desktop/Assign 565/My project/CPSC399_Game/CPSC399Game/DerivedDataCache/Compressed.ddp not found, will not use a pak cache.
[2026.04.14-04.25.33:894][  0]LogDerivedDataCache: Unable to find inner node CompressedPak for hierarchical cache Hierarchy.
[2026.04.14-04.25.33:907][  0]LogDerivedDataCache: Display: Pak cache opened for reading ../../../Engine/DerivedDataCache/Compressed.ddp.
[2026.04.14-04.25.33:907][  0]LogDerivedDataCache: FDerivedDataBackendGraph:  EnterprisePak pak cache file ../../../Enterprise/DerivedDataCache/Compressed.ddp not found, will not use a pak cache.
[2026.04.14-04.25.33:907][  0]LogDerivedDataCache: Unable to find inner node EnterprisePak for hierarchical cache Hierarchy.
[2026.04.14-04.25.33:911][  0]LogDerivedDataCache: Speed tests for C:/Users/asus/AppData/Local/UnrealEngine/Common/DerivedDataCache took 0.00 seconds
[2026.04.14-04.25.33:911][  0]LogDerivedDataCache: Display: Performance to C:/Users/asus/AppData/Local/UnrealEngine/Common/DerivedDataCache: Latency=0.02ms. RandomReadSpeed=1885.39MBs, RandomWriteSpeed=240.65MBs. Assigned SpeedClass 'Local'
[2026.04.14-04.25.33:912][  0]LogDerivedDataCache: Using Local data cache path C:/Users/asus/AppData/Local/UnrealEngine/Common/DerivedDataCache: Writable
[2026.04.14-04.25.33:912][  0]LogDerivedDataCache: Shared data cache path not found in *engine.ini, will not use an Shared cache.
[2026.04.14-04.25.33:912][  0]LogDerivedDataCache: Unable to find inner node Shared for hierarchical cache Hierarchy.
[2026.04.14-04.25.33:943][  0]LogSlate: Using FreeType 2.10.0
[2026.04.14-04.25.33:943][  0]LogSlate: SlateFontServices - WITH_FREETYPE: 1, WITH_HARFBUZZ: 1
[2026.04.14-04.25.33:961][  0]LogAssetRegistry: FAssetRegistry took 0.0022 seconds to start up
[2026.04.14-04.25.34:130][  0]LogInit: Selected Device Profile: [Windows]
[2026.04.14-04.25.34:130][  0]LogInit: Active device profile: [000001CEB02C3100][000001CEAC1842C0 49] Windows
[2026.04.14-04.25.34:130][  0]LogInit: Profiles: [000001CEB02C3100][000001CEAC1842C0 49] Windows, [000001CEB0279100][000001CEAC18C440 49] WindowsNoEditor, [000001CEB02C1100][000001CEAC1905C0 49] WindowsServer, [000001CEB027A900][000001CEAC1AA740 49] WindowsClient, [000001CEB02C2800][000001CEAC1D08C0 49] IOS, [000001CEB0279A00][000001CEAC1D4A40 49] iPadAir, [000001CEB02C1900][000001CEAC188B80 49] iPadAir2, [000001CEAFFCF800][000001CEAC1DCDC0 49] IPadPro, [000001CEAFFCF900][000001CEAC1D8E00 49] iPadAir3, [000001CEB02C2200][000001CEA976CF40 49] iPadAir4, [000001CEAFFCD600][000001CEA97750C0 49] iPadMini2, [000001CEB02C3700][000001CEA9779240 49] iPadMini3, [000001CEAFFCE300][000001CEA977D3C0 49] iPadMini4, [000001CEB02C1400][000001CEA9781540 49] iPadMini5, [000001CEB001F100][000001CEA9789800 49] iPhone6, [000001CEB001F200][000001CEA9785840 49] iPodTouch6, [000001CEAFFCC600][000001CEA9791B00 49] iPhone7, [000001CEAFFCC500][000001CEA978DB40 49] iPodTouch7, [000001CEB001D500][000001CEA9794140 49] iPhone5S, [000001CEAFFCDF00][000001CEA97982C0 49] iPhone6Plus, [000001CEB001E400][000001CEA979C440 49] iPhone6S, [000001CEAFFCD300][000001CEA97C65C0 49] iPhone6SPlus, [000001CEB001F700][000001CEA97CA740 49] iPhone7Plus, [000001CEAFFCD800][000001CEA97CE8C0 49] iPhoneSE, [000001CEB001CE00][000001CEB0A4EA40 49] iPhone8, [000001CEAFFCD000][000001CEB0A52BC0 49] iPhone8Plus, [000001CEB001E100][000001CEB0A9CD40 49] iPhoneX, [000001CEAFFCE900][000001CEA9770E80 49] iPhoneXS, [000001CEB001F800][000001CEB0AA8FC0 49] iPhoneXSMax, [000001CEAFFCC400][000001CEB0AAD100 49] iPhoneXR, [000001CEB001D000][000001CEB0C55280 49] iPhone11, [000001CEAFFCDD00][000001CEB0C59400 49] iPhone11Pro, [000001CEB001D800][000001CEB0C5D580 49] iPhone11ProMax, [000001CEAFFCE000][000001CEB0C61700 49] iPhoneSE2, [000001CEB001D700][000001CEB0C65880 49] iPhone12Mini, [000001CEAFFCD900][000001CEB0C69A00 49] iPhone12, [000001CEB001F900][000001CEB0C6DB80 49] iPhone12Pro, [000001CEAFFCD700][000001CEB0C70180 49] iPhone12ProMax, [000001CEB001D600][000001CEB0C74300 49] iPadPro105, [000001CEAFFCDA00][000001CEB0C78480 49] iPadPro129, [000001CEB001C700][000001CEB0C7C600 49] iPadPro97, [000001CEAFFCFF00][000001CEB0C80780 49] iPadPro2_129, [000001CEB001ED00][000001CEB0C84900 49] iPad5, [000001CEAFFCC100][000001CEB0C88A80 49] iPad6, [000001CEB001C500][000001CEB0C8CC00 49] iPad7, [000001CEAFFCEC00][000001CEB0C90D80 49] iPad8, [000001CEB001E700][000001CEB0C94F00 49] iPadPro11, [000001CEAFFCF300][000001CEB0C51040 49] iPadPro2_11, [000001CEB001C200][000001CEB0C99180 49] iPadPro3_129, [000001CEAFFCCD00][000001CEB0C9D2C0 49] iPadPro4_129, [000001CEB001EB00][000001CEB0CA5440 49] AppleTV, [000001CEAFFCFB00][000001CEB0CA95C0 49] AppleTV4K, [000001CEB001FB00][000001CEB0CAD740 49] TVOS, [000001CEAFFCCB00][000001CEB0CB18C0 49] Mac, [000001CEB001CD00][000001CEB0CB5A40 49] MacClient, [000001CEAFFCE600][000001CEB0CB9BC0 49] MacNoEditor, [000001CEB02FDA00][000001CEB0CBC1C0 49] MacServer, [000001CEB0278600][000001CEB0CC0340 49] Linux, [000001CEB02FE100][000001CEB0CC44C0 49] LinuxAArch64, [000001CEB027A500][000001CEB0CC8640 49] LinuxNoEditor, [000001CEB02FDE00][000001CEB0CCC7C0 49] LinuxAArch64NoEditor, [000001CEB027AB00][000001CEB0CD0940 49] LinuxClient, [000001CEB02FDD00][000001CEB0CD4AC0 49] LinuxAArch64Client, [000001CEB0278500][000001CEB0CD8C40 49] LinuxServer, [000001CEB02FCC00][000001CEB0CDCDC0 49] LinuxAArch64Server, [000001CEB0278E00][000001CEB0CE0F40 49] Android, [000001CEB02FCE00][000001CEB0CE50C0 49] Android_Low, [000001CEB027B500][000001CEB0CA1200 49] Android_Mid, [000001CEB02FD100][000001CEB0D39340 49] Android_High, [000001CEB027AD00][000001CEB0D3D480 49] Android_Default, [000001CEAFFCDE00][000001CEB0D415C0 49] Android_Adreno4xx, [000001CEB001DB00][000001CEB0D49740 49] Android_Adreno5xx_Low, [000001CEAFFCEF00][000001CEB0D4D8C0 49] Android_Adreno5xx, [000001CEB001C600][000001CEB0D51A40 49] Android_Adreno6xx, [000001CEAFFCF200][000001CEB0D55BC0 49] Android_Adreno6xx_Vulkan, [000001CEB001C900][000001CEB0D581C0 49] Android_Mali_T6xx, [000001CEAFFCEB00][000001CEB0D5C340 49] Android_Mali_T7xx, [000001CEB001E600][000001CEB0D604C0 49] Android_Mali_T8xx, [000001CEAFFCE800][000001CEB0D74640 49] Android_Mali_G71, [000001CEB001E200][000001CEB0D787C0 49] Android_Mali_G72, [000001CEAFFCF700][000001CEB0D7C940 49] Android_Mali_G72_Vulkan, [000001CEB001DF00][000001CEB0D80AC0 49] Android_Mali_G76, [000001CEAFFCD200][000001CEB0D84C40 49] Android_Mali_G76_Vulkan, [000001CEB001CB00][000001CEB0D88DC0 49] Android_Mali_G77, [000001CEAFFCF600][000001CEB0D8CF40 49] Android_Mali_G77_Vulkan, [000001CEB001D100][000001CEB0D910C0 49] Android_Mali_G78, [000001CEAFFCE200][000001CEB0D95240 49] Android_Mali_G78_Vulkan, [000001CEB02FD500][000001CEB0D45380 49] Android_Mali_G710, [000001CEAFFCF100][000001CEB0D994C0 49] Android_Mali_G710_Vulkan, [000001CEB02FD000][000001CEB0D9D600 49] Android_Vulkan_SM5, [000001CEAFFCC700][000001CEB0DA1740 49] Android_PowerVR_G6xxx, [000001CEB02FD700][000001CEB0DA98C0 49] Android_PowerVR_GT7xxx, [000001CEAFFCE100][000001CEB0DADA40 49] Android_PowerVR_GE8xxx, [000001CEB02FC100][000001CEB0DB1BC0 49] Android_PowerVR_GM9xxx, [000001CEAFFCEA00][000001CEB0DB41C0 49] Android_PowerVR_GM9xxx_Vulkan, [000001CEB02FDF00][000001CEB0DB8340 49] Android_TegraK1, [000001CEAFFCCA00][000001CEB0DBC4C0 49] Android_Unknown_Vulkan, [000001CEB02FD800][000001CEB0DC0640 49] Lumin, [000001CEAFFCC900][000001CEB0DC47C0 49] Lumin_Desktop, [000001CEB02FCF00][000001CEB0DC8940 49] HoloLens, 
[2026.04.14-04.25.34:275][  0]LogMeshReduction: Using QuadricMeshReduction for automatic static mesh reduction
[2026.04.14-04.25.34:275][  0]LogMeshReduction: Using SimplygonMeshReduction for automatic skeletal mesh reduction
[2026.04.14-04.25.34:275][  0]LogMeshReduction: Using ProxyLODMeshReduction for automatic mesh merging
[2026.04.14-04.25.34:275][  0]LogMeshReduction: No distributed automatic mesh merging module available
[2026.04.14-04.25.34:275][  0]LogMeshMerging: No distributed automatic mesh merging module available
[2026.04.14-04.25.34:292][  0]LogNetVersion: CPSC399Game 1.0.0, NetCL: 17155196, EngineNetVer: 17, GameNetVer: 0 (Checksum: 2010562307)
[2026.04.14-04.25.34:701][  0]LogTexture: Default maximum texture size for cubemaps generated from long-lat sources has been changed from 512 to unlimited. In order to preserve old behaiour for '/Engine/MapTemplates/Sky/DaylightAmbientCubemap.DaylightAmbientCubemap', its maximum texture size has been explicitly set to 512.
[2026.04.14-04.25.34:760][  0]LogHMD: PokeAHoleMaterial loaded successfully
[2026.04.14-04.25.34:767][  0]LogUObjectArray: 17178 objects as part of root set at end of initial load.
[2026.04.14-04.25.34:767][  0]LogUObjectAllocator: 4302048 out of 0 bytes used by permanent object pool.
[2026.04.14-04.25.34:767][  0]LogUObjectArray: CloseDisregardForGC: 0/0 objects in disregard for GC pool
[2026.04.14-04.25.34:972][  0]LogNiagaraDebuggerClient: Niagara Debugger Client Initialized | Session: A43D1AAD49D656B8E932F7A8BA484F9A | Instance: 7DC8468749D7CB5AB08AC2AA5B2CF7C7 (ARPIT-29976).
[2026.04.14-04.25.35:115][  0]LogPython: Using Python 3.7.7
[2026.04.14-04.25.35:559][  0]LogTcpMessaging: Initializing TcpMessaging bridge
[2026.04.14-04.25.35:570][  0]LogUdpMessaging: Initializing bridge on interface 0.0.0.0:0 to multicast group 230.0.0.1:6666.
[2026.04.14-04.25.35:687][  0]SourceControl: Source control is disabled
[2026.04.14-04.25.35:687][  0]SourceControl: Source control is disabled
[2026.04.14-04.25.35:693][  0]SourceControl: Source control is disabled
[2026.04.14-04.25.35:695][  0]SourceControl: Source control is disabled
[2026.04.14-04.25.35:700][  0]LogUProjectInfo: Found projects:
[2026.04.14-04.25.35:707][  0]SourceControl: Source control is disabled
[2026.04.14-04.25.35:823][  0]LogOpenImageDenoise: OIDN starting up
[2026.04.14-04.25.35:860][  0]LogAndroidPermission: UAndroidPermissionCallbackProxy::GetInstance
[2026.04.14-04.25.35:870][  0]LogAudioCaptureCore: Display: No Audio Capture implementations found. Audio input will be silent.
[2026.04.14-04.25.35:870][  0]LogAudioCaptureCore: Display: No Audio Capture implementations found. Audio input will be silent.
[2026.04.14-04.25.35:950][  0]LogCollectionManager: Loaded 0 collections in 0.001022 seconds
[2026.04.14-04.25.35:967][  0]LogFileCache: Scanning file cache for directory 'C:/Users/asus/Desktop/Assign 565/My project/CPSC399_Game/CPSC399Game/Saved/Collections/' took 0.00s
[2026.04.14-04.25.35:967][  0]LogFileCache: Scanning file cache for directory 'C:/Users/asus/Desktop/Assign 565/My project/CPSC399_Game/CPSC399Game/Content/Developers/asus/Collections/' took 0.00s
[2026.04.14-04.25.35:967][  0]LogFileCache: Scanning file cache for directory 'C:/Users/asus/Desktop/Assign 565/My project/CPSC399_Game/CPSC399Game/Content/Collections/' took 0.00s
[2026.04.14-04.25.35:967][  0]LogOcInput: OculusInput pre-init called
[2026.04.14-04.25.36:127][  0]LogEngine: Initializing Engine...
[2026.04.14-04.25.36:172][  0]LogHMD: Failed to enumerate extensions. Please check that you have a valid OpenXR runtime installed.
[2026.04.14-04.25.36:172][  0]LogHMD: Failed to initialize OpenVR with code 110
[2026.04.14-04.25.36:172][  0]LogMagicLeap: Warning: VR disabled because ZI is not enabled.  To enable, in the editor, Edit -> Project Settings -> Plugins -> Magic Leap Plugin -> Enable Zero Iteration
[2026.04.14-04.25.36:173][  0]LogStats: UGameplayTagsManager::InitializeManager -  0.000 s
[2026.04.14-04.25.36:259][  0]LogInit: Initializing FReadOnlyCVARCache
[2026.04.14-04.25.36:266][  0]LogAIModule: Creating AISystem for world Untitled
[2026.04.14-04.25.36:271][  0]LogAudio: Display: Initializing Audio Device Manager...
[2026.04.14-04.25.36:274][  0]LogAudio: Display: Loading Default Audio Settings Objects...
[2026.04.14-04.25.36:274][  0]LogAudio: Display: No default SoundConcurrencyObject specified (or failed to load).
[2026.04.14-04.25.36:274][  0]LogAudio: Display: Audio Device Manager Initialized
[2026.04.14-04.25.36:274][  0]LogAudio: Display: Creating Audio Device:                 Id: 1, Scope: Shared, Realtime: True
[2026.04.14-04.25.36:275][  0]LogAudioMixer: Display: Audio Mixer Platform Settings:
[2026.04.14-04.25.36:275][  0]LogAudioMixer: Display: 	Sample Rate:						  48000
[2026.04.14-04.25.36:275][  0]LogAudioMixer: Display: 	Callback Buffer Frame Size Requested: 1024
[2026.04.14-04.25.36:275][  0]LogAudioMixer: Display: 	Callback Buffer Frame Size To Use:	  1024
[2026.04.14-04.25.36:275][  0]LogAudioMixer: Display: 	Number of buffers to queue:			  2
[2026.04.14-04.25.36:275][  0]LogAudioMixer: Display: 	Max Channels (voices):				  32
[2026.04.14-04.25.36:275][  0]LogAudioMixer: Display: 	Number of Async Source Workers:		  0
[2026.04.14-04.25.36:275][  0]LogAudio: Display: AudioDevice MaxSources: 32
[2026.04.14-04.25.36:275][  0]LogAudio: Display: Audio Spatialization Plugin: None (built-in).
[2026.04.14-04.25.36:275][  0]LogAudio: Display: Audio Reverb Plugin: None (built-in).
[2026.04.14-04.25.36:275][  0]LogAudio: Display: Audio Occlusion Plugin: None (built-in).
[2026.04.14-04.25.36:275][  0]LogAudioMixer: Display: Initializing audio mixer.
[2026.04.14-04.25.36:291][  0]LogAudioMixer: Display: 0: FrontLeft
[2026.04.14-04.25.36:291][  0]LogAudioMixer: Display: 1: FrontRight
[2026.04.14-04.25.36:376][  0]LogAudioMixer: Display: Using Audio Device Speakers (C-Media(R) Audio)
[2026.04.14-04.25.36:380][  0]LogAudioMixer: Display: Initializing Sound Submixes...
[2026.04.14-04.25.36:382][  0]LogAudioMixer: Display: Creating Master Submix 'MasterSubmixDefault'
[2026.04.14-04.25.36:382][  0]LogAudioMixer: Display: Creating Master Submix 'MasterReverbSubmixDefault'
[2026.04.14-04.25.36:383][  0]LogAudioMixer: Display: Creating Master Submix 'MasterEQSubmixDefault'
[2026.04.14-04.25.36:383][  0]LogAudioMixer: FMixerPlatformXAudio2::StartAudioStream() called
[2026.04.14-04.25.36:383][  0]LogAudioMixer: Display: Output buffers initialized: Frames=1024, Channels=2, Samples=2048
[2026.04.14-04.25.36:383][  0]LogAudioMixer: Display: Starting AudioMixerPlatformInterface::RunInternal()
[2026.04.14-04.25.36:383][  0]LogAudioMixer: Display: FMixerPlatformXAudio2::SubmitBuffer() called for the first time
[2026.04.14-04.25.36:383][  0]LogInit: FAudioDevice initialized.
[2026.04.14-04.25.36:384][  0]LogAudio: Display: Audio Device (ID: 1) registered with world 'Untitled'.
[2026.04.14-04.25.36:384][  0]LogNetVersion: Set ProjectVersion to 1.0.0.0. Version Checksum will be recalculated on next use.
[2026.04.14-04.25.36:495][  0]LogDerivedDataCache: Saved boot cache 0.11s 94MB C:/Users/asus/AppData/Local/UnrealEngine/4.27/DerivedDataCache/Boot.ddc.
[2026.04.14-04.25.36:495][  0]LogInit: Texture streaming: Enabled
[2026.04.14-04.25.36:505][  0]LogAnalytics: Display: [UEEditor.Rocket.Release] APIServer = https://datarouter.ol.epicgames.com/. AppVersion = 4.27.2-18319896+++UE4+Release-4.27
[2026.04.14-04.25.36:507][  0]LogEngineSessionManager: EngineSessionManager initialized
[2026.04.14-04.25.36:507][  0]LogEditorSessionSummary: Verbose: Initializing EditorSessionSummaryWriter for editor session tracking
[2026.04.14-04.25.36:510][  0]LogEditorSessionSummary: EditorSessionSummaryWriter initialized
[2026.04.14-04.25.36:524][  0]LogInit: Transaction tracking system initialized
[2026.04.14-04.25.36:539][  0]BlueprintLog: New page: Editor Load
[2026.04.14-04.25.36:583][  0]LocalizationService: Localization service is disabled
[2026.04.14-04.25.36:601][  0]TimingProfiler: Initialize
[2026.04.14-04.25.36:602][  0]TimingProfiler: OnSessionChanged
[2026.04.14-04.25.36:602][  0]LoadingProfiler: Initialize
[2026.04.14-04.25.36:602][  0]LoadingProfiler: OnSessionChanged
[2026.04.14-04.25.36:602][  0]NetworkingProfiler: Initialize
[2026.04.14-04.25.36:602][  0]NetworkingProfiler: OnSessionChanged
[2026.04.14-04.25.36:602][  0]MemoryProfiler: Initialize
[2026.04.14-04.25.36:602][  0]MemoryProfiler: OnSessionChanged
[2026.04.14-04.25.36:713][  0]LogCook: Display: CookSettings for Memory: MemoryMaxUsedVirtual 0MiB, MemoryMaxUsedPhysical 16384MiB, MemoryMinFreeVirtual 0MiB, MemoryMinFreePhysical 1024MiB
[2026.04.14-04.25.36:713][  0]LogCook: Display: Mobile HDR setting 1
[2026.04.14-04.25.36:846][  0]LogFileCache: Scanning file cache for directory 'C:/Users/asus/Desktop/Assign 565/My project/CPSC399_Game/CPSC399Game/Content/' took 0.00s
[2026.04.14-04.25.36:970][  0]LogInit: Display: Engine is initialized. Leaving FEngineLoop::Init()
[2026.04.14-04.25.36:973][  0]SourceControl: Source control is disabled
[2026.04.14-04.25.36:973][  0]LogUnrealEdMisc: Loading editor; pre map load, took 8.761
[2026.04.14-04.25.36:982][  0]LogFactory: FactoryCreateFile: PackFactory with PackFactory (0 0 C:/Program Files/Epic Games/UE_4.27/FeaturePacks/StarterContent.upack)
[2026.04.14-04.25.36:982][  0]LogPakFile: PakFile PrimaryIndexSize=185
[2026.04.14-04.25.36:982][  0]LogPakFile: PakFile PathHashIndexSize=101
[2026.04.14-04.25.36:982][  0]LogPakFile: PakFile FullDirectoryIndexSize=148
[2026.04.14-04.25.36:989][  0]LogPackFactory: Finished extracting 8 files (including 0 errors).
[2026.04.14-04.25.36:994][  0]LogPackFactory: Copied "../../../Samples/StarterContent/Content/StarterContent/Architecture/Floor_400x400.uasset" to "../../../../../../Users/asus/Desktop/Assign 565/My project/CPSC399_Game/CPSC399Game/Content/StarterContent/Architecture/Floor_400x400.uasset"
[2026.04.14-04.25.36:999][  0]LogPackFactory: Copied "../../../Samples/StarterContent/Content/StarterContent/Architecture/Pillar_50x500.uasset" to "../../../../../../Users/asus/Desktop/Assign 565/My project/CPSC399_Game/CPSC399Game/Content/StarterContent/Architecture/Pillar_50x500.uasset"
[2026.04.14-04.25.37:005][  0]LogPackFactory: Copied "../../../Samples/StarterContent/Content/StarterContent/Architecture/SM_AssetPlatform.uasset" to "../../../../../../Users/asus/Desktop/Assign 565/My project/CPSC399_Game/CPSC399Game/Content/StarterContent/Architecture/SM_AssetPlatform.uasset"
[2026.04.14-04.25.37:009][  0]LogPackFactory: Copied "../../../Samples/StarterContent/Content/StarterContent/Architecture/Wall_400x200.uasset" to "../../../../../../Users/asus/Desktop/Assign 565/My project/CPSC399_Game/CPSC399Game/Content/StarterContent/Architecture/Wall_400x200.uasset"
[2026.04.14-04.25.37:014][  0]LogPackFactory: Copied "../../../Samples/StarterContent/Content/StarterContent/Architecture/Wall_400x300.uasset" to "../../../../../../Users/asus/Desktop/Assign 565/My project/CPSC399_Game/CPSC399Game/Content/StarterContent/Architecture/Wall_400x300.uasset"
[2026.04.14-04.25.37:019][  0]LogPackFactory: Copied "../../../Samples/StarterContent/Content/StarterContent/Architecture/Wall_400x400.uasset" to "../../../../../../Users/asus/Desktop/Assign 565/My project/CPSC399_Game/CPSC399Game/Content/StarterContent/Architecture/Wall_400x400.uasset"
[2026.04.14-04.25.37:023][  0]LogPackFactory: Copied "../../../Samples/StarterContent/Content/StarterContent/Architecture/Wall_500x500.uasset" to "../../../../../../Users/asus/Desktop/Assign 565/My project/CPSC399_Game/CPSC399Game/Content/StarterContent/Architecture/Wall_500x500.uasset"
[2026.04.14-04.25.37:028][  0]LogPackFactory: Copied "../../../Samples/StarterContent/Content/StarterContent/Architecture/Wall_Door_400x300.uasset" to "../../../../../../Users/asus/Desktop/Assign 565/My project/CPSC399_Game/CPSC399Game/Content/StarterContent/Architecture/Wall_Door_400x300.uasset"
[2026.04.14-04.25.37:033][  0]LogPackFactory: Copied "../../../Samples/StarterContent/Content/StarterContent/Architecture/Wall_Door_400x400.uasset" to "../../../../../../Users/asus/Desktop/Assign 565/My project/CPSC399_Game/CPSC399Game/Content/StarterContent/Architecture/Wall_Door_400x400.uasset"
[2026.04.14-04.25.37:037][  0]LogPackFactory: Copied "../../../Samples/StarterContent/Content/StarterContent/Architecture/Wall_Window_400x300.uasset" to "../../../../../../Users/asus/Desktop/Assign 565/My project/CPSC399_Game/CPSC399Game/Content/StarterContent/Architecture/Wall_Window_400x300.uasset"
[2026.04.14-04.25.37:042][  0]LogPackFactory: Copied "../../../Samples/StarterContent/Content/StarterContent/Architecture/Wall_Window_400x400.uasset" to "../../../../../../Users/asus/Desktop/Assign 565/My project/CPSC399_Game/CPSC399Game/Content/StarterContent/Architecture/Wall_Window_400x400.uasset"
[2026.04.14-04.25.37:048][  0]LogPackFactory: Copied "../../../Samples/StarterContent/Content/StarterContent/Audio/Collapse01.uasset" to "../../../../../../Users/asus/Desktop/Assign 565/My project/CPSC399_Game/CPSC399Game/Content/StarterContent/Audio/Collapse01.uasset"
[2026.04.14-04.25.37:052][  0]LogPackFactory: Copied "../../../Samples/StarterContent/Content/StarterContent/Audio/Collapse02.uasset" to "../../../../../../Users/asus/Desktop/Assign 565/My project/CPSC399_Game/CPSC399Game/Content/StarterContent/Audio/Collapse02.uasset"
[2026.04.14-04.25.37:054][  0]LogPackFactory: Copied "../../../Samples/StarterContent/Content/StarterContent/Audio/Collapse_Cue.uasset" to "../../../../../../Users/asus/Desktop/Assign 565/My project/CPSC399_Game/CPSC399Game/Content/StarterContent/Audio/Collapse_Cue.uasset"
[2026.04.14-04.25.37:059][  0]LogPackFactory: Copied "../../../Samples/StarterContent/Content/StarterContent/Audio/Explosion01.uasset" to "../../../../../../Users/asus/Desktop/Assign 565/My project/CPSC399_Game/CPSC399Game/Content/StarterContent/Audio/Explosion01.uasset"
[2026.04.14-04.25.37:063][  0]LogPackFactory: Copied "../../../Samples/StarterContent/Content/StarterContent/Audio/Explosion02.uasset" to "../../../../../../Users/asus/Desktop/Assign 565/My project/CPSC399_Game/CPSC399Game/Content/StarterContent/Audio/Explosion02.uasset"
[2026.04.14-04.25.37:065][  0]LogPackFactory: Copied "../../../Samples/StarterContent/Content/StarterContent/Audio/Explosion_Cue.uasset" to "../../../../../../Users/asus/Desktop/Assign 565/My project/CPSC399_Game/CPSC399Game/Content/StarterContent/Audio/Explosion_Cue.uasset"
[2026.04.14-04.25.37:069][  0]LogPackFactory: Copied "../../../Samples/StarterContent/Content/StarterContent/Audio/Fire01.uasset" to "../../../../../../Users/asus/Desktop/Assign 565/My project/CPSC399_Game/CPSC399Game/Content/StarterContent/Audio/Fire01.uasset"
[2026.04.14-04.25.37:074][  0]LogPackFactory: Copied "../../../Samples/StarterContent/Content/StarterContent/Audio/Fire01_Cue.uasset" to "../../../../../../Users/asus/Desktop/Assign 565/My project/CPSC399_Game/CPSC399Game/Content/StarterContent/Audio/Fire01_Cue.uasset"
[2026.04.14-04.25.37:079][  0]LogPackFactory: Copied "../../../Samples/StarterContent/Content/StarterContent/Audio/Fire_Sparks01.uasset" to "../../../../../../Users/asus/Desktop/Assign 565/My project/CPSC399_Game/CPSC399Game/Content/StarterContent/Audio/Fire_Sparks01.uasset"
[2026.04.14-04.25.37:081][  0]LogPackFactory: Copied "../../../Samples/StarterContent/Content/StarterContent/Audio/Fire_Sparks01_Cue.uasset" to "../../../../../../Users/asus/Desktop/Assign 565/My project/CPSC399_Game/CPSC399Game/Content/StarterContent/Audio/Fire_Sparks01_Cue.uasset"
[2026.04.14-04.25.37:086][  0]LogPackFactory: Copied "../../../Samples/StarterContent/Content/StarterContent/Audio/Light01.uasset" to "../../../../../../Users/asus/Desktop/Assign 565/My project/CPSC399_Game/CPSC399Game/Content/StarterContent/Audio/Light01.uasset"
[2026.04.14-04.25.37:087][  0]LogPackFactory: Copied "../../../Samples/StarterContent/Content/StarterContent/Audio/Light01_Cue.uasset" to "../../../../../../Users/asus/Desktop/Assign 565/My project/CPSC399_Game/CPSC399Game/Content/StarterContent/Audio/Light01_Cue.uasset"
[2026.04.14-04.25.37:092][  0]LogPackFactory: Copied "../../../Samples/StarterContent/Content/StarterContent/Audio/Light02.uasset" to "../../../../../../Users/asus/Desktop/Assign 565/My project/CPSC399_Game/CPSC399Game/Content/StarterContent/Audio/Light02.uasset"
[2026.04.14-04.25.37:093][  0]LogPackFactory: Copied "../../../Samples/StarterContent/Content/StarterContent/Audio/Light02_Cue.uasset" to "../../../../../../Users/asus/Desktop/Assign 565/My project/CPSC399_Game/CPSC399Game/Content/StarterContent/Audio/Light02_Cue.uasset"
[2026.04.14-04.25.37:098][  0]LogPackFactory: Copied "../../../Samples/StarterContent/Content/StarterContent/Audio/Smoke01.uasset" to "../../../../../../Users/asus/Desktop/Assign 565/My project/CPSC399_Game/CPSC399Game/Content/StarterContent/Audio/Smoke01.uasset"
[2026.04.14-04.25.37:099][  0]LogPackFactory: Copied "../../../Samples/StarterContent/Content/StarterContent/Audio/Smoke01_Cue.uasset" to "../../../../../../Users/asus/Desktop/Assign 565/My project/CPSC399_Game/CPSC399Game/Content/StarterContent/Audio/Smoke01_Cue.uasset"
[2026.04.14-04.25.37:103][  0]LogPackFactory: Copied "../../../Samples/StarterContent/Content/StarterContent/Audio/Starter_Background_Cue.uasset" to "../../../../../../Users/asus/Desktop/Assign 565/My project/CPSC399_Game/CPSC399Game/Content/StarterContent/Audio/Starter_Background_Cue.uasset"
[2026.04.14-04.25.37:110][  0]LogPackFactory: Copied "../../../Samples/StarterContent/Content/StarterContent/Audio/Starter_Birds01.uasset" to "../../../../../../Users/asus/Desktop/Assign 565/My project/CPSC399_Game/CPSC399Game/Content/StarterContent/Audio/Starter_Birds01.uasset"
[2026.04.14-04.25.37:121][  0]LogPackFactory: Copied "../../../Samples/StarterContent/Content/StarterContent/Audio/Starter_Music01.uasset" to "../../../../../../Users/asus/Desktop/Assign 565/My project/CPSC399_Game/CPSC399Game/Content/StarterContent/Audio/Starter_Music01.uasset"
[2026.04.14-04.25.37:124][  0]LogPackFactory: Copied "../../../Samples/StarterContent/Content/StarterContent/Audio/Starter_Music_Cue.uasset" to "../../../../../../Users/asus/Desktop/Assign 565/My project/CPSC399_Game/CPSC399Game/Content/StarterContent/Audio/Starter_Music_Cue.uasset"
[2026.04.14-04.25.37:130][  0]LogPackFactory: Copied "../../../Samples/StarterContent/Content/StarterContent/Audio/Starter_Wind05.uasset" to "../../../../../../Users/asus/Desktop/Assign 565/My project/CPSC399_Game/CPSC399Game/Content/StarterContent/Audio/Starter_Wind05.uasset"
[2026.04.14-04.25.37:136][  0]LogPackFactory: Copied "../../../Samples/StarterContent/Content/StarterContent/Audio/Starter_Wind06.uasset" to "../../../../../../Users/asus/Desktop/Assign 565/My project/CPSC399_Game/CPSC399Game/Content/StarterContent/Audio/Starter_Wind06.uasset"
[2026.04.14-04.25.37:142][  0]LogPackFactory: Copied "../../../Samples/StarterContent/Content/StarterContent/Audio/Steam01.uasset" to "../../../../../../Users/asus/Desktop/Assign 565/My project/CPSC399_Game/CPSC399Game/Content/StarterContent/Audio/Steam01.uasset"
[2026.04.14-04.25.37:143][  0]LogPackFactory: Copied "../../../Samples/StarterContent/Content/StarterContent/Audio/Steam01_Cue.uasset" to "../../../../../../Users/asus/Desktop/Assign 565/My project/CPSC399_Game/CPSC399Game/Content/StarterContent/Audio/Steam01_Cue.uasset"
[2026.04.14-04.25.37:147][  0]LogPackFactory: Copied "../../../Samples/StarterContent/Content/StarterContent/Blueprints/Blueprint_CeilingLight.uasset" to "../../../../../../Users/asus/Desktop/Assign 565/My project/CPSC399_Game/CPSC399Game/Content/StarterContent/Blueprints/Blueprint_CeilingLight.uasset"
[2026.04.14-04.25.37:153][  0]LogPackFactory: Copied "../../../Samples/StarterContent/Content/StarterContent/Blueprints/Blueprint_Effect_Explosion.uasset" to "../../../../../../Users/asus/Desktop/Assign 565/My project/CPSC399_Game/CPSC399Game/Content/StarterContent/Blueprints/Blueprint_Effect_Explosion.uasset"
[2026.04.14-04.25.37:162][  0]LogPackFactory: Copied "../../../Samples/StarterContent/Content/StarterContent/Blueprints/Blueprint_Effect_Fire.uasset" to "../../../../../../Users/asus/Desktop/Assign 565/My project/CPSC399_Game/CPSC399Game/Content/StarterContent/Blueprints/Blueprint_Effect_Fire.uasset"
[2026.04.14-04.25.37:176][  0]LogPackFactory: Copied "../../../Samples/StarterContent/Content/StarterContent/Blueprints/Blueprint_Effect_Smoke.uasset" to "../../../../../../Users/asus/Desktop/Assign 565/My project/CPSC399_Game/CPSC399Game/Content/StarterContent/Blueprints/Blueprint_Effect_Smoke.uasset"
[2026.04.14-04.25.37:180][  0]LogPackFactory: Copied "../../../Samples/StarterContent/Content/StarterContent/Blueprints/Blueprint_Effect_Sparks.uasset" to "../../../../../../Users/asus/Desktop/Assign 565/My project/CPSC399_Game/CPSC399Game/Content/StarterContent/Blueprints/Blueprint_Effect_Sparks.uasset"
[2026.04.14-04.25.37:188][  0]LogPackFactory: Copied "../../../Samples/StarterContent/Content/StarterContent/Blueprints/Blueprint_Effect_Steam.uasset" to "../../../../../../Users/asus/Desktop/Assign 565/My project/CPSC399_Game/CPSC399Game/Content/StarterContent/Blueprints/Blueprint_Effect_Steam.uasset"
[2026.04.14-04.25.37:197][  0]LogPackFactory: Copied "../../../Samples/StarterContent/Content/StarterContent/Blueprints/Blueprint_WallSconce.uasset" to "../../../../../../Users/asus/Desktop/Assign 565/My project/CPSC399_Game/CPSC399Game/Content/StarterContent/Blueprints/Blueprint_WallSconce.uasset"
[2026.04.14-04.25.37:203][  0]LogPackFactory: Copied "../../../Samples/StarterContent/Content/StarterContent/Blueprints/BP_LightStudio.uasset" to "../../../../../../Users/asus/Desktop/Assign 565/My project/CPSC399_Game/CPSC399Game/Content/StarterContent/Blueprints/BP_LightStudio.uasset"
[2026.04.14-04.25.37:205][  0]LogPackFactory: Copied "../../../Samples/StarterContent/Content/StarterContent/Blueprints/Assets/FogBrightnessLUT.uasset" to "../../../../../../Users/asus/Desktop/Assign 565/My project/CPSC399_Game/CPSC399Game/Content/StarterContent/Blueprints/Assets/FogBrightnessLUT.uasset"
[2026.04.14-04.25.37:210][  0]LogPackFactory: Copied "../../../Samples/StarterContent/Content/StarterContent/Blueprints/Assets/M_LightStage_Arrows.uasset" to "../../../../../../Users/asus/Desktop/Assign 565/My project/CPSC399_Game/CPSC399Game/Content/StarterContent/Blueprints/Assets/M_LightStage_Arrows.uasset"
[2026.04.14-04.25.37:215][  0]LogPackFactory: Copied "../../../Samples/StarterContent/Content/StarterContent/Blueprints/Assets/M_LightStage_Skybox_Black.uasset" to "../../../../../../Users/asus/Desktop/Assign 565/My project/CPSC399_Game/CPSC399Game/Content/StarterContent/Blueprints/Assets/M_LightStage_Skybox_Black.uasset"
[2026.04.14-04.25.37:219][  0]LogPackFactory: Copied "../../../Samples/StarterContent/Content/StarterContent/Blueprints/Assets/M_LightStage_Skybox_HDRI.uasset" to "../../../../../../Users/asus/Desktop/Assign 565/My project/CPSC399_Game/CPSC399Game/Content/StarterContent/Blueprints/Assets/M_LightStage_Skybox_HDRI.uasset"
[2026.04.14-04.25.37:224][  0]LogPackFactory: Copied "../../../Samples/StarterContent/Content/StarterContent/Blueprints/Assets/M_LightStage_Skybox_Master.uasset" to "../../../../../../Users/asus/Desktop/Assign 565/My project/CPSC399_Game/CPSC399Game/Content/StarterContent/Blueprints/Assets/M_LightStage_Skybox_Master.uasset"
[2026.04.14-04.25.37:230][  0]LogPackFactory: Copied "../../../Samples/StarterContent/Content/StarterContent/Blueprints/Assets/Skybox.uasset" to "../../../../../../Users/asus/Desktop/Assign 565/My project/CPSC399_Game/CPSC399Game/Content/StarterContent/Blueprints/Assets/Skybox.uasset"
[2026.04.14-04.25.37:236][  0]LogPackFactory: Copied "../../../Samples/StarterContent/Content/StarterContent/Blueprints/Assets/SM_Arrows.uasset" to "../../../../../../Users/asus/Desktop/Assign 565/My project/CPSC399_Game/CPSC399Game/Content/StarterContent/Blueprints/Assets/SM_Arrows.uasset"
[2026.04.14-04.25.37:237][  0]LogPackFactory: Copied "../../../Samples/StarterContent/Content/StarterContent/Blueprints/Assets/SunlightColorLUT.uasset" to "../../../../../../Users/asus/Desktop/Assign 565/My project/CPSC399_Game/CPSC399Game/Content/StarterContent/Blueprints/Assets/SunlightColorLUT.uasset"
[2026.04.14-04.25.37:275][  0]LogPackFactory: Copied "../../../Samples/StarterContent/Content/StarterContent/HDRI/HDRI_Epic_Courtyard_Daylight.uasset" to "../../../../../../Users/asus/Desktop/Assign 565/My project/CPSC399_Game/CPSC399Game/Content/StarterContent/HDRI/HDRI_Epic_Courtyard_Daylight.uasset"
[2026.04.14-04.25.37:280][  0]LogPackFactory: Copied "../../../Samples/StarterContent/Content/StarterContent/Maps/Advanced_Lighting.umap" to "../../../../../../Users/asus/Desktop/Assign 565/My project/CPSC399_Game/CPSC399Game/Content/StarterContent/Maps/Advanced_Lighting.umap"
[2026.04.14-04.25.37:287][  0]LogPackFactory: Copied "../../../Samples/StarterContent/Content/StarterContent/Maps/Advanced_Lighting_BuiltData.uasset" to "../../../../../../Users/asus/Desktop/Assign 565/My project/CPSC399_Game/CPSC399Game/Content/StarterContent/Maps/Advanced_Lighting_BuiltData.uasset"
[2026.04.14-04.25.37:292][  0]LogPackFactory: Copied "../../../Samples/StarterContent/Content/StarterContent/Maps/Minimal_Default.umap" to "../../../../../../Users/asus/Desktop/Assign 565/My project/CPSC399_Game/CPSC399Game/Content/StarterContent/Maps/Minimal_Default.umap"
[2026.04.14-04.25.37:299][  0]LogPackFactory: Copied "../../../Samples/StarterContent/Content/StarterContent/Maps/Minimal_Default_BuiltData.uasset" to "../../../../../../Users/asus/Desktop/Assign 565/My project/CPSC399_Game/CPSC399Game/Content/StarterContent/Maps/Minimal_Default_BuiltData.uasset"
[2026.04.14-04.25.37:305][  0]LogPackFactory: Copied "../../../Samples/StarterContent/Content/StarterContent/Maps/StarterMap.umap" to "../../../../../../Users/asus/Desktop/Assign 565/My project/CPSC399_Game/CPSC399Game/Content/StarterContent/Maps/StarterMap.umap"
[2026.04.14-04.25.37:321][  0]LogPackFactory: Copied "../../../Samples/StarterContent/Content/StarterContent/Maps/StarterMap_BuiltData.uasset" to "../../../../../../Users/asus/Desktop/Assign 565/My project/CPSC399_Game/CPSC399Game/Content/StarterContent/Maps/StarterMap_BuiltData.uasset"
[2026.04.14-04.25.37:326][  0]LogPackFactory: Copied "../../../Samples/StarterContent/Content/StarterContent/Materials/M_AssetPlatform.uasset" to "../../../../../../Users/asus/Desktop/Assign 565/My project/CPSC399_Game/CPSC399Game/Content/StarterContent/Materials/M_AssetPlatform.uasset"
[2026.04.14-04.25.37:331][  0]LogPackFactory: Copied "../../../Samples/StarterContent/Content/StarterContent/Materials/M_Basic_Floor.uasset" to "../../../../../../Users/asus/Desktop/Assign 565/My project/CPSC399_Game/CPSC399Game/Content/StarterContent/Materials/M_Basic_Floor.uasset"
[2026.04.14-04.25.37:335][  0]LogPackFactory: Copied "../../../Samples/StarterContent/Content/StarterContent/Materials/M_Basic_Wall.uasset" to "../../../../../../Users/asus/Desktop/Assign 565/My project/CPSC399_Game/CPSC399Game/Content/StarterContent/Materials/M_Basic_Wall.uasset"
[2026.04.14-04.25.37:340][  0]LogPackFactory: Copied "../../../Samples/StarterContent/Content/StarterContent/Materials/M_Brick_Clay_Beveled.uasset" to "../../../../../../Users/asus/Desktop/Assign 565/My project/CPSC399_Game/CPSC399Game/Content/StarterContent/Materials/M_Brick_Clay_Beveled.uasset"
[2026.04.14-04.25.37:345][  0]LogPackFactory: Copied "../../../Samples/StarterContent/Content/StarterContent/Materials/M_Brick_Clay_New.uasset" to "../../../../../../Users/asus/Desktop/Assign 565/My project/CPSC399_Game/CPSC399Game/Content/StarterContent/Materials/M_Brick_Clay_New.uasset"
[2026.04.14-04.25.37:350][  0]LogPackFactory: Copied "../../../Samples/StarterContent/Content/StarterContent/Materials/M_Brick_Clay_Old.uasset" to "../../../../../../Users/asus/Desktop/Assign 565/My project/CPSC399_Game/CPSC399Game/Content/StarterContent/Materials/M_Brick_Clay_Old.uasset"
[2026.04.14-04.25.37:355][  0]LogPackFactory: Copied "../../../Samples/StarterContent/Content/StarterContent/Materials/M_Brick_Cut_Stone.uasset" to "../../../../../../Users/asus/Desktop/Assign 565/My project/CPSC399_Game/CPSC399Game/Content/StarterContent/Materials/M_Brick_Cut_Stone.uasset"
[2026.04.14-04.25.37:359][  0]LogPackFactory: Copied "../../../Samples/StarterContent/Content/StarterContent/Materials/M_Brick_Hewn_Stone.uasset" to "../../../../../../Users/asus/Desktop/Assign 565/My project/CPSC399_Game/CPSC399Game/Content/StarterContent/Materials/M_Brick_Hewn_Stone.uasset"
[2026.04.14-04.25.37:365][  0]LogPackFactory: Copied "../../../Samples/StarterContent/Content/StarterContent/Materials/M_Ceramic_Tile_Checker.uasset" to "../../../../../../Users/asus/Desktop/Assign 565/My project/CPSC399_Game/CPSC399Game/Content/StarterContent/Materials/M_Ceramic_Tile_Checker.uasset"
[2026.04.14-04.25.37:370][  0]LogPackFactory: Copied "../../../Samples/StarterContent/Content/StarterContent/Materials/M_CobbleStone_Pebble.uasset" to "../../../../../../Users/asus/Desktop/Assign 565/My project/CPSC399_Game/CPSC399Game/Content/StarterContent/Materials/M_CobbleStone_Pebble.uasset"
[2026.04.14-04.25.37:374][  0]LogPackFactory: Copied "../../../Samples/StarterContent/Content/StarterContent/Materials/M_CobbleStone_Rough.uasset" to "../../../../../../Users/asus/Desktop/Assign 565/My project/CPSC399_Game/CPSC399Game/Content/StarterContent/Materials/M_CobbleStone_Rough.uasset"
[2026.04.14-04.25.37:379][  0]LogPackFactory: Copied "../../../Samples/StarterContent/Content/StarterContent/Materials/M_CobbleStone_Smooth.uasset" to "../../../../../../Users/asus/Desktop/Assign 565/My project/CPSC399_Game/CPSC399Game/Content/StarterContent/Materials/M_CobbleStone_Smooth.uasset"
[2026.04.14-04.25.37:383][  0]LogPackFactory: Copied "../../../Samples/StarterContent/Content/StarterContent/Materials/M_ColorGrid_LowSpec.uasset" to "../../../../../../Users/asus/Desktop/Assign 565/My project/CPSC399_Game/CPSC399Game/Content/StarterContent/Materials/M_ColorGrid_LowSpec.uasset"
[2026.04.14-04.25.37:389][  0]LogPackFactory: Copied "../../../Samples/StarterContent/Content/StarterContent/Materials/M_Concrete_Grime.uasset" to "../../../../../../Users/asus/Desktop/Assign 565/My project/CPSC399_Game/CPSC399Game/Content/StarterContent/Materials/M_Concrete_Grime.uasset"
[2026.04.14-04.25.37:393][  0]LogPackFactory: Copied "../../../Samples/StarterContent/Content/StarterContent/Materials/M_Concrete_Panels.uasset" to "../../../../../../Users/asus/Desktop/Assign 565/My project/CPSC399_Game/CPSC399Game/Content/StarterContent/Materials/M_Concrete_Panels.uasset"
[2026.04.14-04.25.37:398][  0]LogPackFactory: Copied "../../../Samples/StarterContent/Content/StarterContent/Materials/M_Concrete_Poured.uasset" to "../../../../../../Users/asus/Desktop/Assign 565/My project/CPSC399_Game/CPSC399Game/Content/StarterContent/Materials/M_Concrete_Poured.uasset"
[2026.04.14-04.25.37:402][  0]LogPackFactory: Copied "../../../Samples/StarterContent/Content/StarterContent/Materials/M_Concrete_Tiles.uasset" to "../../../../../../Users/asus/Desktop/Assign 565/My project/CPSC399_Game/CPSC399Game/Content/StarterContent/Materials/M_Concrete_Tiles.uasset"
[2026.04.14-04.25.37:408][  0]LogPackFactory: Copied "../../../Samples/StarterContent/Content/StarterContent/Materials/M_Glass.uasset" to "../../../../../../Users/asus/Desktop/Assign 565/My project/CPSC399_Game/CPSC399Game/Content/StarterContent/Materials/M_Glass.uasset"
[2026.04.14-04.25.37:412][  0]LogPackFactory: Copied "../../../Samples/StarterContent/Content/StarterContent/Materials/M_Ground_Grass.uasset" to "../../../../../../Users/asus/Desktop/Assign 565/My project/CPSC399_Game/CPSC399Game/Content/StarterContent/Materials/M_Ground_Grass.uasset"
[2026.04.14-04.25.37:416][  0]LogPackFactory: Copied "../../../Samples/StarterContent/Content/StarterContent/Materials/M_Ground_Gravel.uasset" to "../../../../../../Users/asus/Desktop/Assign 565/My project/CPSC399_Game/CPSC399Game/Content/StarterContent/Materials/M_Ground_Gravel.uasset"
[2026.04.14-04.25.37:421][  0]LogPackFactory: Copied "../../../Samples/StarterContent/Content/StarterContent/Materials/M_Ground_Moss.uasset" to "../../../../../../Users/asus/Desktop/Assign 565/My project/CPSC399_Game/CPSC399Game/Content/StarterContent/Materials/M_Ground_Moss.uasset"
[2026.04.14-04.25.37:426][  0]LogPackFactory: Copied "../../../Samples/StarterContent/Content/StarterContent/Materials/M_Metal_Brushed_Nickel.uasset" to "../../../../../../Users/asus/Desktop/Assign 565/My project/CPSC399_Game/CPSC399Game/Content/StarterContent/Materials/M_Metal_Brushed_Nickel.uasset"
[2026.04.14-04.25.37:431][  0]LogPackFactory: Copied "../../../Samples/StarterContent/Content/StarterContent/Materials/M_Metal_Burnished_Steel.uasset" to "../../../../../../Users/asus/Desktop/Assign 565/My project/CPSC399_Game/CPSC399Game/Content/StarterContent/Materials/M_Metal_Burnished_Steel.uasset"
[2026.04.14-04.25.37:435][  0]LogPackFactory: Copied "../../../Samples/StarterContent/Content/StarterContent/Materials/M_Metal_Chrome.uasset" to "../../../../../../Users/asus/Desktop/Assign 565/My project/CPSC399_Game/CPSC399Game/Content/StarterContent/Materials/M_Metal_Chrome.uasset"
[2026.04.14-04.25.37:440][  0]LogPackFactory: Copied "../../../Samples/StarterContent/Content/StarterContent/Materials/M_Metal_Copper.uasset" to "../../../../../../Users/asus/Desktop/Assign 565/My project/CPSC399_Game/CPSC399Game/Content/StarterContent/Materials/M_Metal_Copper.uasset"
[2026.04.14-04.25.37:444][  0]LogPackFactory: Copied "../../../Samples/StarterContent/Content/StarterContent/Materials/M_Metal_Gold.uasset" to "../../../../../../Users/asus/Desktop/Assign 565/My project/CPSC399_Game/CPSC399Game/Content/StarterContent/Materials/M_Metal_Gold.uasset"
[2026.04.14-04.25.37:449][  0]LogPackFactory: Copied "../../../Samples/StarterContent/Content/StarterContent/Materials/M_Metal_Rust.uasset" to "../../../../../../Users/asus/Desktop/Assign 565/My project/CPSC399_Game/CPSC399Game/Content/StarterContent/Materials/M_Metal_Rust.uasset"
[2026.04.14-04.25.37:454][  0]LogPackFactory: Copied "../../../Samples/StarterContent/Content/StarterContent/Materials/M_Metal_Steel.uasset" to "../../../../../../Users/asus/Desktop/Assign 565/My project/CPSC399_Game/CPSC399Game/Content/StarterContent/Materials/M_Metal_Steel.uasset"
[2026.04.14-04.25.37:459][  0]LogPackFactory: Copied "../../../Samples/StarterContent/Content/StarterContent/Materials/M_Rock_Basalt.uasset" to "../../../../../../Users/asus/Desktop/Assign 565/My project/CPSC399_Game/CPSC399Game/Content/StarterContent/Materials/M_Rock_Basalt.uasset"
[2026.04.14-04.25.37:463][  0]LogPackFactory: Copied "../../../Samples/StarterContent/Content/StarterContent/Materials/M_Rock_Marble_Polished.uasset" to "../../../../../../Users/asus/Desktop/Assign 565/My project/CPSC399_Game/CPSC399Game/Content/StarterContent/Materials/M_Rock_Marble_Polished.uasset"
[2026.04.14-04.25.37:468][  0]LogPackFactory: Copied "../../../Samples/StarterContent/Content/StarterContent/Materials/M_Rock_Sandstone.uasset" to "../../../../../../Users/asus/Desktop/Assign 565/My project/CPSC399_Game/CPSC399Game/Content/StarterContent/Materials/M_Rock_Sandstone.uasset"
[2026.04.14-04.25.37:472][  0]LogPackFactory: Copied "../../../Samples/StarterContent/Content/StarterContent/Materials/M_Rock_Slate.uasset" to "../../../../../../Users/asus/Desktop/Assign 565/My project/CPSC399_Game/CPSC399Game/Content/StarterContent/Materials/M_Rock_Slate.uasset"
[2026.04.14-04.25.37:477][  0]LogPackFactory: Copied "../../../Samples/StarterContent/Content/StarterContent/Materials/M_Tech_Checker_Dot.uasset" to "../../../../../../Users/asus/Desktop/Assign 565/My project/CPSC399_Game/CPSC399Game/Content/StarterContent/Materials/M_Tech_Checker_Dot.uasset"
[2026.04.14-04.25.37:482][  0]LogPackFactory: Copied "../../../Samples/StarterContent/Content/StarterContent/Materials/M_Tech_Hex_Tile.uasset" to "../../../../../../Users/asus/Desktop/Assign 565/My project/CPSC399_Game/CPSC399Game/Content/StarterContent/Materials/M_Tech_Hex_Tile.uasset"
[2026.04.14-04.25.37:487][  0]LogPackFactory: Copied "../../../Samples/StarterContent/Content/StarterContent/Materials/M_Tech_Hex_Tile_Pulse.uasset" to "../../../../../../Users/asus/Desktop/Assign 565/My project/CPSC399_Game/CPSC399Game/Content/StarterContent/Materials/M_Tech_Hex_Tile_Pulse.uasset"
[2026.04.14-04.25.37:491][  0]LogPackFactory: Copied "../../../Samples/StarterContent/Content/StarterContent/Materials/M_Tech_Panel.uasset" to "../../../../../../Users/asus/Desktop/Assign 565/My project/CPSC399_Game/CPSC399Game/Content/StarterContent/Materials/M_Tech_Panel.uasset"
[2026.04.14-04.25.37:497][  0]LogPackFactory: Copied "../../../Samples/StarterContent/Content/StarterContent/Materials/M_Water_Lake.uasset" to "../../../../../../Users/asus/Desktop/Assign 565/My project/CPSC399_Game/CPSC399Game/Content/StarterContent/Materials/M_Water_Lake.uasset"
[2026.04.14-04.25.37:512][  0]LogPackFactory: Copied "../../../Samples/StarterContent/Content/StarterContent/Materials/M_Water_Ocean.uasset" to "../../../../../../Users/asus/Desktop/Assign 565/My project/CPSC399_Game/CPSC399Game/Content/StarterContent/Materials/M_Water_Ocean.uasset"
[2026.04.14-04.25.37:518][  0]LogPackFactory: Copied "../../../Samples/StarterContent/Content/StarterContent/Materials/M_Wood_Floor_Walnut_Polished.uasset" to "../../../../../../Users/asus/Desktop/Assign 565/My project/CPSC399_Game/CPSC399Game/Content/StarterContent/Materials/M_Wood_Floor_Walnut_Polished.uasset"
[2026.04.14-04.25.37:522][  0]LogPackFactory: Copied "../../../Samples/StarterContent/Content/StarterContent/Materials/M_Wood_Floor_Walnut_Worn.uasset" to "../../../../../../Users/asus/Desktop/Assign 565/My project/CPSC399_Game/CPSC399Game/Content/StarterContent/Materials/M_Wood_Floor_Walnut_Worn.uasset"
[2026.04.14-04.25.37:527][  0]LogPackFactory: Copied "../../../Samples/StarterContent/Content/StarterContent/Materials/M_Wood_Oak.uasset" to "../../../../../../Users/asus/Desktop/Assign 565/My project/CPSC399_Game/CPSC399Game/Content/StarterContent/Materials/M_Wood_Oak.uasset"
[2026.04.14-04.25.37:532][  0]LogPackFactory: Copied "../../../Samples/StarterContent/Content/StarterContent/Materials/M_Wood_Pine.uasset" to "../../../../../../Users/asus/Desktop/Assign 565/My project/CPSC399_Game/CPSC399Game/Content/StarterContent/Materials/M_Wood_Pine.uasset"
[2026.04.14-04.25.37:537][  0]LogPackFactory: Copied "../../../Samples/StarterContent/Content/StarterContent/Materials/M_Wood_Walnut.uasset" to "../../../../../../Users/asus/Desktop/Assign 565/My project/CPSC399_Game/CPSC399Game/Content/StarterContent/Materials/M_Wood_Walnut.uasset"
[2026.04.14-04.25.37:541][  0]LogPackFactory: Copied "../../../Samples/StarterContent/Content/StarterContent/Particles/P_Ambient_Dust.uasset" to "../../../../../../Users/asus/Desktop/Assign 565/My project/CPSC399_Game/CPSC399Game/Content/StarterContent/Particles/P_Ambient_Dust.uasset"
[2026.04.14-04.25.37:546][  0]LogPackFactory: Copied "../../../Samples/StarterContent/Content/StarterContent/Particles/P_Explosion.uasset" to "../../../../../../Users/asus/Desktop/Assign 565/My project/CPSC399_Game/CPSC399Game/Content/StarterContent/Particles/P_Explosion.uasset"
[2026.04.14-04.25.37:552][  0]LogPackFactory: Copied "../../../Samples/StarterContent/Content/StarterContent/Particles/P_Fire.uasset" to "../../../../../../Users/asus/Desktop/Assign 565/My project/CPSC399_Game/CPSC399Game/Content/StarterContent/Particles/P_Fire.uasset"
[2026.04.14-04.25.37:557][  0]LogPackFactory: Copied "../../../Samples/StarterContent/Content/StarterContent/Particles/P_Smoke.uasset" to "../../../../../../Users/asus/Desktop/Assign 565/My project/CPSC399_Game/CPSC399Game/Content/StarterContent/Particles/P_Smoke.uasset"
[2026.04.14-04.25.37:562][  0]LogPackFactory: Copied "../../../Samples/StarterContent/Content/StarterContent/Particles/P_Sparks.uasset" to "../../../../../../Users/asus/Desktop/Assign 565/My project/CPSC399_Game/CPSC399Game/Content/StarterContent/Particles/P_Sparks.uasset"
[2026.04.14-04.25.37:567][  0]LogPackFactory: Copied "../../../Samples/StarterContent/Content/StarterContent/Particles/P_Steam_Lit.uasset" to "../../../../../../Users/asus/Desktop/Assign 565/My project/CPSC399_Game/CPSC399Game/Content/StarterContent/Particles/P_Steam_Lit.uasset"
[2026.04.14-04.25.37:570][  0]LogPackFactory: Copied "../../../Samples/StarterContent/Content/StarterContent/Particles/Materials/M_Burst.uasset" to "../../../../../../Users/asus/Desktop/Assign 565/My project/CPSC399_Game/CPSC399Game/Content/StarterContent/Particles/Materials/M_Burst.uasset"
[2026.04.14-04.25.37:576][  0]LogPackFactory: Copied "../../../Samples/StarterContent/Content/StarterContent/Particles/Materials/M_Dust_Particle.uasset" to "../../../../../../Users/asus/Desktop/Assign 565/My project/CPSC399_Game/CPSC399Game/Content/StarterContent/Particles/Materials/M_Dust_Particle.uasset"
[2026.04.14-04.25.37:581][  0]LogPackFactory: Copied "../../../Samples/StarterContent/Content/StarterContent/Particles/Materials/M_explosion_subUV.uasset" to "../../../../../../Users/asus/Desktop/Assign 565/My project/CPSC399_Game/CPSC399Game/Content/StarterContent/Particles/Materials/M_explosion_subUV.uasset"
[2026.04.14-04.25.37:586][  0]LogPackFactory: Copied "../../../Samples/StarterContent/Content/StarterContent/Particles/Materials/M_Fire_SubUV.uasset" to "../../../../../../Users/asus/Desktop/Assign 565/My project/CPSC399_Game/CPSC399Game/Content/StarterContent/Particles/Materials/M_Fire_SubUV.uasset"
[2026.04.14-04.25.37:590][  0]LogPackFactory: Copied "../../../Samples/StarterContent/Content/StarterContent/Particles/Materials/m_flare_01.uasset" to "../../../../../../Users/asus/Desktop/Assign 565/My project/CPSC399_Game/CPSC399Game/Content/StarterContent/Particles/Materials/m_flare_01.uasset"
[2026.04.14-04.25.37:595][  0]LogPackFactory: Copied "../../../Samples/StarterContent/Content/StarterContent/Particles/Materials/M_Heat_Distortion.uasset" to "../../../../../../Users/asus/Desktop/Assign 565/My project/CPSC399_Game/CPSC399Game/Content/StarterContent/Particles/Materials/M_Heat_Distortion.uasset"
[2026.04.14-04.25.37:600][  0]LogPackFactory: Copied "../../../Samples/StarterContent/Content/StarterContent/Particles/Materials/M_Radial_Gradient.uasset" to "../../../../../../Users/asus/Desktop/Assign 565/My project/CPSC399_Game/CPSC399Game/Content/StarterContent/Particles/Materials/M_Radial_Gradient.uasset"
[2026.04.14-04.25.37:604][  0]LogPackFactory: Copied "../../../Samples/StarterContent/Content/StarterContent/Particles/Materials/M_radial_ramp.uasset" to "../../../../../../Users/asus/Desktop/Assign 565/My project/CPSC399_Game/CPSC399Game/Content/StarterContent/Particles/Materials/M_radial_ramp.uasset"
[2026.04.14-04.25.37:609][  0]LogPackFactory: Copied "../../../Samples/StarterContent/Content/StarterContent/Particles/Materials/M_smoke_subUV.uasset" to "../../../../../../Users/asus/Desktop/Assign 565/My project/CPSC399_Game/CPSC399Game/Content/StarterContent/Particles/Materials/M_smoke_subUV.uasset"
[2026.04.14-04.25.37:613][  0]LogPackFactory: Copied "../../../Samples/StarterContent/Content/StarterContent/Particles/Materials/M_Spark.uasset" to "../../../../../../Users/asus/Desktop/Assign 565/My project/CPSC399_Game/CPSC399Game/Content/StarterContent/Particles/Materials/M_Spark.uasset"
[2026.04.14-04.25.37:619][  0]LogPackFactory: Copied "../../../Samples/StarterContent/Content/StarterContent/Props/MaterialSphere.uasset" to "../../../../../../Users/asus/Desktop/Assign 565/My project/CPSC399_Game/CPSC399Game/Content/StarterContent/Props/MaterialSphere.uasset"
[2026.04.14-04.25.37:624][  0]LogPackFactory: Copied "../../../Samples/StarterContent/Content/StarterContent/Props/SM_Bush.uasset" to "../../../../../../Users/asus/Desktop/Assign 565/My project/CPSC399_Game/CPSC399Game/Content/StarterContent/Props/SM_Bush.uasset"
[2026.04.14-04.25.37:629][  0]LogPackFactory: Copied "../../../Samples/StarterContent/Content/StarterContent/Props/SM_Chair.uasset" to "../../../../../../Users/asus/Desktop/Assign 565/My project/CPSC399_Game/CPSC399Game/Content/StarterContent/Props/SM_Chair.uasset"
[2026.04.14-04.25.37:633][  0]LogPackFactory: Copied "../../../Samples/StarterContent/Content/StarterContent/Props/SM_CornerFrame.uasset" to "../../../../../../Users/asus/Desktop/Assign 565/My project/CPSC399_Game/CPSC399Game/Content/StarterContent/Props/SM_CornerFrame.uasset"
[2026.04.14-04.25.37:638][  0]LogPackFactory: Copied "../../../Samples/StarterContent/Content/StarterContent/Props/SM_Couch.uasset" to "../../../../../../Users/asus/Desktop/Assign 565/My project/CPSC399_Game/CPSC399Game/Content/StarterContent/Props/SM_Couch.uasset"
[2026.04.14-04.25.37:643][  0]LogPackFactory: Copied "../../../Samples/StarterContent/Content/StarterContent/Props/SM_Door.uasset" to "../../../../../../Users/asus/Desktop/Assign 565/My project/CPSC399_Game/CPSC399Game/Content/StarterContent/Props/SM_Door.uasset"
[2026.04.14-04.25.37:648][  0]LogPackFactory: Copied "../../../Samples/StarterContent/Content/StarterContent/Props/SM_DoorFrame.uasset" to "../../../../../../Users/asus/Desktop/Assign 565/My project/CPSC399_Game/CPSC399Game/Content/StarterContent/Props/SM_DoorFrame.uasset"
[2026.04.14-04.25.37:652][  0]LogPackFactory: Copied "../../../Samples/StarterContent/Content/StarterContent/Props/SM_GlassWindow.uasset" to "../../../../../../Users/asus/Desktop/Assign 565/My project/CPSC399_Game/CPSC399Game/Content/StarterContent/Props/SM_GlassWindow.uasset"
[2026.04.14-04.25.37:657][  0]LogPackFactory: Copied "../../../Samples/StarterContent/Content/StarterContent/Props/SM_Lamp_Ceiling.uasset" to "../../../../../../Users/asus/Desktop/Assign 565/My project/CPSC399_Game/CPSC399Game/Content/StarterContent/Props/SM_Lamp_Ceiling.uasset"
[2026.04.14-04.25.37:661][  0]LogPackFactory: Copied "../../../Samples/StarterContent/Content/StarterContent/Props/SM_Lamp_Wall.uasset" to "../../../../../../Users/asus/Desktop/Assign 565/My project/CPSC399_Game/CPSC399Game/Content/StarterContent/Props/SM_Lamp_Wall.uasset"
[2026.04.14-04.25.37:668][  0]LogPackFactory: Copied "../../../Samples/StarterContent/Content/StarterContent/Props/SM_MatPreviewMesh_02.uasset" to "../../../../../../Users/asus/Desktop/Assign 565/My project/CPSC399_Game/CPSC399Game/Content/StarterContent/Props/SM_MatPreviewMesh_02.uasset"
[2026.04.14-04.25.37:672][  0]LogPackFactory: Copied "../../../Samples/StarterContent/Content/StarterContent/Props/SM_PillarFrame.uasset" to "../../../../../../Users/asus/Desktop/Assign 565/My project/CPSC399_Game/CPSC399Game/Content/StarterContent/Props/SM_PillarFrame.uasset"
[2026.04.14-04.25.37:678][  0]LogPackFactory: Copied "../../../Samples/StarterContent/Content/StarterContent/Props/SM_PillarFrame300.uasset" to "../../../../../../Users/asus/Desktop/Assign 565/My project/CPSC399_Game/CPSC399Game/Content/StarterContent/Props/SM_PillarFrame300.uasset"
[2026.04.14-04.25.37:682][  0]LogPackFactory: Copied "../../../Samples/StarterContent/Content/StarterContent/Props/SM_Rock.uasset" to "../../../../../../Users/asus/Desktop/Assign 565/My project/CPSC399_Game/CPSC399Game/Content/StarterContent/Props/SM_Rock.uasset"
[2026.04.14-04.25.37:687][  0]LogPackFactory: Copied "../../../Samples/StarterContent/Content/StarterContent/Props/SM_Shelf.uasset" to "../../../../../../Users/asus/Desktop/Assign 565/My project/CPSC399_Game/CPSC399Game/Content/StarterContent/Props/SM_Shelf.uasset"
[2026.04.14-04.25.37:692][  0]LogPackFactory: Copied "../../../Samples/StarterContent/Content/StarterContent/Props/SM_Stairs.uasset" to "../../../../../../Users/asus/Desktop/Assign 565/My project/CPSC399_Game/CPSC399Game/Content/StarterContent/Props/SM_Stairs.uasset"
[2026.04.14-04.25.37:697][  0]LogPackFactory: Copied "../../../Samples/StarterContent/Content/StarterContent/Props/SM_Statue.uasset" to "../../../../../../Users/asus/Desktop/Assign 565/My project/CPSC399_Game/CPSC399Game/Content/StarterContent/Props/SM_Statue.uasset"
[2026.04.14-04.25.37:702][  0]LogPackFactory: Copied "../../../Samples/StarterContent/Content/StarterContent/Props/SM_TableRound.uasset" to "../../../../../../Users/asus/Desktop/Assign 565/My project/CPSC399_Game/CPSC399Game/Content/StarterContent/Props/SM_TableRound.uasset"
[2026.04.14-04.25.37:706][  0]LogPackFactory: Copied "../../../Samples/StarterContent/Content/StarterContent/Props/SM_WindowFrame.uasset" to "../../../../../../Users/asus/Desktop/Assign 565/My project/CPSC399_Game/CPSC399Game/Content/StarterContent/Props/SM_WindowFrame.uasset"
[2026.04.14-04.25.37:711][  0]LogPackFactory: Copied "../../../Samples/StarterContent/Content/StarterContent/Props/Materials/M_Bush.uasset" to "../../../../../../Users/asus/Desktop/Assign 565/My project/CPSC399_Game/CPSC399Game/Content/StarterContent/Props/Materials/M_Bush.uasset"
[2026.04.14-04.25.37:716][  0]LogPackFactory: Copied "../../../Samples/StarterContent/Content/StarterContent/Props/Materials/M_Chair.uasset" to "../../../../../../Users/asus/Desktop/Assign 565/My project/CPSC399_Game/CPSC399Game/Content/StarterContent/Props/Materials/M_Chair.uasset"
[2026.04.14-04.25.37:720][  0]LogPackFactory: Copied "../../../Samples/StarterContent/Content/StarterContent/Props/Materials/M_Door.uasset" to "../../../../../../Users/asus/Desktop/Assign 565/My project/CPSC399_Game/CPSC399Game/Content/StarterContent/Props/Materials/M_Door.uasset"
[2026.04.14-04.25.37:725][  0]LogPackFactory: Copied "../../../Samples/StarterContent/Content/StarterContent/Props/Materials/M_Frame.uasset" to "../../../../../../Users/asus/Desktop/Assign 565/My project/CPSC399_Game/CPSC399Game/Content/StarterContent/Props/Materials/M_Frame.uasset"
[2026.04.14-04.25.37:731][  0]LogPackFactory: Copied "../../../Samples/StarterContent/Content/StarterContent/Props/Materials/M_Lamp.uasset" to "../../../../../../Users/asus/Desktop/Assign 565/My project/CPSC399_Game/CPSC399Game/Content/StarterContent/Props/Materials/M_Lamp.uasset"
[2026.04.14-04.25.37:736][  0]LogPackFactory: Copied "../../../Samples/StarterContent/Content/StarterContent/Props/Materials/M_MaterialSphere.uasset" to "../../../../../../Users/asus/Desktop/Assign 565/My project/CPSC399_Game/CPSC399Game/Content/StarterContent/Props/Materials/M_MaterialSphere.uasset"
[2026.04.14-04.25.37:740][  0]LogPackFactory: Copied "../../../Samples/StarterContent/Content/StarterContent/Props/Materials/M_MaterialSphere_Plain.uasset" to "../../../../../../Users/asus/Desktop/Assign 565/My project/CPSC399_Game/CPSC399Game/Content/StarterContent/Props/Materials/M_MaterialSphere_Plain.uasset"
[2026.04.14-04.25.37:744][  0]LogPackFactory: Copied "../../../Samples/StarterContent/Content/StarterContent/Props/Materials/M_Rock.uasset" to "../../../../../../Users/asus/Desktop/Assign 565/My project/CPSC399_Game/CPSC399Game/Content/StarterContent/Props/Materials/M_Rock.uasset"
[2026.04.14-04.25.37:749][  0]LogPackFactory: Copied "../../../Samples/StarterContent/Content/StarterContent/Props/Materials/M_Shelf.uasset" to "../../../../../../Users/asus/Desktop/Assign 565/My project/CPSC399_Game/CPSC399Game/Content/StarterContent/Props/Materials/M_Shelf.uasset"
[2026.04.14-04.25.37:754][  0]LogPackFactory: Copied "../../../Samples/StarterContent/Content/StarterContent/Props/Materials/M_Statue.uasset" to "../../../../../../Users/asus/Desktop/Assign 565/My project/CPSC399_Game/CPSC399Game/Content/StarterContent/Props/Materials/M_Statue.uasset"
[2026.04.14-04.25.37:757][  0]LogPackFactory: Copied "../../../Samples/StarterContent/Content/StarterContent/Props/Materials/M_StatueGlass.uasset" to "../../../../../../Users/asus/Desktop/Assign 565/My project/CPSC399_Game/CPSC399Game/Content/StarterContent/Props/Materials/M_StatueGlass.uasset"
[2026.04.14-04.25.37:763][  0]LogPackFactory: Copied "../../../Samples/StarterContent/Content/StarterContent/Props/Materials/M_TableRound.uasset" to "../../../../../../Users/asus/Desktop/Assign 565/My project/CPSC399_Game/CPSC399Game/Content/StarterContent/Props/Materials/M_TableRound.uasset"
[2026.04.14-04.25.37:768][  0]LogPackFactory: Copied "../../../Samples/StarterContent/Content/StarterContent/Shapes/Shape_Cone.uasset" to "../../../../../../Users/asus/Desktop/Assign 565/My project/CPSC399_Game/CPSC399Game/Content/StarterContent/Shapes/Shape_Cone.uasset"
[2026.04.14-04.25.37:772][  0]LogPackFactory: Copied "../../../Samples/StarterContent/Content/StarterContent/Shapes/Shape_Cube.uasset" to "../../../../../../Users/asus/Desktop/Assign 565/My project/CPSC399_Game/CPSC399Game/Content/StarterContent/Shapes/Shape_Cube.uasset"
[2026.04.14-04.25.37:777][  0]LogPackFactory: Copied "../../../Samples/StarterContent/Content/StarterContent/Shapes/Shape_Cylinder.uasset" to "../../../../../../Users/asus/Desktop/Assign 565/My project/CPSC399_Game/CPSC399Game/Content/StarterContent/Shapes/Shape_Cylinder.uasset"
[2026.04.14-04.25.37:781][  0]LogPackFactory: Copied "../../../Samples/StarterContent/Content/StarterContent/Shapes/Shape_NarrowCapsule.uasset" to "../../../../../../Users/asus/Desktop/Assign 565/My project/CPSC399_Game/CPSC399Game/Content/StarterContent/Shapes/Shape_NarrowCapsule.uasset"
[2026.04.14-04.25.37:786][  0]LogPackFactory: Copied "../../../Samples/StarterContent/Content/StarterContent/Shapes/Shape_Pipe.uasset" to "../../../../../../Users/asus/Desktop/Assign 565/My project/CPSC399_Game/CPSC399Game/Content/StarterContent/Shapes/Shape_Pipe.uasset"
[2026.04.14-04.25.37:791][  0]LogPackFactory: Copied "../../../Samples/StarterContent/Content/StarterContent/Shapes/Shape_Pipe_180.uasset" to "../../../../../../Users/asus/Desktop/Assign 565/My project/CPSC399_Game/CPSC399Game/Content/StarterContent/Shapes/Shape_Pipe_180.uasset"
[2026.04.14-04.25.37:796][  0]LogPackFactory: Copied "../../../Samples/StarterContent/Content/StarterContent/Shapes/Shape_Pipe_90.uasset" to "../../../../../../Users/asus/Desktop/Assign 565/My project/CPSC399_Game/CPSC399Game/Content/StarterContent/Shapes/Shape_Pipe_90.uasset"
[2026.04.14-04.25.37:801][  0]LogPackFactory: Copied "../../../Samples/StarterContent/Content/StarterContent/Shapes/Shape_Plane.uasset" to "../../../../../../Users/asus/Desktop/Assign 565/My project/CPSC399_Game/CPSC399Game/Content/StarterContent/Shapes/Shape_Plane.uasset"
[2026.04.14-04.25.37:806][  0]LogPackFactory: Copied "../../../Samples/StarterContent/Content/StarterContent/Shapes/Shape_QuadPyramid.uasset" to "../../../../../../Users/asus/Desktop/Assign 565/My project/CPSC399_Game/CPSC399Game/Content/StarterContent/Shapes/Shape_QuadPyramid.uasset"
[2026.04.14-04.25.37:810][  0]LogPackFactory: Copied "../../../Samples/StarterContent/Content/StarterContent/Shapes/Shape_Sphere.uasset" to "../../../../../../Users/asus/Desktop/Assign 565/My project/CPSC399_Game/CPSC399Game/Content/StarterContent/Shapes/Shape_Sphere.uasset"
[2026.04.14-04.25.37:817][  0]LogPackFactory: Copied "../../../Samples/StarterContent/Content/StarterContent/Shapes/Shape_Torus.uasset" to "../../../../../../Users/asus/Desktop/Assign 565/My project/CPSC399_Game/CPSC399Game/Content/StarterContent/Shapes/Shape_Torus.uasset"
[2026.04.14-04.25.37:822][  0]LogPackFactory: Copied "../../../Samples/StarterContent/Content/StarterContent/Shapes/Shape_Trim.uasset" to "../../../../../../Users/asus/Desktop/Assign 565/My project/CPSC399_Game/CPSC399Game/Content/StarterContent/Shapes/Shape_Trim.uasset"
[2026.04.14-04.25.37:826][  0]LogPackFactory: Copied "../../../Samples/StarterContent/Content/StarterContent/Shapes/Shape_Trim_90_In.uasset" to "../../../../../../Users/asus/Desktop/Assign 565/My project/CPSC399_Game/CPSC399Game/Content/StarterContent/Shapes/Shape_Trim_90_In.uasset"
[2026.04.14-04.25.37:831][  0]LogPackFactory: Copied "../../../Samples/StarterContent/Content/StarterContent/Shapes/Shape_Trim_90_Out.uasset" to "../../../../../../Users/asus/Desktop/Assign 565/My project/CPSC399_Game/CPSC399Game/Content/StarterContent/Shapes/Shape_Trim_90_Out.uasset"
[2026.04.14-04.25.37:836][  0]LogPackFactory: Copied "../../../Samples/StarterContent/Content/StarterContent/Shapes/Shape_TriPyramid.uasset" to "../../../../../../Users/asus/Desktop/Assign 565/My project/CPSC399_Game/CPSC399Game/Content/StarterContent/Shapes/Shape_TriPyramid.uasset"
[2026.04.14-04.25.37:841][  0]LogPackFactory: Copied "../../../Samples/StarterContent/Content/StarterContent/Shapes/Shape_Tube.uasset" to "../../../../../../Users/asus/Desktop/Assign 565/My project/CPSC399_Game/CPSC399Game/Content/StarterContent/Shapes/Shape_Tube.uasset"
[2026.04.14-04.25.37:845][  0]LogPackFactory: Copied "../../../Samples/StarterContent/Content/StarterContent/Shapes/Shape_Wedge_A.uasset" to "../../../../../../Users/asus/Desktop/Assign 565/My project/CPSC399_Game/CPSC399Game/Content/StarterContent/Shapes/Shape_Wedge_A.uasset"
[2026.04.14-04.25.37:850][  0]LogPackFactory: Copied "../../../Samples/StarterContent/Content/StarterContent/Shapes/Shape_Wedge_B.uasset" to "../../../../../../Users/asus/Desktop/Assign 565/My project/CPSC399_Game/CPSC399Game/Content/StarterContent/Shapes/Shape_Wedge_B.uasset"
[2026.04.14-04.25.37:855][  0]LogPackFactory: Copied "../../../Samples/StarterContent/Content/StarterContent/Shapes/Shape_WideCapsule.uasset" to "../../../../../../Users/asus/Desktop/Assign 565/My project/CPSC399_Game/CPSC399Game/Content/StarterContent/Shapes/Shape_WideCapsule.uasset"
[2026.04.14-04.25.37:865][  0]LogPackFactory: Copied "../../../Samples/StarterContent/Content/StarterContent/Textures/T_Brick_Clay_Beveled_D.uasset" to "../../../../../../Users/asus/Desktop/Assign 565/My project/CPSC399_Game/CPSC399Game/Content/StarterContent/Textures/T_Brick_Clay_Beveled_D.uasset"
[2026.04.14-04.25.37:877][  0]LogPackFactory: Copied "../../../Samples/StarterContent/Content/StarterContent/Textures/T_Brick_Clay_Beveled_M.uasset" to "../../../../../../Users/asus/Desktop/Assign 565/My project/CPSC399_Game/CPSC399Game/Content/StarterContent/Textures/T_Brick_Clay_Beveled_M.uasset"
[2026.04.14-04.25.37:887][  0]LogPackFactory: Copied "../../../Samples/StarterContent/Content/StarterContent/Textures/T_Brick_Clay_Beveled_N.uasset" to "../../../../../../Users/asus/Desktop/Assign 565/My project/CPSC399_Game/CPSC399Game/Content/StarterContent/Textures/T_Brick_Clay_Beveled_N.uasset"
[2026.04.14-04.25.37:895][  0]LogPackFactory: Copied "../../../Samples/StarterContent/Content/StarterContent/Textures/T_Brick_Clay_New_D.uasset" to "../../../../../../Users/asus/Desktop/Assign 565/My project/CPSC399_Game/CPSC399Game/Content/StarterContent/Textures/T_Brick_Clay_New_D.uasset"
[2026.04.14-04.25.37:907][  0]LogPackFactory: Copied "../../../Samples/StarterContent/Content/StarterContent/Textures/T_Brick_Clay_New_M.uasset" to "../../../../../../Users/asus/Desktop/Assign 565/My project/CPSC399_Game/CPSC399Game/Content/StarterContent/Textures/T_Brick_Clay_New_M.uasset"
[2026.04.14-04.25.37:917][  0]LogPackFactory: Copied "../../../Samples/StarterContent/Content/StarterContent/Textures/T_Brick_Clay_New_N.uasset" to "../../../../../../Users/asus/Desktop/Assign 565/My project/CPSC399_Game/CPSC399Game/Content/StarterContent/Textures/T_Brick_Clay_New_N.uasset"
[2026.04.14-04.25.37:929][  0]LogPackFactory: Copied "../../../Samples/StarterContent/Content/StarterContent/Textures/T_Brick_Clay_Old_D.uasset" to "../../../../../../Users/asus/Desktop/Assign 565/My project/CPSC399_Game/CPSC399Game/Content/StarterContent/Textures/T_Brick_Clay_Old_D.uasset"
[2026.04.14-04.25.37:940][  0]LogPackFactory: Copied "../../../Samples/StarterContent/Content/StarterContent/Textures/T_Brick_Clay_Old_N.uasset" to "../../../../../../Users/asus/Desktop/Assign 565/My project/CPSC399_Game/CPSC399Game/Content/StarterContent/Textures/T_Brick_Clay_Old_N.uasset"
[2026.04.14-04.25.37:954][  0]LogPackFactory: Copied "../../../Samples/StarterContent/Content/StarterContent/Textures/T_Brick_Cut_Stone_D.uasset" to "../../../../../../Users/asus/Desktop/Assign 565/My project/CPSC399_Game/CPSC399Game/Content/StarterContent/Textures/T_Brick_Cut_Stone_D.uasset"
[2026.04.14-04.25.37:965][  0]LogPackFactory: Copied "../../../Samples/StarterContent/Content/StarterContent/Textures/T_Brick_Cut_Stone_N.uasset" to "../../../../../../Users/asus/Desktop/Assign 565/My project/CPSC399_Game/CPSC399Game/Content/StarterContent/Textures/T_Brick_Cut_Stone_N.uasset"
[2026.04.14-04.25.37:975][  0]LogPackFactory: Copied "../../../Samples/StarterContent/Content/StarterContent/Textures/T_Brick_Hewn_Stone_D.uasset" to "../../../../../../Users/asus/Desktop/Assign 565/My project/CPSC399_Game/CPSC399Game/Content/StarterContent/Textures/T_Brick_Hewn_Stone_D.uasset"
[2026.04.14-04.25.37:985][  0]LogPackFactory: Copied "../../../Samples/StarterContent/Content/StarterContent/Textures/T_Brick_Hewn_Stone_M.uasset" to "../../../../../../Users/asus/Desktop/Assign 565/My project/CPSC399_Game/CPSC399Game/Content/StarterContent/Textures/T_Brick_Hewn_Stone_M.uasset"
[2026.04.14-04.25.37:996][  0]LogPackFactory: Copied "../../../Samples/StarterContent/Content/StarterContent/Textures/T_Brick_Hewn_Stone_N.uasset" to "../../../../../../Users/asus/Desktop/Assign 565/My project/CPSC399_Game/CPSC399Game/Content/StarterContent/Textures/T_Brick_Hewn_Stone_N.uasset"
[2026.04.14-04.25.38:001][  0]LogPackFactory: Copied "../../../Samples/StarterContent/Content/StarterContent/Textures/T_Burst_M.uasset" to "../../../../../../Users/asus/Desktop/Assign 565/My project/CPSC399_Game/CPSC399Game/Content/StarterContent/Textures/T_Burst_M.uasset"
[2026.04.14-04.25.38:006][  0]LogPackFactory: Copied "../../../Samples/StarterContent/Content/StarterContent/Textures/T_Bush_D.uasset" to "../../../../../../Users/asus/Desktop/Assign 565/My project/CPSC399_Game/CPSC399Game/Content/StarterContent/Textures/T_Bush_D.uasset"
[2026.04.14-04.25.38:011][  0]LogPackFactory: Copied "../../../Samples/StarterContent/Content/StarterContent/Textures/T_Bush_N.uasset" to "../../../../../../Users/asus/Desktop/Assign 565/My project/CPSC399_Game/CPSC399Game/Content/StarterContent/Textures/T_Bush_N.uasset"
[2026.04.14-04.25.38:016][  0]LogPackFactory: Copied "../../../Samples/StarterContent/Content/StarterContent/Textures/T_Ceramic_Tile_M.uasset" to "../../../../../../Users/asus/Desktop/Assign 565/My project/CPSC399_Game/CPSC399Game/Content/StarterContent/Textures/T_Ceramic_Tile_M.uasset"
[2026.04.14-04.25.38:021][  0]LogPackFactory: Copied "../../../Samples/StarterContent/Content/StarterContent/Textures/T_Ceramic_Tile_N.uasset" to "../../../../../../Users/asus/Desktop/Assign 565/My project/CPSC399_Game/CPSC399Game/Content/StarterContent/Textures/T_Ceramic_Tile_N.uasset"
[2026.04.14-04.25.38:026][  0]LogPackFactory: Copied "../../../Samples/StarterContent/Content/StarterContent/Textures/T_Chair_M.uasset" to "../../../../../../Users/asus/Desktop/Assign 565/My project/CPSC399_Game/CPSC399Game/Content/StarterContent/Textures/T_Chair_M.uasset"
[2026.04.14-04.25.38:032][  0]LogPackFactory: Copied "../../../Samples/StarterContent/Content/StarterContent/Textures/T_Chair_N.uasset" to "../../../../../../Users/asus/Desktop/Assign 565/My project/CPSC399_Game/CPSC399Game/Content/StarterContent/Textures/T_Chair_N.uasset"
[2026.04.14-04.25.38:036][  0]LogPackFactory: Copied "../../../Samples/StarterContent/Content/StarterContent/Textures/T_Checker_Noise_M.uasset" to "../../../../../../Users/asus/Desktop/Assign 565/My project/CPSC399_Game/CPSC399Game/Content/StarterContent/Textures/T_Checker_Noise_M.uasset"
[2026.04.14-04.25.38:049][  0]LogPackFactory: Copied "../../../Samples/StarterContent/Content/StarterContent/Textures/T_CobbleStone_Pebble_D.uasset" to "../../../../../../Users/asus/Desktop/Assign 565/My project/CPSC399_Game/CPSC399Game/Content/StarterContent/Textures/T_CobbleStone_Pebble_D.uasset"
[2026.04.14-04.25.38:055][  0]LogPackFactory: Copied "../../../Samples/StarterContent/Content/StarterContent/Textures/T_CobbleStone_Pebble_M.uasset" to "../../../../../../Users/asus/Desktop/Assign 565/My project/CPSC399_Game/CPSC399Game/Content/StarterContent/Textures/T_CobbleStone_Pebble_M.uasset"
[2026.04.14-04.25.38:068][  0]LogPackFactory: Copied "../../../Samples/StarterContent/Content/StarterContent/Textures/T_CobbleStone_Pebble_N.uasset" to "../../../../../../Users/asus/Desktop/Assign 565/My project/CPSC399_Game/CPSC399Game/Content/StarterContent/Textures/T_CobbleStone_Pebble_N.uasset"
[2026.04.14-04.25.38:076][  0]LogPackFactory: Copied "../../../Samples/StarterContent/Content/StarterContent/Textures/T_CobbleStone_Rough_D.uasset" to "../../../../../../Users/asus/Desktop/Assign 565/My project/CPSC399_Game/CPSC399Game/Content/StarterContent/Textures/T_CobbleStone_Rough_D.uasset"
[2026.04.14-04.25.38:083][  0]LogPackFactory: Copied "../../../Samples/StarterContent/Content/StarterContent/Textures/T_CobbleStone_Rough_N.uasset" to "../../../../../../Users/asus/Desktop/Assign 565/My project/CPSC399_Game/CPSC399Game/Content/StarterContent/Textures/T_CobbleStone_Rough_N.uasset"
[2026.04.14-04.25.38:092][  0]LogPackFactory: Copied "../../../Samples/StarterContent/Content/StarterContent/Textures/T_CobbleStone_Smooth_D.uasset" to "../../../../../../Users/asus/Desktop/Assign 565/My project/CPSC399_Game/CPSC399Game/Content/StarterContent/Textures/T_CobbleStone_Smooth_D.uasset"
[2026.04.14-04.25.38:101][  0]LogPackFactory: Copied "../../../Samples/StarterContent/Content/StarterContent/Textures/T_CobbleStone_Smooth_M.uasset" to "../../../../../../Users/asus/Desktop/Assign 565/My project/CPSC399_Game/CPSC399Game/Content/StarterContent/Textures/T_CobbleStone_Smooth_M.uasset"
[2026.04.14-04.25.38:112][  0]LogPackFactory: Copied "../../../Samples/StarterContent/Content/StarterContent/Textures/T_CobbleStone_Smooth_N.uasset" to "../../../../../../Users/asus/Desktop/Assign 565/My project/CPSC399_Game/CPSC399Game/Content/StarterContent/Textures/T_CobbleStone_Smooth_N.uasset"
[2026.04.14-04.25.38:124][  0]LogPackFactory: Copied "../../../Samples/StarterContent/Content/StarterContent/Textures/T_Concrete_Grime_D.uasset" to "../../../../../../Users/asus/Desktop/Assign 565/My project/CPSC399_Game/CPSC399Game/Content/StarterContent/Textures/T_Concrete_Grime_D.uasset"
[2026.04.14-04.25.38:136][  0]LogPackFactory: Copied "../../../Samples/StarterContent/Content/StarterContent/Textures/T_Concrete_Panels_D.uasset" to "../../../../../../Users/asus/Desktop/Assign 565/My project/CPSC399_Game/CPSC399Game/Content/StarterContent/Textures/T_Concrete_Panels_D.uasset"
[2026.04.14-04.25.38:145][  0]LogPackFactory: Copied "../../../Samples/StarterContent/Content/StarterContent/Textures/T_Concrete_Panels_N.uasset" to "../../../../../../Users/asus/Desktop/Assign 565/My project/CPSC399_Game/CPSC399Game/Content/StarterContent/Textures/T_Concrete_Panels_N.uasset"
[2026.04.14-04.25.38:158][  0]LogPackFactory: Copied "../../../Samples/StarterContent/Content/StarterContent/Textures/T_Concrete_Poured_D.uasset" to "../../../../../../Users/asus/Desktop/Assign 565/My project/CPSC399_Game/CPSC399Game/Content/StarterContent/Textures/T_Concrete_Poured_D.uasset"
[2026.04.14-04.25.38:167][  0]LogPackFactory: Copied "../../../Samples/StarterContent/Content/StarterContent/Textures/T_Concrete_Poured_N.uasset" to "../../../../../../Users/asus/Desktop/Assign 565/My project/CPSC399_Game/CPSC399Game/Content/StarterContent/Textures/T_Concrete_Poured_N.uasset"
[2026.04.14-04.25.38:176][  0]LogPackFactory: Copied "../../../Samples/StarterContent/Content/StarterContent/Textures/T_Concrete_Tiles_D.uasset" to "../../../../../../Users/asus/Desktop/Assign 565/My project/CPSC399_Game/CPSC399Game/Content/StarterContent/Textures/T_Concrete_Tiles_D.uasset"
[2026.04.14-04.25.38:185][  0]LogPackFactory: Copied "../../../Samples/StarterContent/Content/StarterContent/Textures/T_Concrete_Tiles_M.uasset" to "../../../../../../Users/asus/Desktop/Assign 565/My project/CPSC399_Game/CPSC399Game/Content/StarterContent/Textures/T_Concrete_Tiles_M.uasset"
[2026.04.14-04.25.38:194][  0]LogPackFactory: Copied "../../../Samples/StarterContent/Content/StarterContent/Textures/T_Concrete_Tiles_N.uasset" to "../../../../../../Users/asus/Desktop/Assign 565/My project/CPSC399_Game/CPSC399Game/Content/StarterContent/Textures/T_Concrete_Tiles_N.uasset"
[2026.04.14-04.25.38:196][  0]LogPackFactory: Copied "../../../Samples/StarterContent/Content/StarterContent/Textures/T_Concrete_Tiles_Variation_M.uasset" to "../../../../../../Users/asus/Desktop/Assign 565/My project/CPSC399_Game/CPSC399Game/Content/StarterContent/Textures/T_Concrete_Tiles_Variation_M.uasset"
[2026.04.14-04.25.38:203][  0]LogPackFactory: Copied "../../../Samples/StarterContent/Content/StarterContent/Textures/T_Detail_Rocky_N.uasset" to "../../../../../../Users/asus/Desktop/Assign 565/My project/CPSC399_Game/CPSC399Game/Content/StarterContent/Textures/T_Detail_Rocky_N.uasset"
[2026.04.14-04.25.38:209][  0]LogPackFactory: Copied "../../../Samples/StarterContent/Content/StarterContent/Textures/T_Door_M.uasset" to "../../../../../../Users/asus/Desktop/Assign 565/My project/CPSC399_Game/CPSC399Game/Content/StarterContent/Textures/T_Door_M.uasset"
[2026.04.14-04.25.38:213][  0]LogPackFactory: Copied "../../../Samples/StarterContent/Content/StarterContent/Textures/T_Door_N.uasset" to "../../../../../../Users/asus/Desktop/Assign 565/My project/CPSC399_Game/CPSC399Game/Content/StarterContent/Textures/T_Door_N.uasset"
[2026.04.14-04.25.38:218][  0]LogPackFactory: Copied "../../../Samples/StarterContent/Content/StarterContent/Textures/T_Dust_Particle_D.uasset" to "../../../../../../Users/asus/Desktop/Assign 565/My project/CPSC399_Game/CPSC399Game/Content/StarterContent/Textures/T_Dust_Particle_D.uasset"
[2026.04.14-04.25.38:226][  0]LogPackFactory: Copied "../../../Samples/StarterContent/Content/StarterContent/Textures/T_Explosion_SubUV.uasset" to "../../../../../../Users/asus/Desktop/Assign 565/My project/CPSC399_Game/CPSC399Game/Content/StarterContent/Textures/T_Explosion_SubUV.uasset"
[2026.04.14-04.25.38:231][  0]LogPackFactory: Copied "../../../Samples/StarterContent/Content/StarterContent/Textures/T_Fire_SubUV.uasset" to "../../../../../../Users/asus/Desktop/Assign 565/My project/CPSC399_Game/CPSC399Game/Content/StarterContent/Textures/T_Fire_SubUV.uasset"
[2026.04.14-04.25.38:237][  0]LogPackFactory: Copied "../../../Samples/StarterContent/Content/StarterContent/Textures/T_Fire_Tiled_D.uasset" to "../../../../../../Users/asus/Desktop/Assign 565/My project/CPSC399_Game/CPSC399Game/Content/StarterContent/Textures/T_Fire_Tiled_D.uasset"
[2026.04.14-04.25.38:242][  0]LogPackFactory: Copied "../../../Samples/StarterContent/Content/StarterContent/Textures/T_Frame_M.uasset" to "../../../../../../Users/asus/Desktop/Assign 565/My project/CPSC399_Game/CPSC399Game/Content/StarterContent/Textures/T_Frame_M.uasset"
[2026.04.14-04.25.38:247][  0]LogPackFactory: Copied "../../../Samples/StarterContent/Content/StarterContent/Textures/T_Frame_N.uasset" to "../../../../../../Users/asus/Desktop/Assign 565/My project/CPSC399_Game/CPSC399Game/Content/StarterContent/Textures/T_Frame_N.uasset"
[2026.04.14-04.25.38:248][  0]LogPackFactory: Copied "../../../Samples/StarterContent/Content/StarterContent/Textures/T_Gradinet_01.uasset" to "../../../../../../Users/asus/Desktop/Assign 565/My project/CPSC399_Game/CPSC399Game/Content/StarterContent/Textures/T_Gradinet_01.uasset"
[2026.04.14-04.25.38:261][  0]LogPackFactory: Copied "../../../Samples/StarterContent/Content/StarterContent/Textures/T_Ground_Grass_D.uasset" to "../../../../../../Users/asus/Desktop/Assign 565/My project/CPSC399_Game/CPSC399Game/Content/StarterContent/Textures/T_Ground_Grass_D.uasset"
[2026.04.14-04.25.38:274][  0]LogPackFactory: Copied "../../../Samples/StarterContent/Content/StarterContent/Textures/T_Ground_Grass_N.uasset" to "../../../../../../Users/asus/Desktop/Assign 565/My project/CPSC399_Game/CPSC399Game/Content/StarterContent/Textures/T_Ground_Grass_N.uasset"
[2026.04.14-04.25.38:286][  0]LogPackFactory: Copied "../../../Samples/StarterContent/Content/StarterContent/Textures/T_Ground_Gravel_D.uasset" to "../../../../../../Users/asus/Desktop/Assign 565/My project/CPSC399_Game/CPSC399Game/Content/StarterContent/Textures/T_Ground_Gravel_D.uasset"
[2026.04.14-04.25.38:297][  0]LogPackFactory: Copied "../../../Samples/StarterContent/Content/StarterContent/Textures/T_Ground_Gravel_N.uasset" to "../../../../../../Users/asus/Desktop/Assign 565/My project/CPSC399_Game/CPSC399Game/Content/StarterContent/Textures/T_Ground_Gravel_N.uasset"
[2026.04.14-04.25.38:311][  0]LogPackFactory: Copied "../../../Samples/StarterContent/Content/StarterContent/Textures/T_ground_Moss_D.uasset" to "../../../../../../Users/asus/Desktop/Assign 565/My project/CPSC399_Game/CPSC399Game/Content/StarterContent/Textures/T_ground_Moss_D.uasset"
[2026.04.14-04.25.38:321][  0]LogPackFactory: Copied "../../../Samples/StarterContent/Content/StarterContent/Textures/T_Ground_Moss_N.uasset" to "../../../../../../Users/asus/Desktop/Assign 565/My project/CPSC399_Game/CPSC399Game/Content/StarterContent/Textures/T_Ground_Moss_N.uasset"
[2026.04.14-04.25.38:327][  0]LogPackFactory: Copied "../../../Samples/StarterContent/Content/StarterContent/Textures/T_Lamp_M.uasset" to "../../../../../../Users/asus/Desktop/Assign 565/My project/CPSC399_Game/CPSC399Game/Content/StarterContent/Textures/T_Lamp_M.uasset"
[2026.04.14-04.25.38:334][  0]LogPackFactory: Copied "../../../Samples/StarterContent/Content/StarterContent/Textures/T_Lamp_N.uasset" to "../../../../../../Users/asus/Desktop/Assign 565/My project/CPSC399_Game/CPSC399Game/Content/StarterContent/Textures/T_Lamp_N.uasset"
[2026.04.14-04.25.38:346][  0]LogPackFactory: Copied "../../../Samples/StarterContent/Content/StarterContent/Textures/T_MacroVariation.uasset" to "../../../../../../Users/asus/Desktop/Assign 565/My project/CPSC399_Game/CPSC399Game/Content/StarterContent/Textures/T_MacroVariation.uasset"
[2026.04.14-04.25.38:357][  0]LogPackFactory: Copied "../../../Samples/StarterContent/Content/StarterContent/Textures/T_Metal_Aluminum_D.uasset" to "../../../../../../Users/asus/Desktop/Assign 565/My project/CPSC399_Game/CPSC399Game/Content/StarterContent/Textures/T_Metal_Aluminum_D.uasset"
[2026.04.14-04.25.38:369][  0]LogPackFactory: Copied "../../../Samples/StarterContent/Content/StarterContent/Textures/T_Metal_Copper_D.uasset" to "../../../../../../Users/asus/Desktop/Assign 565/My project/CPSC399_Game/CPSC399Game/Content/StarterContent/Textures/T_Metal_Copper_D.uasset"
[2026.04.14-04.25.38:381][  0]LogPackFactory: Copied "../../../Samples/StarterContent/Content/StarterContent/Textures/T_Metal_Gold_D.uasset" to "../../../../../../Users/asus/Desktop/Assign 565/My project/CPSC399_Game/CPSC399Game/Content/StarterContent/Textures/T_Metal_Gold_D.uasset"
[2026.04.14-04.25.38:389][  0]LogPackFactory: Copied "../../../Samples/StarterContent/Content/StarterContent/Textures/T_Metal_Gold_N.uasset" to "../../../../../../Users/asus/Desktop/Assign 565/My project/CPSC399_Game/CPSC399Game/Content/StarterContent/Textures/T_Metal_Gold_N.uasset"
[2026.04.14-04.25.38:401][  0]LogPackFactory: Copied "../../../Samples/StarterContent/Content/StarterContent/Textures/T_Metal_Rust_D.uasset" to "../../../../../../Users/asus/Desktop/Assign 565/My project/CPSC399_Game/CPSC399Game/Content/StarterContent/Textures/T_Metal_Rust_D.uasset"
[2026.04.14-04.25.38:412][  0]LogPackFactory: Copied "../../../Samples/StarterContent/Content/StarterContent/Textures/T_Metal_Rust_N.uasset" to "../../../../../../Users/asus/Desktop/Assign 565/My project/CPSC399_Game/CPSC399Game/Content/StarterContent/Textures/T_Metal_Rust_N.uasset"
[2026.04.14-04.25.38:420][  0]LogPackFactory: Copied "../../../Samples/StarterContent/Content/StarterContent/Textures/T_Metal_Steel_D.uasset" to "../../../../../../Users/asus/Desktop/Assign 565/My project/CPSC399_Game/CPSC399Game/Content/StarterContent/Textures/T_Metal_Steel_D.uasset"
[2026.04.14-04.25.38:428][  0]LogPackFactory: Copied "../../../Samples/StarterContent/Content/StarterContent/Textures/T_Metal_Steel_N.uasset" to "../../../../../../Users/asus/Desktop/Assign 565/My project/CPSC399_Game/CPSC399Game/Content/StarterContent/Textures/T_Metal_Steel_N.uasset"
[2026.04.14-04.25.38:439][  0]LogPackFactory: Copied "../../../Samples/StarterContent/Content/StarterContent/Textures/T_Perlin_Noise_M.uasset" to "../../../../../../Users/asus/Desktop/Assign 565/My project/CPSC399_Game/CPSC399Game/Content/StarterContent/Textures/T_Perlin_Noise_M.uasset"
[2026.04.14-04.25.38:446][  0]LogPackFactory: Copied "../../../Samples/StarterContent/Content/StarterContent/Textures/T_RockMesh_M.uasset" to "../../../../../../Users/asus/Desktop/Assign 565/My project/CPSC399_Game/CPSC399Game/Content/StarterContent/Textures/T_RockMesh_M.uasset"
[2026.04.14-04.25.38:455][  0]LogPackFactory: Copied "../../../Samples/StarterContent/Content/StarterContent/Textures/T_RockMesh_N.uasset" to "../../../../../../Users/asus/Desktop/Assign 565/My project/CPSC399_Game/CPSC399Game/Content/StarterContent/Textures/T_RockMesh_N.uasset"
[2026.04.14-04.25.38:467][  0]LogPackFactory: Copied "../../../Samples/StarterContent/Content/StarterContent/Textures/T_Rock_Basalt_D.uasset" to "../../../../../../Users/asus/Desktop/Assign 565/My project/CPSC399_Game/CPSC399Game/Content/StarterContent/Textures/T_Rock_Basalt_D.uasset"
[2026.04.14-04.25.38:477][  0]LogPackFactory: Copied "../../../Samples/StarterContent/Content/StarterContent/Textures/T_Rock_Basalt_N.uasset" to "../../../../../../Users/asus/Desktop/Assign 565/My project/CPSC399_Game/CPSC399Game/Content/StarterContent/Textures/T_Rock_Basalt_N.uasset"
[2026.04.14-04.25.38:487][  0]LogPackFactory: Copied "../../../Samples/StarterContent/Content/StarterContent/Textures/T_Rock_Marble_Polished_D.uasset" to "../../../../../../Users/asus/Desktop/Assign 565/My project/CPSC399_Game/CPSC399Game/Content/StarterContent/Textures/T_Rock_Marble_Polished_D.uasset"
[2026.04.14-04.25.38:497][  0]LogPackFactory: Copied "../../../Samples/StarterContent/Content/StarterContent/Textures/T_Rock_Sandstone_D.uasset" to "../../../../../../Users/asus/Desktop/Assign 565/My project/CPSC399_Game/CPSC399Game/Content/StarterContent/Textures/T_Rock_Sandstone_D.uasset"
[2026.04.14-04.25.38:508][  0]LogPackFactory: Copied "../../../Samples/StarterContent/Content/StarterContent/Textures/T_Rock_Sandstone_N.uasset" to "../../../../../../Users/asus/Desktop/Assign 565/My project/CPSC399_Game/CPSC399Game/Content/StarterContent/Textures/T_Rock_Sandstone_N.uasset"
[2026.04.14-04.25.38:522][  0]LogPackFactory: Copied "../../../Samples/StarterContent/Content/StarterContent/Textures/T_Rock_Slate_D.uasset" to "../../../../../../Users/asus/Desktop/Assign 565/My project/CPSC399_Game/CPSC399Game/Content/StarterContent/Textures/T_Rock_Slate_D.uasset"
[2026.04.14-04.25.38:556][  0]LogPackFactory: Copied "../../../Samples/StarterContent/Content/StarterContent/Textures/T_Rock_Slate_N.uasset" to "../../../../../../Users/asus/Desktop/Assign 565/My project/CPSC399_Game/CPSC399Game/Content/StarterContent/Textures/T_Rock_Slate_N.uasset"
[2026.04.14-04.25.38:588][  0]LogPackFactory: Copied "../../../Samples/StarterContent/Content/StarterContent/Textures/T_Rock_Smooth_Granite_D.uasset" to "../../../../../../Users/asus/Desktop/Assign 565/My project/CPSC399_Game/CPSC399Game/Content/StarterContent/Textures/T_Rock_Smooth_Granite_D.uasset"
[2026.04.14-04.25.38:612][  0]LogPackFactory: Copied "../../../Samples/StarterContent/Content/StarterContent/Textures/T_Shelf_M.uasset" to "../../../../../../Users/asus/Desktop/Assign 565/My project/CPSC399_Game/CPSC399Game/Content/StarterContent/Textures/T_Shelf_M.uasset"
[2026.04.14-04.25.38:647][  0]LogPackFactory: Copied "../../../Samples/StarterContent/Content/StarterContent/Textures/T_Shelf_N.uasset" to "../../../../../../Users/asus/Desktop/Assign 565/My project/CPSC399_Game/CPSC399Game/Content/StarterContent/Textures/T_Shelf_N.uasset"
[2026.04.14-04.25.38:681][  0]LogPackFactory: Copied "../../../Samples/StarterContent/Content/StarterContent/Textures/T_Single_Tile_N.uasset" to "../../../../../../Users/asus/Desktop/Assign 565/My project/CPSC399_Game/CPSC399Game/Content/StarterContent/Textures/T_Single_Tile_N.uasset"
[2026.04.14-04.25.38:717][  0]LogPackFactory: Copied "../../../Samples/StarterContent/Content/StarterContent/Textures/T_Smoke_SubUV.uasset" to "../../../../../../Users/asus/Desktop/Assign 565/My project/CPSC399_Game/CPSC399Game/Content/StarterContent/Textures/T_Smoke_SubUV.uasset"
[2026.04.14-04.25.38:731][  0]LogPackFactory: Copied "../../../Samples/StarterContent/Content/StarterContent/Textures/T_Smoke_Tiled_D.uasset" to "../../../../../../Users/asus/Desktop/Assign 565/My project/CPSC399_Game/CPSC399Game/Content/StarterContent/Textures/T_Smoke_Tiled_D.uasset"
[2026.04.14-04.25.38:748][  0]LogPackFactory: Copied "../../../Samples/StarterContent/Content/StarterContent/Textures/T_Spark_Core.uasset" to "../../../../../../Users/asus/Desktop/Assign 565/My project/CPSC399_Game/CPSC399Game/Content/StarterContent/Textures/T_Spark_Core.uasset"
[2026.04.14-04.25.38:779][  0]LogPackFactory: Copied "../../../Samples/StarterContent/Content/StarterContent/Textures/T_Statue_M.uasset" to "../../../../../../Users/asus/Desktop/Assign 565/My project/CPSC399_Game/CPSC399Game/Content/StarterContent/Textures/T_Statue_M.uasset"
[2026.04.14-04.25.38:793][  0]LogPackFactory: Copied "../../../Samples/StarterContent/Content/StarterContent/Textures/T_Statue_N.uasset" to "../../../../../../Users/asus/Desktop/Assign 565/My project/CPSC399_Game/CPSC399Game/Content/StarterContent/Textures/T_Statue_N.uasset"
[2026.04.14-04.25.38:804][  0]LogPackFactory: Copied "../../../Samples/StarterContent/Content/StarterContent/Textures/T_TableRound_M.uasset" to "../../../../../../Users/asus/Desktop/Assign 565/My project/CPSC399_Game/CPSC399Game/Content/StarterContent/Textures/T_TableRound_M.uasset"
[2026.04.14-04.25.38:827][  0]LogPackFactory: Copied "../../../Samples/StarterContent/Content/StarterContent/Textures/T_TableRound_N.uasset" to "../../../../../../Users/asus/Desktop/Assign 565/My project/CPSC399_Game/CPSC399Game/Content/StarterContent/Textures/T_TableRound_N.uasset"
[2026.04.14-04.25.38:859][  0]LogPackFactory: Copied "../../../Samples/StarterContent/Content/StarterContent/Textures/T_Tech_Dot_M.uasset" to "../../../../../../Users/asus/Desktop/Assign 565/My project/CPSC399_Game/CPSC399Game/Content/StarterContent/Textures/T_Tech_Dot_M.uasset"
[2026.04.14-04.25.38:866][  0]LogPackFactory: Copied "../../../Samples/StarterContent/Content/StarterContent/Textures/T_Tech_Dot_N.uasset" to "../../../../../../Users/asus/Desktop/Assign 565/My project/CPSC399_Game/CPSC399Game/Content/StarterContent/Textures/T_Tech_Dot_N.uasset"
[2026.04.14-04.25.38:880][  0]LogPackFactory: Copied "../../../Samples/StarterContent/Content/StarterContent/Textures/T_Tech_Hex_Tile_M.uasset" to "../../../../../../Users/asus/Desktop/Assign 565/My project/CPSC399_Game/CPSC399Game/Content/StarterContent/Textures/T_Tech_Hex_Tile_M.uasset"
[2026.04.14-04.25.38:892][  0]LogPackFactory: Copied "../../../Samples/StarterContent/Content/StarterContent/Textures/T_Tech_Hex_Tile_N.uasset" to "../../../../../../Users/asus/Desktop/Assign 565/My project/CPSC399_Game/CPSC399Game/Content/StarterContent/Textures/T_Tech_Hex_Tile_N.uasset"
[2026.04.14-04.25.38:915][  0]LogPackFactory: Copied "../../../Samples/StarterContent/Content/StarterContent/Textures/T_Tech_Panel_M.uasset" to "../../../../../../Users/asus/Desktop/Assign 565/My project/CPSC399_Game/CPSC399Game/Content/StarterContent/Textures/T_Tech_Panel_M.uasset"
[2026.04.14-04.25.38:932][  0]LogPackFactory: Copied "../../../Samples/StarterContent/Content/StarterContent/Textures/T_Tech_Panel_N.uasset" to "../../../../../../Users/asus/Desktop/Assign 565/My project/CPSC399_Game/CPSC399Game/Content/StarterContent/Textures/T_Tech_Panel_N.uasset"
[2026.04.14-04.25.38:952][  0]LogPackFactory: Copied "../../../Samples/StarterContent/Content/StarterContent/Textures/T_Water_M.uasset" to "../../../../../../Users/asus/Desktop/Assign 565/My project/CPSC399_Game/CPSC399Game/Content/StarterContent/Textures/T_Water_M.uasset"
[2026.04.14-04.25.38:970][  0]LogPackFactory: Copied "../../../Samples/StarterContent/Content/StarterContent/Textures/T_Water_N.uasset" to "../../../../../../Users/asus/Desktop/Assign 565/My project/CPSC399_Game/CPSC399Game/Content/StarterContent/Textures/T_Water_N.uasset"
[2026.04.14-04.25.38:999][  0]LogPackFactory: Copied "../../../Samples/StarterContent/Content/StarterContent/Textures/T_Wood_Floor_Walnut_D.uasset" to "../../../../../../Users/asus/Desktop/Assign 565/My project/CPSC399_Game/CPSC399Game/Content/StarterContent/Textures/T_Wood_Floor_Walnut_D.uasset"
[2026.04.14-04.25.39:018][  0]LogPackFactory: Copied "../../../Samples/StarterContent/Content/StarterContent/Textures/T_Wood_Floor_Walnut_M.uasset" to "../../../../../../Users/asus/Desktop/Assign 565/My project/CPSC399_Game/CPSC399Game/Content/StarterContent/Textures/T_Wood_Floor_Walnut_M.uasset"
[2026.04.14-04.25.39:038][  0]LogPackFactory: Copied "../../../Samples/StarterContent/Content/StarterContent/Textures/T_Wood_Floor_Walnut_N.uasset" to "../../../../../../Users/asus/Desktop/Assign 565/My project/CPSC399_Game/CPSC399Game/Content/StarterContent/Textures/T_Wood_Floor_Walnut_N.uasset"
[2026.04.14-04.25.39:071][  0]LogPackFactory: Copied "../../../Samples/StarterContent/Content/StarterContent/Textures/T_Wood_Oak_D.uasset" to "../../../../../../Users/asus/Desktop/Assign 565/My project/CPSC399_Game/CPSC399Game/Content/StarterContent/Textures/T_Wood_Oak_D.uasset"
[2026.04.14-04.25.39:101][  0]LogPackFactory: Copied "../../../Samples/StarterContent/Content/StarterContent/Textures/T_Wood_Oak_N.uasset" to "../../../../../../Users/asus/Desktop/Assign 565/My project/CPSC399_Game/CPSC399Game/Content/StarterContent/Textures/T_Wood_Oak_N.uasset"
[2026.04.14-04.25.39:126][  0]LogPackFactory: Copied "../../../Samples/StarterContent/Content/StarterContent/Textures/T_Wood_Pine_D.uasset" to "../../../../../../Users/asus/Desktop/Assign 565/My project/CPSC399_Game/CPSC399Game/Content/StarterContent/Textures/T_Wood_Pine_D.uasset"
[2026.04.14-04.25.39:147][  0]LogPackFactory: Copied "../../../Samples/StarterContent/Content/StarterContent/Textures/T_Wood_Pine_N.uasset" to "../../../../../../Users/asus/Desktop/Assign 565/My project/CPSC399_Game/CPSC399Game/Content/StarterContent/Textures/T_Wood_Pine_N.uasset"
[2026.04.14-04.25.39:169][  0]LogPackFactory: Copied "../../../Samples/StarterContent/Content/StarterContent/Textures/T_Wood_Walnut_D.uasset" to "../../../../../../Users/asus/Desktop/Assign 565/My project/CPSC399_Game/CPSC399Game/Content/StarterContent/Textures/T_Wood_Walnut_D.uasset"
[2026.04.14-04.25.39:193][  0]LogPackFactory: Copied "../../../Samples/StarterContent/Content/StarterContent/Textures/T_Wood_Walnut_N.uasset" to "../../../../../../Users/asus/Desktop/Assign 565/My project/CPSC399_Game/CPSC399Game/Content/StarterContent/Textures/T_Wood_Walnut_N.uasset"
[2026.04.14-04.25.39:231][  0]LogStaticMesh: Building static mesh Floor_400x400...
[2026.04.14-04.25.39:232][  0]LogStaticMesh: Built static mesh [0.00s] /Game/StarterContent/Architecture/Floor_400x400.Floor_400x400
[2026.04.14-04.25.39:267][  0]LogRenderer: Reallocating scene render targets to support 256x256 Format 10 NumSamples 1 (Frame:1).
[2026.04.14-04.25.39:364][  0]LogSavePackage: Moving '../../../../../../Users/asus/Desktop/Assign 565/My project/CPSC399_Game/CPSC399Game/Saved/Floor_400x4005B20DB854410DC051E8CBCB4DE933A4F.tmp' to '../../../../../../Users/asus/Desktop/Assign 565/My project/CPSC399_Game/CPSC399Game/Content/StarterContent/Architecture/Floor_400x400.uasset'
[2026.04.14-04.25.39:366][  0]LogFeaturePack: Warning: Inserted 1 feature packs
[2026.04.14-04.25.39:366][  0]Cmd: MAP LOAD FILE="../../../../../../Users/asus/Desktop/Assign 565/My project/CPSC399_Game/CPSC399Game/Content/ThirdPersonBP/Maps/ThirdPersonExampleMap.umap" TEMPLATE=0 SHOWPROGRESS=1 FEATURELEVEL=3
[2026.04.14-04.25.39:366][  0]LightingResults: New page: Lighting Build
[2026.04.14-04.25.39:367][  0]LogWorld: UWorld::CleanupWorld for Untitled, bSessionEnded=true, bCleanupResources=true
[2026.04.14-04.25.39:368][  0]LogSlate: InvalidateAllWidgets triggered.  All widgets were invalidated
[2026.04.14-04.25.39:368][  0]MapCheck: New page: Map Check
[2026.04.14-04.25.39:368][  0]LightingResults: New page: Lighting Build
[2026.04.14-04.25.39:371][  0]LogAudio: Display: Audio Device unregistered from world 'None'.
[2026.04.14-04.25.39:374][  0]LogUObjectHash: Compacting FUObjectHashTables data took   0.56ms
[2026.04.14-04.25.39:744][  0]LogAudio: Display: Audio Device (ID: 1) registered with world 'ThirdPersonExampleMap'.
[2026.04.14-04.25.39:745][  0]LogAIModule: Creating AISystem for world ThirdPersonExampleMap
[2026.04.14-04.25.39:757][  0]LogEditorServer: Finished looking for orphan Actors (0.000 secs)
[2026.04.14-04.25.39:763][  0]LogUObjectHash: Compacting FUObjectHashTables data took   0.65ms
[2026.04.14-04.25.39:763][  0]Cmd: MAP CHECKDEP NOCLEARLOG
[2026.04.14-04.25.39:764][  0]MapCheck: Map check complete: 0 Error(s), 0 Warning(s), took 0.17ms to complete.
[2026.04.14-04.25.39:764][  0]LogFileHelpers: Loading map 'ThirdPersonExampleMap' took 0.397
[2026.04.14-04.25.39:766][  0]LogUnrealEdMisc: Total Editor Startup Time, took 11.554
[2026.04.14-04.25.39:873][  0]LogSlate: Updating window title bar state: overlay mode, drag disabled, window buttons hidden, title bar hidden
[2026.04.14-04.25.39:877][  0]LogSlate: Updating window title bar state: overlay mode, drag disabled, window buttons hidden, title bar hidden
[2026.04.14-04.25.39:882][  0]LogSlate: Updating window title bar state: overlay mode, drag disabled, window buttons hidden, title bar hidden
[2026.04.14-04.25.39:886][  0]LogSlate: Updating window title bar state: overlay mode, drag disabled, window buttons hidden, title bar hidden
[2026.04.14-04.25.39:903][  0]LogNativeClassHierarchy: Verbose: Native class hierarchy populated in 0.0073 seconds. Added 3830 classes and 931 folders.
[2026.04.14-04.25.39:906][  0]LogNativeClassHierarchy: Verbose: Native class hierarchy updated for 'WidgetCarousel' in 0.0002 seconds. Added 0 classes and 0 folders.
[2026.04.14-04.25.39:917][  0]LogPakFile: PakFile PrimaryIndexSize=187
[2026.04.14-04.25.39:917][  0]LogPakFile: PakFile PathHashIndexSize=101
[2026.04.14-04.25.39:917][  0]LogPakFile: PakFile FullDirectoryIndexSize=148
[2026.04.14-04.25.39:917][  0]LogShaderLibrary: Display: ShaderCodeLibraryPakFileMountedCallback: PakFile 'C:/Program Files/Epic Games/UE_4.27/FeaturePacks/FP_FirstPerson.upack' (chunk index -1, root 'root:/') mounted
[2026.04.14-04.25.39:917][  0]LogShaderLibrary: Display: ShaderCodeLibraryPakFileMountedCallback: pending pak file info (ChunkID:-1 Root:root:/ File:C:/Program Files/Epic Games/UE_4.27/FeaturePacks/FP_FirstPerson.upack)
[2026.04.14-04.25.39:917][  0]LogPakFile: OnPakFileMounted2Time == 0.000048
[2026.04.14-04.25.39:925][  0]LogPakFile: PakFile PrimaryIndexSize=189
[2026.04.14-04.25.39:925][  0]LogPakFile: PakFile PathHashIndexSize=101
[2026.04.14-04.25.39:925][  0]LogPakFile: PakFile FullDirectoryIndexSize=152
[2026.04.14-04.25.39:925][  0]LogShaderLibrary: Display: ShaderCodeLibraryPakFileMountedCallback: PakFile 'C:/Program Files/Epic Games/UE_4.27/FeaturePacks/FP_FirstPersonBP.upack' (chunk index -1, root 'root:/') mounted
[2026.04.14-04.25.39:925][  0]LogShaderLibrary: Display: ShaderCodeLibraryPakFileMountedCallback: pending pak file info (ChunkID:-1 Root:root:/ File:C:/Program Files/Epic Games/UE_4.27/FeaturePacks/FP_FirstPersonBP.upack)
[2026.04.14-04.25.39:925][  0]LogPakFile: OnPakFileMounted2Time == 0.000035
[2026.04.14-04.25.39:932][  0]LogPakFile: PakFile PrimaryIndexSize=191
[2026.04.14-04.25.39:932][  0]LogPakFile: PakFile PathHashIndexSize=101
[2026.04.14-04.25.39:932][  0]LogPakFile: PakFile FullDirectoryIndexSize=160
[2026.04.14-04.25.39:932][  0]LogShaderLibrary: Display: ShaderCodeLibraryPakFileMountedCallback: PakFile 'C:/Program Files/Epic Games/UE_4.27/FeaturePacks/MobileStarterContent.upack' (chunk index -1, root 'root:/') mounted
[2026.04.14-04.25.39:932][  0]LogShaderLibrary: Display: ShaderCodeLibraryPakFileMountedCallback: pending pak file info (ChunkID:-1 Root:root:/ File:C:/Program Files/Epic Games/UE_4.27/FeaturePacks/MobileStarterContent.upack)
[2026.04.14-04.25.39:932][  0]LogPakFile: OnPakFileMounted2Time == 0.000037
[2026.04.14-04.25.39:933][  0]LogPakFile: PakFile PrimaryIndexSize=185
[2026.04.14-04.25.39:933][  0]LogPakFile: PakFile PathHashIndexSize=101
[2026.04.14-04.25.39:933][  0]LogPakFile: PakFile FullDirectoryIndexSize=148
[2026.04.14-04.25.39:933][  0]LogShaderLibrary: Display: ShaderCodeLibraryPakFileMountedCallback: PakFile 'C:/Program Files/Epic Games/UE_4.27/FeaturePacks/StarterContent.upack' (chunk index -1, root 'root:/') mounted
[2026.04.14-04.25.39:933][  0]LogShaderLibrary: Display: ShaderCodeLibraryPakFileMountedCallback: pending pak file info (ChunkID:-1 Root:root:/ File:C:/Program Files/Epic Games/UE_4.27/FeaturePacks/StarterContent.upack)
[2026.04.14-04.25.39:933][  0]LogPakFile: OnPakFileMounted2Time == 0.000027
[2026.04.14-04.25.39:939][  0]LogPakFile: PakFile PrimaryIndexSize=190
[2026.04.14-04.25.39:939][  0]LogPakFile: PakFile PathHashIndexSize=101
[2026.04.14-04.25.39:939][  0]LogPakFile: PakFile FullDirectoryIndexSize=154
[2026.04.14-04.25.39:939][  0]LogShaderLibrary: Display: ShaderCodeLibraryPakFileMountedCallback: PakFile 'C:/Program Files/Epic Games/UE_4.27/FeaturePacks/TP_2DSideScroller.upack' (chunk index -1, root 'root:/') mounted
[2026.04.14-04.25.39:939][  0]LogShaderLibrary: Display: ShaderCodeLibraryPakFileMountedCallback: pending pak file info (ChunkID:-1 Root:root:/ File:C:/Program Files/Epic Games/UE_4.27/FeaturePacks/TP_2DSideScroller.upack)
[2026.04.14-04.25.39:939][  0]LogPakFile: OnPakFileMounted2Time == 0.000030
[2026.04.14-04.25.39:946][  0]LogPakFile: PakFile PrimaryIndexSize=192
[2026.04.14-04.25.39:946][  0]LogPakFile: PakFile PathHashIndexSize=101
[2026.04.14-04.25.39:946][  0]LogPakFile: PakFile FullDirectoryIndexSize=158
[2026.04.14-04.25.39:946][  0]LogShaderLibrary: Display: ShaderCodeLibraryPakFileMountedCallback: PakFile 'C:/Program Files/Epic Games/UE_4.27/FeaturePacks/TP_2DSideScrollerBP.upack' (chunk index -1, root 'root:/') mounted
[2026.04.14-04.25.39:946][  0]LogShaderLibrary: Display: ShaderCodeLibraryPakFileMountedCallback: pending pak file info (ChunkID:-1 Root:root:/ File:C:/Program Files/Epic Games/UE_4.27/FeaturePacks/TP_2DSideScrollerBP.upack)
[2026.04.14-04.25.39:946][  0]LogPakFile: OnPakFileMounted2Time == 0.000032
[2026.04.14-04.25.39:952][  0]LogPakFile: PakFile PrimaryIndexSize=182
[2026.04.14-04.25.39:952][  0]LogPakFile: PakFile PathHashIndexSize=101
[2026.04.14-04.25.39:952][  0]LogPakFile: PakFile FullDirectoryIndexSize=138
[2026.04.14-04.25.39:952][  0]LogShaderLibrary: Display: ShaderCodeLibraryPakFileMountedCallback: PakFile 'C:/Program Files/Epic Games/UE_4.27/FeaturePacks/TP_Flying.upack' (chunk index -1, root 'root:/') mounted
[2026.04.14-04.25.39:952][  0]LogShaderLibrary: Display: ShaderCodeLibraryPakFileMountedCallback: pending pak file info (ChunkID:-1 Root:root:/ File:C:/Program Files/Epic Games/UE_4.27/FeaturePacks/TP_Flying.upack)
[2026.04.14-04.25.39:952][  0]LogPakFile: OnPakFileMounted2Time == 0.000038
[2026.04.14-04.25.39:959][  0]LogPakFile: PakFile PrimaryIndexSize=184
[2026.04.14-04.25.39:959][  0]LogPakFile: PakFile PathHashIndexSize=101
[2026.04.14-04.25.39:959][  0]LogPakFile: PakFile FullDirectoryIndexSize=142
[2026.04.14-04.25.39:959][  0]LogShaderLibrary: Display: ShaderCodeLibraryPakFileMountedCallback: PakFile 'C:/Program Files/Epic Games/UE_4.27/FeaturePacks/TP_FlyingBP.upack' (chunk index -1, root 'root:/') mounted
[2026.04.14-04.25.39:959][  0]LogShaderLibrary: Display: ShaderCodeLibraryPakFileMountedCallback: pending pak file info (ChunkID:-1 Root:root:/ File:C:/Program Files/Epic Games/UE_4.27/FeaturePacks/TP_FlyingBP.upack)
[2026.04.14-04.25.39:959][  0]LogPakFile: OnPakFileMounted2Time == 0.000030
[2026.04.14-04.25.39:964][  0]LogPakFile: PakFile PrimaryIndexSize=188
[2026.04.14-04.25.39:964][  0]LogPakFile: PakFile PathHashIndexSize=101
[2026.04.14-04.25.39:964][  0]LogPakFile: PakFile FullDirectoryIndexSize=150
[2026.04.14-04.25.39:964][  0]LogShaderLibrary: Display: ShaderCodeLibraryPakFileMountedCallback: PakFile 'C:/Program Files/Epic Games/UE_4.27/FeaturePacks/TP_HandheldARBP.upack' (chunk index -1, root 'root:/') mounted
[2026.04.14-04.25.39:964][  0]LogShaderLibrary: Display: ShaderCodeLibraryPakFileMountedCallback: pending pak file info (ChunkID:-1 Root:root:/ File:C:/Program Files/Epic Games/UE_4.27/FeaturePacks/TP_HandheldARBP.upack)
[2026.04.14-04.25.39:964][  0]LogPakFile: OnPakFileMounted2Time == 0.000035
[2026.04.14-04.25.39:972][  0]LogPakFile: PakFile PrimaryIndexSize=182
[2026.04.14-04.25.39:972][  0]LogPakFile: PakFile PathHashIndexSize=101
[2026.04.14-04.25.39:972][  0]LogPakFile: PakFile FullDirectoryIndexSize=138
[2026.04.14-04.25.39:972][  0]LogShaderLibrary: Display: ShaderCodeLibraryPakFileMountedCallback: PakFile 'C:/Program Files/Epic Games/UE_4.27/FeaturePacks/TP_Puzzle.upack' (chunk index -1, root 'root:/') mounted
[2026.04.14-04.25.39:972][  0]LogShaderLibrary: Display: ShaderCodeLibraryPakFileMountedCallback: pending pak file info (ChunkID:-1 Root:root:/ File:C:/Program Files/Epic Games/UE_4.27/FeaturePacks/TP_Puzzle.upack)
[2026.04.14-04.25.39:972][  0]LogPakFile: OnPakFileMounted2Time == 0.000031
[2026.04.14-04.25.39:978][  0]LogPakFile: PakFile PrimaryIndexSize=184
[2026.04.14-04.25.39:978][  0]LogPakFile: PakFile PathHashIndexSize=101
[2026.04.14-04.25.39:978][  0]LogPakFile: PakFile FullDirectoryIndexSize=142
[2026.04.14-04.25.39:978][  0]LogShaderLibrary: Display: ShaderCodeLibraryPakFileMountedCallback: PakFile 'C:/Program Files/Epic Games/UE_4.27/FeaturePacks/TP_PuzzleBP.upack' (chunk index -1, root 'root:/') mounted
[2026.04.14-04.25.39:978][  0]LogShaderLibrary: Display: ShaderCodeLibraryPakFileMountedCallback: pending pak file info (ChunkID:-1 Root:root:/ File:C:/Program Files/Epic Games/UE_4.27/FeaturePacks/TP_PuzzleBP.upack)
[2026.04.14-04.25.39:978][  0]LogPakFile: OnPakFileMounted2Time == 0.000031
[2026.04.14-04.25.39:984][  0]LogPakFile: PakFile PrimaryIndexSize=183
[2026.04.14-04.25.39:984][  0]LogPakFile: PakFile PathHashIndexSize=101
[2026.04.14-04.25.39:984][  0]LogPakFile: PakFile FullDirectoryIndexSize=140
[2026.04.14-04.25.39:984][  0]LogShaderLibrary: Display: ShaderCodeLibraryPakFileMountedCallback: PakFile 'C:/Program Files/Epic Games/UE_4.27/FeaturePacks/TP_Rolling.upack' (chunk index -1, root 'root:/') mounted
[2026.04.14-04.25.39:984][  0]LogShaderLibrary: Display: ShaderCodeLibraryPakFileMountedCallback: pending pak file info (ChunkID:-1 Root:root:/ File:C:/Program Files/Epic Games/UE_4.27/FeaturePacks/TP_Rolling.upack)
[2026.04.14-04.25.39:984][  0]LogPakFile: OnPakFileMounted2Time == 0.000029
[2026.04.14-04.25.39:991][  0]LogPakFile: PakFile PrimaryIndexSize=185
[2026.04.14-04.25.39:991][  0]LogPakFile: PakFile PathHashIndexSize=101
[2026.04.14-04.25.39:991][  0]LogPakFile: PakFile FullDirectoryIndexSize=144
[2026.04.14-04.25.39:991][  0]LogShaderLibrary: Display: ShaderCodeLibraryPakFileMountedCallback: PakFile 'C:/Program Files/Epic Games/UE_4.27/FeaturePacks/TP_RollingBP.upack' (chunk index -1, root 'root:/') mounted
[2026.04.14-04.25.39:991][  0]LogShaderLibrary: Display: ShaderCodeLibraryPakFileMountedCallback: pending pak file info (ChunkID:-1 Root:root:/ File:C:/Program Files/Epic Games/UE_4.27/FeaturePacks/TP_RollingBP.upack)
[2026.04.14-04.25.39:991][  0]LogPakFile: OnPakFileMounted2Time == 0.000030
[2026.04.14-04.25.39:996][  0]LogPakFile: PakFile PrimaryIndexSize=188
[2026.04.14-04.25.39:996][  0]LogPakFile: PakFile PathHashIndexSize=101
[2026.04.14-04.25.39:996][  0]LogPakFile: PakFile FullDirectoryIndexSize=150
[2026.04.14-04.25.39:996][  0]LogShaderLibrary: Display: ShaderCodeLibraryPakFileMountedCallback: PakFile 'C:/Program Files/Epic Games/UE_4.27/FeaturePacks/TP_SideScroller.upack' (chunk index -1, root 'root:/') mounted
[2026.04.14-04.25.39:996][  0]LogShaderLibrary: Display: ShaderCodeLibraryPakFileMountedCallback: pending pak file info (ChunkID:-1 Root:root:/ File:C:/Program Files/Epic Games/UE_4.27/FeaturePacks/TP_SideScroller.upack)
[2026.04.14-04.25.39:996][  0]LogPakFile: OnPakFileMounted2Time == 0.000030
[2026.04.14-04.25.40:002][  0]LogPakFile: PakFile PrimaryIndexSize=190
[2026.04.14-04.25.40:002][  0]LogPakFile: PakFile PathHashIndexSize=101
[2026.04.14-04.25.40:002][  0]LogPakFile: PakFile FullDirectoryIndexSize=154
[2026.04.14-04.25.40:002][  0]LogShaderLibrary: Display: ShaderCodeLibraryPakFileMountedCallback: PakFile 'C:/Program Files/Epic Games/UE_4.27/FeaturePacks/TP_SideScrollerBP.upack' (chunk index -1, root 'root:/') mounted
[2026.04.14-04.25.40:002][  0]LogShaderLibrary: Display: ShaderCodeLibraryPakFileMountedCallback: pending pak file info (ChunkID:-1 Root:root:/ File:C:/Program Files/Epic Games/UE_4.27/FeaturePacks/TP_SideScrollerBP.upack)
[2026.04.14-04.25.40:002][  0]LogPakFile: OnPakFileMounted2Time == 0.000029
[2026.04.14-04.25.40:009][  0]LogPakFile: PakFile PrimaryIndexSize=187
[2026.04.14-04.25.40:009][  0]LogPakFile: PakFile PathHashIndexSize=101
[2026.04.14-04.25.40:009][  0]LogPakFile: PakFile FullDirectoryIndexSize=148
[2026.04.14-04.25.40:009][  0]LogShaderLibrary: Display: ShaderCodeLibraryPakFileMountedCallback: PakFile 'C:/Program Files/Epic Games/UE_4.27/FeaturePacks/TP_ThirdPerson.upack' (chunk index -1, root 'root:/') mounted
[2026.04.14-04.25.40:009][  0]LogShaderLibrary: Display: ShaderCodeLibraryPakFileMountedCallback: pending pak file info (ChunkID:-1 Root:root:/ File:C:/Program Files/Epic Games/UE_4.27/FeaturePacks/TP_ThirdPerson.upack)
[2026.04.14-04.25.40:009][  0]LogPakFile: OnPakFileMounted2Time == 0.000033
[2026.04.14-04.25.40:015][  0]LogPakFile: PakFile PrimaryIndexSize=189
[2026.04.14-04.25.40:015][  0]LogPakFile: PakFile PathHashIndexSize=101
[2026.04.14-04.25.40:015][  0]LogPakFile: PakFile FullDirectoryIndexSize=152
[2026.04.14-04.25.40:015][  0]LogShaderLibrary: Display: ShaderCodeLibraryPakFileMountedCallback: PakFile 'C:/Program Files/Epic Games/UE_4.27/FeaturePacks/TP_ThirdPersonBP.upack' (chunk index -1, root 'root:/') mounted
[2026.04.14-04.25.40:015][  0]LogShaderLibrary: Display: ShaderCodeLibraryPakFileMountedCallback: pending pak file info (ChunkID:-1 Root:root:/ File:C:/Program Files/Epic Games/UE_4.27/FeaturePacks/TP_ThirdPersonBP.upack)
[2026.04.14-04.25.40:015][  0]LogPakFile: OnPakFileMounted2Time == 0.000032
[2026.04.14-04.25.40:021][  0]LogPakFile: PakFile PrimaryIndexSize=183
[2026.04.14-04.25.40:021][  0]LogPakFile: PakFile PathHashIndexSize=101
[2026.04.14-04.25.40:021][  0]LogPakFile: PakFile FullDirectoryIndexSize=140
[2026.04.14-04.25.40:021][  0]LogShaderLibrary: Display: ShaderCodeLibraryPakFileMountedCallback: PakFile 'C:/Program Files/Epic Games/UE_4.27/FeaturePacks/TP_TopDown.upack' (chunk index -1, root 'root:/') mounted
[2026.04.14-04.25.40:021][  0]LogShaderLibrary: Display: ShaderCodeLibraryPakFileMountedCallback: pending pak file info (ChunkID:-1 Root:root:/ File:C:/Program Files/Epic Games/UE_4.27/FeaturePacks/TP_TopDown.upack)
[2026.04.14-04.25.40:021][  0]LogPakFile: OnPakFileMounted2Time == 0.000038
[2026.04.14-04.25.40:027][  0]LogPakFile: PakFile PrimaryIndexSize=185
[2026.04.14-04.25.40:027][  0]LogPakFile: PakFile PathHashIndexSize=101
[2026.04.14-04.25.40:027][  0]LogPakFile: PakFile FullDirectoryIndexSize=144
[2026.04.14-04.25.40:027][  0]LogShaderLibrary: Display: ShaderCodeLibraryPakFileMountedCallback: PakFile 'C:/Program Files/Epic Games/UE_4.27/FeaturePacks/TP_TopDownBP.upack' (chunk index -1, root 'root:/') mounted
[2026.04.14-04.25.40:027][  0]LogShaderLibrary: Display: ShaderCodeLibraryPakFileMountedCallback: pending pak file info (ChunkID:-1 Root:root:/ File:C:/Program Files/Epic Games/UE_4.27/FeaturePacks/TP_TopDownBP.upack)
[2026.04.14-04.25.40:027][  0]LogPakFile: OnPakFileMounted2Time == 0.000030
[2026.04.14-04.25.40:036][  0]LogPakFile: PakFile PrimaryIndexSize=185
[2026.04.14-04.25.40:036][  0]LogPakFile: PakFile PathHashIndexSize=101
[2026.04.14-04.25.40:036][  0]LogPakFile: PakFile FullDirectoryIndexSize=144
[2026.04.14-04.25.40:036][  0]LogShaderLibrary: Display: ShaderCodeLibraryPakFileMountedCallback: PakFile 'C:/Program Files/Epic Games/UE_4.27/FeaturePacks/TP_TwinStick.upack' (chunk index -1, root 'root:/') mounted
[2026.04.14-04.25.40:036][  0]LogShaderLibrary: Display: ShaderCodeLibraryPakFileMountedCallback: pending pak file info (ChunkID:-1 Root:root:/ File:C:/Program Files/Epic Games/UE_4.27/FeaturePacks/TP_TwinStick.upack)
[2026.04.14-04.25.40:036][  0]LogPakFile: OnPakFileMounted2Time == 0.000036
[2026.04.14-04.25.40:042][  0]LogPakFile: PakFile PrimaryIndexSize=187
[2026.04.14-04.25.40:042][  0]LogPakFile: PakFile PathHashIndexSize=101
[2026.04.14-04.25.40:042][  0]LogPakFile: PakFile FullDirectoryIndexSize=148
[2026.04.14-04.25.40:042][  0]LogShaderLibrary: Display: ShaderCodeLibraryPakFileMountedCallback: PakFile 'C:/Program Files/Epic Games/UE_4.27/FeaturePacks/TP_TwinStickBP.upack' (chunk index -1, root 'root:/') mounted
[2026.04.14-04.25.40:042][  0]LogShaderLibrary: Display: ShaderCodeLibraryPakFileMountedCallback: pending pak file info (ChunkID:-1 Root:root:/ File:C:/Program Files/Epic Games/UE_4.27/FeaturePacks/TP_TwinStickBP.upack)
[2026.04.14-04.25.40:042][  0]LogPakFile: OnPakFileMounted2Time == 0.000030
[2026.04.14-04.25.40:048][  0]LogPakFile: PakFile PrimaryIndexSize=183
[2026.04.14-04.25.40:049][  0]LogPakFile: PakFile PathHashIndexSize=101
[2026.04.14-04.25.40:049][  0]LogPakFile: PakFile FullDirectoryIndexSize=140
[2026.04.14-04.25.40:049][  0]LogShaderLibrary: Display: ShaderCodeLibraryPakFileMountedCallback: PakFile 'C:/Program Files/Epic Games/UE_4.27/FeaturePacks/TP_Vehicle.upack' (chunk index -1, root 'root:/') mounted
[2026.04.14-04.25.40:049][  0]LogShaderLibrary: Display: ShaderCodeLibraryPakFileMountedCallback: pending pak file info (ChunkID:-1 Root:root:/ File:C:/Program Files/Epic Games/UE_4.27/FeaturePacks/TP_Vehicle.upack)
[2026.04.14-04.25.40:049][  0]LogPakFile: OnPakFileMounted2Time == 0.000041
[2026.04.14-04.25.40:055][  0]LogPakFile: PakFile PrimaryIndexSize=186
[2026.04.14-04.25.40:055][  0]LogPakFile: PakFile PathHashIndexSize=101
[2026.04.14-04.25.40:055][  0]LogPakFile: PakFile FullDirectoryIndexSize=146
[2026.04.14-04.25.40:055][  0]LogShaderLibrary: Display: ShaderCodeLibraryPakFileMountedCallback: PakFile 'C:/Program Files/Epic Games/UE_4.27/FeaturePacks/TP_VehicleAdv.upack' (chunk index -1, root 'root:/') mounted
[2026.04.14-04.25.40:055][  0]LogShaderLibrary: Display: ShaderCodeLibraryPakFileMountedCallback: pending pak file info (ChunkID:-1 Root:root:/ File:C:/Program Files/Epic Games/UE_4.27/FeaturePacks/TP_VehicleAdv.upack)
[2026.04.14-04.25.40:055][  0]LogPakFile: OnPakFileMounted2Time == 0.000034
[2026.04.14-04.25.40:062][  0]LogPakFile: PakFile PrimaryIndexSize=188
[2026.04.14-04.25.40:062][  0]LogPakFile: PakFile PathHashIndexSize=101
[2026.04.14-04.25.40:062][  0]LogPakFile: PakFile FullDirectoryIndexSize=150
[2026.04.14-04.25.40:062][  0]LogShaderLibrary: Display: ShaderCodeLibraryPakFileMountedCallback: PakFile 'C:/Program Files/Epic Games/UE_4.27/FeaturePacks/TP_VehicleAdvBP.upack' (chunk index -1, root 'root:/') mounted
[2026.04.14-04.25.40:062][  0]LogShaderLibrary: Display: ShaderCodeLibraryPakFileMountedCallback: pending pak file info (ChunkID:-1 Root:root:/ File:C:/Program Files/Epic Games/UE_4.27/FeaturePacks/TP_VehicleAdvBP.upack)
[2026.04.14-04.25.40:062][  0]LogPakFile: OnPakFileMounted2Time == 0.000031
[2026.04.14-04.25.40:067][  0]LogPakFile: PakFile PrimaryIndexSize=185
[2026.04.14-04.25.40:067][  0]LogPakFile: PakFile PathHashIndexSize=101
[2026.04.14-04.25.40:067][  0]LogPakFile: PakFile FullDirectoryIndexSize=144
[2026.04.14-04.25.40:067][  0]LogShaderLibrary: Display: ShaderCodeLibraryPakFileMountedCallback: PakFile 'C:/Program Files/Epic Games/UE_4.27/FeaturePacks/TP_VehicleBP.upack' (chunk index -1, root 'root:/') mounted
[2026.04.14-04.25.40:067][  0]LogShaderLibrary: Display: ShaderCodeLibraryPakFileMountedCallback: pending pak file info (ChunkID:-1 Root:root:/ File:C:/Program Files/Epic Games/UE_4.27/FeaturePacks/TP_VehicleBP.upack)
[2026.04.14-04.25.40:067][  0]LogPakFile: OnPakFileMounted2Time == 0.000029
[2026.04.14-04.25.40:074][  0]LogPakFile: PakFile PrimaryIndexSize=192
[2026.04.14-04.25.40:074][  0]LogPakFile: PakFile PathHashIndexSize=101
[2026.04.14-04.25.40:074][  0]LogPakFile: PakFile FullDirectoryIndexSize=158
[2026.04.14-04.25.40:074][  0]LogShaderLibrary: Display: ShaderCodeLibraryPakFileMountedCallback: PakFile 'C:/Program Files/Epic Games/UE_4.27/FeaturePacks/TP_VirtualRealityBP.upack' (chunk index -1, root 'root:/') mounted
[2026.04.14-04.25.40:074][  0]LogShaderLibrary: Display: ShaderCodeLibraryPakFileMountedCallback: pending pak file info (ChunkID:-1 Root:root:/ File:C:/Program Files/Epic Games/UE_4.27/FeaturePacks/TP_VirtualRealityBP.upack)
[2026.04.14-04.25.40:074][  0]LogPakFile: OnPakFileMounted2Time == 0.000029
[2026.04.14-04.25.40:400][  0]LogNativeClassHierarchy: Verbose: Native class hierarchy updated for 'AddContentDialog' in 0.0002 seconds. Added 0 classes and 0 folders.
[2026.04.14-04.25.40:401][  0]LogNativeClassHierarchy: Verbose: Native class hierarchy updated for 'SceneOutliner' in 0.0002 seconds. Added 2 classes and 0 folders.
[2026.04.14-04.25.40:464][  0]LogSlate: Took 0.000162 seconds to synchronously load lazily loaded font '../../../Engine/Content/Slate/Fonts/Roboto-Regular.ttf' (155K)
[2026.04.14-04.25.40:469][  0]LogSlate: Took 0.004694 seconds to synchronously load lazily loaded font '../../../Engine/Content/Editor/Slate/Fonts/FontAwesome.ttf' (139K)
[2026.04.14-04.25.40:470][  0]LogSlate: Took 0.000138 seconds to synchronously load lazily loaded font '../../../Engine/Content/Slate/Fonts/Roboto-Bold.ttf' (160K)
[2026.04.14-04.25.40:535][  0]LogRenderer: Reallocating scene render targets to support 824x428 Format 10 NumSamples 1 (Frame:1).
[2026.04.14-04.25.40:566][  0]LogSlate: Took 0.005474 seconds to synchronously load lazily loaded font '../../../Engine/Content/Slate/Fonts/Roboto-Light.ttf' (167K)
[2026.04.14-04.25.40:599][  0]LogNativeClassHierarchy: Verbose: Native class hierarchy updated for 'HierarchicalLODOutliner' in 0.0002 seconds. Added 0 classes and 0 folders.
[2026.04.14-04.25.40:599][  0]LogInput: Warning: Action Jump uses invalid key OculusGo_Left_Trigger_Click.
[2026.04.14-04.25.40:599][  0]LogInput: Warning: Action ResetVR uses invalid key OculusGo_Left_Trackpad_Click.
[2026.04.14-04.25.40:599][  0]LogInput: Warning: Use -RemoveInvalidKeys to remove instances of these keys from the action mapping.
[2026.04.14-04.25.40:599][  0]LogLoad: (Engine Initialization) Total time: 12.39 seconds
[2026.04.14-04.25.40:599][  0]LogLoad: (Engine Initialization) Total Blueprint compile time: 0.00 seconds
[2026.04.14-04.25.40:622][  0]AssetCheck: New page: Asset Save: Floor_400x400
[2026.04.14-04.25.40:622][  0]LogContentValidation: Display: Validating StaticMesh /Game/StarterContent/Architecture/Floor_400x400.Floor_400x400
[2026.04.14-04.25.40:642][  0]LogAssetRegistry: Asset discovery search completed in 6.6817 seconds
[2026.04.14-04.25.40:646][  0]LogCollectionManager: Fixed up redirectors for 0 collections in 0.000003 seconds (updated 0 objects)
[2026.04.14-04.25.40:672][  0]LogContentStreaming: Texture pool size now 1000 MB
[2026.04.14-04.25.40:793][  1]LogFileCache: Retrieving MD5 hashes for directory 'C:/Users/asus/Desktop/Assign 565/My project/CPSC399_Game/CPSC399Game/Content/' took 0.17s
[2026.04.14-04.25.54:753][838]LogUObjectHash: Compacting FUObjectHashTables data took   0.40ms
[2026.04.14-04.25.54:757][838]LogSlate: Took 0.000136 seconds to synchronously load lazily loaded font '../../../Engine/Content/Slate/Fonts/Roboto-Light.ttf' (167K)
[2026.04.14-04.25.54:972][838]LogAssetEditorSubsystem: Opening Asset editor for World /Game/ThirdPersonBP/Maps/Map1.Map1
[2026.04.14-04.25.54:973][838]Cmd: MAP LOAD FILE="../../../../../../Users/asus/Desktop/Assign 565/My project/CPSC399_Game/CPSC399Game/Content/ThirdPersonBP/Maps/Map1.umap" TEMPLATE=0 SHOWPROGRESS=1 FEATURELEVEL=3
[2026.04.14-04.25.54:973][838]LightingResults: New page: Lighting Build
[2026.04.14-04.25.54:973][838]LoadErrors: New page: Loading map: Map1.umap
[2026.04.14-04.25.54:975][838]LogWorld: UWorld::CleanupWorld for ThirdPersonExampleMap, bSessionEnded=true, bCleanupResources=true
[2026.04.14-04.25.54:975][838]LogSlate: InvalidateAllWidgets triggered.  All widgets were invalidated
[2026.04.14-04.25.54:975][838]MapCheck: New page: Map Check
[2026.04.14-04.25.54:975][838]LightingResults: New page: Lighting Build
[2026.04.14-04.25.54:979][838]LogAudio: Display: Audio Device unregistered from world 'None'.
[2026.04.14-04.25.54:981][838]LogUObjectHash: Compacting FUObjectHashTables data took   0.66ms
[2026.04.14-04.25.54:982][838]LogAudio: Display: Audio Device (ID: 1) registered with world 'Map1'.
[2026.04.14-04.25.55:001][838]LogEditorServer: Finished looking for orphan Actors (0.000 secs)
[2026.04.14-04.25.55:003][838]LogAIModule: Creating AISystem for world Map1
[2026.04.14-04.25.55:007][838]LogUObjectHash: Compacting FUObjectHashTables data took   0.41ms
[2026.04.14-04.25.55:008][838]Cmd: MAP CHECKDEP NOCLEARLOG
[2026.04.14-04.25.55:008][838]MapCheck: Map check complete: 0 Error(s), 0 Warning(s), took 0.08ms to complete.
[2026.04.14-04.25.55:008][838]LogFileHelpers: Loading map 'Map1' took 0.035
[2026.04.14-04.25.57:749][999]LogTemp: Repeating last play command: Selected Viewport
[2026.04.14-04.25.57:752][999]LogPlayLevel: PlayLevel: No blueprints needed recompiling
[2026.04.14-04.25.57:754][999]PIE: New page: PIE session: Map1 (Apr 13, 2026, 4:25:57 PM)
[2026.04.14-04.25.57:754][999]LogOnline: OSS: Creating online subsystem instance for: NULL
[2026.04.14-04.25.57:755][999]LogOnline: OSS: TryLoadSubsystemAndSetDefault: Loaded subsystem for module [NULL]
[2026.04.14-04.25.57:755][999]LogPlayLevel: Creating play world package: /Game/ThirdPersonBP/Maps/UEDPIE_0_Map1
[2026.04.14-04.25.57:762][999]LogPlayLevel: PIE: StaticDuplicateObject took: (0.006723s)
[2026.04.14-04.25.57:763][999]LogAIModule: Creating AISystem for world Map1
[2026.04.14-04.25.57:763][999]LogPlayLevel: PIE: World Init took: (0.000720s)
[2026.04.14-04.25.57:763][999]LogPlayLevel: PIE: Created PIE world by copying editor world from /Game/ThirdPersonBP/Maps/Map1.Map1 to /Game/ThirdPersonBP/Maps/UEDPIE_0_Map1.Map1 (0.007614s)
[2026.04.14-04.25.57:766][999]LogUObjectHash: Compacting FUObjectHashTables data took   0.44ms
[2026.04.14-04.25.57:768][999]LogAudio: Display: Creating Audio Device:                 Id: 2, Scope: Unique, Realtime: True
[2026.04.14-04.25.57:768][999]LogAudioMixer: Display: Audio Mixer Platform Settings:
[2026.04.14-04.25.57:768][999]LogAudioMixer: Display: 	Sample Rate:						  48000
[2026.04.14-04.25.57:768][999]LogAudioMixer: Display: 	Callback Buffer Frame Size Requested: 1024
[2026.04.14-04.25.57:768][999]LogAudioMixer: Display: 	Callback Buffer Frame Size To Use:	  1024
[2026.04.14-04.25.57:768][999]LogAudioMixer: Display: 	Number of buffers to queue:			  2
[2026.04.14-04.25.57:768][999]LogAudioMixer: Display: 	Max Channels (voices):				  32
[2026.04.14-04.25.57:768][999]LogAudioMixer: Display: 	Number of Async Source Workers:		  0
[2026.04.14-04.25.57:768][999]LogAudio: Display: AudioDevice MaxSources: 32
[2026.04.14-04.25.57:768][999]LogAudio: Display: Audio Spatialization Plugin: None (built-in).
[2026.04.14-04.25.57:768][999]LogAudio: Display: Audio Reverb Plugin: None (built-in).
[2026.04.14-04.25.57:768][999]LogAudio: Display: Audio Occlusion Plugin: None (built-in).
[2026.04.14-04.25.57:768][999]LogAudioMixer: Display: Initializing audio mixer.
[2026.04.14-04.25.57:773][999]LogAudioMixer: Display: 0: FrontLeft
[2026.04.14-04.25.57:773][999]LogAudioMixer: Display: 1: FrontRight
[2026.04.14-04.25.57:781][999]LogAudioMixer: Display: Using Audio Device Speakers (C-Media(R) Audio)
[2026.04.14-04.25.57:781][999]LogAudioMixer: Display: Initializing Sound Submixes...
[2026.04.14-04.25.57:781][999]LogAudioMixer: Display: Creating Master Submix 'MasterSubmixDefault'
[2026.04.14-04.25.57:781][999]LogAudioMixer: Display: Creating Master Submix 'MasterReverbSubmixDefault'
[2026.04.14-04.25.57:782][999]LogAudioMixer: Display: Creating Master Submix 'MasterEQSubmixDefault'
[2026.04.14-04.25.57:782][999]LogAudioMixer: FMixerPlatformXAudio2::StartAudioStream() called
[2026.04.14-04.25.57:782][999]LogAudioMixer: Display: Output buffers initialized: Frames=1024, Channels=2, Samples=2048
[2026.04.14-04.25.57:782][999]LogAudioMixer: Display: Starting AudioMixerPlatformInterface::RunInternal()
[2026.04.14-04.25.57:782][999]LogAudioMixer: Display: FMixerPlatformXAudio2::SubmitBuffer() called for the first time
[2026.04.14-04.25.57:782][999]LogInit: FAudioDevice initialized.
[2026.04.14-04.25.57:782][999]LogAudio: Display: Audio Device (ID: 2) registered with world 'Map1'.
[2026.04.14-04.25.57:793][999]LogLoad: Game class is 'ThirdPersonGameMode_C'
[2026.04.14-04.25.57:795][999]LogWorld: Bringing World /Game/ThirdPersonBP/Maps/UEDPIE_0_Map1.Map1 up for play (max tick rate 60) at 2026.04.13-22.25.57
[2026.04.14-04.25.57:795][999]LogWorld: Bringing up level for play took: 0.001157
[2026.04.14-04.25.57:795][999]LogOnline: OSS: Creating online subsystem instance for: :Context_2
[2026.04.14-04.25.57:797][999]LogNativeClassHierarchy: Verbose: Native class hierarchy updated for 'MovieSceneCapture' in 0.0003 seconds. Added 20 classes and 0 folders.
[2026.04.14-04.25.57:799][999]LogPlayerController: Error: InputMode:UIOnly - Attempting to focus Non-Focusable widget SObjectWidget [Widget.cpp(799)]!
[2026.04.14-04.25.57:799][999]LogViewport: Display: Viewport MouseLockMode Changed, LockOnCapture -> DoNotLock
[2026.04.14-04.25.57:799][999]LogViewport: Display: Viewport MouseCaptureMode Changed, CapturePermanently_IncludingInitialMouseDown -> NoCapture
[2026.04.14-04.25.57:799][999]PIE: Server logged in
[2026.04.14-04.25.57:800][999]PIE: Play in editor total start time 0.047 seconds.
[2026.04.14-04.25.58:722][ 54]LogViewport: Display: Viewport MouseLockMode Changed, DoNotLock -> LockOnCapture
[2026.04.14-04.25.58:722][ 54]LogViewport: Display: Viewport MouseCaptureMode Changed, NoCapture -> CapturePermanently
[2026.04.14-04.26.13:980][968]LogSlate: Updating window title bar state: overlay mode, drag disabled, window buttons hidden, title bar hidden
[2026.04.14-04.26.13:980][968]LogWorld: BeginTearingDown for /Game/ThirdPersonBP/Maps/UEDPIE_0_Map1
[2026.04.14-04.26.13:980][968]LogWorld: UWorld::CleanupWorld for Map1, bSessionEnded=true, bCleanupResources=true
[2026.04.14-04.26.13:981][968]LogSlate: InvalidateAllWidgets triggered.  All widgets were invalidated
[2026.04.14-04.26.13:990][968]LogPlayLevel: Display: Shutting down PIE online subsystems
[2026.04.14-04.26.13:991][968]LogSlate: InvalidateAllWidgets triggered.  All widgets were invalidated
[2026.04.14-04.26.13:995][968]LogSlate: Updating window title bar state: overlay mode, drag disabled, window buttons hidden, title bar hidden
[2026.04.14-04.26.13:995][968]LogAudioMixer: FMixerPlatformXAudio2::StopAudioStream() called
[2026.04.14-04.26.13:996][968]LogAudioMixer: FMixerPlatformXAudio2::StopAudioStream() called
[2026.04.14-04.26.13:999][968]LogUObjectHash: Compacting FUObjectHashTables data took   0.55ms
[2026.04.14-04.26.14:063][972]LogPlayLevel: Display: Destroying online subsystem :Context_2
[2026.04.14-04.26.17:009][148]LogTemp: Repeating last play command: Selected Viewport
[2026.04.14-04.26.17:013][148]LogPlayLevel: PlayLevel: No blueprints needed recompiling
[2026.04.14-04.26.17:013][148]PIE: New page: PIE session: Map1 (Apr 13, 2026, 4:26:17 PM)
[2026.04.14-04.26.17:013][148]LogPlayLevel: Creating play world package: /Game/ThirdPersonBP/Maps/UEDPIE_0_Map1
[2026.04.14-04.26.17:020][148]LogPlayLevel: PIE: StaticDuplicateObject took: (0.006371s)
[2026.04.14-04.26.17:020][148]LogAIModule: Creating AISystem for world Map1
[2026.04.14-04.26.17:020][148]LogPlayLevel: PIE: World Init took: (0.000654s)
[2026.04.14-04.26.17:020][148]LogPlayLevel: PIE: Created PIE world by copying editor world from /Game/ThirdPersonBP/Maps/Map1.Map1 to /Game/ThirdPersonBP/Maps/UEDPIE_0_Map1.Map1 (0.007121s)
[2026.04.14-04.26.17:023][148]LogUObjectHash: Compacting FUObjectHashTables data took   0.46ms
[2026.04.14-04.26.17:025][148]LogAudio: Display: Creating Audio Device:                 Id: 3, Scope: Unique, Realtime: True
[2026.04.14-04.26.17:025][148]LogAudioMixer: Display: Audio Mixer Platform Settings:
[2026.04.14-04.26.17:025][148]LogAudioMixer: Display: 	Sample Rate:						  48000
[2026.04.14-04.26.17:025][148]LogAudioMixer: Display: 	Callback Buffer Frame Size Requested: 1024
[2026.04.14-04.26.17:025][148]LogAudioMixer: Display: 	Callback Buffer Frame Size To Use:	  1024
[2026.04.14-04.26.17:025][148]LogAudioMixer: Display: 	Number of buffers to queue:			  2
[2026.04.14-04.26.17:025][148]LogAudioMixer: Display: 	Max Channels (voices):				  32
[2026.04.14-04.26.17:025][148]LogAudioMixer: Display: 	Number of Async Source Workers:		  0
[2026.04.14-04.26.17:025][148]LogAudio: Display: AudioDevice MaxSources: 32
[2026.04.14-04.26.17:025][148]LogAudio: Display: Audio Spatialization Plugin: None (built-in).
[2026.04.14-04.26.17:025][148]LogAudio: Display: Audio Reverb Plugin: None (built-in).
[2026.04.14-04.26.17:025][148]LogAudio: Display: Audio Occlusion Plugin: None (built-in).
[2026.04.14-04.26.17:025][148]LogAudioMixer: Display: Initializing audio mixer.
[2026.04.14-04.26.17:029][148]LogAudioMixer: Display: 0: FrontLeft
[2026.04.14-04.26.17:029][148]LogAudioMixer: Display: 1: FrontRight
[2026.04.14-04.26.17:038][148]LogAudioMixer: Display: Using Audio Device Speakers (C-Media(R) Audio)
[2026.04.14-04.26.17:038][148]LogAudioMixer: Display: Initializing Sound Submixes...
[2026.04.14-04.26.17:038][148]LogAudioMixer: Display: Creating Master Submix 'MasterSubmixDefault'
[2026.04.14-04.26.17:038][148]LogAudioMixer: Display: Creating Master Submix 'MasterReverbSubmixDefault'
[2026.04.14-04.26.17:039][148]LogAudioMixer: Display: Creating Master Submix 'MasterEQSubmixDefault'
[2026.04.14-04.26.17:039][148]LogAudioMixer: FMixerPlatformXAudio2::StartAudioStream() called
[2026.04.14-04.26.17:039][148]LogAudioMixer: Display: Output buffers initialized: Frames=1024, Channels=2, Samples=2048
[2026.04.14-04.26.17:039][148]LogAudioMixer: Display: Starting AudioMixerPlatformInterface::RunInternal()
[2026.04.14-04.26.17:039][148]LogAudioMixer: Display: FMixerPlatformXAudio2::SubmitBuffer() called for the first time
[2026.04.14-04.26.17:039][148]LogInit: FAudioDevice initialized.
[2026.04.14-04.26.17:039][148]LogAudio: Display: Audio Device (ID: 3) registered with world 'Map1'.
[2026.04.14-04.26.17:047][148]LogLoad: Game class is 'ThirdPersonGameMode_C'
[2026.04.14-04.26.17:048][148]LogWorld: Bringing World /Game/ThirdPersonBP/Maps/UEDPIE_0_Map1.Map1 up for play (max tick rate 60) at 2026.04.13-22.26.17
[2026.04.14-04.26.17:048][148]LogWorld: Bringing up level for play took: 0.001123
[2026.04.14-04.26.17:049][148]LogOnline: OSS: Creating online subsystem instance for: :Context_3
[2026.04.14-04.26.17:051][148]LogPlayerController: Error: InputMode:UIOnly - Attempting to focus Non-Focusable widget SObjectWidget [Widget.cpp(799)]!
[2026.04.14-04.26.17:051][148]LogViewport: Display: Viewport MouseLockMode Changed, LockOnCapture -> DoNotLock
[2026.04.14-04.26.17:051][148]LogViewport: Display: Viewport MouseCaptureMode Changed, CapturePermanently_IncludingInitialMouseDown -> NoCapture
[2026.04.14-04.26.17:051][148]PIE: Server logged in
[2026.04.14-04.26.17:051][148]PIE: Play in editor total start time 0.039 seconds.
[2026.04.14-04.26.20:041][325]LogSlate: Updating window title bar state: overlay mode, drag disabled, window buttons hidden, title bar hidden
[2026.04.14-04.26.20:041][325]LogWorld: BeginTearingDown for /Game/ThirdPersonBP/Maps/UEDPIE_0_Map1
[2026.04.14-04.26.20:041][325]LogWorld: UWorld::CleanupWorld for Map1, bSessionEnded=true, bCleanupResources=true
[2026.04.14-04.26.20:041][325]LogSlate: InvalidateAllWidgets triggered.  All widgets were invalidated
[2026.04.14-04.26.20:053][325]LogPlayLevel: Display: Shutting down PIE online subsystems
[2026.04.14-04.26.20:053][325]LogSlate: InvalidateAllWidgets triggered.  All widgets were invalidated
[2026.04.14-04.26.20:058][325]LogAudio: Display: Audio Device unregistered from world 'None'.
[2026.04.14-04.26.20:058][325]LogAudioMixer: FMixerPlatformXAudio2::StopAudioStream() called
[2026.04.14-04.26.20:059][325]LogAudioMixer: FMixerPlatformXAudio2::StopAudioStream() called
[2026.04.14-04.26.20:060][325]LogSlate: Updating window title bar state: overlay mode, drag disabled, window buttons hidden, title bar hidden
[2026.04.14-04.26.20:063][325]LogUObjectHash: Compacting FUObjectHashTables data took   0.46ms
[2026.04.14-04.26.20:118][329]LogPlayLevel: Display: Destroying online subsystem :Context_3
[2026.04.14-04.26.21:352][403]LogEditorViewport: Clicking on Actor (LMB): StaticMeshActor (Sphere)
[2026.04.14-04.26.23:016][498]LogTemp: Repeating last play command: Selected Viewport
[2026.04.14-04.26.23:020][498]LogPlayLevel: PlayLevel: No blueprints needed recompiling
[2026.04.14-04.26.23:020][498]PIE: New page: PIE session: Map1 (Apr 13, 2026, 4:26:23 PM)
[2026.04.14-04.26.23:040][498]LogPlayLevel: Creating play world package: /Game/ThirdPersonBP/Maps/UEDPIE_0_Map1
[2026.04.14-04.26.23:046][498]LogPlayLevel: PIE: StaticDuplicateObject took: (0.006243s)
[2026.04.14-04.26.23:047][498]LogAIModule: Creating AISystem for world Map1
[2026.04.14-04.26.23:047][498]LogPlayLevel: PIE: World Init took: (0.000691s)
[2026.04.14-04.26.23:047][498]LogPlayLevel: PIE: Created PIE world by copying editor world from /Game/ThirdPersonBP/Maps/Map1.Map1 to /Game/ThirdPersonBP/Maps/UEDPIE_0_Map1.Map1 (0.007084s)
[2026.04.14-04.26.23:051][498]LogUObjectHash: Compacting FUObjectHashTables data took   0.47ms
[2026.04.14-04.26.23:052][498]LogAudio: Display: Creating Audio Device:                 Id: 4, Scope: Unique, Realtime: True
[2026.04.14-04.26.23:052][498]LogAudioMixer: Display: Audio Mixer Platform Settings:
[2026.04.14-04.26.23:052][498]LogAudioMixer: Display: 	Sample Rate:						  48000
[2026.04.14-04.26.23:052][498]LogAudioMixer: Display: 	Callback Buffer Frame Size Requested: 1024
[2026.04.14-04.26.23:052][498]LogAudioMixer: Display: 	Callback Buffer Frame Size To Use:	  1024
[2026.04.14-04.26.23:052][498]LogAudioMixer: Display: 	Number of buffers to queue:			  2
[2026.04.14-04.26.23:052][498]LogAudioMixer: Display: 	Max Channels (voices):				  32
[2026.04.14-04.26.23:052][498]LogAudioMixer: Display: 	Number of Async Source Workers:		  0
[2026.04.14-04.26.23:052][498]LogAudio: Display: AudioDevice MaxSources: 32
[2026.04.14-04.26.23:052][498]LogAudio: Display: Audio Spatialization Plugin: None (built-in).
[2026.04.14-04.26.23:052][498]LogAudio: Display: Audio Reverb Plugin: None (built-in).
[2026.04.14-04.26.23:052][498]LogAudio: Display: Audio Occlusion Plugin: None (built-in).
[2026.04.14-04.26.23:052][498]LogAudioMixer: Display: Initializing audio mixer.
[2026.04.14-04.26.23:057][498]LogAudioMixer: Display: 0: FrontLeft
[2026.04.14-04.26.23:057][498]LogAudioMixer: Display: 1: FrontRight
[2026.04.14-04.26.23:066][498]LogAudioMixer: Display: Using Audio Device Speakers (C-Media(R) Audio)
[2026.04.14-04.26.23:066][498]LogAudioMixer: Display: Initializing Sound Submixes...
[2026.04.14-04.26.23:066][498]LogAudioMixer: Display: Creating Master Submix 'MasterSubmixDefault'
[2026.04.14-04.26.23:066][498]LogAudioMixer: Display: Creating Master Submix 'MasterReverbSubmixDefault'
[2026.04.14-04.26.23:066][498]LogAudioMixer: Display: Creating Master Submix 'MasterEQSubmixDefault'
[2026.04.14-04.26.23:066][498]LogAudioMixer: FMixerPlatformXAudio2::StartAudioStream() called
[2026.04.14-04.26.23:066][498]LogAudioMixer: Display: Output buffers initialized: Frames=1024, Channels=2, Samples=2048
[2026.04.14-04.26.23:067][498]LogAudioMixer: Display: Starting AudioMixerPlatformInterface::RunInternal()
[2026.04.14-04.26.23:067][498]LogAudioMixer: Display: FMixerPlatformXAudio2::SubmitBuffer() called for the first time
[2026.04.14-04.26.23:067][498]LogInit: FAudioDevice initialized.
[2026.04.14-04.26.23:067][498]LogAudio: Display: Audio Device (ID: 4) registered with world 'Map1'.
[2026.04.14-04.26.23:070][498]LogLoad: Game class is 'ThirdPersonGameMode_C'
[2026.04.14-04.26.23:072][498]LogWorld: Bringing World /Game/ThirdPersonBP/Maps/UEDPIE_0_Map1.Map1 up for play (max tick rate 60) at 2026.04.13-22.26.23
[2026.04.14-04.26.23:072][498]LogWorld: Bringing up level for play took: 0.001264
[2026.04.14-04.26.23:072][498]LogOnline: OSS: Creating online subsystem instance for: :Context_5
[2026.04.14-04.26.23:075][498]LogPlayerController: Error: InputMode:UIOnly - Attempting to focus Non-Focusable widget SObjectWidget [Widget.cpp(799)]!
[2026.04.14-04.26.23:075][498]LogViewport: Display: Viewport MouseLockMode Changed, LockOnCapture -> DoNotLock
[2026.04.14-04.26.23:075][498]LogViewport: Display: Viewport MouseCaptureMode Changed, CapturePermanently_IncludingInitialMouseDown -> NoCapture
[2026.04.14-04.26.23:075][498]PIE: Server logged in
[2026.04.14-04.26.23:075][498]PIE: Play in editor total start time 0.057 seconds.
[2026.04.14-04.26.24:207][566]LogViewport: Display: Viewport MouseLockMode Changed, DoNotLock -> LockOnCapture
[2026.04.14-04.26.24:207][566]LogViewport: Display: Viewport MouseCaptureMode Changed, NoCapture -> CapturePermanently
[2026.04.14-04.26.37:083][337]LogSlate: Updating window title bar state: overlay mode, drag disabled, window buttons hidden, title bar hidden
[2026.04.14-04.26.37:083][337]LogWorld: BeginTearingDown for /Game/ThirdPersonBP/Maps/UEDPIE_0_Map1
[2026.04.14-04.26.37:083][337]LogWorld: UWorld::CleanupWorld for Map1, bSessionEnded=true, bCleanupResources=true
[2026.04.14-04.26.37:083][337]LogSlate: InvalidateAllWidgets triggered.  All widgets were invalidated
[2026.04.14-04.26.37:093][337]LogPlayLevel: Display: Shutting down PIE online subsystems
[2026.04.14-04.26.37:102][337]LogSlate: InvalidateAllWidgets triggered.  All widgets were invalidated
[2026.04.14-04.26.37:105][337]LogAudio: Display: Audio Device unregistered from world 'None'.
[2026.04.14-04.26.37:105][337]LogAudioMixer: FMixerPlatformXAudio2::StopAudioStream() called
[2026.04.14-04.26.37:106][337]LogAudioMixer: FMixerPlatformXAudio2::StopAudioStream() called
[2026.04.14-04.26.37:109][337]LogSlate: Updating window title bar state: overlay mode, drag disabled, window buttons hidden, title bar hidden
[2026.04.14-04.26.37:110][337]LogUObjectHash: Compacting FUObjectHashTables data took   0.45ms
[2026.04.14-04.26.37:168][340]LogPlayLevel: Display: Destroying online subsystem :Context_5
[2026.04.14-04.27.09:537][ 57]Running C:/Program Files/Epic Games/UE_4.27/Engine/Binaries/DotNET/UnrealBuildTool.exe  -projectfiles -project="C:/Users/asus/Desktop/Assign 565/My project/CPSC399_Game/CPSC399Game/CPSC399Game.uproject" -game -rocket -progress
[2026.04.14-04.27.09:843][ 57]Discovering modules, targets and source code for project...
[2026.04.14-04.27.10:649][ 57]Binding IntelliSense data...
[2026.04.14-04.27.18:312][ 57]Binding IntelliSense data... 100%
[2026.04.14-04.27.18:312][ 57]Writing project files...
[2026.04.14-04.27.20:223][ 57]Writing project files... 100%
[2026.04.14-04.30.25:620][793]LogUObjectHash: Compacting FUObjectHashTables data took   0.66ms
[2026.04.14-04.30.25:667][793]LogSlate: Window 'CPSC399Game - Unreal Editor' being destroyed
[2026.04.14-04.30.25:766][794]Cmd: QUIT_EDITOR
[2026.04.14-04.30.25:766][794]LogCore: Engine exit requested (reason: UUnrealEdEngine::CloseEditor())
[2026.04.14-04.30.25:771][794]LogCore: Engine exit requested (reason: EngineExit() was called; note: exit was already requested)
[2026.04.14-04.30.26:635][794]LogAudio: Display: Beginning Audio Device Manager Shutdown (Module: AudioMixerXAudio2)...
[2026.04.14-04.30.26:635][794]LogAudio: Display: Destroying 1 Remaining Audio Device(s)...
[2026.04.14-04.30.26:635][794]LogAudio: Display: Audio Device unregistered from world 'Map1'.
[2026.04.14-04.30.26:635][794]LogAudioMixer: FMixerPlatformXAudio2::StopAudioStream() called
[2026.04.14-04.30.26:636][794]LogAudioMixer: FMixerPlatformXAudio2::StopAudioStream() called
[2026.04.14-04.30.26:639][794]LogAudio: Display: Audio Device Manager Shutdown
[2026.04.14-04.30.26:640][794]LogWindowsTextInputMethodSystem: Display: IME system deactivated.
[2026.04.14-04.30.26:647][794]LogExit: Preparing to exit.
[2026.04.14-04.30.26:743][794]LogUObjectHash: Compacting FUObjectHashTables data took   0.73ms
[2026.04.14-04.30.26:926][794]LogWorld: UWorld::CleanupWorld for World_2, bSessionEnded=true, bCleanupResources=true
[2026.04.14-04.30.26:926][794]LogWorld: UWorld::CleanupWorld for World_3, bSessionEnded=true, bCleanupResources=true
[2026.04.14-04.30.26:926][794]LogWorld: UWorld::CleanupWorld for World_4, bSessionEnded=true, bCleanupResources=true
[2026.04.14-04.30.26:926][794]LogWorld: UWorld::CleanupWorld for World_5, bSessionEnded=true, bCleanupResources=true
[2026.04.14-04.30.26:926][794]LogWorld: UWorld::CleanupWorld for World_1, bSessionEnded=true, bCleanupResources=true
[2026.04.14-04.30.26:926][794]LogWorld: UWorld::CleanupWorld for World_0, bSessionEnded=true, bCleanupResources=true
[2026.04.14-04.30.26:926][794]LogWorld: UWorld::CleanupWorld for World_6, bSessionEnded=true, bCleanupResources=true
[2026.04.14-04.30.26:978][794]LogDemo: Cleaned up 0 splitscreen connections with owner deletion
[2026.04.14-04.30.27:037][794]LogWorld: UWorld::CleanupWorld for None, bSessionEnded=true, bCleanupResources=true
[2026.04.14-04.30.27:037][794]LogExit: Editor shut down
[2026.04.14-04.30.27:038][794]LogExit: Transaction tracking system shut down
[2026.04.14-04.30.27:468][794]LogExit: Object subsystem successfully closed.
[2026.04.14-04.30.27:500][794]LogShaderCompilers: Display: === FShaderJobCache stats ===
[2026.04.14-04.30.27:500][794]LogShaderCompilers: Display: Total job queries 0, among them cache hits 0 (0.00%)
[2026.04.14-04.30.27:501][794]LogShaderCompilers: Display: Tracking 0 distinct input hashes that result in 0 distinct outputs (0.00%)
[2026.04.14-04.30.27:504][794]LogShaderCompilers: Display: RAM used: 0.00 MB (0.00 GB) of 819.20 MB (0.80 GB) budget. Usage: 0.00%
[2026.04.14-04.30.27:504][794]LogShaderCompilers: Display: ================================================
[2026.04.14-04.30.27:557][794]LogShaderCompilers: Display: Shaders left to compile 0
[2026.04.14-04.30.27:775][794]LogModuleManager: Shutting down and abandoning module MovieSceneCapture (876)
[2026.04.14-04.30.27:775][794]LogModuleManager: Shutting down and abandoning module Voice (874)
[2026.04.14-04.30.27:775][794]LogModuleManager: Shutting down and abandoning module HierarchicalLODOutliner (872)
[2026.04.14-04.30.27:775][794]LogModuleManager: Shutting down and abandoning module SceneOutliner (870)
[2026.04.14-04.30.27:775][794]LogModuleManager: Shutting down and abandoning module AddContentDialog (868)
[2026.04.14-04.30.27:776][794]LogModuleManager: Shutting down and abandoning module WidgetCarousel (867)
[2026.04.14-04.30.27:776][794]LogModuleManager: Shutting down and abandoning module EditorWidgets (864)
[2026.04.14-04.30.27:776][794]LogModuleManager: Shutting down and abandoning module StatsViewer (862)
[2026.04.14-04.30.27:776][794]LogModuleManager: Shutting down and abandoning module PIEPreviewDeviceProfileSelector (860)
[2026.04.14-04.30.27:777][794]LogModuleManager: Shutting down and abandoning module SequenceRecorderSections (858)
[2026.04.14-04.30.27:777][794]LogModuleManager: Shutting down and abandoning module AutomationWorker (856)
[2026.04.14-04.30.27:777][794]LogModuleManager: Shutting down and abandoning module SteamVREditor (854)
[2026.04.14-04.30.27:777][794]LogModuleManager: Shutting down and abandoning module OculusMR (852)
[2026.04.14-04.30.27:777][794]LogModuleManager: Shutting down and abandoning module TakeRecorderSources (850)
[2026.04.14-04.30.27:778][794]LogModuleManager: Shutting down and abandoning module TakeRecorder (849)
[2026.04.14-04.30.27:779][794]LogModuleManager: Shutting down and abandoning module TakeTrackRecorders (846)
[2026.04.14-04.30.27:779][794]LogModuleManager: Shutting down and abandoning module TakesCore (844)
[2026.04.14-04.30.27:779][794]LogModuleManager: Shutting down and abandoning module OpenXRInput (842)
[2026.04.14-04.30.27:779][794]LogModuleManager: Shutting down and abandoning module GooglePADEditor (840)
[2026.04.14-04.30.27:779][794]LogModuleManager: Shutting down and abandoning module AudioCaptureEditor (838)
[2026.04.14-04.30.27:779][794]LogModuleManager: Shutting down and abandoning module TemplateSequenceEditor (836)
[2026.04.14-04.30.27:779][794]LogModuleManager: Shutting down and abandoning module MatineeToLevelSequence (834)
[2026.04.14-04.30.27:780][794]LogModuleManager: Shutting down and abandoning module LevelSequenceEditor (832)
[2026.04.14-04.30.27:780][794]LogModuleManager: Shutting down and abandoning module ActorSequenceEditor (830)
[2026.04.14-04.30.27:781][794]LogModuleManager: Shutting down and abandoning module WebMMediaFactory (828)
[2026.04.14-04.30.27:781][794]LogModuleManager: Shutting down and abandoning module WebMMediaEditor (826)
[2026.04.14-04.30.27:781][794]LogModuleManager: Shutting down and abandoning module WebMMedia (824)
[2026.04.14-04.30.27:781][794]LogModuleManager: Shutting down and abandoning module WmfMediaFactory (822)
[2026.04.14-04.30.27:781][794]LogModuleManager: Shutting down and abandoning module WmfMediaEditor (820)
[2026.04.14-04.30.27:781][794]LogModuleManager: Shutting down and abandoning module MediaPlayerEditor (818)
[2026.04.14-04.30.27:782][794]LogModuleManager: Shutting down and abandoning module OpenExrWrapper (816)
[2026.04.14-04.30.27:782][794]LogModuleManager: Shutting down and abandoning module ImgMediaFactory (814)
[2026.04.14-04.30.27:782][794]LogModuleManager: Shutting down and abandoning module ImgMediaEditor (812)
[2026.04.14-04.30.27:782][794]LogModuleManager: Shutting down and abandoning module MediaCompositingEditor (810)
[2026.04.14-04.30.27:782][794]LogModuleManager: Shutting down and abandoning module SequenceRecorder (809)
[2026.04.14-04.30.27:782][794]LogModuleManager: Shutting down and abandoning module AndroidMediaFactory (806)
[2026.04.14-04.30.27:782][794]LogModuleManager: Shutting down and abandoning module AndroidMediaEditor (804)
[2026.04.14-04.30.27:782][794]LogModuleManager: Shutting down and abandoning module AvfMediaFactory (802)
[2026.04.14-04.30.27:782][794]LogModuleManager: Shutting down and abandoning module AvfMediaEditor (800)
[2026.04.14-04.30.27:782][794]LogModuleManager: Shutting down and abandoning module MagicLeapMediaCodecFactory (798)
[2026.04.14-04.30.27:782][794]LogModuleManager: Shutting down and abandoning module MagicLeapMediaFactory (796)
[2026.04.14-04.30.27:782][794]LogModuleManager: Shutting down and abandoning module MagicLeapMediaEditor (794)
[2026.04.14-04.30.27:782][794]LogModuleManager: Shutting down and abandoning module PlanarCut (792)
[2026.04.14-04.30.27:783][794]LogModuleManager: Shutting down and abandoning module CharacterAI (790)
[2026.04.14-04.30.27:783][794]LogModuleManager: Shutting down and abandoning module TextureAlignMode (788)
[2026.04.14-04.30.27:783][794]LogModuleManager: Shutting down and abandoning module BspMode (786)
[2026.04.14-04.30.27:783][794]LogModuleManager: Shutting down and abandoning module GeometryMode (784)
[2026.04.14-04.30.27:783][794]LogModuleManager: Shutting down and abandoning module CameraShakePreviewer (782)
[2026.04.14-04.30.27:783][794]LogModuleManager: Shutting down and abandoning module SmartSnapping (780)
[2026.04.14-04.30.27:783][794]LogModuleManager: Shutting down and abandoning module SessionServices (778)
[2026.04.14-04.30.27:783][794]LogModuleManager: Shutting down and abandoning module MeshPaint (776)
[2026.04.14-04.30.27:784][794]LogModuleManager: Shutting down and abandoning module VirtualTexturingEditor (774)
[2026.04.14-04.30.27:784][794]LogModuleManager: Shutting down and abandoning module FoliageEdit (772)
[2026.04.14-04.30.27:784][794]LogModuleManager: Shutting down and abandoning module LandscapeEditor (770)
[2026.04.14-04.30.27:785][794]LogModuleManager: Shutting down and abandoning module MeshPaintMode (768)
[2026.04.14-04.30.27:785][794]LogModuleManager: Shutting down and abandoning module SceneDepthPickerMode (766)
[2026.04.14-04.30.27:785][794]LogModuleManager: Shutting down and abandoning module ActorPickerMode (764)
[2026.04.14-04.30.27:785][794]LogModuleManager: Shutting down and abandoning module PlacementMode (762)
[2026.04.14-04.30.27:785][794]LogModuleManager: Shutting down and abandoning module ViewportSnapping (760)
[2026.04.14-04.30.27:785][794]LogModuleManager: Shutting down and abandoning module ViewportInteraction (758)
[2026.04.14-04.30.27:785][794]LogModuleManager: Shutting down and abandoning module ClothPainter (756)
[2026.04.14-04.30.27:786][794]LogModuleManager: Shutting down and abandoning module SkeletalMeshEditor (755)
[2026.04.14-04.30.27:786][794]LogModuleManager: Shutting down and abandoning module LogVisualizer (752)
[2026.04.14-04.30.27:787][794]LogModuleManager: Shutting down and abandoning module IntroTutorials (750)
[2026.04.14-04.30.27:787][794]LogModuleManager: Shutting down and abandoning module GameProjectGeneration (749)
[2026.04.14-04.30.27:788][794]LogModuleManager: Shutting down and abandoning module LuminPlatformEditor (746)
[2026.04.14-04.30.27:788][794]LogModuleManager: Shutting down and abandoning module IOSPlatformEditor (744)
[2026.04.14-04.30.27:788][794]LogModuleManager: Shutting down and abandoning module AndroidPlatformEditor (742)
[2026.04.14-04.30.27:788][794]LogModuleManager: Shutting down and abandoning module AndroidDeviceDetection (741)
[2026.04.14-04.30.27:817][794]LogModuleManager: Shutting down and abandoning module WindowsPlatformEditor (738)
[2026.04.14-04.30.27:817][794]LogModuleManager: Shutting down and abandoning module LuminRuntimeSettings (736)
[2026.04.14-04.30.27:817][794]LogModuleManager: Shutting down and abandoning module IOSRuntimeSettings (734)
[2026.04.14-04.30.27:817][794]LogModuleManager: Shutting down and abandoning module AndroidRuntimeSettings (732)
[2026.04.14-04.30.27:817][794]LogModuleManager: Shutting down and abandoning module TraceInsights (730)
[2026.04.14-04.30.27:832][794]MemoryProfiler: Shutdown
[2026.04.14-04.30.27:832][794]NetworkingProfiler: Shutdown
[2026.04.14-04.30.27:832][794]LoadingProfiler: Shutdown
[2026.04.14-04.30.27:835][794]TimingProfiler: Shutdown
[2026.04.14-04.30.27:839][794]LogModuleManager: Shutting down and abandoning module TraceServices (729)
[2026.04.14-04.30.27:846][794]LogModuleManager: Shutting down and abandoning module EditorInteractiveToolsFramework (726)
[2026.04.14-04.30.27:846][794]LogModuleManager: Shutting down and abandoning module TimeManagementEditor (724)
[2026.04.14-04.30.27:846][794]LogModuleManager: Shutting down and abandoning module InputBindingEditor (722)
[2026.04.14-04.30.27:849][794]LogModuleManager: Shutting down and abandoning module MergeActors (720)
[2026.04.14-04.30.27:854][794]LogModuleManager: Shutting down and abandoning module LocalizationDashboard (718)
[2026.04.14-04.30.27:855][794]LogModuleManager: Shutting down and abandoning module LocalizationService (717)
[2026.04.14-04.30.27:856][794]LogModuleManager: Shutting down and abandoning module HardwareTargeting (714)
[2026.04.14-04.30.27:856][794]LogModuleManager: Shutting down and abandoning module DeviceProfileEditor (712)
[2026.04.14-04.30.27:858][794]LogModuleManager: Shutting down and abandoning module UndoHistory (710)
[2026.04.14-04.30.27:862][794]LogModuleManager: Shutting down and abandoning module XmlParser (708)
[2026.04.14-04.30.27:864][794]LogModuleManager: Shutting down and abandoning module Blutility (706)
[2026.04.14-04.30.27:865][794]LogModuleManager: Shutting down and abandoning module ProjectSettingsViewer (704)
[2026.04.14-04.30.27:865][794]LogModuleManager: Shutting down and abandoning module ProjectTargetPlatformEditor (703)
[2026.04.14-04.30.27:866][794]LogModuleManager: Shutting down and abandoning module EditorSettingsViewer (700)
[2026.04.14-04.30.27:866][794]LogModuleManager: Shutting down and abandoning module InternationalizationSettings (699)
[2026.04.14-04.30.27:866][794]LogModuleManager: Shutting down and abandoning module SettingsEditor (696)
[2026.04.14-04.30.27:868][794]LogModuleManager: Shutting down and abandoning module ProjectLauncher (694)
[2026.04.14-04.30.27:868][794]LogModuleManager: Shutting down and abandoning module SessionFrontend (692)
[2026.04.14-04.30.27:868][794]LogModuleManager: Shutting down and abandoning module ProfilerClient (690)
[2026.04.14-04.30.27:868][794]LogModuleManager: Shutting down and abandoning module DeviceManager (688)
[2026.04.14-04.30.27:869][794]LogModuleManager: Shutting down and abandoning module TargetDeviceServices (687)
[2026.04.14-04.30.27:903][794]LogModuleManager: Shutting down and abandoning module AutomationController (684)
[2026.04.14-04.30.27:911][794]LogModuleManager: Shutting down and abandoning module AutomationWindow (682)
[2026.04.14-04.30.27:916][794]LogModuleManager: Shutting down and abandoning module Layers (680)
[2026.04.14-04.30.27:926][794]LogModuleManager: Shutting down and abandoning module ComponentVisualizers (678)
[2026.04.14-04.30.27:926][794]LogModuleManager: Shutting down and abandoning module DetailCustomizations (676)
[2026.04.14-04.30.27:926][794]LogModuleManager: Shutting down and abandoning module PackagesDialog (674)
[2026.04.14-04.30.27:931][794]LogModuleManager: Shutting down and abandoning module AnimationBlueprintEditor (672)
[2026.04.14-04.30.27:938][794]LogModuleManager: Shutting down and abandoning module Persona (670)
[2026.04.14-04.30.27:946][794]LogModuleManager: Shutting down and abandoning module AdvancedPreviewScene (669)
[2026.04.14-04.30.27:946][794]LogModuleManager: Shutting down and abandoning module AnimGraph (667)
[2026.04.14-04.30.27:947][794]LogModuleManager: Shutting down and abandoning module Kismet (664)
[2026.04.14-04.30.27:955][794]LogModuleManager: Shutting down and abandoning module KismetWidgets (663)
[2026.04.14-04.30.27:955][794]LogModuleManager: Shutting down and abandoning module GraphEditor (660)
[2026.04.14-04.30.27:967][794]LogModuleManager: Shutting down and abandoning module StructViewer (658)
[2026.04.14-04.30.27:967][794]LogModuleManager: Shutting down and abandoning module ClassViewer (656)
[2026.04.14-04.30.27:967][794]LogModuleManager: Shutting down and abandoning module Toolbox (654)
[2026.04.14-04.30.27:967][794]LogModuleManager: Shutting down and abandoning module ModuleUI (652)
[2026.04.14-04.30.27:969][794]LogModuleManager: Shutting down and abandoning module OutputLog (650)
[2026.04.14-04.30.27:972][794]LogModuleManager: Shutting down and abandoning module GammaUI (648)
[2026.04.14-04.30.27:973][794]LogModuleManager: Shutting down and abandoning module Documentation (646)
[2026.04.14-04.30.27:973][794]LogModuleManager: Shutting down and abandoning module LiveCoding (644)
[2026.04.14-04.30.27:977][794]LogModuleManager: Shutting down and abandoning module LevelSequence (642)
[2026.04.14-04.30.27:977][794]LogModuleManager: Shutting down and abandoning module MovieSceneTracks (640)
[2026.04.14-04.30.27:977][794]LogModuleManager: Shutting down and abandoning module MovieScene (638)
[2026.04.14-04.30.27:990][794]LogModuleManager: Shutting down and abandoning module StreamingPauseRendering (636)
[2026.04.14-04.30.27:994][794]LogModuleManager: Shutting down and abandoning module LauncherPlatform (634)
[2026.04.14-04.30.27:994][794]LogModuleManager: Shutting down and abandoning module AnalyticsET (632)
[2026.04.14-04.30.27:994][794]LogModuleManager: Shutting down and abandoning module PortalServices (630)
[2026.04.14-04.30.27:994][794]LogModuleManager: Shutting down and abandoning module PortalRpc (628)
[2026.04.14-04.30.27:994][794]LogModuleManager: Shutting down and abandoning module MessagingRpc (626)
[2026.04.14-04.30.27:994][794]LogModuleManager: Shutting down and abandoning module AudioMixerXAudio2 (624)
[2026.04.14-04.30.27:994][794]LogModuleManager: Shutting down and abandoning module AudioMixerCore (623)
[2026.04.14-04.30.27:994][794]LogModuleManager: Shutting down and abandoning module AIModule (620)
[2026.04.14-04.30.27:994][794]LogModuleManager: Shutting down and abandoning module GameplayDebugger (619)
[2026.04.14-04.30.27:994][794]LogModuleManager: Shutting down and abandoning module AITestSuite (617)
[2026.04.14-04.30.27:994][794]LogModuleManager: Shutting down and abandoning module NavigationSystem (615)
[2026.04.14-04.30.27:994][794]LogModuleManager: Shutting down and abandoning module ImageWriteQueue (612)
[2026.04.14-04.30.28:015][794]LogModuleManager: Shutting down and abandoning module ProfilerService (610)
[2026.04.14-04.30.28:152][794]LogModuleManager: Shutting down and abandoning module TaskGraph (608)
[2026.04.14-04.30.28:157][794]LogModuleManager: Shutting down and abandoning module AudioSynesthesiaEditor (606)
[2026.04.14-04.30.28:157][794]LogModuleManager: Shutting down and abandoning module OculusEditor (604)
[2026.04.14-04.30.28:171][794]LogModuleManager: Shutting down and abandoning module OculusInput (602)
[2026.04.14-04.30.28:171][794]LogModuleManager: Shutting down and abandoning module ContentBrowserAssetDataSource (600)
[2026.04.14-04.30.28:171][794]LogModuleManager: Shutting down and abandoning module ContentBrowserFileDataSource (598)
[2026.04.14-04.30.28:171][794]LogModuleManager: Shutting down and abandoning module ContentBrowserClassDataSource (596)
[2026.04.14-04.30.28:171][794]LogModuleManager: Shutting down and abandoning module CollectionManager (595)
[2026.04.14-04.30.28:173][794]LogModuleManager: Shutting down and abandoning module SynthesisEditor (592)
[2026.04.14-04.30.28:173][794]LogModuleManager: Shutting down and abandoning module Synthesis (590)
[2026.04.14-04.30.28:179][794]LogModuleManager: Shutting down and abandoning module OodleNetworkHandlerComponent (588)
[2026.04.14-04.30.28:179][794]LogModuleManager: Shutting down and abandoning module ProceduralMeshComponentEditor (586)
[2026.04.14-04.30.28:179][794]LogModuleManager: Shutting down and abandoning module ProceduralMeshComponent (584)
[2026.04.14-04.30.28:179][794]LogModuleManager: Shutting down and abandoning module TakeSequencer (582)
[2026.04.14-04.30.28:179][794]LogModuleManager: Shutting down and abandoning module TakeMovieScene (580)
[2026.04.14-04.30.28:179][794]LogModuleManager: Shutting down and abandoning module OpenXREditor (578)
[2026.04.14-04.30.28:179][794]LogModuleManager: Shutting down and abandoning module MobilePatchingUtils (576)
[2026.04.14-04.30.28:179][794]LogModuleManager: Shutting down and abandoning module ScreenshotTools (574)
[2026.04.14-04.30.28:179][794]LogModuleManager: Shutting down and abandoning module GooglePAD (572)
[2026.04.14-04.30.28:179][794]LogModuleManager: Shutting down and abandoning module EditableMesh (570)
[2026.04.14-04.30.28:181][794]LogModuleManager: Shutting down and abandoning module CableComponent (568)
[2026.04.14-04.30.28:181][794]LogModuleManager: Shutting down and abandoning module ArchVisCharacter (566)
[2026.04.14-04.30.28:181][794]LogModuleManager: Shutting down and abandoning module CustomMeshComponent (564)
[2026.04.14-04.30.28:181][794]LogModuleManager: Shutting down and abandoning module AudioCapture (562)
[2026.04.14-04.30.28:181][794]LogModuleManager: Shutting down and abandoning module AudioCaptureRtAudio (561)
[2026.04.14-04.30.28:182][794]LogModuleManager: Shutting down and abandoning module AssetTags (558)
[2026.04.14-04.30.28:182][794]LogModuleManager: Shutting down and abandoning module AppleImageUtilsBlueprintSupport (556)
[2026.04.14-04.30.28:182][794]LogModuleManager: Shutting down and abandoning module AppleImageUtils (554)
[2026.04.14-04.30.28:182][794]LogModuleManager: Shutting down and abandoning module AndroidPermission (552)
[2026.04.14-04.30.28:182][794]LogModuleManager: Shutting down and abandoning module ActorLayerUtilitiesEditor (550)
[2026.04.14-04.30.28:182][794]LogModuleManager: Shutting down and abandoning module ActorLayerUtilities (548)
[2026.04.14-04.30.28:182][794]LogModuleManager: Shutting down and abandoning module TemplateSequence (546)
[2026.04.14-04.30.28:182][794]LogModuleManager: Shutting down and abandoning module ImgMedia (544)
[2026.04.14-04.30.28:182][794]LogModuleManager: Shutting down and abandoning module MediaCompositing (542)
[2026.04.14-04.30.28:182][794]LogModuleManager: Shutting down and abandoning module GeometryCollectionTracks (540)
[2026.04.14-04.30.28:182][794]LogModuleManager: Shutting down and abandoning module GeometryCollectionSequencer (539)
[2026.04.14-04.30.28:182][794]LogModuleManager: Shutting down and abandoning module GeometryCollectionEditor (536)
[2026.04.14-04.30.28:182][794]LogModuleManager: Shutting down and abandoning module MagicLeapSharedWorld (534)
[2026.04.14-04.30.28:182][794]LogModuleManager: Shutting down and abandoning module MagicLeapLightEstimation (532)
[2026.04.14-04.30.28:182][794]LogModuleManager: Shutting down and abandoning module MagicLeapHelperVulkan (530)
[2026.04.14-04.30.28:182][794]LogModuleManager: Shutting down and abandoning module MagicLeapHelperOpenGL (528)
[2026.04.14-04.30.28:182][794]LogModuleManager: Shutting down and abandoning module MagicLeapAudio (526)
[2026.04.14-04.30.28:183][794]LogModuleManager: Shutting down and abandoning module MotoSynthEditor (524)
[2026.04.14-04.30.28:183][794]LogModuleManager: Shutting down and abandoning module MotoSynth (522)
[2026.04.14-04.30.28:183][794]LogModuleManager: Shutting down and abandoning module OpenImageDenoise (520)
[2026.04.14-04.30.28:183][794]LogOpenImageDenoise: OIDN shutting down
[2026.04.14-04.30.28:183][794]LogModuleManager: Shutting down and abandoning module MeshConversion (518)
[2026.04.14-04.30.28:184][794]LogModuleManager: Shutting down and abandoning module DynamicMesh (516)
[2026.04.14-04.30.28:187][794]LogModuleManager: Shutting down and abandoning module GeometryAlgorithms (514)
[2026.04.14-04.30.28:192][794]LogModuleManager: Shutting down and abandoning module GeometricObjects (512)
[2026.04.14-04.30.28:195][794]LogModuleManager: Shutting down and abandoning module NiagaraEditorWidgets (510)
[2026.04.14-04.30.28:208][794]LogModuleManager: Shutting down and abandoning module GeometryCacheTracks (508)
[2026.04.14-04.30.28:208][794]LogModuleManager: Shutting down and abandoning module GeometryCacheStreamer (506)
[2026.04.14-04.30.28:209][794]LogModuleManager: Shutting down and abandoning module GeometryCacheSequencer (504)
[2026.04.14-04.30.28:209][794]LogModuleManager: Shutting down and abandoning module ChaosSolverEditor (502)
[2026.04.14-04.30.28:209][794]LogModuleManager: Shutting down and abandoning module ChaosNiagara (500)
[2026.04.14-04.30.28:211][794]LogModuleManager: Shutting down and abandoning module FractureEditor (498)
[2026.04.14-04.30.28:215][794]LogModuleManager: Shutting down and abandoning module FieldSystemEngine (497)
[2026.04.14-04.30.28:215][794]LogModuleManager: Shutting down and abandoning module ChaosClothEditor (494)
[2026.04.14-04.30.28:218][794]LogModuleManager: Shutting down and abandoning module BackChannel (492)
[2026.04.14-04.30.28:218][794]LogModuleManager: Shutting down and abandoning module AutomationUtilsEditor (490)
[2026.04.14-04.30.28:218][794]LogModuleManager: Shutting down and abandoning module AutomationUtils (488)
[2026.04.14-04.30.28:218][794]LogModuleManager: Shutting down and abandoning module AlembicImporter (486)
[2026.04.14-04.30.28:218][794]LogModuleManager: Shutting down and abandoning module AlembicLibrary (485)
[2026.04.14-04.30.28:218][794]LogModuleManager: Shutting down and abandoning module GeometryCache (484)
[2026.04.14-04.30.28:218][794]LogModuleManager: Shutting down and abandoning module GeometryCacheEd (483)
[2026.04.14-04.30.28:218][794]LogModuleManager: Shutting down and abandoning module VariantManagerContentEditor (478)
[2026.04.14-04.30.28:222][794]LogModuleManager: Shutting down and abandoning module CryptoKeysOpenSSL (476)
[2026.04.14-04.30.28:222][794]LogModuleManager: Shutting down and abandoning module CryptoKeys (474)
[2026.04.14-04.30.28:222][794]LogModuleManager: Shutting down and abandoning module SpeedTreeImporter (472)
[2026.04.14-04.30.28:222][794]LogModuleManager: Shutting down and abandoning module DatasmithContentEditor (470)
[2026.04.14-04.30.28:225][794]LogModuleManager: Shutting down and abandoning module PluginBrowser (468)
[2026.04.14-04.30.28:232][794]LogModuleManager: Shutting down and abandoning module CurveEditorTools (466)
[2026.04.14-04.30.28:235][794]LogModuleManager: Shutting down and abandoning module MobileLauncherProfileWizard (464)
[2026.04.14-04.30.28:237][794]LogModuleManager: Shutting down and abandoning module MaterialAnalyzer (462)
[2026.04.14-04.30.28:239][794]LogModuleManager: Shutting down and abandoning module PlasticSourceControl (460)
[2026.04.14-04.30.28:242][794]LogModuleManager: Shutting down and abandoning module VisualStudioCodeSourceCodeAccess (458)
[2026.04.14-04.30.28:242][794]LogModuleManager: Shutting down and abandoning module VisualStudioSourceCodeAccess (456)
[2026.04.14-04.30.28:242][794]LogModuleManager: Shutting down and abandoning module UObjectPlugin (454)
[2026.04.14-04.30.28:242][794]LogModuleManager: Shutting down and abandoning module PluginUtils (452)
[2026.04.14-04.30.28:242][794]LogModuleManager: Shutting down and abandoning module PerforceSourceControl (450)
[2026.04.14-04.30.28:244][794]LogModuleManager: Shutting down and abandoning module SubversionSourceControl (448)
[2026.04.14-04.30.28:245][794]LogModuleManager: Shutting down and abandoning module RiderSourceCodeAccess (446)
[2026.04.14-04.30.28:245][794]LogModuleManager: Shutting down and abandoning module GitSourceControl (444)
[2026.04.14-04.30.28:245][794]LogModuleManager: Shutting down and abandoning module SourceControl (443)
[2026.04.14-04.30.28:245][794]LogModuleManager: Shutting down and abandoning module AnimationSharingEd (440)
[2026.04.14-04.30.28:245][794]LogModuleManager: Shutting down and abandoning module CLionSourceCodeAccess (438)
[2026.04.14-04.30.28:245][794]LogModuleManager: Shutting down and abandoning module LightPropagationVolumeEditor (436)
[2026.04.14-04.30.28:245][794]LogModuleManager: Shutting down and abandoning module LiveLinkSequencer (434)
[2026.04.14-04.30.28:245][794]LogModuleManager: Shutting down and abandoning module LiveLinkMovieScene (432)
[2026.04.14-04.30.28:245][794]LogModuleManager: Shutting down and abandoning module LiveLinkGraphNode (430)
[2026.04.14-04.30.28:245][794]LogModuleManager: Shutting down and abandoning module LiveLinkEditor (428)
[2026.04.14-04.30.28:249][794]LogModuleManager: Shutting down and abandoning module LiveLinkComponents (426)
[2026.04.14-04.30.28:249][794]LogModuleManager: Shutting down and abandoning module LiveLink (424)
[2026.04.14-04.30.28:827][794]LogModuleManager: Shutting down and abandoning module PaperTiledImporter (422)
[2026.04.14-04.30.28:827][794]LogModuleManager: Shutting down and abandoning module PaperSpriteSheetImporter (420)
[2026.04.14-04.30.28:829][794]LogModuleManager: Shutting down and abandoning module Paper2DEditor (418)
[2026.04.14-04.30.28:836][794]LogModuleManager: Shutting down and abandoning module MeshPaintingToolset (416)
[2026.04.14-04.30.28:839][794]LogModuleManager: Shutting down and abandoning module MeshPaintEditorMode (414)
[2026.04.14-04.30.28:840][794]LogModuleManager: Shutting down and abandoning module CPSC399Game (412)
[2026.04.14-04.30.28:840][794]LogModuleManager: Shutting down and abandoning module PhysXVehiclesEditor (410)
[2026.04.14-04.30.28:840][794]LogModuleManager: Shutting down and abandoning module PropertyAccessEditor (406)
[2026.04.14-04.30.28:840][794]LogModuleManager: Shutting down and abandoning module SoundFields (404)
[2026.04.14-04.30.28:840][794]LogModuleManager: Shutting down and abandoning module RuntimePhysXCooking (402)
[2026.04.14-04.30.28:840][794]LogModuleManager: Shutting down and abandoning module SignificanceManager (400)
[2026.04.14-04.30.28:840][794]LogModuleManager: Shutting down and abandoning module LocationServicesBPLibrary (398)
[2026.04.14-04.30.28:840][794]LogModuleManager: Shutting down and abandoning module AudioSynesthesia (396)
[2026.04.14-04.30.28:841][794]LogModuleManager: Shutting down and abandoning module AudioSynesthesiaCore (394)
[2026.04.14-04.30.28:841][794]LogModuleManager: Shutting down and abandoning module UdpMessaging (392)
[2026.04.14-04.30.28:944][794]LogModuleManager: Shutting down and abandoning module ActorSequence (390)
[2026.04.14-04.30.28:944][794]LogModuleManager: Shutting down and abandoning module TcpMessaging (388)
[2026.04.14-04.30.29:048][794]LogModuleManager: Shutting down and abandoning module ImgMediaEngine (386)
[2026.04.14-04.30.29:048][794]LogModuleManager: Shutting down and abandoning module MagicLeapARPin (384)
[2026.04.14-04.30.29:048][794]LogModuleManager: Shutting down and abandoning module MagicLeapHandMeshing (382)
[2026.04.14-04.30.29:048][794]LogModuleManager: Shutting down and abandoning module MagicLeapSecureStorage (380)
[2026.04.14-04.30.29:048][794]LogModuleManager: Shutting down and abandoning module MagicLeapPrivileges (378)
[2026.04.14-04.30.29:049][794]LogModuleManager: Shutting down and abandoning module MagicLeapPlanes (376)
[2026.04.14-04.30.29:053][794]LogMagicLeapPlanes: Planes tracker already destroyed.
[2026.04.14-04.30.29:053][794]LogModuleManager: Shutting down and abandoning module MagicLeapImageTracker (374)
[2026.04.14-04.30.29:053][794]LogModuleManager: Shutting down and abandoning module MagicLeapIdentity (372)
[2026.04.14-04.30.29:053][794]LogModuleManager: Shutting down and abandoning module MagicLeapHandTracking (370)
[2026.04.14-04.30.29:055][794]LogModuleManager: Shutting down and abandoning module MagicLeapEyeTracker (368)
[2026.04.14-04.30.29:055][794]LogModuleManager: Shutting down and abandoning module MagicLeapController (366)
[2026.04.14-04.30.29:055][794]LogModuleManager: Shutting down and abandoning module MagicLeapARPinImpl (364)
[2026.04.14-04.30.29:055][794]LogModuleManager: Shutting down and abandoning module MagicLeapAR (362)
[2026.04.14-04.30.29:055][794]LogModuleManager: Shutting down and abandoning module PythonScriptPlugin (360)
[2026.04.14-04.30.29:055][794]LogModuleManager: Shutting down and abandoning module GameplayTagsEditor (358)
[2026.04.14-04.30.29:055][794]LogModuleManager: Shutting down and abandoning module AssetManagerEditor (356)
[2026.04.14-04.30.29:056][794]LogModuleManager: Shutting down and abandoning module LevelEditor (355)
[2026.04.14-04.30.29:057][794]LogModuleManager: Shutting down and abandoning module PixelInspectorModule (354)
[2026.04.14-04.30.29:058][794]LogModuleManager: Shutting down and abandoning module CommonMenuExtensions (352)
[2026.04.14-04.30.29:058][794]LogModuleManager: Shutting down and abandoning module MainFrame (350)
[2026.04.14-04.30.29:058][794]LogModuleManager: Shutting down and abandoning module HotReload (349)
[2026.04.14-04.30.29:059][794]LogModuleManager: Shutting down and abandoning module ToolMenus (345)
[2026.04.14-04.30.29:059][794]LogModuleManager: Shutting down and abandoning module TreeMap (343)
[2026.04.14-04.30.29:059][794]LogModuleManager: Shutting down and abandoning module NiagaraAnimNotifies (340)
[2026.04.14-04.30.29:059][794]LogModuleManager: Shutting down and abandoning module Niagara (338)
[2026.04.14-04.30.29:066][794]LogModuleManager: Shutting down and abandoning module SignalProcessing (337)
[2026.04.14-04.30.29:066][794]LogModuleManager: Shutting down and abandoning module NiagaraEditor (335)
[2026.04.14-04.30.29:072][794]LogModuleManager: Shutting down and abandoning module NiagaraCore (332)
[2026.04.14-04.30.29:072][794]LogModuleManager: Shutting down and abandoning module DataValidation (330)
[2026.04.14-04.30.29:072][794]LogModuleManager: Shutting down and abandoning module ContentBrowser (329)
[2026.04.14-04.30.29:072][794]LogModuleManager: Shutting down and abandoning module ContentBrowserData (328)
[2026.04.14-04.30.29:072][794]LogModuleManager: Shutting down and abandoning module FacialAnimationEditor (324)
[2026.04.14-04.30.29:072][794]LogModuleManager: Shutting down and abandoning module FacialAnimation (322)
[2026.04.14-04.30.29:072][794]LogModuleManager: Shutting down and abandoning module PropertyAccessNode (320)
[2026.04.14-04.30.29:072][794]LogModuleManager: Shutting down and abandoning module AnimationSharing (318)
[2026.04.14-04.30.29:072][794]LogModuleManager: Shutting down and abandoning module GameplayCameras (316)
[2026.04.14-04.30.29:072][794]LogModuleManager: Shutting down and abandoning module LightPropagationVolumeRuntime (314)
[2026.04.14-04.30.29:072][794]LogModuleManager: Shutting down and abandoning module EnvironmentQueryEditor (312)
[2026.04.14-04.30.29:081][794]LogModuleManager: Shutting down and abandoning module Paper2D (310)
[2026.04.14-04.30.29:083][794]LogModuleManager: Shutting down and abandoning module WindowsMoviePlayer (308)
[2026.04.14-04.30.29:083][794]LogModuleManager: Shutting down and abandoning module WebMMoviePlayer (306)
[2026.04.14-04.30.29:084][794]LogModuleManager: Shutting down and abandoning module NetworkReplayStreaming (304)
[2026.04.14-04.30.29:084][794]LogModuleManager: Shutting down and abandoning module PacketHandler (302)
[2026.04.14-04.30.29:084][794]LogModuleManager: Shutting down and abandoning module ClothingSystemEditor (300)
[2026.04.14-04.30.29:084][794]LogModuleManager: Shutting down and abandoning module ClothingSystemRuntimeNv (298)
[2026.04.14-04.30.29:089][794]LogModuleManager: Shutting down and abandoning module MediaAssets (296)
[2026.04.14-04.30.29:089][794]LogModuleManager: Shutting down and abandoning module Overlay (294)
[2026.04.14-04.30.29:089][794]LogModuleManager: Shutting down and abandoning module OverlayEditor (293)
[2026.04.14-04.30.29:089][794]LogModuleManager: Shutting down and abandoning module VREditor (290)
[2026.04.14-04.30.29:095][794]LogModuleManager: Shutting down and abandoning module StringTableEditor (288)
[2026.04.14-04.30.29:101][794]LogModuleManager: Shutting down and abandoning module GameplayTasksEditor (286)
[2026.04.14-04.30.29:103][794]LogModuleManager: Shutting down and abandoning module BehaviorTreeEditor (284)
[2026.04.14-04.30.29:114][794]LogModuleManager: Shutting down and abandoning module FunctionalTesting (282)
[2026.04.14-04.30.29:114][794]LogModuleManager: Shutting down and abandoning module CollisionAnalyzer (280)
[2026.04.14-04.30.29:118][794]LogModuleManager: Shutting down and abandoning module WorkspaceMenuStructure (279)
[2026.04.14-04.30.29:119][794]LogModuleManager: Shutting down and abandoning module UMG (276)
[2026.04.14-04.30.29:119][794]LogModuleManager: Shutting down and abandoning module UMGEditor (275)
[2026.04.14-04.30.29:120][794]LogModuleManager: Shutting down and abandoning module MessageLog (273)
[2026.04.14-04.30.29:120][794]LogModuleManager: Shutting down and abandoning module SlateReflector (268)
[2026.04.14-04.30.29:136][794]LogModuleManager: Shutting down and abandoning module Slate (266)
[2026.04.14-04.30.29:136][794]LogModuleManager: Shutting down and abandoning module SlateCore (264)
[2026.04.14-04.30.29:137][794]LogModuleManager: Shutting down and abandoning module LandscapeEditorUtilities (262)
[2026.04.14-04.30.29:137][794]LogModuleManager: Shutting down and abandoning module UnrealEd (260)
[2026.04.14-04.30.29:140][794]LogModuleManager: Shutting down and abandoning module MRMesh (258)
[2026.04.14-04.30.29:140][794]LogModuleManager: Shutting down and abandoning module SourceCodeAccess (256)
[2026.04.14-04.30.29:140][794]LogModuleManager: Shutting down and abandoning module HeadMountedDisplay (254)
[2026.04.14-04.30.29:140][794]LogModuleManager: Shutting down and abandoning module XAudio2 (252)
[2026.04.14-04.30.29:141][794]LogModuleManager: Shutting down and abandoning module Networking (250)
[2026.04.14-04.30.29:141][794]LogModuleManager: Shutting down and abandoning module Core (248)
[2026.04.14-04.30.29:141][794]LogModuleManager: Shutting down and abandoning module MaterialEditor (246)
[2026.04.14-04.30.29:147][794]LogModuleManager: Shutting down and abandoning module MovieSceneTools (244)
[2026.04.14-04.30.29:148][794]LogModuleManager: Shutting down and abandoning module CurveEditor (243)
[2026.04.14-04.30.29:155][794]LogModuleManager: Shutting down and abandoning module Sequencer (241)
[2026.04.14-04.30.29:163][794]LogModuleManager: Shutting down and abandoning module EditorStyle (240)
[2026.04.14-04.30.29:163][794]LogModuleManager: Shutting down and abandoning module KismetCompiler (236)
[2026.04.14-04.30.29:163][794]LogModuleManager: Shutting down and abandoning module MeshBuilder (234)
[2026.04.14-04.30.29:164][794]LogModuleManager: Shutting down and abandoning module MeshUtilities (232)
[2026.04.14-04.30.29:164][794]LogModuleManager: Shutting down and abandoning module MeshMergeUtilities (231)
[2026.04.14-04.30.29:165][794]LogModuleManager: Shutting down and abandoning module MeshReductionInterface (230)
[2026.04.14-04.30.29:165][794]LogModuleManager: Shutting down and abandoning module MeshBoneReduction (229)
[2026.04.14-04.30.29:167][794]LogModuleManager: Shutting down and abandoning module ProxyLODMeshReduction (227)
[2026.04.14-04.30.29:168][794]LogModuleManager: Shutting down and abandoning module SkeletalMeshReduction (225)
[2026.04.14-04.30.29:170][794]LogModuleManager: Shutting down and abandoning module QuadricMeshReduction (223)
[2026.04.14-04.30.29:172][794]LogModuleManager: Shutting down and abandoning module MaterialBaking (219)
[2026.04.14-04.30.29:173][794]LogModuleManager: Shutting down and abandoning module NullInstallBundleManager (214)
[2026.04.14-04.30.29:173][794]LogModuleManager: Shutting down and abandoning module DerivedDataCache (212)
[2026.04.14-04.30.29:174][794]LogModuleManager: Shutting down and abandoning module TargetPlatform (210)
[2026.04.14-04.30.29:175][794]LogModuleManager: Shutting down and abandoning module VulkanShaderFormat (209)
[2026.04.14-04.30.29:177][794]LogModuleManager: Shutting down and abandoning module ShaderFormatVectorVM (207)
[2026.04.14-04.30.29:177][794]LogModuleManager: Shutting down and abandoning module ShaderFormatOpenGL (205)
[2026.04.14-04.30.29:178][794]LogModuleManager: Shutting down and abandoning module ShaderFormatD3D (203)
[2026.04.14-04.30.29:178][794]LogModuleManager: Shutting down and abandoning module MetalShaderFormat (201)
[2026.04.14-04.30.29:178][794]LogModuleManager: Shutting down and abandoning module TextureFormatOodle (199)
[2026.04.14-04.30.29:178][794]LogModuleManager: Shutting down and abandoning module TextureFormatUncompressed (197)
[2026.04.14-04.30.29:178][794]LogModuleManager: Shutting down and abandoning module TextureFormatPVR (195)
[2026.04.14-04.30.29:178][794]LogModuleManager: Shutting down and abandoning module TextureFormatETC2 (193)
[2026.04.14-04.30.29:178][794]LogModuleManager: Shutting down and abandoning module TextureFormatDXT (191)
[2026.04.14-04.30.29:179][794]LogModuleManager: Shutting down and abandoning module TextureFormatIntelISPCTexComp (189)
[2026.04.14-04.30.29:179][794]LogModuleManager: Shutting down and abandoning module TextureFormatASTC (187)
[2026.04.14-04.30.29:179][794]LogModuleManager: Shutting down and abandoning module ImageWrapper (186)
[2026.04.14-04.30.29:179][794]LogModuleManager: Shutting down and abandoning module AudioFormatOpus (183)
[2026.04.14-04.30.29:179][794]LogModuleManager: Shutting down and abandoning module AudioFormatOgg (181)
[2026.04.14-04.30.29:179][794]LogModuleManager: Shutting down and abandoning module AudioFormatADPCM (179)
[2026.04.14-04.30.29:179][794]LogModuleManager: Shutting down and abandoning module WindowsServerTargetPlatform (177)
[2026.04.14-04.30.29:179][794]LogModuleManager: Shutting down and abandoning module WindowsClientTargetPlatform (175)
[2026.04.14-04.30.29:179][794]LogModuleManager: Shutting down and abandoning module WindowsTargetPlatform (173)
[2026.04.14-04.30.29:179][794]LogModuleManager: Shutting down and abandoning module WindowsNoEditorTargetPlatform (171)
[2026.04.14-04.30.29:179][794]LogModuleManager: Shutting down and abandoning module TVOSTargetPlatform (169)
[2026.04.14-04.30.29:181][794]LogModuleManager: Shutting down and abandoning module MacServerTargetPlatform (167)
[2026.04.14-04.30.29:181][794]LogModuleManager: Shutting down and abandoning module MacClientTargetPlatform (165)
[2026.04.14-04.30.29:181][794]LogModuleManager: Shutting down and abandoning module MacTargetPlatform (163)
[2026.04.14-04.30.29:181][794]LogModuleManager: Shutting down and abandoning module MacNoEditorTargetPlatform (161)
[2026.04.14-04.30.29:181][794]LogModuleManager: Shutting down and abandoning module LuminTargetPlatform (159)
[2026.04.14-04.30.29:181][794]LogModuleManager: Shutting down and abandoning module LinuxAArch64ServerTargetPlatform (157)
[2026.04.14-04.30.29:181][794]LogModuleManager: Shutting down and abandoning module LinuxAArch64ClientTargetPlatform (155)
[2026.04.14-04.30.29:181][794]LogModuleManager: Shutting down and abandoning module LinuxAArch64NoEditorTargetPlatform (153)
[2026.04.14-04.30.29:181][794]LogModuleManager: Shutting down and abandoning module LinuxServerTargetPlatform (151)
[2026.04.14-04.30.29:181][794]LogModuleManager: Shutting down and abandoning module LinuxClientTargetPlatform (149)
[2026.04.14-04.30.29:181][794]LogModuleManager: Shutting down and abandoning module LinuxNoEditorTargetPlatform (147)
[2026.04.14-04.30.29:181][794]LogModuleManager: Shutting down and abandoning module LinuxTargetPlatform (145)
[2026.04.14-04.30.29:181][794]LogModuleManager: Shutting down and abandoning module Messaging (143)
[2026.04.14-04.30.29:181][794]LogModuleManager: Shutting down and abandoning module IOSTargetPlatform (141)
[2026.04.14-04.30.29:182][794]LogModuleManager: Shutting down and abandoning module AndroidTargetPlatform (139)
[2026.04.14-04.30.29:184][794]LogModuleManager: Shutting down and abandoning module AllDesktopTargetPlatform (137)
[2026.04.14-04.30.29:184][794]LogModuleManager: Shutting down and abandoning module D3D11RHI (134)
[2026.04.14-04.30.29:184][794]LogModuleManager: Shutting down and abandoning module InputCore (132)
[2026.04.14-04.30.29:184][794]LogModuleManager: Shutting down and abandoning module Settings (130)
[2026.04.14-04.30.29:184][794]LogModuleManager: Shutting down and abandoning module DirectoryWatcher (128)
[2026.04.14-04.30.29:184][794]LogModuleManager: Shutting down and abandoning module PhysXCooking (126)
[2026.04.14-04.30.29:184][794]LogModuleManager: Shutting down and abandoning module Chaos (124)
[2026.04.14-04.30.29:184][794]LogModuleManager: Shutting down and abandoning module WindowsPlatformFeatures (122)
[2026.04.14-04.30.29:185][794]LogModuleManager: Shutting down and abandoning module GameplayMediaEncoder (121)
[2026.04.14-04.30.29:185][794]LogModuleManager: Shutting down and abandoning module AVEncoder (120)
[2026.04.14-04.30.29:185][794]LogModuleManager: Shutting down and abandoning module SteamVRInputDevice (116)
[2026.04.14-04.30.29:185][794]LogModuleManager: Shutting down and abandoning module SteamVRInput (114)
[2026.04.14-04.30.29:185][794]LogModuleManager: Shutting down and abandoning module SteamVR (112)
[2026.04.14-04.30.29:185][794]LogHMD: Freeing OpenVRDLLHandle.
[2026.04.14-04.30.29:185][794]LogModuleManager: Shutting down and abandoning module OculusHMD (110)
[2026.04.14-04.30.29:185][794]LogModuleManager: Shutting down and abandoning module OpenXRAR (108)
[2026.04.14-04.30.29:186][794]LogModuleManager: Shutting down and abandoning module AugmentedReality (107)
[2026.04.14-04.30.29:186][794]LogModuleManager: Shutting down and abandoning module OpenXRHandTracking (104)
[2026.04.14-04.30.29:186][794]LogSlate: Slate User Destroyed.  User Index 0, Is Virtual User: 0
[2026.04.14-04.30.29:186][794]LogModuleManager: Shutting down and abandoning module OpenXRHMD (103)
[2026.04.14-04.30.29:187][794]LogModuleManager: Shutting down and abandoning module OpenXREyeTracker (100)
[2026.04.14-04.30.29:187][794]LogModuleManager: Shutting down and abandoning module ExampleDeviceProfileSelector (98)
[2026.04.14-04.30.29:187][794]LogModuleManager: Shutting down and abandoning module ChunkDownloader (96)
[2026.04.14-04.30.29:187][794]LogModuleManager: Shutting down and abandoning module LauncherChunkInstaller (94)
[2026.04.14-04.30.29:187][794]LogModuleManager: Shutting down and abandoning module OnlineBlueprintSupport (92)
[2026.04.14-04.30.29:187][794]LogModuleManager: Shutting down and abandoning module OnlineSubsystem (88)
[2026.04.14-04.30.29:188][794]LogModuleManager: Shutting down and abandoning module XMPP (83)
[2026.04.14-04.30.29:199][794]LogModuleManager: Shutting down and abandoning module WebSockets (82)
[2026.04.14-04.30.29:239][794]LogModuleManager: Shutting down and abandoning module HTTP (79)
[2026.04.14-04.30.29:239][794]LogHttp: Display: Http module shutting down, but needs to wait on 1 outstanding Http requests:
[2026.04.14-04.30.29:239][794]LogHttp: Display: 	verb=[POST] url=[https://datarouter.ol.epicgames.com/datarouter/api/v1/public/data?SessionID=%7B7EFC27EC-400E-0113-D587-EDB3A7C2D014%7D&AppID=UEEditor.Rocket.Release&AppVersion=4.27.2-18319896%2B%2B%2BUE4%2BRelease-4.27&UserID=c8ef8a324036cf40f68843b4a17adfba%7C204d6d5d502243a9a55e59676d61b6bc%7C03ad3b15-b0b0-4191-8804-4999ee70a7ff&AppEnvironment=datacollector-binary&UploadType=eteventstream] refs=[1] status=Processing
[2026.04.14-04.30.29:239][794]LogHttp: Display: cleaning up 1 outstanding Http requests.
[2026.04.14-04.30.29:272][794]LogModuleManager: Shutting down and abandoning module SSL (78)
[2026.04.14-04.30.29:272][794]LogModuleManager: Shutting down and abandoning module WmfMedia (74)
[2026.04.14-04.30.29:275][794]LogModuleManager: Shutting down and abandoning module Media (73)
[2026.04.14-04.30.29:277][794]LogModuleManager: Shutting down and abandoning module MediaInfo (72)
[2026.04.14-04.30.29:277][794]LogModuleManager: Shutting down and abandoning module ExrReaderGpu (68)
[2026.04.14-04.30.29:277][794]LogModuleManager: Shutting down and abandoning module MLSDK (66)
[2026.04.14-04.30.29:277][794]LogModuleManager: Shutting down and abandoning module MagicLeap (64)
[2026.04.14-04.30.29:277][794]LogModuleManager: Shutting down and abandoning module NiagaraVertexFactories (62)
[2026.04.14-04.30.29:277][794]LogModuleManager: Shutting down and abandoning module NiagaraShader (60)
[2026.04.14-04.30.29:277][794]LogModuleManager: Shutting down and abandoning module ChaosCloth (58)
[2026.04.14-04.30.29:278][794]LogModuleManager: Shutting down and abandoning module VariantManagerContent (56)
[2026.04.14-04.30.29:278][794]LogModuleManager: Shutting down and abandoning module DatasmithContent (54)
[2026.04.14-04.30.29:279][794]LogModuleManager: Shutting down and abandoning module PixWinPlugin (52)
[2026.04.14-04.30.29:279][794]LogModuleManager: Shutting down and abandoning module AISupportModule (50)
[2026.04.14-04.30.29:279][794]LogModuleManager: Shutting down and abandoning module DesktopPlatform (48)
[2026.04.14-04.30.29:279][794]LogModuleManager: Shutting down and abandoning module PythonScriptPluginPreload (46)
[2026.04.14-04.30.29:279][794]LogModuleManager: Shutting down and abandoning module PlatformCryptoOpenSSL (44)
[2026.04.14-04.30.29:279][794]LogModuleManager: Shutting down and abandoning module PlatformCryptoTypes (42)
[2026.04.14-04.30.29:279][794]LogModuleManager: Shutting down and abandoning module PlatformCrypto (40)
[2026.04.14-04.30.29:279][794]LogModuleManager: Shutting down and abandoning module OodleDataCompressionFormat (38)
[2026.04.14-04.30.29:280][794]LogModuleManager: Shutting down and abandoning module XGEController (36)
[2026.04.14-04.30.29:280][794]LogModuleManager: Shutting down and abandoning module AnimationModifiers (34)
[2026.04.14-04.30.29:280][794]LogModuleManager: Shutting down and abandoning module AudioEditor (32)
[2026.04.14-04.30.29:285][794]LogModuleManager: Shutting down and abandoning module PropertyEditor (31)
[2026.04.14-04.30.29:288][794]LogModuleManager: Shutting down and abandoning module TextureCompressor (28)
[2026.04.14-04.30.29:288][794]LogModuleManager: Shutting down and abandoning module RenderCore (26)
[2026.04.14-04.30.29:288][794]LogModuleManager: Shutting down and abandoning module Landscape (24)
[2026.04.14-04.30.29:288][794]LogModuleManager: Shutting down and abandoning module SlateRHIRenderer (22)
[2026.04.14-04.30.29:289][794]LogModuleManager: Shutting down and abandoning module AnimGraphRuntime (20)
[2026.04.14-04.30.29:289][794]LogModuleManager: Shutting down and abandoning module Renderer (18)
[2026.04.14-04.30.29:290][794]LogModuleManager: Shutting down and abandoning module Engine (16)
[2026.04.14-04.30.29:290][794]LogModuleManager: Shutting down and abandoning module CoreUObject (14)
[2026.04.14-04.30.29:290][794]LogModuleManager: Shutting down and abandoning module NetworkFile (12)
[2026.04.14-04.30.29:290][794]LogModuleManager: Shutting down and abandoning module CookedIterativeFile (10)
[2026.04.14-04.30.29:290][794]LogModuleManager: Shutting down and abandoning module StreamingFile (8)
[2026.04.14-04.30.29:290][794]LogModuleManager: Shutting down and abandoning module SandboxFile (6)
[2026.04.14-04.30.29:290][794]LogModuleManager: Shutting down and abandoning module PakFile (4)
[2026.04.14-04.30.29:290][794]LogModuleManager: Shutting down and abandoning module RSA (3)
[2026.04.14-04.30.29:290][794]LogContentStreaming: Display: There are 1 unreleased StreamingManagers
[2026.04.14-04.30.29:340][794]LogD3D11RHI: Shutdown
[2026.04.14-04.30.29:340][794]LogD3D11RHI: CleanupD3DDevice
[2026.04.14-04.30.29:358][794]LogExit: Exiting.
[2026.04.14-04.30.29:362][794]Log file closed, 04/13/26 22:30:29
