Log file open, 04/13/26 23:57:17
LogWindows: Failed to load 'aqProf.dll' (GetLastError=126)
LogWindows: File 'aqProf.dll' does not exist
LogWindows: Failed to load 'VtuneApi.dll' (GetLastError=126)
LogWindows: File 'VtuneApi.dll' does not exist
LogWindows: Failed to load 'VtuneApi32e.dll' (GetLastError=126)
LogWindows: File 'VtuneApi32e.dll' does not exist
LogConsoleResponse: Display: Failed to find resolution value strings in scalability ini. Falling back to default.
LogConsoleResponse: Display: Failed to find resolution value strings in scalability ini. Falling back to default.
LogInit: Display: Running engine for game: CPSC399Game
LogPlatformFile: Not using cached read wrapper
LogTaskGraph: Started task graph with 5 named threads and 47 total threads with 3 sets of task threads.
LogStats: Stats thread started at 0.350138
LogICUInternationalization: ICU TimeZone Detection - Raw Offset: -7:00, Platform Override: ''
LogInit: Display: Loading text-based GConfig....
LogPluginManager: Mounting plugin MeshPainting
LogPluginManager: Mounting plugin XGEController
LogPluginManager: Mounting plugin Paper2D
LogPluginManager: Mounting plugin AISupport
LogPluginManager: Mounting plugin EnvironmentQueryEditor
LogPluginManager: Mounting plugin CameraShakePreviewer
LogPluginManager: Mounting plugin GameplayCameras
LogPluginManager: Mounting plugin LightPropagationVolume
LogPluginManager: Mounting plugin OodleNetwork
LogPluginManager: Mounting plugin OodleData
LogPluginManager: Mounting plugin LiveLink
LogPluginManager: Mounting plugin AnimationSharing
LogPluginManager: Mounting plugin CLionSourceCodeAccess
LogPluginManager: Mounting plugin GitSourceControl
LogPluginManager: Mounting plugin CodeLiteSourceCodeAccess
LogPluginManager: Mounting plugin KDevelopSourceCodeAccess
LogPluginManager: Mounting plugin NullSourceCodeAccess
LogPluginManager: Mounting plugin PerforceSourceControl
LogPluginManager: Mounting plugin AssetManagerEditor
LogPluginManager: Mounting plugin PropertyAccessNode
LogPluginManager: Mounting plugin PixWinPlugin
LogPluginManager: Mounting plugin PlasticSourceControl
LogPluginManager: Mounting plugin PluginUtils
LogPluginManager: Mounting plugin RiderSourceCodeAccess
LogPluginManager: Mounting plugin SubversionSourceControl
LogPluginManager: Mounting plugin TextureFormatOodle
LogPluginManager: Mounting plugin CryptoKeys
LogPluginManager: Mounting plugin CurveEditorTools
LogPluginManager: Mounting plugin UObjectPlugin
LogPluginManager: Mounting plugin VisualStudioSourceCodeAccess
LogPluginManager: Mounting plugin VisualStudioCodeSourceCodeAccess
LogPluginManager: Mounting plugin XCodeSourceCodeAccess
LogPluginManager: Mounting plugin DataValidation
LogPluginManager: Mounting plugin GeometryMode
LogPluginManager: Mounting plugin DatasmithContent
LogPluginManager: Mounting plugin FacialAnimation
LogPluginManager: Mounting plugin MacGraphicsSwitching
LogPluginManager: Mounting plugin MaterialAnalyzer
LogPluginManager: Mounting plugin GameplayTagsEditor
LogPluginManager: Mounting plugin MobileLauncherProfileWizard
LogPluginManager: Mounting plugin SpeedTreeImporter
LogPluginManager: Mounting plugin PluginBrowser
LogPluginManager: Mounting plugin AlembicImporter
LogPluginManager: Mounting plugin VariantManagerContent
LogPluginManager: Mounting plugin AutomationUtils
LogPluginManager: Mounting plugin BackChannel
LogPluginManager: Mounting plugin ChaosClothEditor
LogPluginManager: Mounting plugin ChaosEditor
LogPluginManager: Mounting plugin ChaosCloth
LogPluginManager: Mounting plugin ChaosNiagara
LogPluginManager: Mounting plugin ChaosSolverPlugin
LogPluginManager: Mounting plugin CharacterAI
LogPluginManager: Mounting plugin GeometryCache
LogPluginManager: Mounting plugin GeometryCollectionPlugin
LogPluginManager: Mounting plugin GeometryProcessing
LogPluginManager: Mounting plugin MotoSynth
LogPluginManager: Mounting plugin OpenImageDenoise
LogPluginManager: Mounting plugin PlanarCut
LogPluginManager: Mounting plugin PlatformCrypto
LogPluginManager: Mounting plugin ProxyLODPlugin
LogPluginManager: Mounting plugin PythonScriptPlugin
LogPluginManager: Mounting plugin SkeletalReduction
LogPluginManager: Mounting plugin Niagara
LogPluginManager: Mounting plugin LuminPlatformFeatures
LogPluginManager: Mounting plugin MagicLeap
LogPluginManager: Mounting plugin MagicLeapMedia
LogPluginManager: Mounting plugin MagicLeapLightEstimation
LogPluginManager: Mounting plugin AndroidMedia
LogPluginManager: Mounting plugin MagicLeapPassableWorld
LogPluginManager: Mounting plugin MLSDK
LogPluginManager: Mounting plugin AvfMedia
LogPluginManager: Mounting plugin ImgMedia
LogPluginManager: Mounting plugin TcpMessaging
LogPluginManager: Mounting plugin UdpMessaging
LogPluginManager: Mounting plugin MediaCompositing
LogPluginManager: Mounting plugin ActorSequence
LogPluginManager: Mounting plugin MediaPlayerEditor
LogPluginManager: Mounting plugin LevelSequenceEditor
LogPluginManager: Mounting plugin WmfMedia
LogPluginManager: Mounting plugin MatineeToLevelSequence
LogPluginManager: Mounting plugin WebMMedia
LogPluginManager: Mounting plugin TemplateSequence
LogPluginManager: Mounting plugin LauncherChunkInstaller
LogPluginManager: Mounting plugin OnlineSubsystem
LogPluginManager: Mounting plugin OnlineSubsystemNull
LogPluginManager: Mounting plugin OnlineSubsystemUtils
LogPluginManager: Mounting plugin AndroidDeviceProfileSelector
LogPluginManager: Mounting plugin ActorLayerUtilities
LogPluginManager: Mounting plugin AndroidMoviePlayer
LogPluginManager: Mounting plugin AndroidPermission
LogPluginManager: Mounting plugin ArchVisCharacter
LogPluginManager: Mounting plugin AppleImageUtils
LogPluginManager: Mounting plugin AppleMoviePlayer
LogPluginManager: Mounting plugin AssetTags
LogPluginManager: Mounting plugin AudioSynesthesia
LogPluginManager: Mounting plugin AudioCapture
LogPluginManager: Mounting plugin CableComponent
LogPluginManager: Mounting plugin ChunkDownloader
LogPluginManager: Mounting plugin CustomMeshComponent
LogPluginManager: Mounting plugin EditableMesh
LogPluginManager: Mounting plugin ExampleDeviceProfileSelector
LogPluginManager: Mounting plugin GoogleCloudMessaging
LogPluginManager: Mounting plugin GooglePAD
LogPluginManager: Mounting plugin IOSDeviceProfileSelector
LogPluginManager: Mounting plugin LinuxDeviceProfileSelector
LogPluginManager: Mounting plugin LocationServicesBPLibrary
LogPluginManager: Mounting plugin MobilePatchingUtils
LogPluginManager: Mounting plugin OpenXR
LogPluginManager: Mounting plugin OpenXREyeTracker
LogPluginManager: Mounting plugin OpenXRHandTracking
LogPluginManager: Mounting plugin PhysXVehicles
LogPluginManager: Mounting plugin PostSplashScreen
LogPluginManager: Mounting plugin ProceduralMeshComponent
LogPluginManager: Mounting plugin PropertyAccessEditor
LogPluginManager: Mounting plugin RuntimePhysXCooking
LogPluginManager: Mounting plugin SignificanceManager
LogPluginManager: Mounting plugin SoundFields
LogPluginManager: Mounting plugin Synthesis
LogPluginManager: Mounting plugin WebMMoviePlayer
LogPluginManager: Mounting plugin WindowsMoviePlayer
LogPluginManager: Mounting plugin ScreenshotTools
LogPluginManager: Mounting plugin Takes
LogPluginManager: Mounting plugin ContentBrowserClassDataSource
LogPluginManager: Mounting plugin ContentBrowserAssetDataSource
LogPluginManager: Mounting plugin ContentBrowserFileDataSource
LogPluginManager: Mounting plugin OnlineSubsystemGooglePlay
LogPluginManager: Mounting plugin OnlineSubsystemIOS
LogPluginManager: Mounting plugin OculusVR
LogPluginManager: Mounting plugin SteamVR
PixWinPlugin: PIX capture plugin failed to initialize! Check that the process is launched from PIX.
LogInit: Using libcurl 7.55.1-DEV
LogInit:  - built for x86_64-pc-win32
LogInit:  - supports SSL with OpenSSL/1.1.1
LogInit:  - supports HTTP deflate (compression) using libz 1.2.8
LogInit:  - other features:
LogInit:      CURL_VERSION_SSL
LogInit:      CURL_VERSION_LIBZ
LogInit:      CURL_VERSION_IPV6
LogInit:      CURL_VERSION_ASYNCHDNS
LogInit:      CURL_VERSION_LARGEFILE
LogInit:      CURL_VERSION_IDN
LogInit:  CurlRequestOptions (configurable via config and command line):
LogInit:  - bVerifyPeer = true  - Libcurl will verify peer certificate
LogInit:  - bUseHttpProxy = false  - Libcurl will NOT use HTTP proxy
LogInit:  - bDontReuseConnections = false  - Libcurl will reuse connections
LogInit:  - MaxHostConnections = 16  - Libcurl will limit the number of connections to a host
LogInit:  - LocalHostAddr = Default
LogInit:  - BufferSize = 65536
LogOnline: OSS: Creating online subsystem instance for: NULL
LogInit: WinSock: version 1.1 (2.2), MaxSocks=32767, MaxUdp=65467
LogOnline: OSS: TryLoadSubsystemAndSetDefault: Loaded subsystem for module [NULL]
LogOculusPluginWrapper: OculusPlugin initialized successfully
LogHMD: Failed initializing OVRPlugin 1.59.0
LogInit: Build: ++UE4+Release-4.27-CL-18319896
LogInit: Engine Version: 4.27.2-18319896+++UE4+Release-4.27
LogInit: Compatible Engine Version: 4.27.0-17155196+++UE4+Release-4.27
LogInit: Net CL: 17155196
LogInit: OS: Windows 10 (Release 2009) (), CPU: 12th Gen Intel(R) Core(TM) i5-12600K, GPU: NVIDIA GeForce RTX 3080
LogInit: Compiled (64-bit): Nov 30 2021 07:12:08
LogInit: Compiled with Visual C++: 19.24.28315.00
LogInit: Build Configuration: Development
LogInit: Branch Name: ++UE4+Release-4.27
LogInit: Command Line: 
LogInit: Base Directory: D:/Epic Games/UE_4.27/Engine/Binaries/Win64/
LogInit: Allocator: TBB
LogInit: Installed Engine Build: 1
LogDevObjectVersion: Number of dev versions registered: 29
LogDevObjectVersion:   Dev-Blueprints (B0D832E4-1F89-4F0D-ACCF-7EB736FD4AA2): 10
LogDevObjectVersion:   Dev-Build (E1C64328-A22C-4D53-A36C-8E866417BD8C): 0
LogDevObjectVersion:   Dev-Core (375EC13C-06E4-48FB-B500-84F0262A717E): 4
LogDevObjectVersion:   Dev-Editor (E4B068ED-F494-42E9-A231-DA0B2E46BB41): 40
LogDevObjectVersion:   Dev-Framework (CFFC743F-43B0-4480-9391-14DF171D2073): 37
LogDevObjectVersion:   Dev-Mobile (B02B49B5-BB20-44E9-A304-32B752E40360): 3
LogDevObjectVersion:   Dev-Networking (A4E4105C-59A1-49B5-A7C5-40C4547EDFEE): 0
LogDevObjectVersion:   Dev-Online (39C831C9-5AE6-47DC-9A44-9C173E1C8E7C): 0
LogDevObjectVersion:   Dev-Physics (78F01B33-EBEA-4F98-B9B4-84EACCB95AA2): 14
LogDevObjectVersion:   Dev-Platform (6631380F-2D4D-43E0-8009-CF276956A95A): 0
LogDevObjectVersion:   Dev-Rendering (12F88B9F-8875-4AFC-A67C-D90C383ABD29): 45
LogDevObjectVersion:   Dev-Sequencer (7B5AE74C-D270-4C10-A958-57980B212A5A): 13
LogDevObjectVersion:   Dev-VR (D7296918-1DD6-4BDD-9DE2-64A83CC13884): 3
LogDevObjectVersion:   Dev-LoadTimes (C2A15278-BFE7-4AFE-6C17-90FF531DF755): 1
LogDevObjectVersion:   Private-Geometry (6EACA3D4-40EC-4CC1-B786-8BED09428FC5): 3
LogDevObjectVersion:   Dev-AnimPhys (29E575DD-E0A3-4627-9D10-D276232CDCEA): 17
LogDevObjectVersion:   Dev-Anim (AF43A65D-7FD3-4947-9873-3E8ED9C1BB05): 15
LogDevObjectVersion:   Dev-ReflectionCapture (6B266CEC-1EC7-4B8F-A30B-E4D90942FC07): 1
LogDevObjectVersion:   Dev-Automation (0DF73D61-A23F-47EA-B727-89E90C41499A): 1
LogDevObjectVersion:   FortniteMain (601D1886-AC64-4F84-AA16-D3DE0DEAC7D6): 47
LogDevObjectVersion:   FortniteRelease (E7086368-6B23-4C58-8439-1B7016265E91): 1
LogDevObjectVersion:   Dev-Enterprise (9DFFBCD6-494F-0158-E221-12823C92A888): 10
LogDevObjectVersion:   Dev-Niagara (F2AED0AC-9AFE-416F-8664-AA7FFA26D6FC): 1
LogDevObjectVersion:   Dev-Destruction (174F1F0B-B4C6-45A5-B13F-2EE8D0FB917D): 10
LogDevObjectVersion:   Dev-Physics-Ext (35F94A83-E258-406C-A318-09F59610247C): 41
LogDevObjectVersion:   Dev-PhysicsMaterial-Chaos (B68FC16E-8B1B-42E2-B453-215C058844FE): 1
LogDevObjectVersion:   Dev-CineCamera (B2E18506-4273-CFC2-A54E-F4BB758BBA07): 1
LogDevObjectVersion:   Dev-VirtualProduction (64F58936-FD1B-42BA-BA96-7289D5D0FA4E): 1
LogDevObjectVersion:   Dev-MediaFramework (6F0ED827-A609-4895-9C91-998D90180EA4): 2
LogInit: Presizing for max 25165824 objects, including 0 objects not considered by GC, pre-allocating 0 bytes for permanent pool.
LogConfig: Applying CVar settings from Section [/Script/Engine.StreamingSettings] File [C:/Users/titan/Desktop/CPSC399_Game/CPSC399Game/Saved/Config/Windows/Engine.ini]
LogConfig: Setting CVar [[s.MinBulkDataSizeForAsyncLoading:131072]]
LogConfig: Setting CVar [[s.AsyncLoadingThreadEnabled:0]]
LogConfig: Setting CVar [[s.EventDrivenLoaderEnabled:1]]
LogConfig: Setting CVar [[s.WarnIfTimeLimitExceeded:0]]
LogConfig: Setting CVar [[s.TimeLimitExceededMultiplier:1.5]]
LogConfig: Setting CVar [[s.TimeLimitExceededMinTime:0.005]]
LogConfig: Setting CVar [[s.UseBackgroundLevelStreaming:1]]
LogConfig: Setting CVar [[s.PriorityAsyncLoadingExtraTime:15.0]]
LogConfig: Setting CVar [[s.LevelStreamingActorsUpdateTimeLimit:5.0]]
LogConfig: Setting CVar [[s.PriorityLevelStreamingActorsUpdateExtraTime:5.0]]
LogConfig: Setting CVar [[s.LevelStreamingComponentsRegistrationGranularity:10]]
LogConfig: Setting CVar [[s.UnregisterComponentsTimeLimit:1.0]]
LogConfig: Setting CVar [[s.LevelStreamingComponentsUnregistrationGranularity:5]]
LogConfig: Setting CVar [[s.FlushStreamingOnExit:1]]
LogInit: Object subsystem initialized
LogConfig: Setting CVar [[con.DebugEarlyDefault:1]]
LogConfig: Setting CVar [[r.setres:1280x720]]
[2026.04.14-05.57.19:601][  0]LogConfig: Setting CVar [[r.VSync:0]]
[2026.04.14-05.57.19:601][  0]LogConfig: Setting CVar [[r.RHICmdBypass:0]]
[2026.04.14-05.57.19:601][  0]LogConfig: Applying CVar settings from Section [/Script/Engine.RendererSettings] File [C:/Users/titan/Desktop/CPSC399_Game/CPSC399Game/Saved/Config/Windows/Engine.ini]
[2026.04.14-05.57.19:601][  0]LogConfig: Setting CVar [[r.GPUCrashDebugging:0]]
[2026.04.14-05.57.19:601][  0]LogConfig: Setting CVar [[r.Mobile.DisableVertexFog:1]]
[2026.04.14-05.57.19:601][  0]LogConfig: Setting CVar [[r.Shadow.CSM.MaxMobileCascades:2]]
[2026.04.14-05.57.19:601][  0]LogConfig: Setting CVar [[r.MobileMSAA:1]]
[2026.04.14-05.57.19:601][  0]LogConfig: Setting CVar [[r.Mobile.AllowDitheredLODTransition:0]]
[2026.04.14-05.57.19:601][  0]LogConfig: Setting CVar [[r.Mobile.AllowSoftwareOcclusion:0]]
[2026.04.14-05.57.19:601][  0]LogConfig: Setting CVar [[r.Mobile.VirtualTextures:0]]
[2026.04.14-05.57.19:601][  0]LogConfig: Setting CVar [[r.DiscardUnusedQuality:0]]
[2026.04.14-05.57.19:601][  0]LogConfig: Setting CVar [[r.AllowOcclusionQueries:1]]
[2026.04.14-05.57.19:601][  0]LogConfig: Setting CVar [[r.MinScreenRadiusForLights:0.030000]]
[2026.04.14-05.57.19:601][  0]LogConfig: Setting CVar [[r.MinScreenRadiusForDepthPrepass:0.030000]]
[2026.04.14-05.57.19:601][  0]LogConfig: Setting CVar [[r.MinScreenRadiusForCSMDepth:0.010000]]
[2026.04.14-05.57.19:601][  0]LogConfig: Setting CVar [[r.PrecomputedVisibilityWarning:0]]
[2026.04.14-05.57.19:601][  0]LogConfig: Setting CVar [[r.TextureStreaming:1]]
[2026.04.14-05.57.19:601][  0]LogConfig: Setting CVar [[Compat.UseDXT5NormalMaps:0]]
[2026.04.14-05.57.19:601][  0]LogConfig: Setting CVar [[r.VirtualTextures:0]]
[2026.04.14-05.57.19:601][  0]LogConfig: Setting CVar [[r.VT.EnableAutoImport:1]]
[2026.04.14-05.57.19:601][  0]LogConfig: Setting CVar [[r.VirtualTexturedLightmaps:0]]
[2026.04.14-05.57.19:601][  0]LogConfig: Setting CVar [[r.VT.TileSize:128]]
[2026.04.14-05.57.19:601][  0]LogConfig: Setting CVar [[r.VT.TileBorderSize:4]]
[2026.04.14-05.57.19:601][  0]LogConfig: Setting CVar [[r.vt.FeedbackFactor:16]]
[2026.04.14-05.57.19:601][  0]LogConfig: Setting CVar [[r.VT.EnableCompressZlib:1]]
[2026.04.14-05.57.19:601][  0]LogConfig: Setting CVar [[r.VT.EnableCompressCrunch:0]]
[2026.04.14-05.57.19:601][  0]LogConfig: Setting CVar [[r.ClearCoatNormal:0]]
[2026.04.14-05.57.19:601][  0]LogConfig: Setting CVar [[r.ReflectionCaptureResolution:128]]
[2026.04.14-05.57.19:602][  0]LogConfig: Setting CVar [[r.Mobile.ReflectionCaptureCompression:0]]
[2026.04.14-05.57.19:602][  0]LogConfig: Setting CVar [[r.ReflectionEnvironmentLightmapMixBasedOnRoughness:1]]
[2026.04.14-05.57.19:602][  0]LogConfig: Setting CVar [[r.ForwardShading:0]]
[2026.04.14-05.57.19:602][  0]LogConfig: Setting CVar [[r.VertexFoggingForOpaque:1]]
[2026.04.14-05.57.19:602][  0]LogConfig: Setting CVar [[r.AllowStaticLighting:1]]
[2026.04.14-05.57.19:602][  0]LogConfig: Setting CVar [[r.NormalMapsForStaticLighting:0]]
[2026.04.14-05.57.19:602][  0]LogConfig: Setting CVar [[r.GenerateMeshDistanceFields:0]]
[2026.04.14-05.57.19:602][  0]LogConfig: Setting CVar [[r.DistanceFieldBuild.EightBit:0]]
[2026.04.14-05.57.19:602][  0]LogConfig: Setting CVar [[r.GenerateLandscapeGIData:0]]
[2026.04.14-05.57.19:602][  0]LogConfig: Setting CVar [[r.DistanceFieldBuild.Compress:0]]
[2026.04.14-05.57.19:602][  0]LogConfig: Setting CVar [[r.TessellationAdaptivePixelsPerTriangle:48.000000]]
[2026.04.14-05.57.19:602][  0]LogConfig: Setting CVar [[r.SeparateTranslucency:1]]
[2026.04.14-05.57.19:602][  0]LogConfig: Setting CVar [[r.TranslucentSortPolicy:0]]
[2026.04.14-05.57.19:602][  0]LogConfig: Setting CVar [[vr.VRS.HMDFixedFoveationLevel:0]]
[2026.04.14-05.57.19:602][  0]LogConfig: Setting CVar [[r.CustomDepth:1]]
[2026.04.14-05.57.19:602][  0]LogConfig: Setting CVar [[r.CustomDepthTemporalAAJitter:1]]
[2026.04.14-05.57.19:602][  0]LogConfig: Setting CVar [[r.PostProcessing.PropagateAlpha:0]]
[2026.04.14-05.57.19:602][  0]LogConfig: Setting CVar [[r.DefaultFeature.Bloom:1]]
[2026.04.14-05.57.19:602][  0]LogConfig: Setting CVar [[r.DefaultFeature.AmbientOcclusion:1]]
[2026.04.14-05.57.19:602][  0]LogConfig: Setting CVar [[r.DefaultFeature.AmbientOcclusionStaticFraction:1]]
[2026.04.14-05.57.19:602][  0]LogConfig: Setting CVar [[r.DefaultFeature.AutoExposure:0]]
[2026.04.14-05.57.19:602][  0]LogConfig: Setting CVar [[r.DefaultFeature.AutoExposure.Method:0]]
[2026.04.14-05.57.19:602][  0]LogConfig: Setting CVar [[r.DefaultFeature.AutoExposure.Bias:1.000000]]
[2026.04.14-05.57.19:602][  0]LogConfig: Setting CVar [[r.DefaultFeature.AutoExposure.ExtendDefaultLuminanceRange:0]]
[2026.04.14-05.57.19:602][  0]LogConfig: Setting CVar [[r.UsePreExposure:1]]
[2026.04.14-05.57.19:602][  0]LogConfig: Setting CVar [[r.EyeAdaptation.EditorOnly:0]]
[2026.04.14-05.57.19:602][  0]LogConfig: Setting CVar [[r.DefaultFeature.MotionBlur:0]]
[2026.04.14-05.57.19:602][  0]LogConfig: Setting CVar [[r.DefaultFeature.LensFlare:0]]
[2026.04.14-05.57.19:602][  0]LogConfig: Setting CVar [[r.TemporalAA.Upsampling:0]]
[2026.04.14-05.57.19:602][  0]LogConfig: Setting CVar [[r.SSGI.Enable:0]]
[2026.04.14-05.57.19:602][  0]LogConfig: Setting CVar [[r.DefaultFeature.AntiAliasing:0]]
[2026.04.14-05.57.19:602][  0]LogConfig: Setting CVar [[r.DefaultFeature.LightUnits:1]]
[2026.04.14-05.57.19:602][  0]LogConfig: Setting CVar [[r.DefaultBackBufferPixelFormat:4]]
[2026.04.14-05.57.19:602][  0]LogConfig: Setting CVar [[r.Shadow.UnbuiltPreviewInGame:1]]
[2026.04.14-05.57.19:602][  0]LogConfig: Setting CVar [[r.StencilForLODDither:0]]
[2026.04.14-05.57.19:602][  0]LogConfig: Setting CVar [[r.EarlyZPass:3]]
[2026.04.14-05.57.19:602][  0]LogConfig: Setting CVar [[r.EarlyZPassOnlyMaterialMasking:0]]
[2026.04.14-05.57.19:602][  0]LogConfig: Setting CVar [[r.DBuffer:1]]
[2026.04.14-05.57.19:602][  0]LogConfig: Setting CVar [[r.ClearSceneMethod:1]]
[2026.04.14-05.57.19:602][  0]LogConfig: Setting CVar [[r.BasePassOutputsVelocity:0]]
[2026.04.14-05.57.19:602][  0]LogConfig: Setting CVar [[r.VertexDeformationOutputsVelocity:0]]
[2026.04.14-05.57.19:602][  0]LogConfig: Setting CVar [[r.SelectiveBasePassOutputs:0]]
[2026.04.14-05.57.19:602][  0]LogConfig: Setting CVar [[fx.GPUSimulationTextureSizeX:1024]]
[2026.04.14-05.57.19:602][  0]LogConfig: Setting CVar [[fx.GPUSimulationTextureSizeY:1024]]
[2026.04.14-05.57.19:602][  0]LogConfig: Setting CVar [[r.AllowGlobalClipPlane:0]]
[2026.04.14-05.57.19:602][  0]LogConfig: Setting CVar [[r.GBufferFormat:1]]
[2026.04.14-05.57.19:602][  0]LogConfig: Setting CVar [[r.MorphTarget.Mode:1]]
[2026.04.14-05.57.19:602][  0]LogConfig: Setting CVar [[vr.InstancedStereo:0]]
[2026.04.14-05.57.19:602][  0]LogConfig: Setting CVar [[r.MobileHDR:1]]
[2026.04.14-05.57.19:602][  0]LogConfig: Setting CVar [[vr.MobileMultiView:0]]
[2026.04.14-05.57.19:602][  0]LogConfig: Setting CVar [[r.Mobile.UseHWsRGBEncoding:0]]
[2026.04.14-05.57.19:602][  0]LogConfig: Setting CVar [[vr.RoundRobinOcclusion:0]]
[2026.04.14-05.57.19:602][  0]LogConfig: Setting CVar [[vr.ODSCapture:0]]
[2026.04.14-05.57.19:602][  0]LogConfig: Setting CVar [[r.MeshStreaming:0]]
[2026.04.14-05.57.19:602][  0]LogConfig: Setting CVar [[r.WireframeCullThreshold:5.000000]]
[2026.04.14-05.57.19:602][  0]LogConfig: Setting CVar [[r.RayTracing:0]]
[2026.04.14-05.57.19:602][  0]LogConfig: Setting CVar [[r.RayTracing.UseTextureLod:0]]
[2026.04.14-05.57.19:602][  0]LogConfig: Setting CVar [[r.SupportStationarySkylight:1]]
[2026.04.14-05.57.19:602][  0]LogConfig: Setting CVar [[r.SupportLowQualityLightmaps:1]]
[2026.04.14-05.57.19:602][  0]LogConfig: Setting CVar [[r.SupportPointLightWholeSceneShadows:1]]
[2026.04.14-05.57.19:602][  0]LogConfig: Setting CVar [[r.SupportAtmosphericFog:1]]
[2026.04.14-05.57.19:602][  0]LogConfig: Setting CVar [[r.SupportSkyAtmosphere:1]]
[2026.04.14-05.57.19:602][  0]LogConfig: Setting CVar [[r.SupportSkyAtmosphereAffectsHeightFog:0]]
[2026.04.14-05.57.19:602][  0]LogConfig: Setting CVar [[r.SkinCache.CompileShaders:0]]
[2026.04.14-05.57.19:602][  0]LogConfig: Setting CVar [[r.SkinCache.DefaultBehavior:1]]
[2026.04.14-05.57.19:602][  0]LogConfig: Setting CVar [[r.SkinCache.SceneMemoryLimitInMB:128.000000]]
[2026.04.14-05.57.19:602][  0]LogConfig: Setting CVar [[r.Mobile.EnableStaticAndCSMShadowReceivers:1]]
[2026.04.14-05.57.19:602][  0]LogConfig: Setting CVar [[r.Mobile.EnableMovableLightCSMShaderCulling:1]]
[2026.04.14-05.57.19:602][  0]LogConfig: Setting CVar [[r.Mobile.AllowDistanceFieldShadows:1]]
[2026.04.14-05.57.19:602][  0]LogConfig: Setting CVar [[r.Mobile.AllowMovableDirectionalLights:1]]
[2026.04.14-05.57.19:602][  0]LogConfig: Setting CVar [[r.MobileNumDynamicPointLights:4]]
[2026.04.14-05.57.19:602][  0]LogConfig: Setting CVar [[r.MobileDynamicPointLightsUseStaticBranch:1]]
[2026.04.14-05.57.19:602][  0]LogConfig: Setting CVar [[r.Mobile.EnableMovableSpotlights:0]]
[2026.04.14-05.57.19:602][  0]LogConfig: Setting CVar [[r.Mobile.EnableMovableSpotlightsShadow:0]]
[2026.04.14-05.57.19:602][  0]LogConfig: Setting CVar [[r.GPUSkin.Support16BitBoneIndex:0]]
[2026.04.14-05.57.19:602][  0]LogConfig: Setting CVar [[r.GPUSkin.Limit2BoneInfluences:0]]
[2026.04.14-05.57.19:602][  0]LogConfig: Setting CVar [[r.SupportDepthOnlyIndexBuffers:1]]
[2026.04.14-05.57.19:602][  0]LogConfig: Setting CVar [[r.SupportReversedIndexBuffers:1]]
[2026.04.14-05.57.19:602][  0]LogConfig: Setting CVar [[r.LightPropagationVolume:0]]
[2026.04.14-05.57.19:602][  0]LogConfig: Setting CVar [[r.Mobile.AmbientOcclusion:0]]
[2026.04.14-05.57.19:602][  0]LogConfig: Setting CVar [[r.GPUSkin.UnlimitedBoneInfluences:0]]
[2026.04.14-05.57.19:602][  0]LogConfig: Setting CVar [[r.GPUSkin.UnlimitedBoneInfluencesThreshold:8]]
[2026.04.14-05.57.19:602][  0]LogConfig: Setting CVar [[r.Mobile.PlanarReflectionMode:0]]
[2026.04.14-05.57.19:602][  0]LogConfig: Setting CVar [[r.Mobile.SupportsGen4TAA:0]]
[2026.04.14-05.57.19:602][  0]LogConfig: Applying CVar settings from Section [/Script/Engine.RendererOverrideSettings] File [C:/Users/titan/Desktop/CPSC399_Game/CPSC399Game/Saved/Config/Windows/Engine.ini]
[2026.04.14-05.57.19:602][  0]LogConfig: Applying CVar settings from Section [/Script/Engine.StreamingSettings] File [C:/Users/titan/Desktop/CPSC399_Game/CPSC399Game/Saved/Config/Windows/Engine.ini]
[2026.04.14-05.57.19:602][  0]LogConfig: Setting CVar [[s.MinBulkDataSizeForAsyncLoading:131072]]
[2026.04.14-05.57.19:602][  0]LogConfig: Setting CVar [[s.AsyncLoadingThreadEnabled:0]]
[2026.04.14-05.57.19:602][  0]LogConfig: Setting CVar [[s.EventDrivenLoaderEnabled:1]]
[2026.04.14-05.57.19:602][  0]LogConfig: Setting CVar [[s.WarnIfTimeLimitExceeded:0]]
[2026.04.14-05.57.19:602][  0]LogConfig: Setting CVar [[s.TimeLimitExceededMultiplier:1.5]]
[2026.04.14-05.57.19:602][  0]LogConfig: Setting CVar [[s.TimeLimitExceededMinTime:0.005]]
[2026.04.14-05.57.19:602][  0]LogConfig: Setting CVar [[s.UseBackgroundLevelStreaming:1]]
[2026.04.14-05.57.19:602][  0]LogConfig: Setting CVar [[s.PriorityAsyncLoadingExtraTime:15.0]]
[2026.04.14-05.57.19:602][  0]LogConfig: Setting CVar [[s.LevelStreamingActorsUpdateTimeLimit:5.0]]
[2026.04.14-05.57.19:602][  0]LogConfig: Setting CVar [[s.PriorityLevelStreamingActorsUpdateExtraTime:5.0]]
[2026.04.14-05.57.19:602][  0]LogConfig: Setting CVar [[s.LevelStreamingComponentsRegistrationGranularity:10]]
[2026.04.14-05.57.19:602][  0]LogConfig: Setting CVar [[s.UnregisterComponentsTimeLimit:1.0]]
[2026.04.14-05.57.19:602][  0]LogConfig: Setting CVar [[s.LevelStreamingComponentsUnregistrationGranularity:5]]
[2026.04.14-05.57.19:602][  0]LogConfig: Setting CVar [[s.FlushStreamingOnExit:1]]
[2026.04.14-05.57.19:602][  0]LogConfig: Applying CVar settings from Section [/Script/Engine.GarbageCollectionSettings] File [C:/Users/titan/Desktop/CPSC399_Game/CPSC399Game/Saved/Config/Windows/Engine.ini]
[2026.04.14-05.57.19:602][  0]LogConfig: Setting CVar [[gc.MaxObjectsNotConsideredByGC:1]]
[2026.04.14-05.57.19:602][  0]LogConfig: Setting CVar [[gc.SizeOfPermanentObjectPool:0]]
[2026.04.14-05.57.19:602][  0]LogConfig: Setting CVar [[gc.FlushStreamingOnGC:0]]
[2026.04.14-05.57.19:602][  0]LogConfig: Setting CVar [[gc.NumRetriesBeforeForcingGC:10]]
[2026.04.14-05.57.19:602][  0]LogConfig: Setting CVar [[gc.AllowParallelGC:1]]
[2026.04.14-05.57.19:602][  0]LogConfig: Setting CVar [[gc.TimeBetweenPurgingPendingKillObjects:61.1]]
[2026.04.14-05.57.19:602][  0]LogConfig: Setting CVar [[gc.MaxObjectsInEditor:25165824]]
[2026.04.14-05.57.19:602][  0]LogConfig: Setting CVar [[gc.IncrementalBeginDestroyEnabled:1]]
[2026.04.14-05.57.19:602][  0]LogConfig: Setting CVar [[gc.CreateGCClusters:1]]
[2026.04.14-05.57.19:602][  0]LogConfig: Setting CVar [[gc.MinGCClusterSize:5]]
[2026.04.14-05.57.19:602][  0]LogConfig: Setting CVar [[gc.ActorClusteringEnabled:0]]
[2026.04.14-05.57.19:602][  0]LogConfig: Setting CVar [[gc.BlueprintClusteringEnabled:0]]
[2026.04.14-05.57.19:602][  0]LogConfig: Setting CVar [[gc.UseDisregardForGCOnDedicatedServers:0]]
[2026.04.14-05.57.19:602][  0]LogConfig: Setting CVar [[gc.MultithreadedDestructionEnabled:1]]
[2026.04.14-05.57.19:602][  0]LogConfig: Applying CVar settings from Section [/Script/Engine.NetworkSettings] File [C:/Users/titan/Desktop/CPSC399_Game/CPSC399Game/Saved/Config/Windows/Engine.ini]
[2026.04.14-05.57.19:602][  0]LogConfig: Applying CVar settings from Section [/Script/UnrealEd.CookerSettings] File [C:/Users/titan/Desktop/CPSC399_Game/CPSC399Game/Saved/Config/Windows/Engine.ini]
[2026.04.14-05.57.19:622][  0]LogConfig: Applying CVar settings from Section [ViewDistanceQuality@3] File [C:/Users/titan/Desktop/CPSC399_Game/CPSC399Game/Saved/Config/Windows/Scalability.ini]
[2026.04.14-05.57.19:622][  0]LogConfig: Setting CVar [[r.SkeletalMeshLODBias:0]]
[2026.04.14-05.57.19:622][  0]LogConfig: Setting CVar [[r.ViewDistanceScale:1.0]]
[2026.04.14-05.57.19:622][  0]LogConfig: Applying CVar settings from Section [AntiAliasingQuality@3] File [C:/Users/titan/Desktop/CPSC399_Game/CPSC399Game/Saved/Config/Windows/Scalability.ini]
[2026.04.14-05.57.19:622][  0]LogConfig: Setting CVar [[r.PostProcessAAQuality:4]]
[2026.04.14-05.57.19:622][  0]LogConfig: Applying CVar settings from Section [ShadowQuality@3] File [C:/Users/titan/Desktop/CPSC399_Game/CPSC399Game/Saved/Config/Windows/Scalability.ini]
[2026.04.14-05.57.19:622][  0]LogConfig: Setting CVar [[r.LightFunctionQuality:1]]
[2026.04.14-05.57.19:622][  0]LogConfig: Setting CVar [[r.ShadowQuality:5]]
[2026.04.14-05.57.19:622][  0]LogConfig: Setting CVar [[r.Shadow.CSM.MaxCascades:10]]
[2026.04.14-05.57.19:622][  0]LogConfig: Setting CVar [[r.Shadow.MaxResolution:2048]]
[2026.04.14-05.57.19:622][  0]LogConfig: Setting CVar [[r.Shadow.MaxCSMResolution:2048]]
[2026.04.14-05.57.19:622][  0]LogConfig: Setting CVar [[r.Shadow.RadiusThreshold:0.01]]
[2026.04.14-05.57.19:622][  0]LogConfig: Setting CVar [[r.Shadow.DistanceScale:1.0]]
[2026.04.14-05.57.19:622][  0]LogConfig: Setting CVar [[r.Shadow.CSM.TransitionScale:1.0]]
[2026.04.14-05.57.19:622][  0]LogConfig: Setting CVar [[r.Shadow.PreShadowResolutionFactor:1.0]]
[2026.04.14-05.57.19:622][  0]LogConfig: Setting CVar [[r.DistanceFieldShadowing:1]]
[2026.04.14-05.57.19:622][  0]LogConfig: Setting CVar [[r.DistanceFieldAO:1]]
[2026.04.14-05.57.19:622][  0]LogConfig: Setting CVar [[r.AOQuality:2]]
[2026.04.14-05.57.19:622][  0]LogConfig: Setting CVar [[r.VolumetricFog:1]]
[2026.04.14-05.57.19:622][  0]LogConfig: Setting CVar [[r.VolumetricFog.GridPixelSize:8]]
[2026.04.14-05.57.19:622][  0]LogConfig: Setting CVar [[r.VolumetricFog.GridSizeZ:128]]
[2026.04.14-05.57.19:622][  0]LogConfig: Setting CVar [[r.VolumetricFog.HistoryMissSupersampleCount:4]]
[2026.04.14-05.57.19:622][  0]LogConfig: Setting CVar [[r.LightMaxDrawDistanceScale:1]]
[2026.04.14-05.57.19:622][  0]LogConfig: Setting CVar [[r.CapsuleShadows:1]]
[2026.04.14-05.57.19:622][  0]LogConfig: Applying CVar settings from Section [PostProcessQuality@3] File [C:/Users/titan/Desktop/CPSC399_Game/CPSC399Game/Saved/Config/Windows/Scalability.ini]
[2026.04.14-05.57.19:622][  0]LogConfig: Setting CVar [[r.MotionBlurQuality:4]]
[2026.04.14-05.57.19:622][  0]LogConfig: Setting CVar [[r.AmbientOcclusionMipLevelFactor:0.4]]
[2026.04.14-05.57.19:623][  0]LogConfig: Setting CVar [[r.AmbientOcclusionMaxQuality:100]]
[2026.04.14-05.57.19:623][  0]LogConfig: Setting CVar [[r.AmbientOcclusionLevels:-1]]
[2026.04.14-05.57.19:623][  0]LogConfig: Setting CVar [[r.AmbientOcclusionRadiusScale:1.0]]
[2026.04.14-05.57.19:623][  0]LogConfig: Setting CVar [[r.DepthOfFieldQuality:2]]
[2026.04.14-05.57.19:623][  0]LogConfig: Setting CVar [[r.RenderTargetPoolMin:400]]
[2026.04.14-05.57.19:623][  0]LogConfig: Setting CVar [[r.LensFlareQuality:2]]
[2026.04.14-05.57.19:623][  0]LogConfig: Setting CVar [[r.SceneColorFringeQuality:1]]
[2026.04.14-05.57.19:623][  0]LogConfig: Setting CVar [[r.EyeAdaptationQuality:2]]
[2026.04.14-05.57.19:623][  0]LogConfig: Setting CVar [[r.BloomQuality:5]]
[2026.04.14-05.57.19:623][  0]LogConfig: Setting CVar [[r.FastBlurThreshold:100]]
[2026.04.14-05.57.19:623][  0]LogConfig: Setting CVar [[r.Upscale.Quality:3]]
[2026.04.14-05.57.19:623][  0]LogConfig: Setting CVar [[r.Tonemapper.GrainQuantization:1]]
[2026.04.14-05.57.19:623][  0]LogConfig: Setting CVar [[r.LightShaftQuality:1]]
[2026.04.14-05.57.19:623][  0]LogConfig: Setting CVar [[r.Filter.SizeScale:1]]
[2026.04.14-05.57.19:623][  0]LogConfig: Setting CVar [[r.Tonemapper.Quality:5]]
[2026.04.14-05.57.19:623][  0]LogConfig: Setting CVar [[r.DOF.Gather.AccumulatorQuality:1        ; higher gathering accumulator quality]]
[2026.04.14-05.57.19:623][  0]LogConfig: Setting CVar [[r.DOF.Gather.PostfilterMethod:1          ; Median3x3 postfilering method]]
[2026.04.14-05.57.19:623][  0]LogConfig: Setting CVar [[r.DOF.Gather.EnableBokehSettings:0       ; no bokeh simulation when gathering]]
[2026.04.14-05.57.19:623][  0]LogConfig: Setting CVar [[r.DOF.Gather.RingCount:4                 ; medium number of samples when gathering]]
[2026.04.14-05.57.19:623][  0]LogConfig: Setting CVar [[r.DOF.Scatter.ForegroundCompositing:1    ; additive foreground scattering]]
[2026.04.14-05.57.19:623][  0]LogConfig: Setting CVar [[r.DOF.Scatter.BackgroundCompositing:2    ; additive background scattering]]
[2026.04.14-05.57.19:623][  0]LogConfig: Setting CVar [[r.DOF.Scatter.EnableBokehSettings:1      ; bokeh simulation when scattering]]
[2026.04.14-05.57.19:623][  0]LogConfig: Setting CVar [[r.DOF.Scatter.MaxSpriteRatio:0.1         ; only a maximum of 10% of scattered bokeh]]
[2026.04.14-05.57.19:623][  0]LogConfig: Setting CVar [[r.DOF.Recombine.Quality:1                ; cheap slight out of focus]]
[2026.04.14-05.57.19:623][  0]LogConfig: Setting CVar [[r.DOF.Recombine.EnableBokehSettings:0    ; no bokeh simulation on slight out of focus]]
[2026.04.14-05.57.19:623][  0]LogConfig: Setting CVar [[r.DOF.TemporalAAQuality:1                ; more stable temporal accumulation]]
[2026.04.14-05.57.19:623][  0]LogConfig: Setting CVar [[r.DOF.Kernel.MaxForegroundRadius:0.025]]
[2026.04.14-05.57.19:623][  0]LogConfig: Setting CVar [[r.DOF.Kernel.MaxBackgroundRadius:0.025]]
[2026.04.14-05.57.19:623][  0]LogConfig: Applying CVar settings from Section [TextureQuality@3] File [C:/Users/titan/Desktop/CPSC399_Game/CPSC399Game/Saved/Config/Windows/Scalability.ini]
[2026.04.14-05.57.19:623][  0]LogConfig: Setting CVar [[r.Streaming.MipBias:0]]
[2026.04.14-05.57.19:623][  0]LogConfig: Setting CVar [[r.Streaming.AmortizeCPUToGPUCopy:0]]
[2026.04.14-05.57.19:623][  0]LogConfig: Setting CVar [[r.Streaming.MaxNumTexturesToStreamPerFrame:0]]
[2026.04.14-05.57.19:623][  0]LogConfig: Setting CVar [[r.Streaming.Boost:1]]
[2026.04.14-05.57.19:623][  0]LogConfig: Setting CVar [[r.MaxAnisotropy:8]]
[2026.04.14-05.57.19:623][  0]LogConfig: Setting CVar [[r.VT.MaxAnisotropy:8]]
[2026.04.14-05.57.19:623][  0]LogConfig: Setting CVar [[r.Streaming.LimitPoolSizeToVRAM:0]]
[2026.04.14-05.57.19:623][  0]LogConfig: Setting CVar [[r.Streaming.PoolSize:1000]]
[2026.04.14-05.57.19:623][  0]LogConfig: Setting CVar [[r.Streaming.MaxEffectiveScreenSize:0]]
[2026.04.14-05.57.19:623][  0]LogConfig: Applying CVar settings from Section [EffectsQuality@3] File [C:/Users/titan/Desktop/CPSC399_Game/CPSC399Game/Saved/Config/Windows/Scalability.ini]
[2026.04.14-05.57.19:623][  0]LogConfig: Setting CVar [[r.TranslucencyLightingVolumeDim:64]]
[2026.04.14-05.57.19:623][  0]LogConfig: Setting CVar [[r.RefractionQuality:2]]
[2026.04.14-05.57.19:623][  0]LogConfig: Setting CVar [[r.SSR.Quality:3]]
[2026.04.14-05.57.19:623][  0]LogConfig: Setting CVar [[r.SSR.HalfResSceneColor:0]]
[2026.04.14-05.57.19:623][  0]LogConfig: Setting CVar [[r.SceneColorFormat:4]]
[2026.04.14-05.57.19:623][  0]LogConfig: Setting CVar [[r.DetailMode:2]]
[2026.04.14-05.57.19:623][  0]LogConfig: Setting CVar [[r.TranslucencyVolumeBlur:1]]
[2026.04.14-05.57.19:623][  0]LogConfig: Setting CVar [[r.MaterialQualityLevel:1 ; High quality]]
[2026.04.14-05.57.19:623][  0]LogConfig: Setting CVar [[r.AnisotropicMaterials:1]]
[2026.04.14-05.57.19:623][  0]LogConfig: Setting CVar [[r.SSS.Scale:1]]
[2026.04.14-05.57.19:623][  0]LogConfig: Setting CVar [[r.SSS.SampleSet:2]]
[2026.04.14-05.57.19:623][  0]LogConfig: Setting CVar [[r.SSS.Quality:1]]
[2026.04.14-05.57.19:623][  0]LogConfig: Setting CVar [[r.SSS.HalfRes:0]]
[2026.04.14-05.57.19:623][  0]LogConfig: Setting CVar [[r.SSGI.Quality:3]]
[2026.04.14-05.57.19:623][  0]LogConfig: Setting CVar [[r.EmitterSpawnRateScale:1.0]]
[2026.04.14-05.57.19:623][  0]LogConfig: Setting CVar [[r.ParticleLightQuality:2]]
[2026.04.14-05.57.19:623][  0]LogConfig: Setting CVar [[r.SkyAtmosphere.AerialPerspectiveLUT.FastApplyOnOpaque:1 ; Always have FastSkyLUT 1 in this case to avoid wrong sky]]
[2026.04.14-05.57.19:623][  0]LogConfig: Setting CVar [[r.SkyAtmosphere.AerialPerspectiveLUT.SampleCountMaxPerSlice:4]]
[2026.04.14-05.57.19:623][  0]LogConfig: Setting CVar [[r.SkyAtmosphere.AerialPerspectiveLUT.DepthResolution:16.0]]
[2026.04.14-05.57.19:623][  0]LogConfig: Setting CVar [[r.SkyAtmosphere.FastSkyLUT:1]]
[2026.04.14-05.57.19:623][  0]LogConfig: Setting CVar [[r.SkyAtmosphere.FastSkyLUT.SampleCountMin:4.0]]
[2026.04.14-05.57.19:623][  0]LogConfig: Setting CVar [[r.SkyAtmosphere.FastSkyLUT.SampleCountMax:128.0]]
[2026.04.14-05.57.19:623][  0]LogConfig: Setting CVar [[r.SkyAtmosphere.SampleCountMin:4.0]]
[2026.04.14-05.57.19:623][  0]LogConfig: Setting CVar [[r.SkyAtmosphere.SampleCountMax:128.0]]
[2026.04.14-05.57.19:623][  0]LogConfig: Setting CVar [[r.SkyAtmosphere.TransmittanceLUT.UseSmallFormat:0]]
[2026.04.14-05.57.19:623][  0]LogConfig: Setting CVar [[r.SkyAtmosphere.TransmittanceLUT.SampleCount:10.0]]
[2026.04.14-05.57.19:623][  0]LogConfig: Setting CVar [[r.SkyAtmosphere.MultiScatteringLUT.SampleCount:15.0]]
[2026.04.14-05.57.19:623][  0]LogConfig: Setting CVar [[r.SkyLight.RealTimeReflectionCapture:1]]
[2026.04.14-05.57.19:623][  0]LogConfig: Applying CVar settings from Section [FoliageQuality@3] File [C:/Users/titan/Desktop/CPSC399_Game/CPSC399Game/Saved/Config/Windows/Scalability.ini]
[2026.04.14-05.57.19:623][  0]LogConfig: Setting CVar [[foliage.DensityScale:1.0]]
[2026.04.14-05.57.19:623][  0]LogConfig: Setting CVar [[grass.DensityScale:1.0]]
[2026.04.14-05.57.19:623][  0]LogConfig: Applying CVar settings from Section [ShadingQuality@3] File [C:/Users/titan/Desktop/CPSC399_Game/CPSC399Game/Saved/Config/Windows/Scalability.ini]
[2026.04.14-05.57.19:623][  0]LogConfig: Setting CVar [[r.HairStrands.SkyLighting.IntegrationType:2]]
[2026.04.14-05.57.19:623][  0]LogConfig: Setting CVar [[r.HairStrands.SkyAO.SampleCount:4]]
[2026.04.14-05.57.19:623][  0]LogConfig: Setting CVar [[r.HairStrands.Visibility.MSAA.SamplePerPixel:4]]
[2026.04.14-05.57.19:623][  0]LogInit: Selected Device Profile: [Windows]
[2026.04.14-05.57.19:623][  0]LogInit: Applying CVar settings loaded from the selected device profile: [Windows]
[2026.04.14-05.57.19:623][  0]LogHAL: Display: Platform has ~ 32 GB [34088599552 / 34359738368 / 32], which maps to Largest [LargestMinGB=32, LargerMinGB=12, DefaultMinGB=8, SmallerMinGB=6, SmallestMinGB=0)
[2026.04.14-05.57.19:623][  0]LogInit: Going up to parent DeviceProfile []
[2026.04.14-05.57.19:623][  0]LogConfig: Applying CVar settings from Section [ViewDistanceQuality@3] File [C:/Users/titan/Desktop/CPSC399_Game/CPSC399Game/Saved/Config/Windows/Scalability.ini]
[2026.04.14-05.57.19:623][  0]LogConfig: Setting CVar [[r.SkeletalMeshLODBias:0]]
[2026.04.14-05.57.19:623][  0]LogConfig: Setting CVar [[r.ViewDistanceScale:1.0]]
[2026.04.14-05.57.19:623][  0]LogConfig: Applying CVar settings from Section [AntiAliasingQuality@3] File [C:/Users/titan/Desktop/CPSC399_Game/CPSC399Game/Saved/Config/Windows/Scalability.ini]
[2026.04.14-05.57.19:623][  0]LogConfig: Setting CVar [[r.PostProcessAAQuality:4]]
[2026.04.14-05.57.19:623][  0]LogConfig: Applying CVar settings from Section [ShadowQuality@3] File [C:/Users/titan/Desktop/CPSC399_Game/CPSC399Game/Saved/Config/Windows/Scalability.ini]
[2026.04.14-05.57.19:623][  0]LogConfig: Setting CVar [[r.LightFunctionQuality:1]]
[2026.04.14-05.57.19:623][  0]LogConfig: Setting CVar [[r.ShadowQuality:5]]
[2026.04.14-05.57.19:623][  0]LogConfig: Setting CVar [[r.Shadow.CSM.MaxCascades:10]]
[2026.04.14-05.57.19:623][  0]LogConfig: Setting CVar [[r.Shadow.MaxResolution:2048]]
[2026.04.14-05.57.19:623][  0]LogConfig: Setting CVar [[r.Shadow.MaxCSMResolution:2048]]
[2026.04.14-05.57.19:623][  0]LogConfig: Setting CVar [[r.Shadow.RadiusThreshold:0.01]]
[2026.04.14-05.57.19:623][  0]LogConfig: Setting CVar [[r.Shadow.DistanceScale:1.0]]
[2026.04.14-05.57.19:623][  0]LogConfig: Setting CVar [[r.Shadow.CSM.TransitionScale:1.0]]
[2026.04.14-05.57.19:623][  0]LogConfig: Setting CVar [[r.Shadow.PreShadowResolutionFactor:1.0]]
[2026.04.14-05.57.19:623][  0]LogConfig: Setting CVar [[r.DistanceFieldShadowing:1]]
[2026.04.14-05.57.19:623][  0]LogConfig: Setting CVar [[r.DistanceFieldAO:1]]
[2026.04.14-05.57.19:623][  0]LogConfig: Setting CVar [[r.AOQuality:2]]
[2026.04.14-05.57.19:623][  0]LogConfig: Setting CVar [[r.VolumetricFog:1]]
[2026.04.14-05.57.19:623][  0]LogConfig: Setting CVar [[r.VolumetricFog.GridPixelSize:8]]
[2026.04.14-05.57.19:623][  0]LogConfig: Setting CVar [[r.VolumetricFog.GridSizeZ:128]]
[2026.04.14-05.57.19:623][  0]LogConfig: Setting CVar [[r.VolumetricFog.HistoryMissSupersampleCount:4]]
[2026.04.14-05.57.19:623][  0]LogConfig: Setting CVar [[r.LightMaxDrawDistanceScale:1]]
[2026.04.14-05.57.19:623][  0]LogConfig: Setting CVar [[r.CapsuleShadows:1]]
[2026.04.14-05.57.19:623][  0]LogConfig: Applying CVar settings from Section [PostProcessQuality@3] File [C:/Users/titan/Desktop/CPSC399_Game/CPSC399Game/Saved/Config/Windows/Scalability.ini]
[2026.04.14-05.57.19:623][  0]LogConfig: Setting CVar [[r.MotionBlurQuality:4]]
[2026.04.14-05.57.19:623][  0]LogConfig: Setting CVar [[r.AmbientOcclusionMipLevelFactor:0.4]]
[2026.04.14-05.57.19:623][  0]LogConfig: Setting CVar [[r.AmbientOcclusionMaxQuality:100]]
[2026.04.14-05.57.19:623][  0]LogConfig: Setting CVar [[r.AmbientOcclusionLevels:-1]]
[2026.04.14-05.57.19:623][  0]LogConfig: Setting CVar [[r.AmbientOcclusionRadiusScale:1.0]]
[2026.04.14-05.57.19:623][  0]LogConfig: Setting CVar [[r.DepthOfFieldQuality:2]]
[2026.04.14-05.57.19:623][  0]LogConfig: Setting CVar [[r.RenderTargetPoolMin:400]]
[2026.04.14-05.57.19:623][  0]LogConfig: Setting CVar [[r.LensFlareQuality:2]]
[2026.04.14-05.57.19:623][  0]LogConfig: Setting CVar [[r.SceneColorFringeQuality:1]]
[2026.04.14-05.57.19:623][  0]LogConfig: Setting CVar [[r.EyeAdaptationQuality:2]]
[2026.04.14-05.57.19:623][  0]LogConfig: Setting CVar [[r.BloomQuality:5]]
[2026.04.14-05.57.19:623][  0]LogConfig: Setting CVar [[r.FastBlurThreshold:100]]
[2026.04.14-05.57.19:623][  0]LogConfig: Setting CVar [[r.Upscale.Quality:3]]
[2026.04.14-05.57.19:623][  0]LogConfig: Setting CVar [[r.Tonemapper.GrainQuantization:1]]
[2026.04.14-05.57.19:623][  0]LogConfig: Setting CVar [[r.LightShaftQuality:1]]
[2026.04.14-05.57.19:623][  0]LogConfig: Setting CVar [[r.Filter.SizeScale:1]]
[2026.04.14-05.57.19:623][  0]LogConfig: Setting CVar [[r.Tonemapper.Quality:5]]
[2026.04.14-05.57.19:623][  0]LogConfig: Setting CVar [[r.DOF.Gather.AccumulatorQuality:1        ; higher gathering accumulator quality]]
[2026.04.14-05.57.19:623][  0]LogConfig: Setting CVar [[r.DOF.Gather.PostfilterMethod:1          ; Median3x3 postfilering method]]
[2026.04.14-05.57.19:623][  0]LogConfig: Setting CVar [[r.DOF.Gather.EnableBokehSettings:0       ; no bokeh simulation when gathering]]
[2026.04.14-05.57.19:623][  0]LogConfig: Setting CVar [[r.DOF.Gather.RingCount:4                 ; medium number of samples when gathering]]
[2026.04.14-05.57.19:623][  0]LogConfig: Setting CVar [[r.DOF.Scatter.ForegroundCompositing:1    ; additive foreground scattering]]
[2026.04.14-05.57.19:623][  0]LogConfig: Setting CVar [[r.DOF.Scatter.BackgroundCompositing:2    ; additive background scattering]]
[2026.04.14-05.57.19:623][  0]LogConfig: Setting CVar [[r.DOF.Scatter.EnableBokehSettings:1      ; bokeh simulation when scattering]]
[2026.04.14-05.57.19:623][  0]LogConfig: Setting CVar [[r.DOF.Scatter.MaxSpriteRatio:0.1         ; only a maximum of 10% of scattered bokeh]]
[2026.04.14-05.57.19:623][  0]LogConfig: Setting CVar [[r.DOF.Recombine.Quality:1                ; cheap slight out of focus]]
[2026.04.14-05.57.19:623][  0]LogConfig: Setting CVar [[r.DOF.Recombine.EnableBokehSettings:0    ; no bokeh simulation on slight out of focus]]
[2026.04.14-05.57.19:623][  0]LogConfig: Setting CVar [[r.DOF.TemporalAAQuality:1                ; more stable temporal accumulation]]
[2026.04.14-05.57.19:623][  0]LogConfig: Setting CVar [[r.DOF.Kernel.MaxForegroundRadius:0.025]]
[2026.04.14-05.57.19:623][  0]LogConfig: Setting CVar [[r.DOF.Kernel.MaxBackgroundRadius:0.025]]
[2026.04.14-05.57.19:623][  0]LogConfig: Applying CVar settings from Section [TextureQuality@3] File [C:/Users/titan/Desktop/CPSC399_Game/CPSC399Game/Saved/Config/Windows/Scalability.ini]
[2026.04.14-05.57.19:623][  0]LogConfig: Setting CVar [[r.Streaming.MipBias:0]]
[2026.04.14-05.57.19:623][  0]LogConfig: Setting CVar [[r.Streaming.AmortizeCPUToGPUCopy:0]]
[2026.04.14-05.57.19:623][  0]LogConfig: Setting CVar [[r.Streaming.MaxNumTexturesToStreamPerFrame:0]]
[2026.04.14-05.57.19:623][  0]LogConfig: Setting CVar [[r.Streaming.Boost:1]]
[2026.04.14-05.57.19:623][  0]LogConfig: Setting CVar [[r.MaxAnisotropy:8]]
[2026.04.14-05.57.19:623][  0]LogConfig: Setting CVar [[r.VT.MaxAnisotropy:8]]
[2026.04.14-05.57.19:623][  0]LogConfig: Setting CVar [[r.Streaming.LimitPoolSizeToVRAM:0]]
[2026.04.14-05.57.19:623][  0]LogConfig: Setting CVar [[r.Streaming.PoolSize:1000]]
[2026.04.14-05.57.19:624][  0]LogConfig: Setting CVar [[r.Streaming.MaxEffectiveScreenSize:0]]
[2026.04.14-05.57.19:624][  0]LogConfig: Applying CVar settings from Section [EffectsQuality@3] File [C:/Users/titan/Desktop/CPSC399_Game/CPSC399Game/Saved/Config/Windows/Scalability.ini]
[2026.04.14-05.57.19:624][  0]LogConfig: Setting CVar [[r.TranslucencyLightingVolumeDim:64]]
[2026.04.14-05.57.19:624][  0]LogConfig: Setting CVar [[r.RefractionQuality:2]]
[2026.04.14-05.57.19:624][  0]LogConfig: Setting CVar [[r.SSR.Quality:3]]
[2026.04.14-05.57.19:624][  0]LogConfig: Setting CVar [[r.SSR.HalfResSceneColor:0]]
[2026.04.14-05.57.19:624][  0]LogConfig: Setting CVar [[r.SceneColorFormat:4]]
[2026.04.14-05.57.19:624][  0]LogConfig: Setting CVar [[r.DetailMode:2]]
[2026.04.14-05.57.19:624][  0]LogConfig: Setting CVar [[r.TranslucencyVolumeBlur:1]]
[2026.04.14-05.57.19:624][  0]LogConfig: Setting CVar [[r.MaterialQualityLevel:1 ; High quality]]
[2026.04.14-05.57.19:624][  0]LogConfig: Setting CVar [[r.AnisotropicMaterials:1]]
[2026.04.14-05.57.19:624][  0]LogConfig: Setting CVar [[r.SSS.Scale:1]]
[2026.04.14-05.57.19:624][  0]LogConfig: Setting CVar [[r.SSS.SampleSet:2]]
[2026.04.14-05.57.19:624][  0]LogConfig: Setting CVar [[r.SSS.Quality:1]]
[2026.04.14-05.57.19:624][  0]LogConfig: Setting CVar [[r.SSS.HalfRes:0]]
[2026.04.14-05.57.19:624][  0]LogConfig: Setting CVar [[r.SSGI.Quality:3]]
[2026.04.14-05.57.19:624][  0]LogConfig: Setting CVar [[r.EmitterSpawnRateScale:1.0]]
[2026.04.14-05.57.19:624][  0]LogConfig: Setting CVar [[r.ParticleLightQuality:2]]
[2026.04.14-05.57.19:624][  0]LogConfig: Setting CVar [[r.SkyAtmosphere.AerialPerspectiveLUT.FastApplyOnOpaque:1 ; Always have FastSkyLUT 1 in this case to avoid wrong sky]]
[2026.04.14-05.57.19:624][  0]LogConfig: Setting CVar [[r.SkyAtmosphere.AerialPerspectiveLUT.SampleCountMaxPerSlice:4]]
[2026.04.14-05.57.19:624][  0]LogConfig: Setting CVar [[r.SkyAtmosphere.AerialPerspectiveLUT.DepthResolution:16.0]]
[2026.04.14-05.57.19:624][  0]LogConfig: Setting CVar [[r.SkyAtmosphere.FastSkyLUT:1]]
[2026.04.14-05.57.19:624][  0]LogConfig: Setting CVar [[r.SkyAtmosphere.FastSkyLUT.SampleCountMin:4.0]]
[2026.04.14-05.57.19:624][  0]LogConfig: Setting CVar [[r.SkyAtmosphere.FastSkyLUT.SampleCountMax:128.0]]
[2026.04.14-05.57.19:624][  0]LogConfig: Setting CVar [[r.SkyAtmosphere.SampleCountMin:4.0]]
[2026.04.14-05.57.19:624][  0]LogConfig: Setting CVar [[r.SkyAtmosphere.SampleCountMax:128.0]]
[2026.04.14-05.57.19:624][  0]LogConfig: Setting CVar [[r.SkyAtmosphere.TransmittanceLUT.UseSmallFormat:0]]
[2026.04.14-05.57.19:624][  0]LogConfig: Setting CVar [[r.SkyAtmosphere.TransmittanceLUT.SampleCount:10.0]]
[2026.04.14-05.57.19:624][  0]LogConfig: Setting CVar [[r.SkyAtmosphere.MultiScatteringLUT.SampleCount:15.0]]
[2026.04.14-05.57.19:624][  0]LogConfig: Setting CVar [[r.SkyLight.RealTimeReflectionCapture:1]]
[2026.04.14-05.57.19:624][  0]LogConfig: Applying CVar settings from Section [FoliageQuality@3] File [C:/Users/titan/Desktop/CPSC399_Game/CPSC399Game/Saved/Config/Windows/Scalability.ini]
[2026.04.14-05.57.19:624][  0]LogConfig: Setting CVar [[foliage.DensityScale:1.0]]
[2026.04.14-05.57.19:624][  0]LogConfig: Setting CVar [[grass.DensityScale:1.0]]
[2026.04.14-05.57.19:624][  0]LogConfig: Applying CVar settings from Section [ShadingQuality@3] File [C:/Users/titan/Desktop/CPSC399_Game/CPSC399Game/Saved/Config/Windows/Scalability.ini]
[2026.04.14-05.57.19:624][  0]LogConfig: Setting CVar [[r.HairStrands.SkyLighting.IntegrationType:2]]
[2026.04.14-05.57.19:624][  0]LogConfig: Setting CVar [[r.HairStrands.SkyAO.SampleCount:4]]
[2026.04.14-05.57.19:624][  0]LogConfig: Setting CVar [[r.HairStrands.Visibility.MSAA.SamplePerPixel:4]]
[2026.04.14-05.57.19:624][  0]LogConfig: Applying CVar settings from Section [Startup] File [../../../Engine/Config/ConsoleVariables.ini]
[2026.04.14-05.57.19:630][  0]LogConfig: Setting CVar [[net.UseAdaptiveNetUpdateFrequency:0]]
[2026.04.14-05.57.19:630][  0]LogConfig: Setting CVar [[p.chaos.AllowCreatePhysxBodies:1]]
[2026.04.14-05.57.19:630][  0]LogConfig: Setting CVar [[fx.SkipVectorVMBackendOptimizations:1]]
[2026.04.14-05.57.19:630][  0]LogConfig: Applying CVar settings from Section [ConsoleVariables] File [C:/Users/titan/Desktop/CPSC399_Game/CPSC399Game/Saved/Config/Windows/Engine.ini]
[2026.04.14-05.57.19:630][  0]LogConfig: Applying CVar settings from Section [ConsoleVariables] File [C:/Users/titan/Desktop/CPSC399_Game/CPSC399Game/Saved/Config/Windows/Editor.ini]
[2026.04.14-05.57.19:630][  0]LogInit: Computer: TITANPC
[2026.04.14-05.57.19:630][  0]LogInit: User: titan
[2026.04.14-05.57.19:630][  0]LogInit: CPU Page size=4096, Cores=10
[2026.04.14-05.57.19:630][  0]LogInit: High frequency timer resolution =10.000000 MHz
[2026.04.14-05.57.19:630][  0]LogMemory: Memory total: Physical=31.7GB (32GB approx)
[2026.04.14-05.57.19:630][  0]LogMemory: Platform Memory Stats for Windows
[2026.04.14-05.57.19:630][  0]LogMemory: Process Physical Memory: 150.22 MB used, 150.22 MB peak
[2026.04.14-05.57.19:630][  0]LogMemory: Process Virtual Memory: 131.61 MB used, 131.61 MB peak
[2026.04.14-05.57.19:630][  0]LogMemory: Physical Memory: 15499.85 MB used,  17009.57 MB free, 32509.42 MB total
[2026.04.14-05.57.19:630][  0]LogMemory: Virtual Memory: 134203640.00 MB used,  14091.60 MB free, 134217728.00 MB total
[2026.04.14-05.57.19:634][  0]LogWindows: WindowsPlatformFeatures enabled
[2026.04.14-05.57.19:892][  0]LogInit: Physics initialised using underlying interface: PhysX
[2026.04.14-05.57.19:894][  0]LogInit: Using OS detected language (en-US).
[2026.04.14-05.57.19:894][  0]LogInit: Using OS detected locale (en-CA).
[2026.04.14-05.57.19:896][  0]LogTextLocalizationManager: No specific localization for 'en-US' exists, so the 'en' localization will be used.
[2026.04.14-05.57.20:084][  0]LogInit: Setting process to per monitor DPI aware
[2026.04.14-05.57.20:118][  0]LogWindowsTextInputMethodSystem: Display: IME system deactivated.
[2026.04.14-05.57.20:196][  0]LogSlate: New Slate User Created.  User Index 0, Is Virtual User: 0
[2026.04.14-05.57.20:196][  0]LogSlate: Slate User Registered.  User Index 0, Is Virtual User: 0
[2026.04.14-05.57.22:951][  0]LogD3D11RHI: Loaded GFSDK_Aftermath_Lib.x64.dll
[2026.04.14-05.57.22:958][  0]LogHMD: Failed to initialize OpenVR with code 110
[2026.04.14-05.57.22:958][  0]LogD3D11RHI: D3D11 min allowed feature level: 11_0
[2026.04.14-05.57.22:958][  0]LogD3D11RHI: D3D11 max allowed feature level: 11_0
[2026.04.14-05.57.22:958][  0]LogD3D11RHI: D3D11 adapters:
[2026.04.14-05.57.23:127][  0]LogD3D11RHI:    0. 'NVIDIA GeForce RTX 3080' (Feature Level 11_0)
[2026.04.14-05.57.23:127][  0]LogD3D11RHI:       12093/0/16254 MB DedicatedVideo/DedicatedSystem/SharedSystem, Outputs:3, VendorId:0x10de
[2026.04.14-05.57.23:130][  0]LogD3D11RHI:    1. 'Microsoft Basic Render Driver' (Feature Level 11_0)
[2026.04.14-05.57.23:130][  0]LogD3D11RHI:       0/0/16254 MB DedicatedVideo/DedicatedSystem/SharedSystem, Outputs:0, VendorId:0x1414
[2026.04.14-05.57.23:130][  0]LogD3D11RHI: Chosen D3D11 Adapter:
[2026.04.14-05.57.23:130][  0]LogD3D11RHI:     Description : NVIDIA GeForce RTX 3080
[2026.04.14-05.57.23:130][  0]LogD3D11RHI:     VendorId    : 10de
[2026.04.14-05.57.23:130][  0]LogD3D11RHI:     DeviceId    : 220a
[2026.04.14-05.57.23:130][  0]LogD3D11RHI:     SubSysId    : 48773842
[2026.04.14-05.57.23:130][  0]LogD3D11RHI:     Revision    : 00a1
[2026.04.14-05.57.23:130][  0]LogD3D11RHI:     DedicatedVideoMemory : 12680429568 bytes
[2026.04.14-05.57.23:130][  0]LogD3D11RHI:     DedicatedSystemMemory : 0 bytes
[2026.04.14-05.57.23:130][  0]LogD3D11RHI:     SharedSystemMemory : 17044299776 bytes
[2026.04.14-05.57.23:130][  0]LogD3D11RHI:     AdapterLuid : 0 55046
[2026.04.14-05.57.23:136][  0]LogD3D11RHI: Creating new Direct3DDevice
[2026.04.14-05.57.23:136][  0]LogD3D11RHI:     GPU DeviceId: 0x220a (for the marketing name, search the web for "GPU Device Id")
[2026.04.14-05.57.23:136][  0]LogWindows: EnumDisplayDevices:
[2026.04.14-05.57.23:136][  0]LogWindows:    0. 'NVIDIA GeForce RTX 3080' (P:1 D:1)
[2026.04.14-05.57.23:136][  0]LogWindows:    1. 'NVIDIA GeForce RTX 3080' (P:0 D:1)
[2026.04.14-05.57.23:136][  0]LogWindows:    2. 'NVIDIA GeForce RTX 3080' (P:0 D:1)
[2026.04.14-05.57.23:136][  0]LogWindows:    3. 'NVIDIA GeForce RTX 3080' (P:0 D:0)
[2026.04.14-05.57.23:136][  0]LogWindows: DebugString: FoundDriverCount:4 
[2026.04.14-05.57.23:136][  0]LogD3D11RHI:     Adapter Name: NVIDIA GeForce RTX 3080
[2026.04.14-05.57.23:136][  0]LogD3D11RHI:   Driver Version: 595.97 (internal:32.0.15.9597, unified:595.97)
[2026.04.14-05.57.23:136][  0]LogD3D11RHI:      Driver Date: 3-17-2026
[2026.04.14-05.57.23:136][  0]LogRHI: Texture pool is 8465 MB (70% of 12093 MB)
[2026.04.14-05.57.23:136][  0]LogD3D11RHI: Creating D3DDevice using adapter:
[2026.04.14-05.57.23:136][  0]LogD3D11RHI:     Description : NVIDIA GeForce RTX 3080
[2026.04.14-05.57.23:136][  0]LogD3D11RHI:     VendorId    : 10de
[2026.04.14-05.57.23:136][  0]LogD3D11RHI:     DeviceId    : 220a
[2026.04.14-05.57.23:136][  0]LogD3D11RHI:     SubSysId    : 48773842
[2026.04.14-05.57.23:136][  0]LogD3D11RHI:     Revision    : 00a1
[2026.04.14-05.57.23:136][  0]LogD3D11RHI:     DedicatedVideoMemory : 12680429568 bytes
[2026.04.14-05.57.23:136][  0]LogD3D11RHI:     DedicatedSystemMemory : 0 bytes
[2026.04.14-05.57.23:136][  0]LogD3D11RHI:     SharedSystemMemory : 17044299776 bytes
[2026.04.14-05.57.23:136][  0]LogD3D11RHI:     AdapterLuid : 0 55046
[2026.04.14-05.57.23:254][  0]LogD3D11RHI: RHI has support for 64 bit atomics
[2026.04.14-05.57.23:254][  0]LogD3D11RHI: Async texture creation enabled
[2026.04.14-05.57.23:254][  0]LogD3D11RHI: Array index from any shader is supported
[2026.04.14-05.57.23:255][  0]LogD3D11RHI: HDR output is supported on display 0 (NvId: 0x80061082).
[2026.04.14-05.57.23:270][  0]LogD3D11RHI: GPU Timing Frequency: 1000.000000 (Debug: 2 2)
[2026.04.14-05.57.23:335][  0]LogRHI: GeForceNow SDK initialized: 1
[2026.04.14-05.57.24:144][  0]LogTargetPlatformManager: Display: Loaded TargetPlatform 'AllDesktop'
[2026.04.14-05.57.24:184][  0]LogTargetPlatformManager: Display: Loaded TargetPlatform 'Android'
[2026.04.14-05.57.24:184][  0]LogTargetPlatformManager: Display: Loaded TargetPlatform 'Android_ASTC'
[2026.04.14-05.57.24:184][  0]LogTargetPlatformManager: Display: Loaded TargetPlatform 'Android_DXT'
[2026.04.14-05.57.24:184][  0]LogTargetPlatformManager: Display: Loaded TargetPlatform 'Android_ETC2'
[2026.04.14-05.57.24:184][  0]LogTargetPlatformManager: Display: Loaded TargetPlatform 'AndroidClient'
[2026.04.14-05.57.24:184][  0]LogTargetPlatformManager: Display: Loaded TargetPlatform 'Android_ASTCClient'
[2026.04.14-05.57.24:184][  0]LogTargetPlatformManager: Display: Loaded TargetPlatform 'Android_DXTClient'
[2026.04.14-05.57.24:184][  0]LogTargetPlatformManager: Display: Loaded TargetPlatform 'Android_ETC2Client'
[2026.04.14-05.57.24:184][  0]LogTargetPlatformManager: Display: Loaded TargetPlatform 'Android_Multi'
[2026.04.14-05.57.24:184][  0]LogTargetPlatformManager: Display: Loaded TargetPlatform 'Android_MultiClient'
[2026.04.14-05.57.24:269][  0]LogTargetPlatformManager: Display: Loaded TargetPlatform 'IOSClient'
[2026.04.14-05.57.24:269][  0]LogTargetPlatformManager: Display: Loaded TargetPlatform 'IOS'
[2026.04.14-05.57.24:315][  0]LogTargetPlatformManager: Display: Loaded TargetPlatform 'Linux'
[2026.04.14-05.57.24:339][  0]LogTargetPlatformManager: Display: Loaded TargetPlatform 'LinuxNoEditor'
[2026.04.14-05.57.24:364][  0]LogTargetPlatformManager: Display: Loaded TargetPlatform 'LinuxClient'
[2026.04.14-05.57.24:387][  0]LogTargetPlatformManager: Display: Loaded TargetPlatform 'LinuxServer'
[2026.04.14-05.57.24:422][  0]LogTargetPlatformManager: Display: Loaded TargetPlatform 'LinuxAArch64NoEditor'
[2026.04.14-05.57.24:445][  0]LogTargetPlatformManager: Display: Loaded TargetPlatform 'LinuxAArch64Client'
[2026.04.14-05.57.24:468][  0]LogTargetPlatformManager: Display: Loaded TargetPlatform 'LinuxAArch64Server'
[2026.04.14-05.57.24:522][  0]LogTargetPlatformManager: Display: Loaded TargetPlatform 'Lumin'
[2026.04.14-05.57.24:522][  0]LogTargetPlatformManager: Display: Loaded TargetPlatform 'LuminClient'
[2026.04.14-05.57.24:558][  0]LogTargetPlatformManager: Display: Loaded TargetPlatform 'MacNoEditor'
[2026.04.14-05.57.24:585][  0]LogTargetPlatformManager: Display: Loaded TargetPlatform 'Mac'
[2026.04.14-05.57.24:609][  0]LogTargetPlatformManager: Display: Loaded TargetPlatform 'MacClient'
[2026.04.14-05.57.24:633][  0]LogTargetPlatformManager: Display: Loaded TargetPlatform 'MacServer'
[2026.04.14-05.57.24:660][  0]LogTargetPlatformManager: Display: Loaded TargetPlatform 'TVOSClient'
[2026.04.14-05.57.24:660][  0]LogTargetPlatformManager: Display: Loaded TargetPlatform 'TVOS'
[2026.04.14-05.57.24:691][  0]LogTargetPlatformManager: Display: Loaded TargetPlatform 'WindowsNoEditor'
[2026.04.14-05.57.24:716][  0]LogTargetPlatformManager: Display: Loaded TargetPlatform 'Windows'
[2026.04.14-05.57.24:740][  0]LogTargetPlatformManager: Display: Loaded TargetPlatform 'WindowsClient'
[2026.04.14-05.57.24:767][  0]LogTargetPlatformManager: Display: Loaded TargetPlatform 'WindowsServer'
[2026.04.14-05.57.24:767][  0]LogTargetPlatformManager: Display: Building Assets For Windows
[2026.04.14-05.57.24:860][  0]LogAudioDebug: Display: Lib vorbis DLL was dynamically loaded.
[2026.04.14-05.57.25:137][  0]LogTextureFormatOodle: Display: Oodle Texture 2.9.0 init RDO Off
[2026.04.14-05.57.25:460][  0]LogRendererCore: Ray tracing is disabled. Reason: r.RayTracing=0.
[2026.04.14-05.57.25:460][  0]LogShaderCompilers: Guid format shader working directory is -2 characters bigger than the processId version (C:/Users/titan/Desktop/CPSC399_Game/CPSC399Game/Intermediate/Shaders/WorkingDirectory/10492/).
[2026.04.14-05.57.25:460][  0]LogShaderCompilers: Cleaned the shader compiler working directory 'C:/Users/titan/AppData/Local/Temp/UnrealShaderWorkingDir/9B725B724BF775A8C54567994AB3C796/'.
[2026.04.14-05.57.25:461][  0]LogXGEController: Cannot use XGE Controller as Incredibuild is not installed on this machine.
[2026.04.14-05.57.25:461][  0]LogShaderCompilers: Cannot use XGE Shader Compiler as Incredibuild is not installed on this machine.
[2026.04.14-05.57.25:461][  0]LogShaderCompilers: Display: Using Local Shader Compiler.
[2026.04.14-05.57.29:367][  0]LogDerivedDataCache: Display: Max Cache Size: 512 MB
[2026.04.14-05.57.29:418][  0]LogDerivedDataCache: Loaded boot cache 0.05s 94MB C:/Users/titan/AppData/Local/UnrealEngine/4.27/DerivedDataCache/Boot.ddc.
[2026.04.14-05.57.29:418][  0]LogDerivedDataCache: Display: Loaded Boot cache: C:/Users/titan/AppData/Local/UnrealEngine/4.27/DerivedDataCache/Boot.ddc
[2026.04.14-05.57.29:418][  0]LogDerivedDataCache: FDerivedDataBackendGraph:  Pak pak cache file C:/Users/titan/Desktop/CPSC399_Game/CPSC399Game/DerivedDataCache/DDC.ddp not found, will not use a pak cache.
[2026.04.14-05.57.29:418][  0]LogDerivedDataCache: Unable to find inner node Pak for hierarchical cache Hierarchy.
[2026.04.14-05.57.29:418][  0]LogDerivedDataCache: FDerivedDataBackendGraph:  CompressedPak pak cache file C:/Users/titan/Desktop/CPSC399_Game/CPSC399Game/DerivedDataCache/Compressed.ddp not found, will not use a pak cache.
[2026.04.14-05.57.29:418][  0]LogDerivedDataCache: Unable to find inner node CompressedPak for hierarchical cache Hierarchy.
[2026.04.14-05.57.29:442][  0]LogDerivedDataCache: Display: Pak cache opened for reading ../../../Engine/DerivedDataCache/Compressed.ddp.
[2026.04.14-05.57.29:443][  0]LogDerivedDataCache: FDerivedDataBackendGraph:  EnterprisePak pak cache file ../../../Enterprise/DerivedDataCache/Compressed.ddp not found, will not use a pak cache.
[2026.04.14-05.57.29:443][  0]LogDerivedDataCache: Unable to find inner node EnterprisePak for hierarchical cache Hierarchy.
[2026.04.14-05.57.29:491][  0]LogDerivedDataCache: Speed tests for C:/Users/titan/AppData/Local/UnrealEngine/Common/DerivedDataCache took 0.05 seconds
[2026.04.14-05.57.29:491][  0]LogDerivedDataCache: Display: Performance to C:/Users/titan/AppData/Local/UnrealEngine/Common/DerivedDataCache: Latency=0.03ms. RandomReadSpeed=22.01MBs, RandomWriteSpeed=186.30MBs. Assigned SpeedClass 'Local'
[2026.04.14-05.57.29:491][  0]LogDerivedDataCache: Using Local data cache path C:/Users/titan/AppData/Local/UnrealEngine/Common/DerivedDataCache: Writable
[2026.04.14-05.57.29:492][  0]LogDerivedDataCache: Shared data cache path not found in *engine.ini, will not use an Shared cache.
[2026.04.14-05.57.29:492][  0]LogDerivedDataCache: Unable to find inner node Shared for hierarchical cache Hierarchy.
[2026.04.14-05.57.29:524][  0]LogSlate: Using FreeType 2.10.0
[2026.04.14-05.57.29:540][  0]LogSlate: SlateFontServices - WITH_FREETYPE: 1, WITH_HARFBUZZ: 1
[2026.04.14-05.57.29:665][  0]LogAssetRegistry: FAssetRegistry took 0.0020 seconds to start up
[2026.04.14-05.57.29:913][  0]LogInit: Selected Device Profile: [Windows]
[2026.04.14-05.57.29:913][  0]LogInit: Active device profile: [000001D1E8070B00][000001D1E5E01280 49] Windows
[2026.04.14-05.57.29:913][  0]LogInit: Profiles: [000001D1E8070B00][000001D1E5E01280 49] Windows, [000001D1E8046200][000001D1E5E09400 49] WindowsNoEditor, [000001D1E8071900][000001D1E5E0D580 49] WindowsServer, [000001D1E8046F00][000001D1E721B700 49] WindowsClient, [000001D1E8073C00][000001D1E721F880 49] IOS, [000001D1E8044F00][000001D1E7223A00 49] iPadAir, [000001D1E8073E00][000001D1E7227B80 49] iPadAir2, [000001D1E7FECC00][000001D1E722E2C0 49] IPadPro, [000001D1E7FECD00][000001D1E722A300 49] iPadAir3, [000001D1E8047C00][000001D1E7232480 49] iPadAir4, [000001D1E7FEF600][000001D1E7236600 49] iPadMini2, [000001D1E8047300][000001D1E5E04740 49] iPadMini3, [000001D1E7FEF800][000001D1E723A880 49] iPadMini4, [000001D1E8047900][000001D1E723E9C0 49] iPadMini5, [000001D1E802C600][000001D1E724AC40 49] iPhone6, [000001D1E802C700][000001D1E7242C80 49] iPodTouch6, [000001D1E8072900][000001D1E7252F40 49] iPhone7, [000001D1E8072800][000001D1E724EF80 49] iPodTouch7, [000001D1E802C100][000001D1E7257100 49] iPhone5S, [000001D1E7FEC700][000001D1E725B280 49] iPhone6Plus, [000001D1E802E500][000001D1E725F400 49] iPhone6S, [000001D1E7FED300][000001D1E7263580 49] iPhone6SPlus, [000001D1E802FB00][000001D1E7267700 49] iPhone7Plus, [000001D1E7FEF500][000001D1E726B880 49] iPhoneSE, [000001D1E8072600][000001D1E726FA00 49] iPhone8, [000001D1E7FEC600][000001D1E7273B80 49] iPhone8Plus, [000001D1E8072200][000001D1E7276180 49] iPhoneX, [000001D1E7FEF300][000001D1E727A300 49] iPhoneXS, [000001D1E8073400][000001D1E844E480 49] iPhoneXSMax, [000001D1E7FEED00][000001D1E8452600 49] iPhoneXR, [000001D1E8070200][000001D1E8456780 49] iPhone11, [000001D1E7FEDE00][000001D1E845A900 49] iPhone11Pro, [000001D1E8072A00][000001D1E7246A40 49] iPhone11ProMax, [000001D1E7FEF700][000001D1E845EB80 49] iPhoneSE2, [000001D1E8070D00][000001D1E8462CC0 49] iPhone12Mini, [000001D1E7FEDF00][000001D1E846AE40 49] iPhone12, [000001D1E8070700][000001D1E846EFC0 49] iPhone12Pro, [000001D1E7FED400][000001D1E8473140 49] iPhone12ProMax, [000001D1E8070C00][000001D1E84772C0 49] iPadPro105, [000001D1E7FED700][000001D1E847B440 49] iPadPro129, [000001D1E8070100][000001D1E847F5C0 49] iPadPro97, [000001D1E7FEFC00][000001D1E8483740 49] iPadPro2_129, [000001D1E8070800][000001D1E84878C0 49] iPad5, [000001D1E7FEF100][000001D1E848BA40 49] iPad6, [000001D1E8070500][000001D1E848FBC0 49] iPad7, [000001D1E7FEE800][000001D1E84921C0 49] iPad8, [000001D1E8071500][000001D1E8496340 49] iPadPro11, [000001D1E7FED500][000001D1E849A4C0 49] iPadPro2_11, [000001D1E8070F00][000001D1E849E640 49] iPadPro3_129, [000001D1E7FEEC00][000001D1E84A27C0 49] iPadPro4_129, [000001D1E8072500][000001D1E84A6940 49] AppleTV, [000001D1E7FED100][000001D1E84AAAC0 49] AppleTV4K, [000001D1E8070400][000001D1E8466C00 49] TVOS, [000001D1E7FEE600][000001D1E84AED40 49] Mac, [000001D1E8073D00][000001D1E84B2E80 49] MacClient, [000001D1E7FED800][000001D1E84B6FC0 49] MacNoEditor, [000001D1E8073100][000001D1E84BF140 49] MacServer, [000001D1E7FEF900][000001D1E84C32C0 49] Linux, [000001D1E8070900][000001D1E84C7440 49] LinuxAArch64, [000001D1E7FEFF00][000001D1E84CB5C0 49] LinuxNoEditor, [000001D1E8071B00][000001D1E84CF740 49] LinuxAArch64NoEditor, [000001D1E7FEF400][000001D1E84D38C0 49] LinuxClient, [000001D1E8071C00][000001D1E84D7A40 49] LinuxAArch64Client, [000001D1E7FEDD00][000001D1E84DBBC0 49] LinuxServer, [000001D1E8072F00][000001D1E84DE1C0 49] LinuxAArch64Server, [000001D1E7FEC500][000001D1E84E2340 49] Android, [000001D1E8071E00][000001D1E84E64C0 49] Android_Low, [000001D1E7FEF000][000001D1E84EA640 49] Android_Mid, [000001D1E8072400][000001D1E84EE7C0 49] Android_High, [000001D1E7FEC800][000001D1E84F2940 49] Android_Default, [000001D1E8073200][000001D1E84F6AC0 49] Android_Adreno4xx, [000001D1E8046500][000001D1E84FAC40 49] Android_Adreno5xx_Low, [000001D1E802DC00][000001D1E84BAD80 49] Android_Adreno5xx, [000001D1E8047E00][000001D1E84FEEC0 49] Android_Adreno6xx, [000001D1E802EB00][000001D1E8503000 49] Android_Adreno6xx_Vulkan, [000001D1E8047F00][000001D1E8507140 49] Android_Mali_T6xx, [000001D1E802CF00][000001D1E850F2C0 49] Android_Mali_T7xx, [000001D1E8045400][000001D1E8513440 49] Android_Mali_T8xx, [000001D1E802DF00][000001D1E85175C0 49] Android_Mali_G71, [000001D1E8045D00][000001D1E851B740 49] Android_Mali_G72, [000001D1E802E400][000001D1E851F8C0 49] Android_Mali_G72_Vulkan, [000001D1E8047700][000001D1E8523A40 49] Android_Mali_G76, [000001D1E802E100][000001D1E8527BC0 49] Android_Mali_G76_Vulkan, [000001D1E8045C00][000001D1E852A1C0 49] Android_Mali_G77, [000001D1E802CA00][000001D1E852E340 49] Android_Mali_G77_Vulkan, [000001D1E8047500][000001D1E85324C0 49] Android_Mali_G78, [000001D1E802D300][000001D1E8536640 49] Android_Mali_G78_Vulkan, [000001D1E8046A00][000001D1E853A7C0 49] Android_Mali_G710, [000001D1E802FD00][000001D1E853E940 49] Android_Mali_G710_Vulkan, [000001D1E8045F00][000001D1E8542AC0 49] Android_Vulkan_SM5, [000001D1E802C900][000001D1E8546C40 49] Android_PowerVR_G6xxx, [000001D1E8046000][000001D1E854ADC0 49] Android_PowerVR_GT7xxx, [000001D1E802E700][000001D1E854EF40 49] Android_PowerVR_GE8xxx, [000001D1E8046400][000001D1E850B080 49] Android_PowerVR_GM9xxx, [000001D1E802F200][000001D1E85531C0 49] Android_PowerVR_GM9xxx_Vulkan, [000001D1E8047100][000001D1E8557300 49] Android_TegraK1, [000001D1E802D700][000001D1E855F480 49] Android_Unknown_Vulkan, [000001D1E8047800][000001D1E8563600 49] Lumin, [000001D1E802C200][000001D1E8567780 49] Lumin_Desktop, [000001D1E8046300][000001D1E856B900 49] HoloLens, 
[2026.04.14-05.57.30:577][  0]LogMeshReduction: Using QuadricMeshReduction for automatic static mesh reduction
[2026.04.14-05.57.30:577][  0]LogMeshReduction: Using SimplygonMeshReduction for automatic skeletal mesh reduction
[2026.04.14-05.57.30:577][  0]LogMeshReduction: Using ProxyLODMeshReduction for automatic mesh merging
[2026.04.14-05.57.30:577][  0]LogMeshReduction: No distributed automatic mesh merging module available
[2026.04.14-05.57.30:577][  0]LogMeshMerging: No distributed automatic mesh merging module available
[2026.04.14-05.57.30:630][  0]LogNetVersion: CPSC399Game 1.0.0, NetCL: 17155196, EngineNetVer: 17, GameNetVer: 0 (Checksum: 2010562307)
[2026.04.14-05.57.31:903][  0]LogTexture: Default maximum texture size for cubemaps generated from long-lat sources has been changed from 512 to unlimited. In order to preserve old behaiour for '/Engine/MapTemplates/Sky/DaylightAmbientCubemap.DaylightAmbientCubemap', its maximum texture size has been explicitly set to 512.
[2026.04.14-05.57.31:973][  0]LogHMD: PokeAHoleMaterial loaded successfully
[2026.04.14-05.57.31:977][  0]LogUObjectArray: 17178 objects as part of root set at end of initial load.
[2026.04.14-05.57.31:977][  0]LogUObjectAllocator: 4302048 out of 0 bytes used by permanent object pool.
[2026.04.14-05.57.31:977][  0]LogUObjectArray: CloseDisregardForGC: 0/0 objects in disregard for GC pool
[2026.04.14-05.57.33:464][  0]LogPython: Using Python 3.7.7
[2026.04.14-05.57.34:004][  0]LogNiagaraDebuggerClient: Niagara Debugger Client Initialized | Session: 9F34322949B1A5D2A0523E80731B85E0 | Instance: DCDFBF6B4B53AB4AE0499AB40C429EAB (TITANPC-10492).
[2026.04.14-05.57.34:545][  0]LogTcpMessaging: Initializing TcpMessaging bridge
[2026.04.14-05.57.34:570][  0]LogUdpMessaging: Initializing bridge on interface 0.0.0.0:0 to multicast group 230.0.0.1:6666.
[2026.04.14-05.57.35:466][  0]SourceControl: Source control is disabled
[2026.04.14-05.57.35:466][  0]SourceControl: Source control is disabled
[2026.04.14-05.57.35:508][  0]SourceControl: Source control is disabled
[2026.04.14-05.57.35:532][  0]SourceControl: Source control is disabled
[2026.04.14-05.57.35:605][  0]SourceControl: Source control is disabled
[2026.04.14-05.57.35:730][  0]LogUProjectInfo: Found projects:
[2026.04.14-05.57.35:733][  0]LogVSAccessor: Display: Unable to create Visual Studio setup instance: 80040154
[2026.04.14-05.57.35:734][  0]LogVSAccessor: Display: Unable to create Visual Studio setup instance: 80040154
[2026.04.14-05.57.35:734][  0]LogVSAccessor: Display: Unable to create Visual Studio setup instance: 80040154
[2026.04.14-05.57.36:694][  0]LogOpenImageDenoise: OIDN starting up
[2026.04.14-05.57.36:987][  0]LogAndroidPermission: UAndroidPermissionCallbackProxy::GetInstance
[2026.04.14-05.57.37:124][  0]LogAudioCaptureCore: Display: No Audio Capture implementations found. Audio input will be silent.
[2026.04.14-05.57.37:124][  0]LogAudioCaptureCore: Display: No Audio Capture implementations found. Audio input will be silent.
[2026.04.14-05.57.37:524][  0]LogCollectionManager: Loaded 0 collections in 0.000482 seconds
[2026.04.14-05.57.37:527][  0]LogFileCache: Scanning file cache for directory 'C:/Users/titan/Desktop/CPSC399_Game/CPSC399Game/Saved/Collections/' took 0.00s
[2026.04.14-05.57.37:527][  0]LogFileCache: Scanning file cache for directory 'C:/Users/titan/Desktop/CPSC399_Game/CPSC399Game/Content/Developers/titan/Collections/' took 0.00s
[2026.04.14-05.57.37:527][  0]LogFileCache: Scanning file cache for directory 'C:/Users/titan/Desktop/CPSC399_Game/CPSC399Game/Content/Collections/' took 0.00s
[2026.04.14-05.57.37:618][  0]LogOcInput: OculusInput pre-init called
[2026.04.14-05.57.37:936][  0]LogEngine: Initializing Engine...
[2026.04.14-05.57.37:981][  0]LogHMD: Failed to enumerate extensions. Please check that you have a valid OpenXR runtime installed.
[2026.04.14-05.57.37:982][  0]LogHMD: Failed to initialize OpenVR with code 110
[2026.04.14-05.57.37:982][  0]LogMagicLeap: Warning: VR disabled because ZI is not enabled.  To enable, in the editor, Edit -> Project Settings -> Plugins -> Magic Leap Plugin -> Enable Zero Iteration
[2026.04.14-05.57.37:982][  0]LogStats: UGameplayTagsManager::InitializeManager -  0.000 s
[2026.04.14-05.57.38:067][  0]LogInit: Initializing FReadOnlyCVARCache
[2026.04.14-05.57.38:096][  0]LogAIModule: Creating AISystem for world Untitled
[2026.04.14-05.57.38:097][  0]LogAudio: Display: Initializing Audio Device Manager...
[2026.04.14-05.57.38:120][  0]LogAudio: Display: Loading Default Audio Settings Objects...
[2026.04.14-05.57.38:121][  0]LogAudio: Display: No default SoundConcurrencyObject specified (or failed to load).
[2026.04.14-05.57.38:121][  0]LogAudio: Display: Audio Device Manager Initialized
[2026.04.14-05.57.38:121][  0]LogAudio: Display: Creating Audio Device:                 Id: 1, Scope: Shared, Realtime: True
[2026.04.14-05.57.38:121][  0]LogAudioMixer: Display: Audio Mixer Platform Settings:
[2026.04.14-05.57.38:121][  0]LogAudioMixer: Display: 	Sample Rate:						  48000
[2026.04.14-05.57.38:121][  0]LogAudioMixer: Display: 	Callback Buffer Frame Size Requested: 1024
[2026.04.14-05.57.38:121][  0]LogAudioMixer: Display: 	Callback Buffer Frame Size To Use:	  1024
[2026.04.14-05.57.38:121][  0]LogAudioMixer: Display: 	Number of buffers to queue:			  2
[2026.04.14-05.57.38:121][  0]LogAudioMixer: Display: 	Max Channels (voices):				  32
[2026.04.14-05.57.38:121][  0]LogAudioMixer: Display: 	Number of Async Source Workers:		  0
[2026.04.14-05.57.38:121][  0]LogAudio: Display: AudioDevice MaxSources: 32
[2026.04.14-05.57.38:121][  0]LogAudio: Display: Audio Spatialization Plugin: None (built-in).
[2026.04.14-05.57.38:121][  0]LogAudio: Display: Audio Reverb Plugin: None (built-in).
[2026.04.14-05.57.38:121][  0]LogAudio: Display: Audio Occlusion Plugin: None (built-in).
[2026.04.14-05.57.38:121][  0]LogAudioMixer: Display: Initializing audio mixer.
[2026.04.14-05.57.38:163][  0]LogAudioMixer: Display: 0: FrontLeft
[2026.04.14-05.57.38:163][  0]LogAudioMixer: Display: 1: FrontRight
[2026.04.14-05.57.38:163][  0]LogAudioMixer: Display: 2: FrontCenter
[2026.04.14-05.57.38:163][  0]LogAudioMixer: Display: 3: LowFrequency
[2026.04.14-05.57.38:163][  0]LogAudioMixer: Display: 4: BackLeft
[2026.04.14-05.57.38:163][  0]LogAudioMixer: Display: 5: BackRight
[2026.04.14-05.57.38:163][  0]LogAudioMixer: Display: 6: SideLeft
[2026.04.14-05.57.38:163][  0]LogAudioMixer: Display: 7: SideRight
[2026.04.14-05.57.38:180][  0]LogAudioMixer: Display: Using Audio Device Headset Earphone (CORSAIR VOID PRO Wireless Gaming Headset)
[2026.04.14-05.57.38:182][  0]LogAudioMixer: Display: Initializing Sound Submixes...
[2026.04.14-05.57.38:184][  0]LogAudioMixer: Display: Creating Master Submix 'MasterSubmixDefault'
[2026.04.14-05.57.38:184][  0]LogAudioMixer: Display: Creating Master Submix 'MasterReverbSubmixDefault'
[2026.04.14-05.57.38:185][  0]LogAudioMixer: Display: Creating Master Submix 'MasterEQSubmixDefault'
[2026.04.14-05.57.38:185][  0]LogAudioMixer: FMixerPlatformXAudio2::StartAudioStream() called
[2026.04.14-05.57.38:185][  0]LogAudioMixer: Display: Output buffers initialized: Frames=1024, Channels=8, Samples=8192
[2026.04.14-05.57.38:187][  0]LogAudioMixer: Display: Starting AudioMixerPlatformInterface::RunInternal()
[2026.04.14-05.57.38:187][  0]LogAudioMixer: Display: FMixerPlatformXAudio2::SubmitBuffer() called for the first time
[2026.04.14-05.57.38:187][  0]LogInit: FAudioDevice initialized.
[2026.04.14-05.57.38:187][  0]LogAudio: Display: Audio Device (ID: 1) registered with world 'Untitled'.
[2026.04.14-05.57.38:187][  0]LogNetVersion: Set ProjectVersion to 1.0.0.0. Version Checksum will be recalculated on next use.
[2026.04.14-05.57.38:320][  0]LogDerivedDataCache: Saved boot cache 0.13s 94MB C:/Users/titan/AppData/Local/UnrealEngine/4.27/DerivedDataCache/Boot.ddc.
[2026.04.14-05.57.38:321][  0]LogInit: Texture streaming: Enabled
[2026.04.14-05.57.38:396][  0]LogAnalytics: Display: [UEEditor.Rocket.Release] APIServer = https://datarouter.ol.epicgames.com/. AppVersion = 4.27.2-18319896+++UE4+Release-4.27
[2026.04.14-05.57.38:418][  0]LogEngineSessionManager: EngineSessionManager initialized
[2026.04.14-05.57.38:418][  0]LogEditorSessionSummary: Verbose: Initializing EditorSessionSummaryWriter for editor session tracking
[2026.04.14-05.57.38:420][  0]LogEditorSessionSummary: EditorSessionSummaryWriter initialized
[2026.04.14-05.57.38:492][  0]LogInit: Transaction tracking system initialized
[2026.04.14-05.57.38:645][  0]BlueprintLog: New page: Editor Load
[2026.04.14-05.57.39:049][  0]LocalizationService: Localization service is disabled
[2026.04.14-05.57.39:220][  0]TimingProfiler: Initialize
[2026.04.14-05.57.39:220][  0]TimingProfiler: OnSessionChanged
[2026.04.14-05.57.39:220][  0]LoadingProfiler: Initialize
[2026.04.14-05.57.39:220][  0]LoadingProfiler: OnSessionChanged
[2026.04.14-05.57.39:220][  0]NetworkingProfiler: Initialize
[2026.04.14-05.57.39:220][  0]NetworkingProfiler: OnSessionChanged
[2026.04.14-05.57.39:220][  0]MemoryProfiler: Initialize
[2026.04.14-05.57.39:220][  0]MemoryProfiler: OnSessionChanged
[2026.04.14-05.57.39:492][  0]LogVSAccessor: Display: Unable to create Visual Studio setup instance: 80040154
[2026.04.14-05.57.39:492][  0]LogVSAccessor: Display: Unable to create Visual Studio setup instance: 80040154
[2026.04.14-05.57.39:493][  0]LogVSAccessor: Display: Unable to create Visual Studio setup instance: 80040154
[2026.04.14-05.57.39:575][  0]LogCook: Display: CookSettings for Memory: MemoryMaxUsedVirtual 0MiB, MemoryMaxUsedPhysical 16384MiB, MemoryMinFreeVirtual 0MiB, MemoryMinFreePhysical 1024MiB
[2026.04.14-05.57.39:575][  0]LogCook: Display: Mobile HDR setting 1
[2026.04.14-05.57.39:880][  0]LogFileCache: Scanning file cache for directory 'C:/Users/titan/Desktop/CPSC399_Game/CPSC399Game/Content/' took 0.00s
[2026.04.14-05.57.40:724][  0]LogInit: Display: Engine is initialized. Leaving FEngineLoop::Init()
[2026.04.14-05.57.40:726][  0]SourceControl: Source control is disabled
[2026.04.14-05.57.40:726][  0]LogUnrealEdMisc: Loading editor; pre map load, took 24.653
[2026.04.14-05.57.40:727][  0]Cmd: MAP LOAD FILE="C:/Users/titan/Desktop/CPSC399_Game/CPSC399Game/Content/ThirdPersonBP/Maps/ThirdPersonExampleMap.umap" TEMPLATE=0 SHOWPROGRESS=1 FEATURELEVEL=3
[2026.04.14-05.57.40:727][  0]LightingResults: New page: Lighting Build
[2026.04.14-05.57.40:728][  0]LogWorld: UWorld::CleanupWorld for Untitled, bSessionEnded=true, bCleanupResources=true
[2026.04.14-05.57.40:728][  0]LogSlate: InvalidateAllWidgets triggered.  All widgets were invalidated
[2026.04.14-05.57.40:728][  0]MapCheck: New page: Map Check
[2026.04.14-05.57.40:728][  0]LightingResults: New page: Lighting Build
[2026.04.14-05.57.40:731][  0]LogAudio: Display: Audio Device unregistered from world 'None'.
[2026.04.14-05.57.40:733][  0]LogUObjectHash: Compacting FUObjectHashTables data took   0.54ms
[2026.04.14-05.57.41:014][  0]LogAudio: Display: Audio Device (ID: 1) registered with world 'ThirdPersonExampleMap'.
[2026.04.14-05.57.41:014][  0]LogAIModule: Creating AISystem for world ThirdPersonExampleMap
[2026.04.14-05.57.41:027][  0]LogEditorServer: Finished looking for orphan Actors (0.000 secs)
[2026.04.14-05.57.41:033][  0]LogUObjectHash: Compacting FUObjectHashTables data took   0.72ms
[2026.04.14-05.57.41:034][  0]Cmd: MAP CHECKDEP NOCLEARLOG
[2026.04.14-05.57.41:034][  0]MapCheck: Map check complete: 0 Error(s), 0 Warning(s), took 0.172ms to complete.
[2026.04.14-05.57.41:034][  0]LogFileHelpers: Loading map 'ThirdPersonExampleMap' took 0.307
[2026.04.14-05.57.41:037][  0]LogUnrealEdMisc: Total Editor Startup Time, took 24.963
[2026.04.14-05.57.41:165][  0]LogSlate: Updating window title bar state: overlay mode, drag disabled, window buttons hidden, title bar hidden
[2026.04.14-05.57.41:170][  0]LogSlate: Updating window title bar state: overlay mode, drag disabled, window buttons hidden, title bar hidden
[2026.04.14-05.57.41:174][  0]LogSlate: Updating window title bar state: overlay mode, drag disabled, window buttons hidden, title bar hidden
[2026.04.14-05.57.41:179][  0]LogSlate: Updating window title bar state: overlay mode, drag disabled, window buttons hidden, title bar hidden
[2026.04.14-05.57.41:194][  0]LogNativeClassHierarchy: Verbose: Native class hierarchy populated in 0.0066 seconds. Added 3830 classes and 931 folders.
[2026.04.14-05.57.41:196][  0]LogNativeClassHierarchy: Verbose: Native class hierarchy updated for 'WidgetCarousel' in 0.0002 seconds. Added 0 classes and 0 folders.
[2026.04.14-05.57.41:213][  0]LogPakFile: PakFile PrimaryIndexSize=187
[2026.04.14-05.57.41:213][  0]LogPakFile: PakFile PathHashIndexSize=101
[2026.04.14-05.57.41:213][  0]LogPakFile: PakFile FullDirectoryIndexSize=148
[2026.04.14-05.57.41:213][  0]LogShaderLibrary: Display: ShaderCodeLibraryPakFileMountedCallback: PakFile 'D:/Epic Games/UE_4.27/FeaturePacks/FP_FirstPerson.upack' (chunk index -1, root 'root:/') mounted
[2026.04.14-05.57.41:213][  0]LogShaderLibrary: Display: ShaderCodeLibraryPakFileMountedCallback: pending pak file info (ChunkID:-1 Root:root:/ File:D:/Epic Games/UE_4.27/FeaturePacks/FP_FirstPerson.upack)
[2026.04.14-05.57.41:213][  0]LogPakFile: OnPakFileMounted2Time == 0.000042
[2026.04.14-05.57.41:222][  0]LogPakFile: PakFile PrimaryIndexSize=189
[2026.04.14-05.57.41:222][  0]LogPakFile: PakFile PathHashIndexSize=101
[2026.04.14-05.57.41:222][  0]LogPakFile: PakFile FullDirectoryIndexSize=152
[2026.04.14-05.57.41:222][  0]LogShaderLibrary: Display: ShaderCodeLibraryPakFileMountedCallback: PakFile 'D:/Epic Games/UE_4.27/FeaturePacks/FP_FirstPersonBP.upack' (chunk index -1, root 'root:/') mounted
[2026.04.14-05.57.41:222][  0]LogShaderLibrary: Display: ShaderCodeLibraryPakFileMountedCallback: pending pak file info (ChunkID:-1 Root:root:/ File:D:/Epic Games/UE_4.27/FeaturePacks/FP_FirstPersonBP.upack)
[2026.04.14-05.57.41:222][  0]LogPakFile: OnPakFileMounted2Time == 0.000033
[2026.04.14-05.57.41:228][  0]LogPakFile: PakFile PrimaryIndexSize=191
[2026.04.14-05.57.41:228][  0]LogPakFile: PakFile PathHashIndexSize=101
[2026.04.14-05.57.41:228][  0]LogPakFile: PakFile FullDirectoryIndexSize=160
[2026.04.14-05.57.41:228][  0]LogShaderLibrary: Display: ShaderCodeLibraryPakFileMountedCallback: PakFile 'D:/Epic Games/UE_4.27/FeaturePacks/MobileStarterContent.upack' (chunk index -1, root 'root:/') mounted
[2026.04.14-05.57.41:228][  0]LogShaderLibrary: Display: ShaderCodeLibraryPakFileMountedCallback: pending pak file info (ChunkID:-1 Root:root:/ File:D:/Epic Games/UE_4.27/FeaturePacks/MobileStarterContent.upack)
[2026.04.14-05.57.41:228][  0]LogPakFile: OnPakFileMounted2Time == 0.000028
[2026.04.14-05.57.41:233][  0]LogPakFile: PakFile PrimaryIndexSize=185
[2026.04.14-05.57.41:234][  0]LogPakFile: PakFile PathHashIndexSize=101
[2026.04.14-05.57.41:234][  0]LogPakFile: PakFile FullDirectoryIndexSize=148
[2026.04.14-05.57.41:234][  0]LogShaderLibrary: Display: ShaderCodeLibraryPakFileMountedCallback: PakFile 'D:/Epic Games/UE_4.27/FeaturePacks/StarterContent.upack' (chunk index -1, root 'root:/') mounted
[2026.04.14-05.57.41:234][  0]LogShaderLibrary: Display: ShaderCodeLibraryPakFileMountedCallback: pending pak file info (ChunkID:-1 Root:root:/ File:D:/Epic Games/UE_4.27/FeaturePacks/StarterContent.upack)
[2026.04.14-05.57.41:234][  0]LogPakFile: OnPakFileMounted2Time == 0.000041
[2026.04.14-05.57.41:240][  0]LogPakFile: PakFile PrimaryIndexSize=190
[2026.04.14-05.57.41:240][  0]LogPakFile: PakFile PathHashIndexSize=101
[2026.04.14-05.57.41:240][  0]LogPakFile: PakFile FullDirectoryIndexSize=154
[2026.04.14-05.57.41:240][  0]LogShaderLibrary: Display: ShaderCodeLibraryPakFileMountedCallback: PakFile 'D:/Epic Games/UE_4.27/FeaturePacks/TP_2DSideScroller.upack' (chunk index -1, root 'root:/') mounted
[2026.04.14-05.57.41:240][  0]LogShaderLibrary: Display: ShaderCodeLibraryPakFileMountedCallback: pending pak file info (ChunkID:-1 Root:root:/ File:D:/Epic Games/UE_4.27/FeaturePacks/TP_2DSideScroller.upack)
[2026.04.14-05.57.41:240][  0]LogPakFile: OnPakFileMounted2Time == 0.000029
[2026.04.14-05.57.41:247][  0]LogPakFile: PakFile PrimaryIndexSize=192
[2026.04.14-05.57.41:247][  0]LogPakFile: PakFile PathHashIndexSize=101
[2026.04.14-05.57.41:247][  0]LogPakFile: PakFile FullDirectoryIndexSize=158
[2026.04.14-05.57.41:247][  0]LogShaderLibrary: Display: ShaderCodeLibraryPakFileMountedCallback: PakFile 'D:/Epic Games/UE_4.27/FeaturePacks/TP_2DSideScrollerBP.upack' (chunk index -1, root 'root:/') mounted
[2026.04.14-05.57.41:247][  0]LogShaderLibrary: Display: ShaderCodeLibraryPakFileMountedCallback: pending pak file info (ChunkID:-1 Root:root:/ File:D:/Epic Games/UE_4.27/FeaturePacks/TP_2DSideScrollerBP.upack)
[2026.04.14-05.57.41:247][  0]LogPakFile: OnPakFileMounted2Time == 0.000027
[2026.04.14-05.57.41:253][  0]LogPakFile: PakFile PrimaryIndexSize=182
[2026.04.14-05.57.41:253][  0]LogPakFile: PakFile PathHashIndexSize=101
[2026.04.14-05.57.41:253][  0]LogPakFile: PakFile FullDirectoryIndexSize=138
[2026.04.14-05.57.41:253][  0]LogShaderLibrary: Display: ShaderCodeLibraryPakFileMountedCallback: PakFile 'D:/Epic Games/UE_4.27/FeaturePacks/TP_Flying.upack' (chunk index -1, root 'root:/') mounted
[2026.04.14-05.57.41:253][  0]LogShaderLibrary: Display: ShaderCodeLibraryPakFileMountedCallback: pending pak file info (ChunkID:-1 Root:root:/ File:D:/Epic Games/UE_4.27/FeaturePacks/TP_Flying.upack)
[2026.04.14-05.57.41:253][  0]LogPakFile: OnPakFileMounted2Time == 0.000028
[2026.04.14-05.57.41:259][  0]LogPakFile: PakFile PrimaryIndexSize=184
[2026.04.14-05.57.41:259][  0]LogPakFile: PakFile PathHashIndexSize=101
[2026.04.14-05.57.41:259][  0]LogPakFile: PakFile FullDirectoryIndexSize=142
[2026.04.14-05.57.41:259][  0]LogShaderLibrary: Display: ShaderCodeLibraryPakFileMountedCallback: PakFile 'D:/Epic Games/UE_4.27/FeaturePacks/TP_FlyingBP.upack' (chunk index -1, root 'root:/') mounted
[2026.04.14-05.57.41:259][  0]LogShaderLibrary: Display: ShaderCodeLibraryPakFileMountedCallback: pending pak file info (ChunkID:-1 Root:root:/ File:D:/Epic Games/UE_4.27/FeaturePacks/TP_FlyingBP.upack)
[2026.04.14-05.57.41:259][  0]LogPakFile: OnPakFileMounted2Time == 0.000028
[2026.04.14-05.57.41:264][  0]LogPakFile: PakFile PrimaryIndexSize=188
[2026.04.14-05.57.41:264][  0]LogPakFile: PakFile PathHashIndexSize=101
[2026.04.14-05.57.41:264][  0]LogPakFile: PakFile FullDirectoryIndexSize=150
[2026.04.14-05.57.41:264][  0]LogShaderLibrary: Display: ShaderCodeLibraryPakFileMountedCallback: PakFile 'D:/Epic Games/UE_4.27/FeaturePacks/TP_HandheldARBP.upack' (chunk index -1, root 'root:/') mounted
[2026.04.14-05.57.41:264][  0]LogShaderLibrary: Display: ShaderCodeLibraryPakFileMountedCallback: pending pak file info (ChunkID:-1 Root:root:/ File:D:/Epic Games/UE_4.27/FeaturePacks/TP_HandheldARBP.upack)
[2026.04.14-05.57.41:264][  0]LogPakFile: OnPakFileMounted2Time == 0.000027
[2026.04.14-05.57.41:271][  0]LogPakFile: PakFile PrimaryIndexSize=182
[2026.04.14-05.57.41:271][  0]LogPakFile: PakFile PathHashIndexSize=101
[2026.04.14-05.57.41:271][  0]LogPakFile: PakFile FullDirectoryIndexSize=138
[2026.04.14-05.57.41:271][  0]LogShaderLibrary: Display: ShaderCodeLibraryPakFileMountedCallback: PakFile 'D:/Epic Games/UE_4.27/FeaturePacks/TP_Puzzle.upack' (chunk index -1, root 'root:/') mounted
[2026.04.14-05.57.41:271][  0]LogShaderLibrary: Display: ShaderCodeLibraryPakFileMountedCallback: pending pak file info (ChunkID:-1 Root:root:/ File:D:/Epic Games/UE_4.27/FeaturePacks/TP_Puzzle.upack)
[2026.04.14-05.57.41:271][  0]LogPakFile: OnPakFileMounted2Time == 0.000029
[2026.04.14-05.57.41:278][  0]LogPakFile: PakFile PrimaryIndexSize=184
[2026.04.14-05.57.41:278][  0]LogPakFile: PakFile PathHashIndexSize=101
[2026.04.14-05.57.41:278][  0]LogPakFile: PakFile FullDirectoryIndexSize=142
[2026.04.14-05.57.41:278][  0]LogShaderLibrary: Display: ShaderCodeLibraryPakFileMountedCallback: PakFile 'D:/Epic Games/UE_4.27/FeaturePacks/TP_PuzzleBP.upack' (chunk index -1, root 'root:/') mounted
[2026.04.14-05.57.41:278][  0]LogShaderLibrary: Display: ShaderCodeLibraryPakFileMountedCallback: pending pak file info (ChunkID:-1 Root:root:/ File:D:/Epic Games/UE_4.27/FeaturePacks/TP_PuzzleBP.upack)
[2026.04.14-05.57.41:278][  0]LogPakFile: OnPakFileMounted2Time == 0.000040
[2026.04.14-05.57.41:287][  0]LogPakFile: PakFile PrimaryIndexSize=183
[2026.04.14-05.57.41:287][  0]LogPakFile: PakFile PathHashIndexSize=101
[2026.04.14-05.57.41:287][  0]LogPakFile: PakFile FullDirectoryIndexSize=140
[2026.04.14-05.57.41:287][  0]LogShaderLibrary: Display: ShaderCodeLibraryPakFileMountedCallback: PakFile 'D:/Epic Games/UE_4.27/FeaturePacks/TP_Rolling.upack' (chunk index -1, root 'root:/') mounted
[2026.04.14-05.57.41:287][  0]LogShaderLibrary: Display: ShaderCodeLibraryPakFileMountedCallback: pending pak file info (ChunkID:-1 Root:root:/ File:D:/Epic Games/UE_4.27/FeaturePacks/TP_Rolling.upack)
[2026.04.14-05.57.41:287][  0]LogPakFile: OnPakFileMounted2Time == 0.000045
[2026.04.14-05.57.41:294][  0]LogPakFile: PakFile PrimaryIndexSize=185
[2026.04.14-05.57.41:294][  0]LogPakFile: PakFile PathHashIndexSize=101
[2026.04.14-05.57.41:294][  0]LogPakFile: PakFile FullDirectoryIndexSize=144
[2026.04.14-05.57.41:294][  0]LogShaderLibrary: Display: ShaderCodeLibraryPakFileMountedCallback: PakFile 'D:/Epic Games/UE_4.27/FeaturePacks/TP_RollingBP.upack' (chunk index -1, root 'root:/') mounted
[2026.04.14-05.57.41:294][  0]LogShaderLibrary: Display: ShaderCodeLibraryPakFileMountedCallback: pending pak file info (ChunkID:-1 Root:root:/ File:D:/Epic Games/UE_4.27/FeaturePacks/TP_RollingBP.upack)
[2026.04.14-05.57.41:294][  0]LogPakFile: OnPakFileMounted2Time == 0.000044
[2026.04.14-05.57.41:306][  0]LogPakFile: PakFile PrimaryIndexSize=188
[2026.04.14-05.57.41:306][  0]LogPakFile: PakFile PathHashIndexSize=101
[2026.04.14-05.57.41:306][  0]LogPakFile: PakFile FullDirectoryIndexSize=150
[2026.04.14-05.57.41:306][  0]LogShaderLibrary: Display: ShaderCodeLibraryPakFileMountedCallback: PakFile 'D:/Epic Games/UE_4.27/FeaturePacks/TP_SideScroller.upack' (chunk index -1, root 'root:/') mounted
[2026.04.14-05.57.41:306][  0]LogShaderLibrary: Display: ShaderCodeLibraryPakFileMountedCallback: pending pak file info (ChunkID:-1 Root:root:/ File:D:/Epic Games/UE_4.27/FeaturePacks/TP_SideScroller.upack)
[2026.04.14-05.57.41:306][  0]LogPakFile: OnPakFileMounted2Time == 0.000055
[2026.04.14-05.57.41:312][  0]LogPakFile: PakFile PrimaryIndexSize=190
[2026.04.14-05.57.41:312][  0]LogPakFile: PakFile PathHashIndexSize=101
[2026.04.14-05.57.41:312][  0]LogPakFile: PakFile FullDirectoryIndexSize=154
[2026.04.14-05.57.41:312][  0]LogShaderLibrary: Display: ShaderCodeLibraryPakFileMountedCallback: PakFile 'D:/Epic Games/UE_4.27/FeaturePacks/TP_SideScrollerBP.upack' (chunk index -1, root 'root:/') mounted
[2026.04.14-05.57.41:312][  0]LogShaderLibrary: Display: ShaderCodeLibraryPakFileMountedCallback: pending pak file info (ChunkID:-1 Root:root:/ File:D:/Epic Games/UE_4.27/FeaturePacks/TP_SideScrollerBP.upack)
[2026.04.14-05.57.41:312][  0]LogPakFile: OnPakFileMounted2Time == 0.000027
[2026.04.14-05.57.41:318][  0]LogPakFile: PakFile PrimaryIndexSize=187
[2026.04.14-05.57.41:318][  0]LogPakFile: PakFile PathHashIndexSize=101
[2026.04.14-05.57.41:318][  0]LogPakFile: PakFile FullDirectoryIndexSize=148
[2026.04.14-05.57.41:318][  0]LogShaderLibrary: Display: ShaderCodeLibraryPakFileMountedCallback: PakFile 'D:/Epic Games/UE_4.27/FeaturePacks/TP_ThirdPerson.upack' (chunk index -1, root 'root:/') mounted
[2026.04.14-05.57.41:318][  0]LogShaderLibrary: Display: ShaderCodeLibraryPakFileMountedCallback: pending pak file info (ChunkID:-1 Root:root:/ File:D:/Epic Games/UE_4.27/FeaturePacks/TP_ThirdPerson.upack)
[2026.04.14-05.57.41:318][  0]LogPakFile: OnPakFileMounted2Time == 0.000055
[2026.04.14-05.57.41:324][  0]LogPakFile: PakFile PrimaryIndexSize=189
[2026.04.14-05.57.41:324][  0]LogPakFile: PakFile PathHashIndexSize=101
[2026.04.14-05.57.41:324][  0]LogPakFile: PakFile FullDirectoryIndexSize=152
[2026.04.14-05.57.41:324][  0]LogShaderLibrary: Display: ShaderCodeLibraryPakFileMountedCallback: PakFile 'D:/Epic Games/UE_4.27/FeaturePacks/TP_ThirdPersonBP.upack' (chunk index -1, root 'root:/') mounted
[2026.04.14-05.57.41:324][  0]LogShaderLibrary: Display: ShaderCodeLibraryPakFileMountedCallback: pending pak file info (ChunkID:-1 Root:root:/ File:D:/Epic Games/UE_4.27/FeaturePacks/TP_ThirdPersonBP.upack)
[2026.04.14-05.57.41:324][  0]LogPakFile: OnPakFileMounted2Time == 0.000028
[2026.04.14-05.57.41:331][  0]LogPakFile: PakFile PrimaryIndexSize=183
[2026.04.14-05.57.41:332][  0]LogPakFile: PakFile PathHashIndexSize=101
[2026.04.14-05.57.41:332][  0]LogPakFile: PakFile FullDirectoryIndexSize=140
[2026.04.14-05.57.41:332][  0]LogShaderLibrary: Display: ShaderCodeLibraryPakFileMountedCallback: PakFile 'D:/Epic Games/UE_4.27/FeaturePacks/TP_TopDown.upack' (chunk index -1, root 'root:/') mounted
[2026.04.14-05.57.41:332][  0]LogShaderLibrary: Display: ShaderCodeLibraryPakFileMountedCallback: pending pak file info (ChunkID:-1 Root:root:/ File:D:/Epic Games/UE_4.27/FeaturePacks/TP_TopDown.upack)
[2026.04.14-05.57.41:332][  0]LogPakFile: OnPakFileMounted2Time == 0.000045
[2026.04.14-05.57.41:338][  0]LogPakFile: PakFile PrimaryIndexSize=185
[2026.04.14-05.57.41:338][  0]LogPakFile: PakFile PathHashIndexSize=101
[2026.04.14-05.57.41:338][  0]LogPakFile: PakFile FullDirectoryIndexSize=144
[2026.04.14-05.57.41:338][  0]LogShaderLibrary: Display: ShaderCodeLibraryPakFileMountedCallback: PakFile 'D:/Epic Games/UE_4.27/FeaturePacks/TP_TopDownBP.upack' (chunk index -1, root 'root:/') mounted
[2026.04.14-05.57.41:338][  0]LogShaderLibrary: Display: ShaderCodeLibraryPakFileMountedCallback: pending pak file info (ChunkID:-1 Root:root:/ File:D:/Epic Games/UE_4.27/FeaturePacks/TP_TopDownBP.upack)
[2026.04.14-05.57.41:338][  0]LogPakFile: OnPakFileMounted2Time == 0.000028
[2026.04.14-05.57.41:346][  0]LogPakFile: PakFile PrimaryIndexSize=185
[2026.04.14-05.57.41:346][  0]LogPakFile: PakFile PathHashIndexSize=101
[2026.04.14-05.57.41:346][  0]LogPakFile: PakFile FullDirectoryIndexSize=144
[2026.04.14-05.57.41:346][  0]LogShaderLibrary: Display: ShaderCodeLibraryPakFileMountedCallback: PakFile 'D:/Epic Games/UE_4.27/FeaturePacks/TP_TwinStick.upack' (chunk index -1, root 'root:/') mounted
[2026.04.14-05.57.41:346][  0]LogShaderLibrary: Display: ShaderCodeLibraryPakFileMountedCallback: pending pak file info (ChunkID:-1 Root:root:/ File:D:/Epic Games/UE_4.27/FeaturePacks/TP_TwinStick.upack)
[2026.04.14-05.57.41:346][  0]LogPakFile: OnPakFileMounted2Time == 0.000033
[2026.04.14-05.57.41:352][  0]LogPakFile: PakFile PrimaryIndexSize=187
[2026.04.14-05.57.41:352][  0]LogPakFile: PakFile PathHashIndexSize=101
[2026.04.14-05.57.41:352][  0]LogPakFile: PakFile FullDirectoryIndexSize=148
[2026.04.14-05.57.41:352][  0]LogShaderLibrary: Display: ShaderCodeLibraryPakFileMountedCallback: PakFile 'D:/Epic Games/UE_4.27/FeaturePacks/TP_TwinStickBP.upack' (chunk index -1, root 'root:/') mounted
[2026.04.14-05.57.41:352][  0]LogShaderLibrary: Display: ShaderCodeLibraryPakFileMountedCallback: pending pak file info (ChunkID:-1 Root:root:/ File:D:/Epic Games/UE_4.27/FeaturePacks/TP_TwinStickBP.upack)
[2026.04.14-05.57.41:352][  0]LogPakFile: OnPakFileMounted2Time == 0.000027
[2026.04.14-05.57.41:358][  0]LogPakFile: PakFile PrimaryIndexSize=183
[2026.04.14-05.57.41:358][  0]LogPakFile: PakFile PathHashIndexSize=101
[2026.04.14-05.57.41:358][  0]LogPakFile: PakFile FullDirectoryIndexSize=140
[2026.04.14-05.57.41:358][  0]LogShaderLibrary: Display: ShaderCodeLibraryPakFileMountedCallback: PakFile 'D:/Epic Games/UE_4.27/FeaturePacks/TP_Vehicle.upack' (chunk index -1, root 'root:/') mounted
[2026.04.14-05.57.41:359][  0]LogShaderLibrary: Display: ShaderCodeLibraryPakFileMountedCallback: pending pak file info (ChunkID:-1 Root:root:/ File:D:/Epic Games/UE_4.27/FeaturePacks/TP_Vehicle.upack)
[2026.04.14-05.57.41:359][  0]LogPakFile: OnPakFileMounted2Time == 0.000027
[2026.04.14-05.57.41:364][  0]LogPakFile: PakFile PrimaryIndexSize=186
[2026.04.14-05.57.41:364][  0]LogPakFile: PakFile PathHashIndexSize=101
[2026.04.14-05.57.41:364][  0]LogPakFile: PakFile FullDirectoryIndexSize=146
[2026.04.14-05.57.41:364][  0]LogShaderLibrary: Display: ShaderCodeLibraryPakFileMountedCallback: PakFile 'D:/Epic Games/UE_4.27/FeaturePacks/TP_VehicleAdv.upack' (chunk index -1, root 'root:/') mounted
[2026.04.14-05.57.41:364][  0]LogShaderLibrary: Display: ShaderCodeLibraryPakFileMountedCallback: pending pak file info (ChunkID:-1 Root:root:/ File:D:/Epic Games/UE_4.27/FeaturePacks/TP_VehicleAdv.upack)
[2026.04.14-05.57.41:364][  0]LogPakFile: OnPakFileMounted2Time == 0.000028
[2026.04.14-05.57.41:371][  0]LogPakFile: PakFile PrimaryIndexSize=188
[2026.04.14-05.57.41:371][  0]LogPakFile: PakFile PathHashIndexSize=101
[2026.04.14-05.57.41:371][  0]LogPakFile: PakFile FullDirectoryIndexSize=150
[2026.04.14-05.57.41:371][  0]LogShaderLibrary: Display: ShaderCodeLibraryPakFileMountedCallback: PakFile 'D:/Epic Games/UE_4.27/FeaturePacks/TP_VehicleAdvBP.upack' (chunk index -1, root 'root:/') mounted
[2026.04.14-05.57.41:371][  0]LogShaderLibrary: Display: ShaderCodeLibraryPakFileMountedCallback: pending pak file info (ChunkID:-1 Root:root:/ File:D:/Epic Games/UE_4.27/FeaturePacks/TP_VehicleAdvBP.upack)
[2026.04.14-05.57.41:371][  0]LogPakFile: OnPakFileMounted2Time == 0.000032
[2026.04.14-05.57.41:379][  0]LogPakFile: PakFile PrimaryIndexSize=185
[2026.04.14-05.57.41:379][  0]LogPakFile: PakFile PathHashIndexSize=101
[2026.04.14-05.57.41:379][  0]LogPakFile: PakFile FullDirectoryIndexSize=144
[2026.04.14-05.57.41:379][  0]LogShaderLibrary: Display: ShaderCodeLibraryPakFileMountedCallback: PakFile 'D:/Epic Games/UE_4.27/FeaturePacks/TP_VehicleBP.upack' (chunk index -1, root 'root:/') mounted
[2026.04.14-05.57.41:379][  0]LogShaderLibrary: Display: ShaderCodeLibraryPakFileMountedCallback: pending pak file info (ChunkID:-1 Root:root:/ File:D:/Epic Games/UE_4.27/FeaturePacks/TP_VehicleBP.upack)
[2026.04.14-05.57.41:379][  0]LogPakFile: OnPakFileMounted2Time == 0.000035
[2026.04.14-05.57.41:386][  0]LogPakFile: PakFile PrimaryIndexSize=192
[2026.04.14-05.57.41:386][  0]LogPakFile: PakFile PathHashIndexSize=101
[2026.04.14-05.57.41:386][  0]LogPakFile: PakFile FullDirectoryIndexSize=158
[2026.04.14-05.57.41:386][  0]LogShaderLibrary: Display: ShaderCodeLibraryPakFileMountedCallback: PakFile 'D:/Epic Games/UE_4.27/FeaturePacks/TP_VirtualRealityBP.upack' (chunk index -1, root 'root:/') mounted
[2026.04.14-05.57.41:386][  0]LogShaderLibrary: Display: ShaderCodeLibraryPakFileMountedCallback: pending pak file info (ChunkID:-1 Root:root:/ File:D:/Epic Games/UE_4.27/FeaturePacks/TP_VirtualRealityBP.upack)
[2026.04.14-05.57.41:386][  0]LogPakFile: OnPakFileMounted2Time == 0.000033
[2026.04.14-05.57.41:754][  0]LogNativeClassHierarchy: Verbose: Native class hierarchy updated for 'AddContentDialog' in 0.0002 seconds. Added 0 classes and 0 folders.
[2026.04.14-05.57.41:755][  0]LogNativeClassHierarchy: Verbose: Native class hierarchy updated for 'SceneOutliner' in 0.0002 seconds. Added 2 classes and 0 folders.
[2026.04.14-05.57.41:826][  0]LogSlate: Took 0.004626 seconds to synchronously load lazily loaded font '../../../Engine/Content/Slate/Fonts/Roboto-Regular.ttf' (155K)
[2026.04.14-05.57.41:832][  0]LogSlate: Took 0.005395 seconds to synchronously load lazily loaded font '../../../Engine/Content/Editor/Slate/Fonts/FontAwesome.ttf' (139K)
[2026.04.14-05.57.41:837][  0]LogSlate: Took 0.004852 seconds to synchronously load lazily loaded font '../../../Engine/Content/Slate/Fonts/Roboto-Bold.ttf' (160K)
[2026.04.14-05.57.41:940][  0]LogRenderer: Reallocating scene render targets to support 1856x992 Format 10 NumSamples 1 (Frame:1).
[2026.04.14-05.57.42:042][  0]LogNativeClassHierarchy: Verbose: Native class hierarchy updated for 'HierarchicalLODOutliner' in 0.0002 seconds. Added 0 classes and 0 folders.
[2026.04.14-05.57.42:042][  0]LogInput: Warning: Action Jump uses invalid key OculusGo_Left_Trigger_Click.
[2026.04.14-05.57.42:042][  0]LogInput: Warning: Action ResetVR uses invalid key OculusGo_Left_Trackpad_Click.
[2026.04.14-05.57.42:042][  0]LogInput: Warning: Use -RemoveInvalidKeys to remove instances of these keys from the action mapping.
[2026.04.14-05.57.42:042][  0]LogLoad: (Engine Initialization) Total time: 25.97 seconds
[2026.04.14-05.57.42:042][  0]LogLoad: (Engine Initialization) Total Blueprint compile time: 0.00 seconds
[2026.04.14-05.57.42:090][  0]LogAssetRegistry: Asset discovery search completed in 12.4253 seconds
[2026.04.14-05.57.42:095][  0]LogCollectionManager: Fixed up redirectors for 0 collections in 0.000003 seconds (updated 0 objects)
[2026.04.14-05.57.42:097][  0]LogContentStreaming: Texture pool size now 1000 MB
[2026.04.14-05.57.42:390][  1]LogFileCache: Retrieving MD5 hashes for directory 'C:/Users/titan/Desktop/CPSC399_Game/CPSC399Game/Content/' took 0.33s
[2026.04.14-05.57.50:849][555]LogUObjectHash: Compacting FUObjectHashTables data took   0.41ms
[2026.04.14-05.57.50:861][555]LogSlate: Took 0.005144 seconds to synchronously load lazily loaded font '../../../Engine/Content/Slate/Fonts/Roboto-Light.ttf' (167K)
[2026.04.14-05.57.51:082][555]LogAssetEditorSubsystem: Opening Asset editor for World /Game/ThirdPersonBP/Maps/Map1.Map1
[2026.04.14-05.57.51:082][555]Cmd: MAP LOAD FILE="C:/Users/titan/Desktop/CPSC399_Game/CPSC399Game/Content/ThirdPersonBP/Maps/Map1.umap" TEMPLATE=0 SHOWPROGRESS=1 FEATURELEVEL=3
[2026.04.14-05.57.51:082][555]LightingResults: New page: Lighting Build
[2026.04.14-05.57.51:082][555]LoadErrors: New page: Loading map: Map1.umap
[2026.04.14-05.57.51:114][555]LogWorld: UWorld::CleanupWorld for ThirdPersonExampleMap, bSessionEnded=true, bCleanupResources=true
[2026.04.14-05.57.51:114][555]LogSlate: InvalidateAllWidgets triggered.  All widgets were invalidated
[2026.04.14-05.57.51:114][555]MapCheck: New page: Map Check
[2026.04.14-05.57.51:114][555]LightingResults: New page: Lighting Build
[2026.04.14-05.57.51:118][555]LogAudio: Display: Audio Device unregistered from world 'None'.
[2026.04.14-05.57.51:121][555]LogUObjectHash: Compacting FUObjectHashTables data took   0.62ms
[2026.04.14-05.57.51:121][555]LogAudio: Display: Audio Device (ID: 1) registered with world 'Map1'.
[2026.04.14-05.57.51:150][555]LogEditorServer: Finished looking for orphan Actors (0.000 secs)
[2026.04.14-05.57.51:150][555]LogAIModule: Creating AISystem for world Map1
[2026.04.14-05.57.51:155][555]LogUObjectHash: Compacting FUObjectHashTables data took   0.47ms
[2026.04.14-05.57.51:165][555]Cmd: MAP CHECKDEP NOCLEARLOG
[2026.04.14-05.57.51:165][555]MapCheck: Map check complete: 0 Error(s), 0 Warning(s), took 0.113ms to complete.
[2026.04.14-05.57.51:165][555]LogFileHelpers: Loading map 'Map1' took 0.084
[2026.04.14-05.57.54:588][955]LogEditorViewport: Clicking on Actor (LMB): BP_WidePlatform_C (BP_WidePlatform9)
[2026.04.14-05.57.56:553][186]LogTemp: Repeating last play command: Selected Viewport
[2026.04.14-05.57.56:557][186]LogPlayLevel: PlayLevel: No blueprints needed recompiling
[2026.04.14-05.57.56:557][186]PIE: New page: PIE session: Map1 (Apr. 13, 2026, 5:57:56 p.m.)
[2026.04.14-05.57.56:558][186]LogOnline: OSS: Creating online subsystem instance for: NULL
[2026.04.14-05.57.56:559][186]LogOnline: OSS: TryLoadSubsystemAndSetDefault: Loaded subsystem for module [NULL]
[2026.04.14-05.57.56:559][186]LogPlayLevel: Creating play world package: /Game/ThirdPersonBP/Maps/UEDPIE_0_Map1
[2026.04.14-05.57.56:566][186]LogPlayLevel: PIE: StaticDuplicateObject took: (0.006789s)
[2026.04.14-05.57.56:567][186]LogAIModule: Creating AISystem for world Map1
[2026.04.14-05.57.56:567][186]LogPlayLevel: PIE: World Init took: (0.000804s)
[2026.04.14-05.57.56:567][186]LogPlayLevel: PIE: Created PIE world by copying editor world from /Game/ThirdPersonBP/Maps/Map1.Map1 to /Game/ThirdPersonBP/Maps/UEDPIE_0_Map1.Map1 (0.007714s)
[2026.04.14-05.57.56:570][186]LogUObjectHash: Compacting FUObjectHashTables data took   0.42ms
[2026.04.14-05.57.56:571][186]LogAudio: Display: Creating Audio Device:                 Id: 2, Scope: Unique, Realtime: True
[2026.04.14-05.57.56:571][186]LogAudioMixer: Display: Audio Mixer Platform Settings:
[2026.04.14-05.57.56:571][186]LogAudioMixer: Display: 	Sample Rate:						  48000
[2026.04.14-05.57.56:571][186]LogAudioMixer: Display: 	Callback Buffer Frame Size Requested: 1024
[2026.04.14-05.57.56:571][186]LogAudioMixer: Display: 	Callback Buffer Frame Size To Use:	  1024
[2026.04.14-05.57.56:571][186]LogAudioMixer: Display: 	Number of buffers to queue:			  2
[2026.04.14-05.57.56:571][186]LogAudioMixer: Display: 	Max Channels (voices):				  32
[2026.04.14-05.57.56:571][186]LogAudioMixer: Display: 	Number of Async Source Workers:		  0
[2026.04.14-05.57.56:571][186]LogAudio: Display: AudioDevice MaxSources: 32
[2026.04.14-05.57.56:572][186]LogAudio: Display: Audio Spatialization Plugin: None (built-in).
[2026.04.14-05.57.56:572][186]LogAudio: Display: Audio Reverb Plugin: None (built-in).
[2026.04.14-05.57.56:572][186]LogAudio: Display: Audio Occlusion Plugin: None (built-in).
[2026.04.14-05.57.56:572][186]LogAudioMixer: Display: Initializing audio mixer.
[2026.04.14-05.57.56:575][186]LogAudioMixer: Display: 0: FrontLeft
[2026.04.14-05.57.56:575][186]LogAudioMixer: Display: 1: FrontRight
[2026.04.14-05.57.56:575][186]LogAudioMixer: Display: 2: FrontCenter
[2026.04.14-05.57.56:575][186]LogAudioMixer: Display: 3: LowFrequency
[2026.04.14-05.57.56:575][186]LogAudioMixer: Display: 4: BackLeft
[2026.04.14-05.57.56:575][186]LogAudioMixer: Display: 5: BackRight
[2026.04.14-05.57.56:575][186]LogAudioMixer: Display: 6: SideLeft
[2026.04.14-05.57.56:575][186]LogAudioMixer: Display: 7: SideRight
[2026.04.14-05.57.56:587][186]LogAudioMixer: Display: Using Audio Device Headset Earphone (CORSAIR VOID PRO Wireless Gaming Headset)
[2026.04.14-05.57.56:587][186]LogAudioMixer: Display: Initializing Sound Submixes...
[2026.04.14-05.57.56:587][186]LogAudioMixer: Display: Creating Master Submix 'MasterSubmixDefault'
[2026.04.14-05.57.56:587][186]LogAudioMixer: Display: Creating Master Submix 'MasterReverbSubmixDefault'
[2026.04.14-05.57.56:588][186]LogAudioMixer: Display: Creating Master Submix 'MasterEQSubmixDefault'
[2026.04.14-05.57.56:588][186]LogAudioMixer: FMixerPlatformXAudio2::StartAudioStream() called
[2026.04.14-05.57.56:588][186]LogAudioMixer: Display: Output buffers initialized: Frames=1024, Channels=8, Samples=8192
[2026.04.14-05.57.56:589][186]LogAudioMixer: Display: Starting AudioMixerPlatformInterface::RunInternal()
[2026.04.14-05.57.56:589][186]LogAudioMixer: Display: FMixerPlatformXAudio2::SubmitBuffer() called for the first time
[2026.04.14-05.57.56:589][186]LogInit: FAudioDevice initialized.
[2026.04.14-05.57.56:589][186]LogAudio: Display: Audio Device (ID: 2) registered with world 'Map1'.
[2026.04.14-05.57.56:593][186]LogLoad: Game class is 'ThirdPersonGameMode_C'
[2026.04.14-05.57.56:595][186]LogWorld: Bringing World /Game/ThirdPersonBP/Maps/UEDPIE_0_Map1.Map1 up for play (max tick rate 0) at 2026.04.13-23.57.56
[2026.04.14-05.57.56:596][186]LogWorld: Bringing up level for play took: 0.001662
[2026.04.14-05.57.56:596][186]LogOnline: OSS: Creating online subsystem instance for: :Context_7
[2026.04.14-05.57.56:598][186]LogNativeClassHierarchy: Verbose: Native class hierarchy updated for 'MovieSceneCapture' in 0.0002 seconds. Added 20 classes and 0 folders.
[2026.04.14-05.57.56:602][186]LogPlayerController: Error: InputMode:UIOnly - Attempting to focus Non-Focusable widget SObjectWidget [Widget.cpp(799)]!
[2026.04.14-05.57.56:602][186]LogViewport: Display: Viewport MouseLockMode Changed, LockOnCapture -> DoNotLock
[2026.04.14-05.57.56:602][186]LogViewport: Display: Viewport MouseCaptureMode Changed, CapturePermanently_IncludingInitialMouseDown -> NoCapture
[2026.04.14-05.57.56:602][186]PIE: Server logged in
[2026.04.14-05.57.56:603][186]PIE: Play in editor total start time 0.046 seconds.
[2026.04.14-05.57.57:028][236]LogViewport: Display: Viewport MouseLockMode Changed, DoNotLock -> LockOnCapture
[2026.04.14-05.57.57:028][236]LogViewport: Display: Viewport MouseCaptureMode Changed, NoCapture -> CapturePermanently
[2026.04.14-05.58.25:641][669]LogBlueprintUserMessages: [Map1_C_1] Power: Speed Boost!
[2026.04.14-05.58.36:550][978]LogBlueprintUserMessages: [Map1_C_1] Power: More Jump!
[2026.04.14-05.59.33:104][761]LogSlate: Updating window title bar state: overlay mode, drag disabled, window buttons hidden, title bar hidden
[2026.04.14-05.59.33:104][761]LogWorld: BeginTearingDown for /Game/ThirdPersonBP/Maps/UEDPIE_0_Map1
[2026.04.14-05.59.33:104][761]LogWorld: UWorld::CleanupWorld for Map1, bSessionEnded=true, bCleanupResources=true
[2026.04.14-05.59.33:105][761]LogSlate: InvalidateAllWidgets triggered.  All widgets were invalidated
[2026.04.14-05.59.33:110][761]LogPlayLevel: Display: Shutting down PIE online subsystems
[2026.04.14-05.59.33:117][761]LogSlate: InvalidateAllWidgets triggered.  All widgets were invalidated
[2026.04.14-05.59.33:123][761]LogSlate: Updating window title bar state: overlay mode, drag disabled, window buttons hidden, title bar hidden
[2026.04.14-05.59.33:124][761]LogAudioMixer: FMixerPlatformXAudio2::StopAudioStream() called
[2026.04.14-05.59.33:125][761]LogAudioMixer: FMixerPlatformXAudio2::StopAudioStream() called
[2026.04.14-05.59.33:128][761]LogUObjectHash: Compacting FUObjectHashTables data took   0.59ms
[2026.04.14-05.59.33:182][764]LogPlayLevel: Display: Destroying online subsystem :Context_7
[2026.04.14-05.59.34:345][903]LogTemp: Repeating last play command: Selected Viewport
[2026.04.14-05.59.34:350][903]LogPlayLevel: PlayLevel: No blueprints needed recompiling
[2026.04.14-05.59.34:350][903]PIE: New page: PIE session: Map1 (Apr. 13, 2026, 5:59:34 p.m.)
[2026.04.14-05.59.34:393][903]LogPlayLevel: Creating play world package: /Game/ThirdPersonBP/Maps/UEDPIE_0_Map1
[2026.04.14-05.59.34:399][903]LogPlayLevel: PIE: StaticDuplicateObject took: (0.006497s)
[2026.04.14-05.59.34:400][903]LogAIModule: Creating AISystem for world Map1
[2026.04.14-05.59.34:400][903]LogPlayLevel: PIE: World Init took: (0.000761s)
[2026.04.14-05.59.34:400][903]LogPlayLevel: PIE: Created PIE world by copying editor world from /Game/ThirdPersonBP/Maps/Map1.Map1 to /Game/ThirdPersonBP/Maps/UEDPIE_0_Map1.Map1 (0.007399s)
[2026.04.14-05.59.34:404][903]LogUObjectHash: Compacting FUObjectHashTables data took   0.44ms
[2026.04.14-05.59.34:405][903]LogAudio: Display: Creating Audio Device:                 Id: 3, Scope: Unique, Realtime: True
[2026.04.14-05.59.34:405][903]LogAudioMixer: Display: Audio Mixer Platform Settings:
[2026.04.14-05.59.34:405][903]LogAudioMixer: Display: 	Sample Rate:						  48000
[2026.04.14-05.59.34:405][903]LogAudioMixer: Display: 	Callback Buffer Frame Size Requested: 1024
[2026.04.14-05.59.34:405][903]LogAudioMixer: Display: 	Callback Buffer Frame Size To Use:	  1024
[2026.04.14-05.59.34:405][903]LogAudioMixer: Display: 	Number of buffers to queue:			  2
[2026.04.14-05.59.34:405][903]LogAudioMixer: Display: 	Max Channels (voices):				  32
[2026.04.14-05.59.34:405][903]LogAudioMixer: Display: 	Number of Async Source Workers:		  0
[2026.04.14-05.59.34:405][903]LogAudio: Display: AudioDevice MaxSources: 32
[2026.04.14-05.59.34:405][903]LogAudio: Display: Audio Spatialization Plugin: None (built-in).
[2026.04.14-05.59.34:405][903]LogAudio: Display: Audio Reverb Plugin: None (built-in).
[2026.04.14-05.59.34:405][903]LogAudio: Display: Audio Occlusion Plugin: None (built-in).
[2026.04.14-05.59.34:405][903]LogAudioMixer: Display: Initializing audio mixer.
[2026.04.14-05.59.34:408][903]LogAudioMixer: Display: 0: FrontLeft
[2026.04.14-05.59.34:408][903]LogAudioMixer: Display: 1: FrontRight
[2026.04.14-05.59.34:408][903]LogAudioMixer: Display: 2: FrontCenter
[2026.04.14-05.59.34:408][903]LogAudioMixer: Display: 3: LowFrequency
[2026.04.14-05.59.34:408][903]LogAudioMixer: Display: 4: BackLeft
[2026.04.14-05.59.34:409][903]LogAudioMixer: Display: 5: BackRight
[2026.04.14-05.59.34:409][903]LogAudioMixer: Display: 6: SideLeft
[2026.04.14-05.59.34:409][903]LogAudioMixer: Display: 7: SideRight
[2026.04.14-05.59.34:422][903]LogAudioMixer: Display: Using Audio Device Headset Earphone (CORSAIR VOID PRO Wireless Gaming Headset)
[2026.04.14-05.59.34:422][903]LogAudioMixer: Display: Initializing Sound Submixes...
[2026.04.14-05.59.34:422][903]LogAudioMixer: Display: Creating Master Submix 'MasterSubmixDefault'
[2026.04.14-05.59.34:422][903]LogAudioMixer: Display: Creating Master Submix 'MasterReverbSubmixDefault'
[2026.04.14-05.59.34:422][903]LogAudioMixer: Display: Creating Master Submix 'MasterEQSubmixDefault'
[2026.04.14-05.59.34:423][903]LogAudioMixer: FMixerPlatformXAudio2::StartAudioStream() called
[2026.04.14-05.59.34:423][903]LogAudioMixer: Display: Output buffers initialized: Frames=1024, Channels=8, Samples=8192
[2026.04.14-05.59.34:423][903]LogAudioMixer: Display: Starting AudioMixerPlatformInterface::RunInternal()
[2026.04.14-05.59.34:423][903]LogAudioMixer: Display: FMixerPlatformXAudio2::SubmitBuffer() called for the first time
[2026.04.14-05.59.34:423][903]LogInit: FAudioDevice initialized.
[2026.04.14-05.59.34:423][903]LogAudio: Display: Audio Device (ID: 3) registered with world 'Map1'.
[2026.04.14-05.59.34:429][903]LogLoad: Game class is 'ThirdPersonGameMode_C'
[2026.04.14-05.59.34:431][903]LogWorld: Bringing World /Game/ThirdPersonBP/Maps/UEDPIE_0_Map1.Map1 up for play (max tick rate 0) at 2026.04.13-23.59.34
[2026.04.14-05.59.34:431][903]LogWorld: Bringing up level for play took: 0.001681
[2026.04.14-05.59.34:431][903]LogOnline: OSS: Creating online subsystem instance for: :Context_8
[2026.04.14-05.59.34:435][903]LogPlayerController: Error: InputMode:UIOnly - Attempting to focus Non-Focusable widget SObjectWidget [Widget.cpp(799)]!
[2026.04.14-05.59.34:436][903]LogViewport: Display: Viewport MouseLockMode Changed, LockOnCapture -> DoNotLock
[2026.04.14-05.59.34:436][903]LogViewport: Display: Viewport MouseCaptureMode Changed, CapturePermanently_IncludingInitialMouseDown -> NoCapture
[2026.04.14-05.59.34:436][903]PIE: Server logged in
[2026.04.14-05.59.34:436][903]PIE: Play in editor total start time 0.087 seconds.
[2026.04.14-05.59.40:248][600]LogViewport: Display: Viewport MouseLockMode Changed, DoNotLock -> LockOnCapture
[2026.04.14-05.59.40:248][600]LogViewport: Display: Viewport MouseCaptureMode Changed, NoCapture -> CapturePermanently
[2026.04.14-05.59.41:364][730]LogSlate: Updating window title bar state: overlay mode, drag disabled, window buttons hidden, title bar hidden
[2026.04.14-05.59.41:364][730]LogWorld: BeginTearingDown for /Game/ThirdPersonBP/Maps/UEDPIE_0_Map1
[2026.04.14-05.59.41:364][730]LogWorld: UWorld::CleanupWorld for Map1, bSessionEnded=true, bCleanupResources=true
[2026.04.14-05.59.41:364][730]LogSlate: InvalidateAllWidgets triggered.  All widgets were invalidated
[2026.04.14-05.59.41:374][730]LogPlayLevel: Display: Shutting down PIE online subsystems
[2026.04.14-05.59.41:381][730]LogSlate: InvalidateAllWidgets triggered.  All widgets were invalidated
[2026.04.14-05.59.41:385][730]LogSlate: Updating window title bar state: overlay mode, drag disabled, window buttons hidden, title bar hidden
[2026.04.14-05.59.41:385][730]LogAudioMixer: FMixerPlatformXAudio2::StopAudioStream() called
[2026.04.14-05.59.41:386][730]LogAudioMixer: FMixerPlatformXAudio2::StopAudioStream() called
[2026.04.14-05.59.41:390][730]LogUObjectHash: Compacting FUObjectHashTables data took   0.46ms
[2026.04.14-05.59.41:434][732]LogPlayLevel: Display: Destroying online subsystem :Context_8
[2026.04.14-05.59.42:694][882]LogTemp: Repeating last play command: Selected Viewport
[2026.04.14-05.59.42:698][882]LogPlayLevel: PlayLevel: No blueprints needed recompiling
[2026.04.14-05.59.42:698][882]PIE: New page: PIE session: Map1 (Apr. 13, 2026, 5:59:42 p.m.)
[2026.04.14-05.59.42:734][882]LogPlayLevel: Creating play world package: /Game/ThirdPersonBP/Maps/UEDPIE_0_Map1
[2026.04.14-05.59.42:740][882]LogPlayLevel: PIE: StaticDuplicateObject took: (0.006690s)
[2026.04.14-05.59.42:741][882]LogAIModule: Creating AISystem for world Map1
[2026.04.14-05.59.42:741][882]LogPlayLevel: PIE: World Init took: (0.000721s)
[2026.04.14-05.59.42:741][882]LogPlayLevel: PIE: Created PIE world by copying editor world from /Game/ThirdPersonBP/Maps/Map1.Map1 to /Game/ThirdPersonBP/Maps/UEDPIE_0_Map1.Map1 (0.007554s)
[2026.04.14-05.59.42:745][882]LogUObjectHash: Compacting FUObjectHashTables data took   0.42ms
[2026.04.14-05.59.42:745][882]LogAudio: Display: Creating Audio Device:                 Id: 4, Scope: Unique, Realtime: True
[2026.04.14-05.59.42:745][882]LogAudioMixer: Display: Audio Mixer Platform Settings:
[2026.04.14-05.59.42:745][882]LogAudioMixer: Display: 	Sample Rate:						  48000
[2026.04.14-05.59.42:745][882]LogAudioMixer: Display: 	Callback Buffer Frame Size Requested: 1024
[2026.04.14-05.59.42:745][882]LogAudioMixer: Display: 	Callback Buffer Frame Size To Use:	  1024
[2026.04.14-05.59.42:745][882]LogAudioMixer: Display: 	Number of buffers to queue:			  2
[2026.04.14-05.59.42:745][882]LogAudioMixer: Display: 	Max Channels (voices):				  32
[2026.04.14-05.59.42:745][882]LogAudioMixer: Display: 	Number of Async Source Workers:		  0
[2026.04.14-05.59.42:745][882]LogAudio: Display: AudioDevice MaxSources: 32
[2026.04.14-05.59.42:746][882]LogAudio: Display: Audio Spatialization Plugin: None (built-in).
[2026.04.14-05.59.42:746][882]LogAudio: Display: Audio Reverb Plugin: None (built-in).
[2026.04.14-05.59.42:746][882]LogAudio: Display: Audio Occlusion Plugin: None (built-in).
[2026.04.14-05.59.42:746][882]LogAudioMixer: Display: Initializing audio mixer.
[2026.04.14-05.59.42:749][882]LogAudioMixer: Display: 0: FrontLeft
[2026.04.14-05.59.42:749][882]LogAudioMixer: Display: 1: FrontRight
[2026.04.14-05.59.42:749][882]LogAudioMixer: Display: 2: FrontCenter
[2026.04.14-05.59.42:749][882]LogAudioMixer: Display: 3: LowFrequency
[2026.04.14-05.59.42:749][882]LogAudioMixer: Display: 4: BackLeft
[2026.04.14-05.59.42:749][882]LogAudioMixer: Display: 5: BackRight
[2026.04.14-05.59.42:749][882]LogAudioMixer: Display: 6: SideLeft
[2026.04.14-05.59.42:749][882]LogAudioMixer: Display: 7: SideRight
[2026.04.14-05.59.42:760][882]LogAudioMixer: Display: Using Audio Device Headset Earphone (CORSAIR VOID PRO Wireless Gaming Headset)
[2026.04.14-05.59.42:760][882]LogAudioMixer: Display: Initializing Sound Submixes...
[2026.04.14-05.59.42:760][882]LogAudioMixer: Display: Creating Master Submix 'MasterSubmixDefault'
[2026.04.14-05.59.42:760][882]LogAudioMixer: Display: Creating Master Submix 'MasterReverbSubmixDefault'
[2026.04.14-05.59.42:760][882]LogAudioMixer: Display: Creating Master Submix 'MasterEQSubmixDefault'
[2026.04.14-05.59.42:760][882]LogAudioMixer: FMixerPlatformXAudio2::StartAudioStream() called
[2026.04.14-05.59.42:760][882]LogAudioMixer: Display: Output buffers initialized: Frames=1024, Channels=8, Samples=8192
[2026.04.14-05.59.42:761][882]LogAudioMixer: Display: Starting AudioMixerPlatformInterface::RunInternal()
[2026.04.14-05.59.42:761][882]LogAudioMixer: Display: FMixerPlatformXAudio2::SubmitBuffer() called for the first time
[2026.04.14-05.59.42:761][882]LogInit: FAudioDevice initialized.
[2026.04.14-05.59.42:761][882]LogAudio: Display: Audio Device (ID: 4) registered with world 'Map1'.
[2026.04.14-05.59.42:770][882]LogLoad: Game class is 'ThirdPersonGameMode_C'
[2026.04.14-05.59.42:772][882]LogWorld: Bringing World /Game/ThirdPersonBP/Maps/UEDPIE_0_Map1.Map1 up for play (max tick rate 0) at 2026.04.13-23.59.42
[2026.04.14-05.59.42:772][882]LogWorld: Bringing up level for play took: 0.001610
[2026.04.14-05.59.42:772][882]LogOnline: OSS: Creating online subsystem instance for: :Context_9
[2026.04.14-05.59.42:776][882]LogPlayerController: Error: InputMode:UIOnly - Attempting to focus Non-Focusable widget SObjectWidget [Widget.cpp(799)]!
[2026.04.14-05.59.42:776][882]LogViewport: Display: Viewport MouseLockMode Changed, LockOnCapture -> DoNotLock
[2026.04.14-05.59.42:776][882]LogViewport: Display: Viewport MouseCaptureMode Changed, CapturePermanently_IncludingInitialMouseDown -> NoCapture
[2026.04.14-05.59.42:776][882]PIE: Server logged in
[2026.04.14-05.59.42:776][882]PIE: Play in editor total start time 0.079 seconds.
[2026.04.14-05.59.43:694][987]LogSlate: Updating window title bar state: overlay mode, drag disabled, window buttons hidden, title bar hidden
[2026.04.14-05.59.43:694][987]LogWorld: BeginTearingDown for /Game/ThirdPersonBP/Maps/UEDPIE_0_Map1
[2026.04.14-05.59.43:694][987]LogWorld: UWorld::CleanupWorld for Map1, bSessionEnded=true, bCleanupResources=true
[2026.04.14-05.59.43:695][987]LogSlate: InvalidateAllWidgets triggered.  All widgets were invalidated
[2026.04.14-05.59.43:701][987]LogPlayLevel: Display: Shutting down PIE online subsystems
[2026.04.14-05.59.43:708][987]LogSlate: InvalidateAllWidgets triggered.  All widgets were invalidated
[2026.04.14-05.59.43:711][987]LogSlate: Updating window title bar state: overlay mode, drag disabled, window buttons hidden, title bar hidden
[2026.04.14-05.59.43:712][987]LogAudioMixer: FMixerPlatformXAudio2::StopAudioStream() called
[2026.04.14-05.59.43:712][987]LogAudioMixer: FMixerPlatformXAudio2::StopAudioStream() called
[2026.04.14-05.59.43:716][987]LogUObjectHash: Compacting FUObjectHashTables data took   0.49ms
[2026.04.14-05.59.43:758][990]LogPlayLevel: Display: Destroying online subsystem :Context_9
[2026.04.14-05.59.45:102][151]LogTemp: Repeating last play command: Selected Viewport
[2026.04.14-05.59.45:107][151]LogPlayLevel: PlayLevel: No blueprints needed recompiling
[2026.04.14-05.59.45:107][151]PIE: New page: PIE session: Map1 (Apr. 13, 2026, 5:59:45 p.m.)
[2026.04.14-05.59.45:143][151]LogPlayLevel: Creating play world package: /Game/ThirdPersonBP/Maps/UEDPIE_0_Map1
[2026.04.14-05.59.45:150][151]LogPlayLevel: PIE: StaticDuplicateObject took: (0.006665s)
[2026.04.14-05.59.45:150][151]LogAIModule: Creating AISystem for world Map1
[2026.04.14-05.59.45:151][151]LogPlayLevel: PIE: World Init took: (0.000788s)
[2026.04.14-05.59.45:151][151]LogPlayLevel: PIE: Created PIE world by copying editor world from /Game/ThirdPersonBP/Maps/Map1.Map1 to /Game/ThirdPersonBP/Maps/UEDPIE_0_Map1.Map1 (0.007595s)
[2026.04.14-05.59.45:154][151]LogUObjectHash: Compacting FUObjectHashTables data took   0.42ms
[2026.04.14-05.59.45:155][151]LogAudio: Display: Creating Audio Device:                 Id: 5, Scope: Unique, Realtime: True
[2026.04.14-05.59.45:155][151]LogAudioMixer: Display: Audio Mixer Platform Settings:
[2026.04.14-05.59.45:155][151]LogAudioMixer: Display: 	Sample Rate:						  48000
[2026.04.14-05.59.45:155][151]LogAudioMixer: Display: 	Callback Buffer Frame Size Requested: 1024
[2026.04.14-05.59.45:155][151]LogAudioMixer: Display: 	Callback Buffer Frame Size To Use:	  1024
[2026.04.14-05.59.45:155][151]LogAudioMixer: Display: 	Number of buffers to queue:			  2
[2026.04.14-05.59.45:155][151]LogAudioMixer: Display: 	Max Channels (voices):				  32
[2026.04.14-05.59.45:155][151]LogAudioMixer: Display: 	Number of Async Source Workers:		  0
[2026.04.14-05.59.45:155][151]LogAudio: Display: AudioDevice MaxSources: 32
[2026.04.14-05.59.45:155][151]LogAudio: Display: Audio Spatialization Plugin: None (built-in).
[2026.04.14-05.59.45:155][151]LogAudio: Display: Audio Reverb Plugin: None (built-in).
[2026.04.14-05.59.45:155][151]LogAudio: Display: Audio Occlusion Plugin: None (built-in).
[2026.04.14-05.59.45:155][151]LogAudioMixer: Display: Initializing audio mixer.
[2026.04.14-05.59.45:158][151]LogAudioMixer: Display: 0: FrontLeft
[2026.04.14-05.59.45:158][151]LogAudioMixer: Display: 1: FrontRight
[2026.04.14-05.59.45:158][151]LogAudioMixer: Display: 2: FrontCenter
[2026.04.14-05.59.45:158][151]LogAudioMixer: Display: 3: LowFrequency
[2026.04.14-05.59.45:158][151]LogAudioMixer: Display: 4: BackLeft
[2026.04.14-05.59.45:158][151]LogAudioMixer: Display: 5: BackRight
[2026.04.14-05.59.45:158][151]LogAudioMixer: Display: 6: SideLeft
[2026.04.14-05.59.45:158][151]LogAudioMixer: Display: 7: SideRight
[2026.04.14-05.59.45:169][151]LogAudioMixer: Display: Using Audio Device Headset Earphone (CORSAIR VOID PRO Wireless Gaming Headset)
[2026.04.14-05.59.45:169][151]LogAudioMixer: Display: Initializing Sound Submixes...
[2026.04.14-05.59.45:169][151]LogAudioMixer: Display: Creating Master Submix 'MasterSubmixDefault'
[2026.04.14-05.59.45:169][151]LogAudioMixer: Display: Creating Master Submix 'MasterReverbSubmixDefault'
[2026.04.14-05.59.45:169][151]LogAudioMixer: Display: Creating Master Submix 'MasterEQSubmixDefault'
[2026.04.14-05.59.45:169][151]LogAudioMixer: FMixerPlatformXAudio2::StartAudioStream() called
[2026.04.14-05.59.45:169][151]LogAudioMixer: Display: Output buffers initialized: Frames=1024, Channels=8, Samples=8192
[2026.04.14-05.59.45:170][151]LogAudioMixer: Display: Starting AudioMixerPlatformInterface::RunInternal()
[2026.04.14-05.59.45:170][151]LogAudioMixer: Display: FMixerPlatformXAudio2::SubmitBuffer() called for the first time
[2026.04.14-05.59.45:170][151]LogInit: FAudioDevice initialized.
[2026.04.14-05.59.45:170][151]LogAudio: Display: Audio Device (ID: 5) registered with world 'Map1'.
[2026.04.14-05.59.45:175][151]LogLoad: Game class is 'ThirdPersonGameMode_C'
[2026.04.14-05.59.45:177][151]LogWorld: Bringing World /Game/ThirdPersonBP/Maps/UEDPIE_0_Map1.Map1 up for play (max tick rate 0) at 2026.04.13-23.59.45
[2026.04.14-05.59.45:177][151]LogWorld: Bringing up level for play took: 0.001698
[2026.04.14-05.59.45:177][151]LogOnline: OSS: Creating online subsystem instance for: :Context_10
[2026.04.14-05.59.45:181][151]LogPlayerController: Error: InputMode:UIOnly - Attempting to focus Non-Focusable widget SObjectWidget [Widget.cpp(799)]!
[2026.04.14-05.59.45:181][151]LogViewport: Display: Viewport MouseLockMode Changed, LockOnCapture -> DoNotLock
[2026.04.14-05.59.45:181][151]LogViewport: Display: Viewport MouseCaptureMode Changed, CapturePermanently_IncludingInitialMouseDown -> NoCapture
[2026.04.14-05.59.45:181][151]PIE: Server logged in
[2026.04.14-05.59.45:181][151]PIE: Play in editor total start time 0.075 seconds.
[2026.04.14-05.59.45:951][243]LogViewport: Display: Viewport MouseLockMode Changed, DoNotLock -> LockOnCapture
[2026.04.14-05.59.45:951][243]LogViewport: Display: Viewport MouseCaptureMode Changed, NoCapture -> CapturePermanently
[2026.04.14-05.59.53:594][160]LogBlueprintUserMessages: [Map1_C_1] Power: More Jump!
[2026.04.14-05.59.59:552][875]LogBlueprintUserMessages: [Map1_C_1] Power: More Jump!
[2026.04.14-06.00.12:989][487]LogPlayerController: Error: InputMode:UIOnly - Attempting to focus Non-Focusable widget SObjectWidget [Widget.cpp(799)]!
[2026.04.14-06.00.12:989][487]LogViewport: Display: Viewport MouseLockMode Changed, LockOnCapture -> DoNotLock
[2026.04.14-06.00.12:989][487]LogViewport: Display: Viewport MouseCaptureMode Changed, CapturePermanently -> NoCapture
[2026.04.14-06.00.15:588][799]LogViewport: Display: Viewport MouseLockMode Changed, DoNotLock -> LockOnCapture
[2026.04.14-06.00.15:588][799]LogViewport: Display: Viewport MouseCaptureMode Changed, NoCapture -> CapturePermanently
[2026.04.14-06.00.18:414][138]LogPlayerController: Error: InputMode:UIOnly - Attempting to focus Non-Focusable widget SObjectWidget [Widget.cpp(799)]!
[2026.04.14-06.00.18:414][138]LogViewport: Display: Viewport MouseLockMode Changed, LockOnCapture -> DoNotLock
[2026.04.14-06.00.18:414][138]LogViewport: Display: Viewport MouseCaptureMode Changed, CapturePermanently -> NoCapture
[2026.04.14-06.00.22:639][645]LogViewport: Display: Viewport MouseLockMode Changed, DoNotLock -> LockOnCapture
[2026.04.14-06.00.22:639][645]LogViewport: Display: Viewport MouseCaptureMode Changed, NoCapture -> CapturePermanently
[2026.04.14-06.00.23:864][792]LogPlayerController: Error: InputMode:UIOnly - Attempting to focus Non-Focusable widget SObjectWidget [Widget.cpp(799)]!
[2026.04.14-06.00.23:864][792]LogViewport: Display: Viewport MouseLockMode Changed, LockOnCapture -> DoNotLock
[2026.04.14-06.00.23:864][792]LogViewport: Display: Viewport MouseCaptureMode Changed, CapturePermanently -> NoCapture
[2026.04.14-06.00.24:573][877]LogViewport: Display: Viewport MouseLockMode Changed, DoNotLock -> LockOnCapture
[2026.04.14-06.00.24:573][877]LogViewport: Display: Viewport MouseCaptureMode Changed, NoCapture -> CapturePermanently
[2026.04.14-06.00.39:090][619]LogPlayerController: Error: InputMode:UIOnly - Attempting to focus Non-Focusable widget SObjectWidget [Widget.cpp(799)]!
[2026.04.14-06.00.39:091][619]LogViewport: Display: Viewport MouseLockMode Changed, LockOnCapture -> DoNotLock
[2026.04.14-06.00.39:091][619]LogViewport: Display: Viewport MouseCaptureMode Changed, CapturePermanently -> NoCapture
[2026.04.14-06.00.42:108][981]LogSlate: Updating window title bar state: overlay mode, drag disabled, window buttons hidden, title bar hidden
[2026.04.14-06.00.42:108][981]LogWorld: BeginTearingDown for /Game/ThirdPersonBP/Maps/UEDPIE_0_Map1
[2026.04.14-06.00.42:154][981]LogWorld: UWorld::CleanupWorld for Map1, bSessionEnded=true, bCleanupResources=true
[2026.04.14-06.00.42:155][981]LogSlate: InvalidateAllWidgets triggered.  All widgets were invalidated
[2026.04.14-06.00.42:161][981]LogPlayLevel: Display: Shutting down PIE online subsystems
[2026.04.14-06.00.42:168][981]LogSlate: InvalidateAllWidgets triggered.  All widgets were invalidated
[2026.04.14-06.00.42:173][981]LogSlate: Updating window title bar state: overlay mode, drag disabled, window buttons hidden, title bar hidden
[2026.04.14-06.00.42:174][981]LogAudioMixer: FMixerPlatformXAudio2::StopAudioStream() called
[2026.04.14-06.00.42:175][981]LogAudioMixer: FMixerPlatformXAudio2::StopAudioStream() called
[2026.04.14-06.00.42:179][981]LogUObjectHash: Compacting FUObjectHashTables data took   0.47ms
[2026.04.14-06.00.42:214][982]LogPlayLevel: Display: Destroying online subsystem :Context_10
[2026.04.14-06.00.49:106][778]LogEditorViewport: Clicking on Actor (LMB): StaticMeshActor (Section2)
[2026.04.14-06.00.49:671][837]LogEditorViewport: Clicking on Actor (LMB): StaticMeshActor (Section2)
[2026.04.14-06.00.51:444][ 37]LogEditorViewport: Clicking on Actor (LMB): StaticMeshActor (Section2)
[2026.04.14-06.00.51:771][ 74]LogEditorViewport: Clicking on Actor (LMB): StaticMeshActor (Section2)
[2026.04.14-06.00.52:012][101]LogEditorViewport: Clicking on Component (LMB): StaticMeshComponent (StaticMeshComponent0)
[2026.04.14-06.00.54:505][381]LogEditorViewport: Clicking on Actor (LMB): StaticMeshActor (Section1)
[2026.04.14-06.00.55:421][487]LogEditorViewport: Clicking on Actor (LMB): BP_WidePlatform_C (BP_WidePlatform9)
[2026.04.14-06.00.56:583][624]LogEditorViewport: Clicking on Actor (LMB): StaticMeshActor (Plane)
[2026.04.14-06.01.04:089][495]LogEditorViewport: Clicking on Actor (LMB): BP_TallPlatform_C (TallPlatform7)
[2026.04.14-06.01.30:363][564]LogEditorViewport: Clicking on Actor (LMB): BP_WidePlatform_C (BP_WidePlatform9)
[2026.04.14-06.01.31:568][702]Cmd: DELETE
[2026.04.14-06.01.31:569][702]Cmd: ACTOR DELETE
[2026.04.14-06.01.31:573][702]LogEditorActor: Deleted Actor: BP_WidePlatform_C
[2026.04.14-06.01.31:577][702]LogUObjectHash: Compacting FUObjectHashTables data took   0.45ms
[2026.04.14-06.01.31:578][702]LogEditorActor: Deleted 1 Actors (0.009 secs)
[2026.04.14-06.01.47:684][609]LogAssetEditorSubsystem: Opening Asset editor for WidgetBlueprint /Game/Menus/MainMenu.MainMenu
[2026.04.14-06.01.47:772][609]LogNativeClassHierarchy: Verbose: Native class hierarchy updated for 'BlueprintGraph' in 0.0003 seconds. Added 126 classes and 0 folders.
[2026.04.14-06.01.48:518][609]LogSlate: Took 0.004701 seconds to synchronously load lazily loaded font '../../../Engine/Content/Slate/Fonts/Roboto-BoldCondensed.ttf' (158K)
[2026.04.14-06.02.12:943][104]BlueprintLog: New page: Compile MainMenu
[2026.04.14-06.02.12:977][104]LogUObjectHash: Compacting FUObjectHashTables data took   2.25ms
[2026.04.14-06.02.15:122][350]LogTemp: Repeating last play command: Selected Viewport
[2026.04.14-06.02.15:126][350]LogPlayLevel: PlayLevel: No blueprints needed recompiling
[2026.04.14-06.02.15:126][350]PIE: New page: PIE session: Map1 (Apr. 13, 2026, 6:02:15 p.m.)
[2026.04.14-06.02.15:163][350]LogPlayLevel: Creating play world package: /Game/ThirdPersonBP/Maps/UEDPIE_0_Map1
[2026.04.14-06.02.15:170][350]LogPlayLevel: PIE: StaticDuplicateObject took: (0.006599s)
[2026.04.14-06.02.15:170][350]LogAIModule: Creating AISystem for world Map1
[2026.04.14-06.02.15:170][350]LogPlayLevel: PIE: World Init took: (0.000778s)
[2026.04.14-06.02.15:170][350]LogPlayLevel: PIE: Created PIE world by copying editor world from /Game/ThirdPersonBP/Maps/Map1.Map1 to /Game/ThirdPersonBP/Maps/UEDPIE_0_Map1.Map1 (0.007512s)
[2026.04.14-06.02.15:187][350]LogUObjectHash: Compacting FUObjectHashTables data took   2.08ms
[2026.04.14-06.02.15:188][350]LogAudio: Display: Creating Audio Device:                 Id: 6, Scope: Unique, Realtime: True
[2026.04.14-06.02.15:188][350]LogAudioMixer: Display: Audio Mixer Platform Settings:
[2026.04.14-06.02.15:188][350]LogAudioMixer: Display: 	Sample Rate:						  48000
[2026.04.14-06.02.15:188][350]LogAudioMixer: Display: 	Callback Buffer Frame Size Requested: 1024
[2026.04.14-06.02.15:188][350]LogAudioMixer: Display: 	Callback Buffer Frame Size To Use:	  1024
[2026.04.14-06.02.15:188][350]LogAudioMixer: Display: 	Number of buffers to queue:			  2
[2026.04.14-06.02.15:188][350]LogAudioMixer: Display: 	Max Channels (voices):				  32
[2026.04.14-06.02.15:188][350]LogAudioMixer: Display: 	Number of Async Source Workers:		  0
[2026.04.14-06.02.15:188][350]LogAudio: Display: AudioDevice MaxSources: 32
[2026.04.14-06.02.15:188][350]LogAudio: Display: Audio Spatialization Plugin: None (built-in).
[2026.04.14-06.02.15:188][350]LogAudio: Display: Audio Reverb Plugin: None (built-in).
[2026.04.14-06.02.15:188][350]LogAudio: Display: Audio Occlusion Plugin: None (built-in).
[2026.04.14-06.02.15:188][350]LogAudioMixer: Display: Initializing audio mixer.
[2026.04.14-06.02.15:191][350]LogAudioMixer: Display: 0: FrontLeft
[2026.04.14-06.02.15:191][350]LogAudioMixer: Display: 1: FrontRight
[2026.04.14-06.02.15:191][350]LogAudioMixer: Display: 2: FrontCenter
[2026.04.14-06.02.15:191][350]LogAudioMixer: Display: 3: LowFrequency
[2026.04.14-06.02.15:191][350]LogAudioMixer: Display: 4: BackLeft
[2026.04.14-06.02.15:191][350]LogAudioMixer: Display: 5: BackRight
[2026.04.14-06.02.15:191][350]LogAudioMixer: Display: 6: SideLeft
[2026.04.14-06.02.15:191][350]LogAudioMixer: Display: 7: SideRight
[2026.04.14-06.02.15:204][350]LogAudioMixer: Display: Using Audio Device Headset Earphone (CORSAIR VOID PRO Wireless Gaming Headset)
[2026.04.14-06.02.15:204][350]LogAudioMixer: Display: Initializing Sound Submixes...
[2026.04.14-06.02.15:204][350]LogAudioMixer: Display: Creating Master Submix 'MasterSubmixDefault'
[2026.04.14-06.02.15:204][350]LogAudioMixer: Display: Creating Master Submix 'MasterReverbSubmixDefault'
[2026.04.14-06.02.15:205][350]LogAudioMixer: Display: Creating Master Submix 'MasterEQSubmixDefault'
[2026.04.14-06.02.15:205][350]LogAudioMixer: FMixerPlatformXAudio2::StartAudioStream() called
[2026.04.14-06.02.15:205][350]LogAudioMixer: Display: Output buffers initialized: Frames=1024, Channels=8, Samples=8192
[2026.04.14-06.02.15:207][350]LogAudioMixer: Display: Starting AudioMixerPlatformInterface::RunInternal()
[2026.04.14-06.02.15:207][350]LogAudioMixer: Display: FMixerPlatformXAudio2::SubmitBuffer() called for the first time
[2026.04.14-06.02.15:207][350]LogInit: FAudioDevice initialized.
[2026.04.14-06.02.15:207][350]LogAudio: Display: Audio Device (ID: 6) registered with world 'Map1'.
[2026.04.14-06.02.15:215][350]LogLoad: Game class is 'ThirdPersonGameMode_C'
[2026.04.14-06.02.15:217][350]LogWorld: Bringing World /Game/ThirdPersonBP/Maps/UEDPIE_0_Map1.Map1 up for play (max tick rate 0) at 2026.04.14-00.02.15
[2026.04.14-06.02.15:218][350]LogWorld: Bringing up level for play took: 0.001810
[2026.04.14-06.02.15:218][350]LogOnline: OSS: Creating online subsystem instance for: :Context_16
[2026.04.14-06.02.15:221][350]LogPlayerController: Error: InputMode:UIOnly - Attempting to focus Non-Focusable widget SObjectWidget [Widget.cpp(799)]!
[2026.04.14-06.02.15:221][350]LogViewport: Display: Viewport MouseLockMode Changed, LockOnCapture -> DoNotLock
[2026.04.14-06.02.15:221][350]LogViewport: Display: Viewport MouseCaptureMode Changed, CapturePermanently_IncludingInitialMouseDown -> NoCapture
[2026.04.14-06.02.15:222][350]PIE: Server logged in
[2026.04.14-06.02.15:222][350]PIE: Play in editor total start time 0.096 seconds.
[2026.04.14-06.02.17:419][613]LogViewport: Display: Viewport MouseLockMode Changed, DoNotLock -> LockOnCapture
[2026.04.14-06.02.17:419][613]LogViewport: Display: Viewport MouseCaptureMode Changed, NoCapture -> CapturePermanently
[2026.04.14-06.02.25:494][577]LogSlate: Updating window title bar state: overlay mode, drag disabled, window buttons hidden, title bar hidden
[2026.04.14-06.02.25:494][577]LogWorld: BeginTearingDown for /Game/ThirdPersonBP/Maps/UEDPIE_0_Map1
[2026.04.14-06.02.25:494][577]LogWorld: UWorld::CleanupWorld for Map1, bSessionEnded=true, bCleanupResources=true
[2026.04.14-06.02.25:494][577]LogSlate: InvalidateAllWidgets triggered.  All widgets were invalidated
[2026.04.14-06.02.25:505][577]LogPlayLevel: Display: Shutting down PIE online subsystems
[2026.04.14-06.02.25:509][577]LogSlate: InvalidateAllWidgets triggered.  All widgets were invalidated
[2026.04.14-06.02.25:522][577]LogSlate: Updating window title bar state: overlay mode, drag disabled, window buttons hidden, title bar hidden
[2026.04.14-06.02.25:522][577]LogAudioMixer: FMixerPlatformXAudio2::StopAudioStream() called
[2026.04.14-06.02.25:523][577]LogAudioMixer: FMixerPlatformXAudio2::StopAudioStream() called
[2026.04.14-06.02.25:527][577]LogUObjectHash: Compacting FUObjectHashTables data took   1.63ms
[2026.04.14-06.02.25:570][579]LogPlayLevel: Display: Destroying online subsystem :Context_16
[2026.04.14-06.02.27:782][835]Cmd: OBJ SAVEPACKAGE PACKAGE="/Game/ThirdPersonBP/Maps/Map1" FILE="C:/Users/titan/Desktop/CPSC399_Game/CPSC399Game/Content/ThirdPersonBP/Maps/Map1.umap" SILENT=true AUTOSAVING=false KEEPDIRTY=false
[2026.04.14-06.02.27:797][835]LogUObjectHash: Compacting FUObjectHashTables data took   1.46ms
[2026.04.14-06.02.27:835][835]LogSavePackage: Moving 'C:/Users/titan/Desktop/CPSC399_Game/CPSC399Game/Saved/Map1D083713C47963BE714C0488727C02703.tmp' to 'C:/Users/titan/Desktop/CPSC399_Game/CPSC399Game/Content/ThirdPersonBP/Maps/Map1.umap'
[2026.04.14-06.02.27:862][835]AssetCheck: New page: Asset Save: Map1
[2026.04.14-06.02.27:862][835]LogContentValidation: Display: Validating World /Game/ThirdPersonBP/Maps/Map1.Map1
[2026.04.14-06.02.30:498][146]LogUObjectHash: Compacting FUObjectHashTables data took   1.51ms
[2026.04.14-06.02.30:523][146]Cmd: OBJ SAVEPACKAGE PACKAGE="/Game/Menus/MainMenu" FILE="C:/Users/titan/Desktop/CPSC399_Game/CPSC399Game/Content/Menus/MainMenu.uasset" SILENT=true
[2026.04.14-06.02.30:531][146]LogSavePackage: Moving 'C:/Users/titan/Desktop/CPSC399_Game/CPSC399Game/Saved/MainMenuBD3669474114B97FF39940AA5C7F0189.tmp' to 'C:/Users/titan/Desktop/CPSC399_Game/CPSC399Game/Content/Menus/MainMenu.uasset'
[2026.04.14-06.02.30:542][146]AssetCheck: New page: Asset Save: MainMenu
[2026.04.14-06.02.30:542][146]LogContentValidation: Display: Validating WidgetBlueprint /Game/Menus/MainMenu.MainMenu
[2026.04.14-06.02.50:827][574]LogEditorViewport: Clicking on Actor (LMB): StaticMeshActor (Plane)
[2026.04.14-06.02.51:297][627]Cmd: TRANSACTION UNDO
[2026.04.14-06.02.51:297][627]LogEditorTransaction: Undo Clicking on Actors
[2026.04.14-06.02.55:805][138]LogEditorViewport: Clicking on Actor (LMB): BP_SpinObstacle_C (BP_SpinObstacle2)
[2026.04.14-06.03.09:318][711]LogSlate: Took 0.005534 seconds to synchronously load lazily loaded font '../../../Engine/Content/Slate/Fonts/Roboto-Italic.ttf' (157K)
[2026.04.14-06.03.14:376][288]LogEditorViewport: Clicking on Actor (LMB): BP_SpinObstacle_C (BP_SpinObstacle)
[2026.04.14-06.03.48:659][308]LogEditorViewport: Clicking on Actor (LMB): BP_SpinObstacle_C (BP_SpinObstacle2)
[2026.04.14-06.04.01:819][854]LogUObjectHash: Compacting FUObjectHashTables data took   0.70ms
[2026.04.14-06.04.03:301][ 26]LogTemp: Repeating last play command: Selected Viewport
[2026.04.14-06.04.03:306][ 26]LogPlayLevel: PlayLevel: No blueprints needed recompiling
[2026.04.14-06.04.03:306][ 26]PIE: New page: PIE session: Map1 (Apr. 13, 2026, 6:04:03 p.m.)
[2026.04.14-06.04.03:343][ 26]LogPlayLevel: Creating play world package: /Game/ThirdPersonBP/Maps/UEDPIE_0_Map1
[2026.04.14-06.04.03:349][ 26]LogPlayLevel: PIE: StaticDuplicateObject took: (0.006491s)
[2026.04.14-06.04.03:350][ 26]LogAIModule: Creating AISystem for world Map1
[2026.04.14-06.04.03:350][ 26]LogPlayLevel: PIE: World Init took: (0.000793s)
[2026.04.14-06.04.03:350][ 26]LogPlayLevel: PIE: Created PIE world by copying editor world from /Game/ThirdPersonBP/Maps/Map1.Map1 to /Game/ThirdPersonBP/Maps/UEDPIE_0_Map1.Map1 (0.007427s)
[2026.04.14-06.04.03:365][ 26]LogUObjectHash: Compacting FUObjectHashTables data took   1.44ms
[2026.04.14-06.04.03:367][ 26]LogAudio: Display: Creating Audio Device:                 Id: 7, Scope: Unique, Realtime: True
[2026.04.14-06.04.03:367][ 26]LogAudioMixer: Display: Audio Mixer Platform Settings:
[2026.04.14-06.04.03:367][ 26]LogAudioMixer: Display: 	Sample Rate:						  48000
[2026.04.14-06.04.03:367][ 26]LogAudioMixer: Display: 	Callback Buffer Frame Size Requested: 1024
[2026.04.14-06.04.03:367][ 26]LogAudioMixer: Display: 	Callback Buffer Frame Size To Use:	  1024
[2026.04.14-06.04.03:367][ 26]LogAudioMixer: Display: 	Number of buffers to queue:			  2
[2026.04.14-06.04.03:367][ 26]LogAudioMixer: Display: 	Max Channels (voices):				  32
[2026.04.14-06.04.03:367][ 26]LogAudioMixer: Display: 	Number of Async Source Workers:		  0
[2026.04.14-06.04.03:367][ 26]LogAudio: Display: AudioDevice MaxSources: 32
[2026.04.14-06.04.03:367][ 26]LogAudio: Display: Audio Spatialization Plugin: None (built-in).
[2026.04.14-06.04.03:368][ 26]LogAudio: Display: Audio Reverb Plugin: None (built-in).
[2026.04.14-06.04.03:368][ 26]LogAudio: Display: Audio Occlusion Plugin: None (built-in).
[2026.04.14-06.04.03:368][ 26]LogAudioMixer: Display: Initializing audio mixer.
[2026.04.14-06.04.03:370][ 26]LogAudioMixer: Display: 0: FrontLeft
[2026.04.14-06.04.03:370][ 26]LogAudioMixer: Display: 1: FrontRight
[2026.04.14-06.04.03:370][ 26]LogAudioMixer: Display: 2: FrontCenter
[2026.04.14-06.04.03:370][ 26]LogAudioMixer: Display: 3: LowFrequency
[2026.04.14-06.04.03:370][ 26]LogAudioMixer: Display: 4: BackLeft
[2026.04.14-06.04.03:370][ 26]LogAudioMixer: Display: 5: BackRight
[2026.04.14-06.04.03:370][ 26]LogAudioMixer: Display: 6: SideLeft
[2026.04.14-06.04.03:370][ 26]LogAudioMixer: Display: 7: SideRight
[2026.04.14-06.04.03:382][ 26]LogAudioMixer: Display: Using Audio Device Headset Earphone (CORSAIR VOID PRO Wireless Gaming Headset)
[2026.04.14-06.04.03:382][ 26]LogAudioMixer: Display: Initializing Sound Submixes...
[2026.04.14-06.04.03:382][ 26]LogAudioMixer: Display: Creating Master Submix 'MasterSubmixDefault'
[2026.04.14-06.04.03:382][ 26]LogAudioMixer: Display: Creating Master Submix 'MasterReverbSubmixDefault'
[2026.04.14-06.04.03:382][ 26]LogAudioMixer: Display: Creating Master Submix 'MasterEQSubmixDefault'
[2026.04.14-06.04.03:382][ 26]LogAudioMixer: FMixerPlatformXAudio2::StartAudioStream() called
[2026.04.14-06.04.03:382][ 26]LogAudioMixer: Display: Output buffers initialized: Frames=1024, Channels=8, Samples=8192
[2026.04.14-06.04.03:383][ 26]LogAudioMixer: Display: Starting AudioMixerPlatformInterface::RunInternal()
[2026.04.14-06.04.03:383][ 26]LogAudioMixer: Display: FMixerPlatformXAudio2::SubmitBuffer() called for the first time
[2026.04.14-06.04.03:383][ 26]LogInit: FAudioDevice initialized.
[2026.04.14-06.04.03:383][ 26]LogAudio: Display: Audio Device (ID: 7) registered with world 'Map1'.
[2026.04.14-06.04.03:388][ 26]LogLoad: Game class is 'ThirdPersonGameMode_C'
[2026.04.14-06.04.03:390][ 26]LogWorld: Bringing World /Game/ThirdPersonBP/Maps/UEDPIE_0_Map1.Map1 up for play (max tick rate 0) at 2026.04.14-00.04.03
[2026.04.14-06.04.03:390][ 26]LogWorld: Bringing up level for play took: 0.001552
[2026.04.14-06.04.03:390][ 26]LogOnline: OSS: Creating online subsystem instance for: :Context_17
[2026.04.14-06.04.03:393][ 26]LogPlayerController: Error: InputMode:UIOnly - Attempting to focus Non-Focusable widget SObjectWidget [Widget.cpp(799)]!
[2026.04.14-06.04.03:393][ 26]LogViewport: Display: Viewport MouseLockMode Changed, LockOnCapture -> DoNotLock
[2026.04.14-06.04.03:393][ 26]LogViewport: Display: Viewport MouseCaptureMode Changed, CapturePermanently_IncludingInitialMouseDown -> NoCapture
[2026.04.14-06.04.03:393][ 26]PIE: Server logged in
[2026.04.14-06.04.03:394][ 26]PIE: Play in editor total start time 0.088 seconds.
[2026.04.14-06.04.06:031][341]LogViewport: Display: Viewport MouseLockMode Changed, DoNotLock -> LockOnCapture
[2026.04.14-06.04.06:031][341]LogViewport: Display: Viewport MouseCaptureMode Changed, NoCapture -> CapturePermanently
[2026.04.14-06.04.06:767][429]LogPlayerController: Error: InputMode:UIOnly - Attempting to focus Non-Focusable widget SObjectWidget [Widget.cpp(799)]!
[2026.04.14-06.04.06:767][429]LogViewport: Display: Viewport MouseLockMode Changed, LockOnCapture -> DoNotLock
[2026.04.14-06.04.06:767][429]LogViewport: Display: Viewport MouseCaptureMode Changed, CapturePermanently -> NoCapture
[2026.04.14-06.04.10:467][873]LogNet: Browse: /Game/ThirdPersonBP/Maps/Map1
[2026.04.14-06.04.10:467][873]LogLoad: LoadMap: /Game/ThirdPersonBP/Maps/Map1
[2026.04.14-06.04.10:467][873]LogWorld: BeginTearingDown for /Game/ThirdPersonBP/Maps/UEDPIE_0_Map1
[2026.04.14-06.04.10:467][873]LogWorld: UWorld::CleanupWorld for Map1, bSessionEnded=true, bCleanupResources=true
[2026.04.14-06.04.10:468][873]LogSlate: InvalidateAllWidgets triggered.  All widgets were invalidated
[2026.04.14-06.04.10:518][873]LogAudio: Display: Audio Device unregistered from world 'None'.
[2026.04.14-06.04.10:521][873]LogUObjectHash: Compacting FUObjectHashTables data took   1.49ms
[2026.04.14-06.04.10:522][873]LogPlayLevel: Creating play world package: /Game/ThirdPersonBP/Maps/UEDPIE_0_Map1
[2026.04.14-06.04.10:528][873]LogPlayLevel: PIE: StaticDuplicateObject took: (0.006313s)
[2026.04.14-06.04.10:529][873]LogAIModule: Creating AISystem for world Map1
[2026.04.14-06.04.10:529][873]LogPlayLevel: PIE: World Init took: (0.000684s)
[2026.04.14-06.04.10:529][873]LogPlayLevel: PIE: Created PIE world by copying editor world from /Game/ThirdPersonBP/Maps/Map1.Map1 to /Game/ThirdPersonBP/Maps/UEDPIE_0_Map1.Map1 (0.007105s)
[2026.04.14-06.04.10:529][873]LogAudio: Display: Audio Device (ID: 7) registered with world 'Map1'.
[2026.04.14-06.04.10:529][873]LogLoad: Game class is 'ThirdPersonGameMode_C'
[2026.04.14-06.04.10:530][873]LogWorld: Bringing World /Game/ThirdPersonBP/Maps/UEDPIE_0_Map1.Map1 up for play (max tick rate 0) at 2026.04.14-00.04.10
[2026.04.14-06.04.10:530][873]LogWorld: Bringing up level for play took: 0.000813
[2026.04.14-06.04.10:533][873]LogPlayerController: Error: InputMode:UIOnly - Attempting to focus Non-Focusable widget SObjectWidget [Widget.cpp(799)]!
[2026.04.14-06.04.10:533][873]LogLoad: Took 0.065827 seconds to LoadMap(/Game/ThirdPersonBP/Maps/UEDPIE_0_Map1)
[2026.04.14-06.04.11:130][944]LogViewport: Display: Viewport MouseLockMode Changed, DoNotLock -> LockOnCapture
[2026.04.14-06.04.11:130][944]LogViewport: Display: Viewport MouseCaptureMode Changed, NoCapture -> CapturePermanently
[2026.04.14-06.04.22:544][312]LogBlueprintUserMessages: [Map1_C_1] Power: Speed Boost!
[2026.04.14-06.04.30:661][286]LogBlueprintUserMessages: [Map1_C_1] Power: More Jump!
[2026.04.14-06.04.45:684][ 85]LogSlate: Updating window title bar state: overlay mode, drag disabled, window buttons hidden, title bar hidden
[2026.04.14-06.04.45:684][ 85]LogWorld: BeginTearingDown for /Game/ThirdPersonBP/Maps/UEDPIE_0_Map1
[2026.04.14-06.04.45:684][ 85]LogWorld: UWorld::CleanupWorld for Map1, bSessionEnded=true, bCleanupResources=true
[2026.04.14-06.04.45:685][ 85]LogSlate: InvalidateAllWidgets triggered.  All widgets were invalidated
[2026.04.14-06.04.45:693][ 85]LogPlayLevel: Display: Shutting down PIE online subsystems
[2026.04.14-06.04.45:700][ 85]LogSlate: InvalidateAllWidgets triggered.  All widgets were invalidated
[2026.04.14-06.04.45:714][ 85]LogSlate: Updating window title bar state: overlay mode, drag disabled, window buttons hidden, title bar hidden
[2026.04.14-06.04.45:715][ 85]LogAudioMixer: FMixerPlatformXAudio2::StopAudioStream() called
[2026.04.14-06.04.45:716][ 85]LogAudioMixer: FMixerPlatformXAudio2::StopAudioStream() called
[2026.04.14-06.04.45:720][ 85]LogUObjectHash: Compacting FUObjectHashTables data took   1.77ms
[2026.04.14-06.04.45:771][ 87]LogPlayLevel: Display: Destroying online subsystem :Context_17
[2026.04.14-06.04.47:938][336]LogTemp: Repeating last play command: Selected Viewport
[2026.04.14-06.04.47:943][336]LogPlayLevel: PlayLevel: No blueprints needed recompiling
[2026.04.14-06.04.47:943][336]PIE: New page: PIE session: Map1 (Apr. 13, 2026, 6:04:47 p.m.)
[2026.04.14-06.04.47:943][336]LogPlayLevel: Creating play world package: /Game/ThirdPersonBP/Maps/UEDPIE_0_Map1
[2026.04.14-06.04.47:951][336]LogPlayLevel: PIE: StaticDuplicateObject took: (0.007492s)
[2026.04.14-06.04.47:952][336]LogAIModule: Creating AISystem for world Map1
[2026.04.14-06.04.47:952][336]LogPlayLevel: PIE: World Init took: (0.001103s)
[2026.04.14-06.04.47:952][336]LogPlayLevel: PIE: Created PIE world by copying editor world from /Game/ThirdPersonBP/Maps/Map1.Map1 to /Game/ThirdPersonBP/Maps/UEDPIE_0_Map1.Map1 (0.008718s)
[2026.04.14-06.04.47:968][336]LogUObjectHash: Compacting FUObjectHashTables data took   1.61ms
[2026.04.14-06.04.47:970][336]LogAudio: Display: Creating Audio Device:                 Id: 8, Scope: Unique, Realtime: True
[2026.04.14-06.04.47:970][336]LogAudioMixer: Display: Audio Mixer Platform Settings:
[2026.04.14-06.04.47:970][336]LogAudioMixer: Display: 	Sample Rate:						  48000
[2026.04.14-06.04.47:970][336]LogAudioMixer: Display: 	Callback Buffer Frame Size Requested: 1024
[2026.04.14-06.04.47:970][336]LogAudioMixer: Display: 	Callback Buffer Frame Size To Use:	  1024
[2026.04.14-06.04.47:970][336]LogAudioMixer: Display: 	Number of buffers to queue:			  2
[2026.04.14-06.04.47:970][336]LogAudioMixer: Display: 	Max Channels (voices):				  32
[2026.04.14-06.04.47:970][336]LogAudioMixer: Display: 	Number of Async Source Workers:		  0
[2026.04.14-06.04.47:970][336]LogAudio: Display: AudioDevice MaxSources: 32
[2026.04.14-06.04.47:970][336]LogAudio: Display: Audio Spatialization Plugin: None (built-in).
[2026.04.14-06.04.47:970][336]LogAudio: Display: Audio Reverb Plugin: None (built-in).
[2026.04.14-06.04.47:970][336]LogAudio: Display: Audio Occlusion Plugin: None (built-in).
[2026.04.14-06.04.47:970][336]LogAudioMixer: Display: Initializing audio mixer.
[2026.04.14-06.04.47:973][336]LogAudioMixer: Display: 0: FrontLeft
[2026.04.14-06.04.47:973][336]LogAudioMixer: Display: 1: FrontRight
[2026.04.14-06.04.47:973][336]LogAudioMixer: Display: 2: FrontCenter
[2026.04.14-06.04.47:973][336]LogAudioMixer: Display: 3: LowFrequency
[2026.04.14-06.04.47:973][336]LogAudioMixer: Display: 4: BackLeft
[2026.04.14-06.04.47:973][336]LogAudioMixer: Display: 5: BackRight
[2026.04.14-06.04.47:973][336]LogAudioMixer: Display: 6: SideLeft
[2026.04.14-06.04.47:973][336]LogAudioMixer: Display: 7: SideRight
[2026.04.14-06.04.47:984][336]LogAudioMixer: Display: Using Audio Device Headset Earphone (CORSAIR VOID PRO Wireless Gaming Headset)
[2026.04.14-06.04.47:984][336]LogAudioMixer: Display: Initializing Sound Submixes...
[2026.04.14-06.04.47:984][336]LogAudioMixer: Display: Creating Master Submix 'MasterSubmixDefault'
[2026.04.14-06.04.47:984][336]LogAudioMixer: Display: Creating Master Submix 'MasterReverbSubmixDefault'
[2026.04.14-06.04.47:984][336]LogAudioMixer: Display: Creating Master Submix 'MasterEQSubmixDefault'
[2026.04.14-06.04.47:984][336]LogAudioMixer: FMixerPlatformXAudio2::StartAudioStream() called
[2026.04.14-06.04.47:984][336]LogAudioMixer: Display: Output buffers initialized: Frames=1024, Channels=8, Samples=8192
[2026.04.14-06.04.47:985][336]LogAudioMixer: Display: Starting AudioMixerPlatformInterface::RunInternal()
[2026.04.14-06.04.47:985][336]LogAudioMixer: Display: FMixerPlatformXAudio2::SubmitBuffer() called for the first time
[2026.04.14-06.04.47:985][336]LogInit: FAudioDevice initialized.
[2026.04.14-06.04.47:985][336]LogAudio: Display: Audio Device (ID: 8) registered with world 'Map1'.
[2026.04.14-06.04.47:993][336]LogLoad: Game class is 'ThirdPersonGameMode_C'
[2026.04.14-06.04.47:995][336]LogWorld: Bringing World /Game/ThirdPersonBP/Maps/UEDPIE_0_Map1.Map1 up for play (max tick rate 0) at 2026.04.14-00.04.47
[2026.04.14-06.04.47:995][336]LogWorld: Bringing up level for play took: 0.001619
[2026.04.14-06.04.47:995][336]LogOnline: OSS: Creating online subsystem instance for: :Context_18
[2026.04.14-06.04.47:999][336]LogPlayerController: Error: InputMode:UIOnly - Attempting to focus Non-Focusable widget SObjectWidget [Widget.cpp(799)]!
[2026.04.14-06.04.47:999][336]LogViewport: Display: Viewport MouseLockMode Changed, LockOnCapture -> DoNotLock
[2026.04.14-06.04.47:999][336]LogViewport: Display: Viewport MouseCaptureMode Changed, CapturePermanently_IncludingInitialMouseDown -> NoCapture
[2026.04.14-06.04.47:999][336]PIE: Server logged in
[2026.04.14-06.04.48:000][336]PIE: Play in editor total start time 0.057 seconds.
[2026.04.14-06.04.48:961][451]LogViewport: Display: Viewport MouseLockMode Changed, DoNotLock -> LockOnCapture
[2026.04.14-06.04.48:961][451]LogViewport: Display: Viewport MouseCaptureMode Changed, NoCapture -> CapturePermanently
[2026.04.14-06.04.57:820][514]LogBlueprintUserMessages: [Map1_C_1] Power: Speed Boost!
[2026.04.14-06.05.05:987][494]LogBlueprintUserMessages: [Map1_C_1] Power: Speed Boost!
[2026.04.14-06.05.16:521][758]LogPlayerController: Error: InputMode:UIOnly - Attempting to focus Non-Focusable widget SObjectWidget [Widget.cpp(799)]!
[2026.04.14-06.05.16:521][758]LogViewport: Display: Viewport MouseLockMode Changed, LockOnCapture -> DoNotLock
[2026.04.14-06.05.16:521][758]LogViewport: Display: Viewport MouseCaptureMode Changed, CapturePermanently -> NoCapture
[2026.04.14-06.05.17:637][892]LogSlate: Updating window title bar state: overlay mode, drag disabled, window buttons hidden, title bar hidden
[2026.04.14-06.05.17:638][892]LogWorld: BeginTearingDown for /Game/ThirdPersonBP/Maps/UEDPIE_0_Map1
[2026.04.14-06.05.17:665][892]LogWorld: UWorld::CleanupWorld for Map1, bSessionEnded=true, bCleanupResources=true
[2026.04.14-06.05.17:665][892]LogSlate: InvalidateAllWidgets triggered.  All widgets were invalidated
[2026.04.14-06.05.17:674][892]LogPlayLevel: Display: Shutting down PIE online subsystems
[2026.04.14-06.05.17:682][892]LogSlate: InvalidateAllWidgets triggered.  All widgets were invalidated
[2026.04.14-06.05.17:696][892]LogSlate: Updating window title bar state: overlay mode, drag disabled, window buttons hidden, title bar hidden
[2026.04.14-06.05.17:696][892]LogAudioMixer: FMixerPlatformXAudio2::StopAudioStream() called
[2026.04.14-06.05.17:697][892]LogAudioMixer: FMixerPlatformXAudio2::StopAudioStream() called
[2026.04.14-06.05.17:703][892]LogUObjectHash: Compacting FUObjectHashTables data took   1.59ms
[2026.04.14-06.05.17:754][893]LogPlayLevel: Display: Destroying online subsystem :Context_18
[2026.04.14-06.05.48:901][460]LogUObjectHash: Compacting FUObjectHashTables data took   1.00ms
[2026.04.14-06.06.03:721][147]LogAssetEditorSubsystem: Opening Asset editor for Blueprint /Game/GMblueprints/BP_GMDirector.BP_GMDirector
[2026.04.14-06.06.05:813][350]LogWorld: UWorld::CleanupWorld for World_12, bSessionEnded=true, bCleanupResources=true
[2026.04.14-06.06.05:813][350]LogSlate: InvalidateAllWidgets triggered.  All widgets were invalidated
[2026.04.14-06.06.07:308][518]LogSlate: Window 'MainMenu' being destroyed
[2026.04.14-06.06.07:314][518]LogSlate: Window 'MainMenu' being destroyed
[2026.04.14-06.06.07:353][518]LogWorld: UWorld::CleanupWorld for World_10, bSessionEnded=true, bCleanupResources=true
[2026.04.14-06.06.07:353][518]LogSlate: InvalidateAllWidgets triggered.  All widgets were invalidated
[2026.04.14-06.06.07:358][518]LogWorld: UWorld::CleanupWorld for World_9, bSessionEnded=true, bCleanupResources=true
[2026.04.14-06.06.07:358][518]LogSlate: InvalidateAllWidgets triggered.  All widgets were invalidated
[2026.04.14-06.06.09:110][717]LogAssetEditorSubsystem: Opening Asset editor for Blueprint /Game/GMblueprints/BP_GMController.BP_GMController
[2026.04.14-06.06.11:865][ 16]LogSlate: Window 'BP_GMController' being destroyed
[2026.04.14-06.06.11:872][ 16]LogSlate: Window 'BP_GMController' being destroyed
[2026.04.14-06.06.11:875][ 16]LogWorld: UWorld::CleanupWorld for World_13, bSessionEnded=true, bCleanupResources=true
[2026.04.14-06.06.11:875][ 16]LogSlate: InvalidateAllWidgets triggered.  All widgets were invalidated
[2026.04.14-06.06.28:786][  6]LogUObjectHash: Compacting FUObjectHashTables data took   1.91ms
[2026.04.14-06.06.29:486][ 86]LogUObjectHash: Compacting FUObjectHashTables data took   1.97ms
[2026.04.14-06.06.29:522][ 86]LogSlate: Window 'CPSC399Game - Unreal Editor' being destroyed
[2026.04.14-06.06.29:623][ 87]Cmd: QUIT_EDITOR
[2026.04.14-06.06.29:624][ 87]LogCore: Engine exit requested (reason: UUnrealEdEngine::CloseEditor())
[2026.04.14-06.06.29:627][ 87]LogCore: Engine exit requested (reason: EngineExit() was called; note: exit was already requested)
[2026.04.14-06.06.30:242][ 87]LogAudio: Display: Beginning Audio Device Manager Shutdown (Module: AudioMixerXAudio2)...
[2026.04.14-06.06.30:242][ 87]LogAudio: Display: Destroying 1 Remaining Audio Device(s)...
[2026.04.14-06.06.30:242][ 87]LogAudio: Display: Audio Device unregistered from world 'Map1'.
[2026.04.14-06.06.30:242][ 87]LogAudioMixer: FMixerPlatformXAudio2::StopAudioStream() called
[2026.04.14-06.06.30:243][ 87]LogAudioMixer: FMixerPlatformXAudio2::StopAudioStream() called
[2026.04.14-06.06.30:245][ 87]LogAudio: Display: Audio Device Manager Shutdown
[2026.04.14-06.06.30:247][ 87]LogWindowsTextInputMethodSystem: Display: IME system deactivated.
[2026.04.14-06.06.30:254][ 87]LogExit: Preparing to exit.
[2026.04.14-06.06.30:765][ 87]LogUObjectHash: Compacting FUObjectHashTables data took   1.25ms
[2026.04.14-06.06.30:862][ 87]LogWorld: UWorld::CleanupWorld for World_0, bSessionEnded=true, bCleanupResources=true
[2026.04.14-06.06.30:864][ 87]LogWorld: UWorld::CleanupWorld for World_2, bSessionEnded=true, bCleanupResources=true
[2026.04.14-06.06.30:864][ 87]LogWorld: UWorld::CleanupWorld for World_3, bSessionEnded=true, bCleanupResources=true
[2026.04.14-06.06.30:866][ 87]LogWorld: UWorld::CleanupWorld for World_4, bSessionEnded=true, bCleanupResources=true
[2026.04.14-06.06.30:867][ 87]LogActorComponent: UnregisterComponent: (None.None) Not registered. Aborting.
[2026.04.14-06.06.30:867][ 87]LogActorComponent: UnregisterComponent: (None.None) Not registered. Aborting.
[2026.04.14-06.06.30:867][ 87]LogActorComponent: UnregisterComponent: (None.None) Not registered. Aborting.
[2026.04.14-06.06.30:867][ 87]LogActorComponent: UnregisterComponent: (None.None) Not registered. Aborting.
[2026.04.14-06.06.30:867][ 87]LogActorComponent: UnregisterComponent: (None.None) Not registered. Aborting.
[2026.04.14-06.06.30:867][ 87]LogActorComponent: UnregisterComponent: (None.None) Not registered. Aborting.
[2026.04.14-06.06.30:867][ 87]LogActorComponent: UnregisterComponent: (None.None) Not registered. Aborting.
[2026.04.14-06.06.30:867][ 87]LogWorld: UWorld::CleanupWorld for None, bSessionEnded=true, bCleanupResources=true
[2026.04.14-06.06.30:868][ 87]LogWorld: UWorld::CleanupWorld for World_7, bSessionEnded=true, bCleanupResources=true
[2026.04.14-06.06.30:869][ 87]LogWorld: UWorld::CleanupWorld for World_6, bSessionEnded=true, bCleanupResources=true
[2026.04.14-06.06.30:870][ 87]LogWorld: UWorld::CleanupWorld for World_1, bSessionEnded=true, bCleanupResources=true
[2026.04.14-06.06.30:871][ 87]LogWorld: UWorld::CleanupWorld for World_5, bSessionEnded=true, bCleanupResources=true
[2026.04.14-06.06.30:916][ 87]LogDemo: Cleaned up 0 splitscreen connections with owner deletion
[2026.04.14-06.06.30:922][ 87]LogWorld: UWorld::CleanupWorld for None, bSessionEnded=true, bCleanupResources=true
[2026.04.14-06.06.30:923][ 87]LogExit: Editor shut down
[2026.04.14-06.06.30:923][ 87]LogExit: Transaction tracking system shut down
[2026.04.14-06.06.31:115][ 87]LogExit: Object subsystem successfully closed.
[2026.04.14-06.06.31:139][ 87]LogShaderCompilers: Display: === FShaderJobCache stats ===
[2026.04.14-06.06.31:139][ 87]LogShaderCompilers: Display: Total job queries 0, among them cache hits 0 (0.00%)
[2026.04.14-06.06.31:139][ 87]LogShaderCompilers: Display: Tracking 0 distinct input hashes that result in 0 distinct outputs (0.00%)
[2026.04.14-06.06.31:139][ 87]LogShaderCompilers: Display: RAM used: 0.00 MB (0.00 GB) of 1638.40 MB (1.60 GB) budget. Usage: 0.00%
[2026.04.14-06.06.31:139][ 87]LogShaderCompilers: Display: ================================================
[2026.04.14-06.06.31:144][ 87]LogShaderCompilers: Display: Shaders left to compile 0
[2026.04.14-06.06.31:153][ 87]LogModuleManager: Shutting down and abandoning module SequencerWidgets (880)
[2026.04.14-06.06.31:153][ 87]LogModuleManager: Shutting down and abandoning module BlueprintGraph (878)
[2026.04.14-06.06.31:153][ 87]LogModuleManager: Shutting down and abandoning module MovieSceneCapture (876)
[2026.04.14-06.06.31:153][ 87]LogModuleManager: Shutting down and abandoning module Voice (874)
[2026.04.14-06.06.31:153][ 87]LogModuleManager: Shutting down and abandoning module HierarchicalLODOutliner (872)
[2026.04.14-06.06.31:153][ 87]LogModuleManager: Shutting down and abandoning module SceneOutliner (870)
[2026.04.14-06.06.31:153][ 87]LogModuleManager: Shutting down and abandoning module AddContentDialog (868)
[2026.04.14-06.06.31:153][ 87]LogModuleManager: Shutting down and abandoning module WidgetCarousel (867)
[2026.04.14-06.06.31:153][ 87]LogModuleManager: Shutting down and abandoning module EditorWidgets (864)
[2026.04.14-06.06.31:153][ 87]LogModuleManager: Shutting down and abandoning module StatsViewer (862)
[2026.04.14-06.06.31:153][ 87]LogModuleManager: Shutting down and abandoning module PIEPreviewDeviceProfileSelector (860)
[2026.04.14-06.06.31:153][ 87]LogModuleManager: Shutting down and abandoning module SequenceRecorderSections (858)
[2026.04.14-06.06.31:153][ 87]LogModuleManager: Shutting down and abandoning module AutomationWorker (856)
[2026.04.14-06.06.31:153][ 87]LogModuleManager: Shutting down and abandoning module SteamVREditor (854)
[2026.04.14-06.06.31:153][ 87]LogModuleManager: Shutting down and abandoning module OculusMR (852)
[2026.04.14-06.06.31:153][ 87]LogModuleManager: Shutting down and abandoning module TakeRecorderSources (850)
[2026.04.14-06.06.31:153][ 87]LogModuleManager: Shutting down and abandoning module TakeRecorder (849)
[2026.04.14-06.06.31:153][ 87]LogModuleManager: Shutting down and abandoning module TakeTrackRecorders (846)
[2026.04.14-06.06.31:153][ 87]LogModuleManager: Shutting down and abandoning module TakesCore (844)
[2026.04.14-06.06.31:153][ 87]LogModuleManager: Shutting down and abandoning module OpenXRInput (842)
[2026.04.14-06.06.31:153][ 87]LogModuleManager: Shutting down and abandoning module GooglePADEditor (840)
[2026.04.14-06.06.31:153][ 87]LogModuleManager: Shutting down and abandoning module AudioCaptureEditor (838)
[2026.04.14-06.06.31:153][ 87]LogModuleManager: Shutting down and abandoning module TemplateSequenceEditor (836)
[2026.04.14-06.06.31:153][ 87]LogModuleManager: Shutting down and abandoning module WebMMediaFactory (834)
[2026.04.14-06.06.31:153][ 87]LogModuleManager: Shutting down and abandoning module WebMMediaEditor (832)
[2026.04.14-06.06.31:153][ 87]LogModuleManager: Shutting down and abandoning module WebMMedia (830)
[2026.04.14-06.06.31:153][ 87]LogModuleManager: Shutting down and abandoning module MatineeToLevelSequence (828)
[2026.04.14-06.06.31:153][ 87]LogModuleManager: Shutting down and abandoning module WmfMediaFactory (826)
[2026.04.14-06.06.31:153][ 87]LogModuleManager: Shutting down and abandoning module WmfMediaEditor (824)
[2026.04.14-06.06.31:153][ 87]LogModuleManager: Shutting down and abandoning module LevelSequenceEditor (822)
[2026.04.14-06.06.31:153][ 87]LogModuleManager: Shutting down and abandoning module MediaPlayerEditor (820)
[2026.04.14-06.06.31:153][ 87]LogModuleManager: Shutting down and abandoning module ActorSequenceEditor (818)
[2026.04.14-06.06.31:153][ 87]LogModuleManager: Shutting down and abandoning module MediaCompositingEditor (816)
[2026.04.14-06.06.31:153][ 87]LogModuleManager: Shutting down and abandoning module SequenceRecorder (815)
[2026.04.14-06.06.31:153][ 87]LogModuleManager: Shutting down and abandoning module OpenExrWrapper (812)
[2026.04.14-06.06.31:153][ 87]LogModuleManager: Shutting down and abandoning module ImgMediaFactory (810)
[2026.04.14-06.06.31:153][ 87]LogModuleManager: Shutting down and abandoning module ImgMediaEditor (808)
[2026.04.14-06.06.31:153][ 87]LogModuleManager: Shutting down and abandoning module AvfMediaFactory (806)
[2026.04.14-06.06.31:153][ 87]LogModuleManager: Shutting down and abandoning module AvfMediaEditor (804)
[2026.04.14-06.06.31:153][ 87]LogModuleManager: Shutting down and abandoning module AndroidMediaFactory (802)
[2026.04.14-06.06.31:153][ 87]LogModuleManager: Shutting down and abandoning module AndroidMediaEditor (800)
[2026.04.14-06.06.31:153][ 87]LogModuleManager: Shutting down and abandoning module MagicLeapMediaCodecFactory (798)
[2026.04.14-06.06.31:153][ 87]LogModuleManager: Shutting down and abandoning module MagicLeapMediaFactory (796)
[2026.04.14-06.06.31:153][ 87]LogModuleManager: Shutting down and abandoning module MagicLeapMediaEditor (794)
[2026.04.14-06.06.31:153][ 87]LogModuleManager: Shutting down and abandoning module PlanarCut (792)
[2026.04.14-06.06.31:153][ 87]LogModuleManager: Shutting down and abandoning module CharacterAI (790)
[2026.04.14-06.06.31:153][ 87]LogModuleManager: Shutting down and abandoning module TextureAlignMode (788)
[2026.04.14-06.06.31:153][ 87]LogModuleManager: Shutting down and abandoning module BspMode (786)
[2026.04.14-06.06.31:153][ 87]LogModuleManager: Shutting down and abandoning module GeometryMode (784)
[2026.04.14-06.06.31:153][ 87]LogModuleManager: Shutting down and abandoning module CameraShakePreviewer (782)
[2026.04.14-06.06.31:153][ 87]LogModuleManager: Shutting down and abandoning module SmartSnapping (780)
[2026.04.14-06.06.31:154][ 87]LogModuleManager: Shutting down and abandoning module SessionServices (778)
[2026.04.14-06.06.31:154][ 87]LogModuleManager: Shutting down and abandoning module MeshPaint (776)
[2026.04.14-06.06.31:154][ 87]LogModuleManager: Shutting down and abandoning module VirtualTexturingEditor (774)
[2026.04.14-06.06.31:154][ 87]LogModuleManager: Shutting down and abandoning module FoliageEdit (772)
[2026.04.14-06.06.31:154][ 87]LogModuleManager: Shutting down and abandoning module LandscapeEditor (770)
[2026.04.14-06.06.31:154][ 87]LogModuleManager: Shutting down and abandoning module MeshPaintMode (768)
[2026.04.14-06.06.31:154][ 87]LogModuleManager: Shutting down and abandoning module SceneDepthPickerMode (766)
[2026.04.14-06.06.31:154][ 87]LogModuleManager: Shutting down and abandoning module ActorPickerMode (764)
[2026.04.14-06.06.31:154][ 87]LogModuleManager: Shutting down and abandoning module PlacementMode (762)
[2026.04.14-06.06.31:154][ 87]LogModuleManager: Shutting down and abandoning module ViewportSnapping (760)
[2026.04.14-06.06.31:154][ 87]LogModuleManager: Shutting down and abandoning module ViewportInteraction (758)
[2026.04.14-06.06.31:154][ 87]LogModuleManager: Shutting down and abandoning module ClothPainter (756)
[2026.04.14-06.06.31:154][ 87]LogModuleManager: Shutting down and abandoning module SkeletalMeshEditor (755)
[2026.04.14-06.06.31:154][ 87]LogModuleManager: Shutting down and abandoning module LogVisualizer (752)
[2026.04.14-06.06.31:154][ 87]LogModuleManager: Shutting down and abandoning module IntroTutorials (750)
[2026.04.14-06.06.31:154][ 87]LogModuleManager: Shutting down and abandoning module GameProjectGeneration (749)
[2026.04.14-06.06.31:154][ 87]LogModuleManager: Shutting down and abandoning module LuminPlatformEditor (746)
[2026.04.14-06.06.31:154][ 87]LogModuleManager: Shutting down and abandoning module IOSPlatformEditor (744)
[2026.04.14-06.06.31:154][ 87]LogModuleManager: Shutting down and abandoning module AndroidPlatformEditor (742)
[2026.04.14-06.06.31:154][ 87]LogModuleManager: Shutting down and abandoning module AndroidDeviceDetection (741)
[2026.04.14-06.06.31:564][ 87]LogModuleManager: Shutting down and abandoning module WindowsPlatformEditor (738)
[2026.04.14-06.06.31:564][ 87]LogModuleManager: Shutting down and abandoning module LuminRuntimeSettings (736)
[2026.04.14-06.06.31:564][ 87]LogModuleManager: Shutting down and abandoning module IOSRuntimeSettings (734)
[2026.04.14-06.06.31:564][ 87]LogModuleManager: Shutting down and abandoning module AndroidRuntimeSettings (732)
[2026.04.14-06.06.31:564][ 87]LogModuleManager: Shutting down and abandoning module TraceInsights (730)
[2026.04.14-06.06.31:565][ 87]MemoryProfiler: Shutdown
[2026.04.14-06.06.31:565][ 87]NetworkingProfiler: Shutdown
[2026.04.14-06.06.31:565][ 87]LoadingProfiler: Shutdown
[2026.04.14-06.06.31:565][ 87]TimingProfiler: Shutdown
[2026.04.14-06.06.31:565][ 87]LogModuleManager: Shutting down and abandoning module TraceServices (729)
[2026.04.14-06.06.31:565][ 87]LogModuleManager: Shutting down and abandoning module EditorInteractiveToolsFramework (726)
[2026.04.14-06.06.31:565][ 87]LogModuleManager: Shutting down and abandoning module TimeManagementEditor (724)
[2026.04.14-06.06.31:565][ 87]LogModuleManager: Shutting down and abandoning module InputBindingEditor (722)
[2026.04.14-06.06.31:565][ 87]LogModuleManager: Shutting down and abandoning module MergeActors (720)
[2026.04.14-06.06.31:565][ 87]LogModuleManager: Shutting down and abandoning module LocalizationDashboard (718)
[2026.04.14-06.06.31:565][ 87]LogModuleManager: Shutting down and abandoning module LocalizationService (717)
[2026.04.14-06.06.31:565][ 87]LogModuleManager: Shutting down and abandoning module HardwareTargeting (714)
[2026.04.14-06.06.31:565][ 87]LogModuleManager: Shutting down and abandoning module DeviceProfileEditor (712)
[2026.04.14-06.06.31:565][ 87]LogModuleManager: Shutting down and abandoning module UndoHistory (710)
[2026.04.14-06.06.31:565][ 87]LogModuleManager: Shutting down and abandoning module XmlParser (708)
[2026.04.14-06.06.31:565][ 87]LogModuleManager: Shutting down and abandoning module Blutility (706)
[2026.04.14-06.06.31:565][ 87]LogModuleManager: Shutting down and abandoning module ProjectSettingsViewer (704)
[2026.04.14-06.06.31:565][ 87]LogModuleManager: Shutting down and abandoning module ProjectTargetPlatformEditor (703)
[2026.04.14-06.06.31:565][ 87]LogModuleManager: Shutting down and abandoning module EditorSettingsViewer (700)
[2026.04.14-06.06.31:565][ 87]LogModuleManager: Shutting down and abandoning module InternationalizationSettings (699)
[2026.04.14-06.06.31:566][ 87]LogModuleManager: Shutting down and abandoning module SettingsEditor (696)
[2026.04.14-06.06.31:566][ 87]LogModuleManager: Shutting down and abandoning module ProjectLauncher (694)
[2026.04.14-06.06.31:566][ 87]LogModuleManager: Shutting down and abandoning module SessionFrontend (692)
[2026.04.14-06.06.31:566][ 87]LogModuleManager: Shutting down and abandoning module ProfilerClient (690)
[2026.04.14-06.06.31:566][ 87]LogModuleManager: Shutting down and abandoning module DeviceManager (688)
[2026.04.14-06.06.31:566][ 87]LogModuleManager: Shutting down and abandoning module TargetDeviceServices (687)
[2026.04.14-06.06.31:597][ 87]LogModuleManager: Shutting down and abandoning module AutomationController (684)
[2026.04.14-06.06.31:597][ 87]LogModuleManager: Shutting down and abandoning module AutomationWindow (682)
[2026.04.14-06.06.31:597][ 87]LogModuleManager: Shutting down and abandoning module Layers (680)
[2026.04.14-06.06.31:597][ 87]LogModuleManager: Shutting down and abandoning module ComponentVisualizers (678)
[2026.04.14-06.06.31:597][ 87]LogModuleManager: Shutting down and abandoning module DetailCustomizations (676)
[2026.04.14-06.06.31:597][ 87]LogModuleManager: Shutting down and abandoning module PackagesDialog (674)
[2026.04.14-06.06.31:598][ 87]LogModuleManager: Shutting down and abandoning module AnimationBlueprintEditor (672)
[2026.04.14-06.06.31:598][ 87]LogModuleManager: Shutting down and abandoning module Persona (670)
[2026.04.14-06.06.31:598][ 87]LogModuleManager: Shutting down and abandoning module AdvancedPreviewScene (669)
[2026.04.14-06.06.31:598][ 87]LogModuleManager: Shutting down and abandoning module AnimGraph (667)
[2026.04.14-06.06.31:598][ 87]LogModuleManager: Shutting down and abandoning module Kismet (664)
[2026.04.14-06.06.31:604][ 87]LogModuleManager: Shutting down and abandoning module KismetWidgets (663)
[2026.04.14-06.06.31:604][ 87]LogModuleManager: Shutting down and abandoning module GraphEditor (660)
[2026.04.14-06.06.31:604][ 87]LogModuleManager: Shutting down and abandoning module StructViewer (658)
[2026.04.14-06.06.31:604][ 87]LogModuleManager: Shutting down and abandoning module ClassViewer (656)
[2026.04.14-06.06.31:604][ 87]LogModuleManager: Shutting down and abandoning module Toolbox (654)
[2026.04.14-06.06.31:604][ 87]LogModuleManager: Shutting down and abandoning module ModuleUI (652)
[2026.04.14-06.06.31:604][ 87]LogModuleManager: Shutting down and abandoning module OutputLog (650)
[2026.04.14-06.06.31:605][ 87]LogModuleManager: Shutting down and abandoning module GammaUI (648)
[2026.04.14-06.06.31:605][ 87]LogModuleManager: Shutting down and abandoning module Documentation (646)
[2026.04.14-06.06.31:605][ 87]LogModuleManager: Shutting down and abandoning module LiveCoding (644)
[2026.04.14-06.06.31:605][ 87]LogModuleManager: Shutting down and abandoning module LevelSequence (642)
[2026.04.14-06.06.31:605][ 87]LogModuleManager: Shutting down and abandoning module MovieSceneTracks (640)
[2026.04.14-06.06.31:605][ 87]LogModuleManager: Shutting down and abandoning module MovieScene (638)
[2026.04.14-06.06.31:605][ 87]LogModuleManager: Shutting down and abandoning module StreamingPauseRendering (636)
[2026.04.14-06.06.31:605][ 87]LogModuleManager: Shutting down and abandoning module LauncherPlatform (634)
[2026.04.14-06.06.31:605][ 87]LogModuleManager: Shutting down and abandoning module AnalyticsET (632)
[2026.04.14-06.06.31:605][ 87]LogModuleManager: Shutting down and abandoning module PortalServices (630)
[2026.04.14-06.06.31:605][ 87]LogModuleManager: Shutting down and abandoning module PortalRpc (628)
[2026.04.14-06.06.31:605][ 87]LogModuleManager: Shutting down and abandoning module MessagingRpc (626)
[2026.04.14-06.06.31:605][ 87]LogModuleManager: Shutting down and abandoning module AudioMixerXAudio2 (624)
[2026.04.14-06.06.31:605][ 87]LogModuleManager: Shutting down and abandoning module AudioMixerCore (623)
[2026.04.14-06.06.31:605][ 87]LogModuleManager: Shutting down and abandoning module AIModule (620)
[2026.04.14-06.06.31:605][ 87]LogModuleManager: Shutting down and abandoning module GameplayDebugger (619)
[2026.04.14-06.06.31:605][ 87]LogModuleManager: Shutting down and abandoning module AITestSuite (617)
[2026.04.14-06.06.31:605][ 87]LogModuleManager: Shutting down and abandoning module NavigationSystem (615)
[2026.04.14-06.06.31:606][ 87]LogModuleManager: Shutting down and abandoning module ImageWriteQueue (612)
[2026.04.14-06.06.31:613][ 87]LogModuleManager: Shutting down and abandoning module ProfilerService (610)
[2026.04.14-06.06.31:779][ 87]LogModuleManager: Shutting down and abandoning module TaskGraph (608)
[2026.04.14-06.06.31:779][ 87]LogModuleManager: Shutting down and abandoning module AudioSynesthesiaEditor (606)
[2026.04.14-06.06.31:779][ 87]LogModuleManager: Shutting down and abandoning module OculusEditor (604)
[2026.04.14-06.06.31:780][ 87]LogModuleManager: Shutting down and abandoning module OculusInput (602)
[2026.04.14-06.06.31:780][ 87]LogModuleManager: Shutting down and abandoning module ContentBrowserFileDataSource (600)
[2026.04.14-06.06.31:780][ 87]LogModuleManager: Shutting down and abandoning module ContentBrowserAssetDataSource (598)
[2026.04.14-06.06.31:780][ 87]LogModuleManager: Shutting down and abandoning module ContentBrowserClassDataSource (596)
[2026.04.14-06.06.31:780][ 87]LogModuleManager: Shutting down and abandoning module CollectionManager (595)
[2026.04.14-06.06.31:780][ 87]LogModuleManager: Shutting down and abandoning module TakeSequencer (592)
[2026.04.14-06.06.31:780][ 87]LogModuleManager: Shutting down and abandoning module TakeMovieScene (590)
[2026.04.14-06.06.31:780][ 87]LogModuleManager: Shutting down and abandoning module ScreenshotTools (588)
[2026.04.14-06.06.31:780][ 87]LogModuleManager: Shutting down and abandoning module SynthesisEditor (586)
[2026.04.14-06.06.31:780][ 87]LogModuleManager: Shutting down and abandoning module Synthesis (584)
[2026.04.14-06.06.31:780][ 87]LogModuleManager: Shutting down and abandoning module ProceduralMeshComponentEditor (582)
[2026.04.14-06.06.31:780][ 87]LogModuleManager: Shutting down and abandoning module ProceduralMeshComponent (580)
[2026.04.14-06.06.31:780][ 87]LogModuleManager: Shutting down and abandoning module OpenXREditor (578)
[2026.04.14-06.06.31:780][ 87]LogModuleManager: Shutting down and abandoning module MobilePatchingUtils (576)
[2026.04.14-06.06.31:780][ 87]LogModuleManager: Shutting down and abandoning module GooglePAD (574)
[2026.04.14-06.06.31:780][ 87]LogModuleManager: Shutting down and abandoning module EditableMesh (572)
[2026.04.14-06.06.31:780][ 87]LogModuleManager: Shutting down and abandoning module CustomMeshComponent (570)
[2026.04.14-06.06.31:780][ 87]LogModuleManager: Shutting down and abandoning module CableComponent (568)
[2026.04.14-06.06.31:780][ 87]LogModuleManager: Shutting down and abandoning module AudioCapture (566)
[2026.04.14-06.06.31:780][ 87]LogModuleManager: Shutting down and abandoning module AudioCaptureRtAudio (565)
[2026.04.14-06.06.31:780][ 87]LogModuleManager: Shutting down and abandoning module AssetTags (562)
[2026.04.14-06.06.31:780][ 87]LogModuleManager: Shutting down and abandoning module AppleImageUtilsBlueprintSupport (560)
[2026.04.14-06.06.31:780][ 87]LogModuleManager: Shutting down and abandoning module AppleImageUtils (558)
[2026.04.14-06.06.31:780][ 87]LogModuleManager: Shutting down and abandoning module ArchVisCharacter (556)
[2026.04.14-06.06.31:780][ 87]LogModuleManager: Shutting down and abandoning module AndroidPermission (554)
[2026.04.14-06.06.31:780][ 87]LogModuleManager: Shutting down and abandoning module ActorLayerUtilitiesEditor (552)
[2026.04.14-06.06.31:780][ 87]LogModuleManager: Shutting down and abandoning module ActorLayerUtilities (550)
[2026.04.14-06.06.31:780][ 87]LogModuleManager: Shutting down and abandoning module TemplateSequence (548)
[2026.04.14-06.06.31:780][ 87]LogModuleManager: Shutting down and abandoning module MediaCompositing (546)
[2026.04.14-06.06.31:780][ 87]LogModuleManager: Shutting down and abandoning module ImgMedia (544)
[2026.04.14-06.06.31:780][ 87]LogModuleManager: Shutting down and abandoning module MagicLeapSharedWorld (542)
[2026.04.14-06.06.31:780][ 87]LogModuleManager: Shutting down and abandoning module MagicLeapLightEstimation (540)
[2026.04.14-06.06.31:780][ 87]LogModuleManager: Shutting down and abandoning module MagicLeapHelperVulkan (538)
[2026.04.14-06.06.31:780][ 87]LogModuleManager: Shutting down and abandoning module MagicLeapHelperOpenGL (536)
[2026.04.14-06.06.31:780][ 87]LogModuleManager: Shutting down and abandoning module MagicLeapAudio (534)
[2026.04.14-06.06.31:780][ 87]LogModuleManager: Shutting down and abandoning module NiagaraEditorWidgets (532)
[2026.04.14-06.06.31:780][ 87]LogModuleManager: Shutting down and abandoning module OpenImageDenoise (530)
[2026.04.14-06.06.31:780][ 87]LogOpenImageDenoise: OIDN shutting down
[2026.04.14-06.06.31:780][ 87]LogModuleManager: Shutting down and abandoning module MotoSynthEditor (528)
[2026.04.14-06.06.31:780][ 87]LogModuleManager: Shutting down and abandoning module MotoSynth (526)
[2026.04.14-06.06.31:780][ 87]LogModuleManager: Shutting down and abandoning module MeshConversion (524)
[2026.04.14-06.06.31:780][ 87]LogModuleManager: Shutting down and abandoning module DynamicMesh (522)
[2026.04.14-06.06.31:780][ 87]LogModuleManager: Shutting down and abandoning module GeometryAlgorithms (520)
[2026.04.14-06.06.31:780][ 87]LogModuleManager: Shutting down and abandoning module GeometricObjects (518)
[2026.04.14-06.06.31:780][ 87]LogModuleManager: Shutting down and abandoning module GeometryCollectionTracks (516)
[2026.04.14-06.06.31:780][ 87]LogModuleManager: Shutting down and abandoning module GeometryCollectionSequencer (515)
[2026.04.14-06.06.31:780][ 87]LogModuleManager: Shutting down and abandoning module GeometryCollectionEditor (512)
[2026.04.14-06.06.31:780][ 87]LogModuleManager: Shutting down and abandoning module GeometryCacheTracks (510)
[2026.04.14-06.06.31:780][ 87]LogModuleManager: Shutting down and abandoning module GeometryCacheStreamer (508)
[2026.04.14-06.06.31:780][ 87]LogModuleManager: Shutting down and abandoning module GeometryCacheSequencer (506)
[2026.04.14-06.06.31:780][ 87]LogModuleManager: Shutting down and abandoning module ChaosSolverEditor (504)
[2026.04.14-06.06.31:780][ 87]LogModuleManager: Shutting down and abandoning module ChaosNiagara (502)
[2026.04.14-06.06.31:780][ 87]LogModuleManager: Shutting down and abandoning module FractureEditor (500)
[2026.04.14-06.06.31:780][ 87]LogModuleManager: Shutting down and abandoning module FieldSystemEngine (499)
[2026.04.14-06.06.31:780][ 87]LogModuleManager: Shutting down and abandoning module ChaosClothEditor (496)
[2026.04.14-06.06.31:780][ 87]LogModuleManager: Shutting down and abandoning module BackChannel (494)
[2026.04.14-06.06.31:780][ 87]LogModuleManager: Shutting down and abandoning module AutomationUtilsEditor (492)
[2026.04.14-06.06.31:780][ 87]LogModuleManager: Shutting down and abandoning module AutomationUtils (490)
[2026.04.14-06.06.31:780][ 87]LogModuleManager: Shutting down and abandoning module VariantManagerContentEditor (488)
[2026.04.14-06.06.31:780][ 87]LogModuleManager: Shutting down and abandoning module AlembicImporter (486)
[2026.04.14-06.06.31:780][ 87]LogModuleManager: Shutting down and abandoning module AlembicLibrary (485)
[2026.04.14-06.06.31:780][ 87]LogModuleManager: Shutting down and abandoning module GeometryCache (484)
[2026.04.14-06.06.31:780][ 87]LogModuleManager: Shutting down and abandoning module GeometryCacheEd (483)
[2026.04.14-06.06.31:780][ 87]LogModuleManager: Shutting down and abandoning module PluginBrowser (478)
[2026.04.14-06.06.31:780][ 87]LogModuleManager: Shutting down and abandoning module SpeedTreeImporter (476)
[2026.04.14-06.06.31:780][ 87]LogModuleManager: Shutting down and abandoning module MobileLauncherProfileWizard (474)
[2026.04.14-06.06.31:781][ 87]LogModuleManager: Shutting down and abandoning module MaterialAnalyzer (472)
[2026.04.14-06.06.31:781][ 87]LogModuleManager: Shutting down and abandoning module DatasmithContentEditor (470)
[2026.04.14-06.06.31:781][ 87]LogModuleManager: Shutting down and abandoning module VisualStudioCodeSourceCodeAccess (468)
[2026.04.14-06.06.31:781][ 87]LogModuleManager: Shutting down and abandoning module VisualStudioSourceCodeAccess (466)
[2026.04.14-06.06.31:781][ 87]LogModuleManager: Shutting down and abandoning module UObjectPlugin (464)
[2026.04.14-06.06.31:781][ 87]LogModuleManager: Shutting down and abandoning module CurveEditorTools (462)
[2026.04.14-06.06.31:781][ 87]LogModuleManager: Shutting down and abandoning module CryptoKeysOpenSSL (460)
[2026.04.14-06.06.31:781][ 87]LogModuleManager: Shutting down and abandoning module CryptoKeys (458)
[2026.04.14-06.06.31:781][ 87]LogModuleManager: Shutting down and abandoning module SubversionSourceControl (456)
[2026.04.14-06.06.31:781][ 87]LogModuleManager: Shutting down and abandoning module RiderSourceCodeAccess (454)
[2026.04.14-06.06.31:781][ 87]LogModuleManager: Shutting down and abandoning module PluginUtils (452)
[2026.04.14-06.06.31:781][ 87]LogModuleManager: Shutting down and abandoning module PlasticSourceControl (450)
[2026.04.14-06.06.31:781][ 87]LogModuleManager: Shutting down and abandoning module PerforceSourceControl (448)
[2026.04.14-06.06.31:781][ 87]LogModuleManager: Shutting down and abandoning module GitSourceControl (446)
[2026.04.14-06.06.31:781][ 87]LogModuleManager: Shutting down and abandoning module SourceControl (445)
[2026.04.14-06.06.31:781][ 87]LogModuleManager: Shutting down and abandoning module CLionSourceCodeAccess (442)
[2026.04.14-06.06.31:781][ 87]LogModuleManager: Shutting down and abandoning module AnimationSharingEd (440)
[2026.04.14-06.06.31:781][ 87]LogModuleManager: Shutting down and abandoning module LiveLinkSequencer (438)
[2026.04.14-06.06.31:781][ 87]LogModuleManager: Shutting down and abandoning module LiveLinkMovieScene (436)
[2026.04.14-06.06.31:781][ 87]LogModuleManager: Shutting down and abandoning module LiveLinkGraphNode (434)
[2026.04.14-06.06.31:781][ 87]LogModuleManager: Shutting down and abandoning module LiveLinkEditor (432)
[2026.04.14-06.06.31:781][ 87]LogModuleManager: Shutting down and abandoning module LiveLinkComponents (430)
[2026.04.14-06.06.31:781][ 87]LogModuleManager: Shutting down and abandoning module LiveLink (428)
[2026.04.14-06.06.32:270][ 87]LogModuleManager: Shutting down and abandoning module OodleNetworkHandlerComponent (426)
[2026.04.14-06.06.32:270][ 87]LogModuleManager: Shutting down and abandoning module LightPropagationVolumeEditor (424)
[2026.04.14-06.06.32:270][ 87]LogModuleManager: Shutting down and abandoning module PaperTiledImporter (422)
[2026.04.14-06.06.32:270][ 87]LogModuleManager: Shutting down and abandoning module PaperSpriteSheetImporter (420)
[2026.04.14-06.06.32:270][ 87]LogModuleManager: Shutting down and abandoning module Paper2DEditor (418)
[2026.04.14-06.06.32:271][ 87]LogModuleManager: Shutting down and abandoning module MeshPaintingToolset (416)
[2026.04.14-06.06.32:271][ 87]LogModuleManager: Shutting down and abandoning module MeshPaintEditorMode (414)
[2026.04.14-06.06.32:271][ 87]LogModuleManager: Shutting down and abandoning module CPSC399Game (412)
[2026.04.14-06.06.32:271][ 87]LogModuleManager: Shutting down and abandoning module SoundFields (410)
[2026.04.14-06.06.32:271][ 87]LogModuleManager: Shutting down and abandoning module SignificanceManager (408)
[2026.04.14-06.06.32:271][ 87]LogModuleManager: Shutting down and abandoning module RuntimePhysXCooking (406)
[2026.04.14-06.06.32:271][ 87]LogModuleManager: Shutting down and abandoning module PropertyAccessEditor (404)
[2026.04.14-06.06.32:271][ 87]LogModuleManager: Shutting down and abandoning module PhysXVehiclesEditor (402)
[2026.04.14-06.06.32:271][ 87]LogModuleManager: Shutting down and abandoning module LocationServicesBPLibrary (398)
[2026.04.14-06.06.32:271][ 87]LogModuleManager: Shutting down and abandoning module AudioSynesthesia (396)
[2026.04.14-06.06.32:271][ 87]LogModuleManager: Shutting down and abandoning module AudioSynesthesiaCore (394)
[2026.04.14-06.06.32:271][ 87]LogModuleManager: Shutting down and abandoning module ActorSequence (392)
[2026.04.14-06.06.32:271][ 87]LogModuleManager: Shutting down and abandoning module UdpMessaging (390)
[2026.04.14-06.06.32:371][ 87]LogModuleManager: Shutting down and abandoning module TcpMessaging (388)
[2026.04.14-06.06.32:471][ 87]LogModuleManager: Shutting down and abandoning module ImgMediaEngine (386)
[2026.04.14-06.06.32:471][ 87]LogModuleManager: Shutting down and abandoning module MagicLeapARPin (384)
[2026.04.14-06.06.32:471][ 87]LogModuleManager: Shutting down and abandoning module MagicLeapHandMeshing (382)
[2026.04.14-06.06.32:471][ 87]LogModuleManager: Shutting down and abandoning module MagicLeapSecureStorage (380)
[2026.04.14-06.06.32:471][ 87]LogModuleManager: Shutting down and abandoning module MagicLeapPrivileges (378)
[2026.04.14-06.06.32:471][ 87]LogModuleManager: Shutting down and abandoning module MagicLeapPlanes (376)
[2026.04.14-06.06.32:471][ 87]LogMagicLeapPlanes: Planes tracker already destroyed.
[2026.04.14-06.06.32:471][ 87]LogModuleManager: Shutting down and abandoning module MagicLeapImageTracker (374)
[2026.04.14-06.06.32:471][ 87]LogModuleManager: Shutting down and abandoning module MagicLeapIdentity (372)
[2026.04.14-06.06.32:471][ 87]LogModuleManager: Shutting down and abandoning module MagicLeapHandTracking (370)
[2026.04.14-06.06.32:471][ 87]LogModuleManager: Shutting down and abandoning module MagicLeapEyeTracker (368)
[2026.04.14-06.06.32:471][ 87]LogModuleManager: Shutting down and abandoning module MagicLeapController (366)
[2026.04.14-06.06.32:471][ 87]LogModuleManager: Shutting down and abandoning module MagicLeapARPinImpl (364)
[2026.04.14-06.06.32:471][ 87]LogModuleManager: Shutting down and abandoning module MagicLeapAR (362)
[2026.04.14-06.06.32:471][ 87]LogModuleManager: Shutting down and abandoning module NiagaraAnimNotifies (360)
[2026.04.14-06.06.32:471][ 87]LogModuleManager: Shutting down and abandoning module Niagara (358)
[2026.04.14-06.06.32:471][ 87]LogModuleManager: Shutting down and abandoning module SignalProcessing (357)
[2026.04.14-06.06.32:471][ 87]LogModuleManager: Shutting down and abandoning module NiagaraEditor (355)
[2026.04.14-06.06.32:471][ 87]LogModuleManager: Shutting down and abandoning module NiagaraCore (352)
[2026.04.14-06.06.32:471][ 87]LogModuleManager: Shutting down and abandoning module PythonScriptPlugin (350)
[2026.04.14-06.06.32:471][ 87]LogModuleManager: Shutting down and abandoning module GameplayTagsEditor (348)
[2026.04.14-06.06.32:471][ 87]LogModuleManager: Shutting down and abandoning module FacialAnimationEditor (346)
[2026.04.14-06.06.32:471][ 87]LogModuleManager: Shutting down and abandoning module FacialAnimation (344)
[2026.04.14-06.06.32:471][ 87]LogModuleManager: Shutting down and abandoning module DataValidation (342)
[2026.04.14-06.06.32:472][ 87]LogModuleManager: Shutting down and abandoning module PropertyAccessNode (340)
[2026.04.14-06.06.32:472][ 87]LogModuleManager: Shutting down and abandoning module AssetManagerEditor (338)
[2026.04.14-06.06.32:472][ 87]LogModuleManager: Shutting down and abandoning module LevelEditor (337)
[2026.04.14-06.06.32:472][ 87]LogModuleManager: Shutting down and abandoning module PixelInspectorModule (336)
[2026.04.14-06.06.32:473][ 87]LogModuleManager: Shutting down and abandoning module CommonMenuExtensions (334)
[2026.04.14-06.06.32:473][ 87]LogModuleManager: Shutting down and abandoning module MainFrame (332)
[2026.04.14-06.06.32:473][ 87]LogModuleManager: Shutting down and abandoning module HotReload (331)
[2026.04.14-06.06.32:473][ 87]LogModuleManager: Shutting down and abandoning module ToolMenus (327)
[2026.04.14-06.06.32:473][ 87]LogModuleManager: Shutting down and abandoning module ContentBrowser (325)
[2026.04.14-06.06.32:473][ 87]LogModuleManager: Shutting down and abandoning module ContentBrowserData (324)
[2026.04.14-06.06.32:473][ 87]LogModuleManager: Shutting down and abandoning module TreeMap (321)
[2026.04.14-06.06.32:473][ 87]LogModuleManager: Shutting down and abandoning module AnimationSharing (318)
[2026.04.14-06.06.32:473][ 87]LogModuleManager: Shutting down and abandoning module LightPropagationVolumeRuntime (316)
[2026.04.14-06.06.32:473][ 87]LogModuleManager: Shutting down and abandoning module GameplayCameras (314)
[2026.04.14-06.06.32:473][ 87]LogModuleManager: Shutting down and abandoning module EnvironmentQueryEditor (312)
[2026.04.14-06.06.32:473][ 87]LogModuleManager: Shutting down and abandoning module Paper2D (310)
[2026.04.14-06.06.32:473][ 87]LogModuleManager: Shutting down and abandoning module WindowsMoviePlayer (308)
[2026.04.14-06.06.32:474][ 87]LogModuleManager: Shutting down and abandoning module WebMMoviePlayer (306)
[2026.04.14-06.06.32:474][ 87]LogModuleManager: Shutting down and abandoning module NetworkReplayStreaming (304)
[2026.04.14-06.06.32:474][ 87]LogModuleManager: Shutting down and abandoning module PacketHandler (302)
[2026.04.14-06.06.32:474][ 87]LogModuleManager: Shutting down and abandoning module ClothingSystemEditor (300)
[2026.04.14-06.06.32:474][ 87]LogModuleManager: Shutting down and abandoning module ClothingSystemRuntimeNv (298)
[2026.04.14-06.06.32:474][ 87]LogModuleManager: Shutting down and abandoning module MediaAssets (296)
[2026.04.14-06.06.32:474][ 87]LogModuleManager: Shutting down and abandoning module Overlay (294)
[2026.04.14-06.06.32:474][ 87]LogModuleManager: Shutting down and abandoning module OverlayEditor (293)
[2026.04.14-06.06.32:474][ 87]LogModuleManager: Shutting down and abandoning module VREditor (290)
[2026.04.14-06.06.32:474][ 87]LogModuleManager: Shutting down and abandoning module StringTableEditor (288)
[2026.04.14-06.06.32:474][ 87]LogModuleManager: Shutting down and abandoning module GameplayTasksEditor (286)
[2026.04.14-06.06.32:474][ 87]LogModuleManager: Shutting down and abandoning module BehaviorTreeEditor (284)
[2026.04.14-06.06.32:475][ 87]LogModuleManager: Shutting down and abandoning module FunctionalTesting (282)
[2026.04.14-06.06.32:475][ 87]LogModuleManager: Shutting down and abandoning module CollisionAnalyzer (280)
[2026.04.14-06.06.32:475][ 87]LogModuleManager: Shutting down and abandoning module WorkspaceMenuStructure (279)
[2026.04.14-06.06.32:475][ 87]LogModuleManager: Shutting down and abandoning module UMG (276)
[2026.04.14-06.06.32:475][ 87]LogModuleManager: Shutting down and abandoning module UMGEditor (275)
[2026.04.14-06.06.32:475][ 87]LogModuleManager: Shutting down and abandoning module MessageLog (273)
[2026.04.14-06.06.32:475][ 87]LogModuleManager: Shutting down and abandoning module SlateReflector (268)
[2026.04.14-06.06.32:475][ 87]LogModuleManager: Shutting down and abandoning module Slate (266)
[2026.04.14-06.06.32:475][ 87]LogModuleManager: Shutting down and abandoning module SlateCore (264)
[2026.04.14-06.06.32:475][ 87]LogModuleManager: Shutting down and abandoning module LandscapeEditorUtilities (262)
[2026.04.14-06.06.32:475][ 87]LogModuleManager: Shutting down and abandoning module UnrealEd (260)
[2026.04.14-06.06.32:475][ 87]LogModuleManager: Shutting down and abandoning module MRMesh (258)
[2026.04.14-06.06.32:475][ 87]LogModuleManager: Shutting down and abandoning module SourceCodeAccess (256)
[2026.04.14-06.06.32:475][ 87]LogModuleManager: Shutting down and abandoning module HeadMountedDisplay (254)
[2026.04.14-06.06.32:475][ 87]LogModuleManager: Shutting down and abandoning module XAudio2 (252)
[2026.04.14-06.06.32:475][ 87]LogModuleManager: Shutting down and abandoning module Networking (250)
[2026.04.14-06.06.32:475][ 87]LogModuleManager: Shutting down and abandoning module Core (248)
[2026.04.14-06.06.32:475][ 87]LogModuleManager: Shutting down and abandoning module MaterialEditor (246)
[2026.04.14-06.06.32:475][ 87]LogModuleManager: Shutting down and abandoning module MovieSceneTools (244)
[2026.04.14-06.06.32:475][ 87]LogModuleManager: Shutting down and abandoning module CurveEditor (243)
[2026.04.14-06.06.32:475][ 87]LogModuleManager: Shutting down and abandoning module Sequencer (241)
[2026.04.14-06.06.32:475][ 87]LogModuleManager: Shutting down and abandoning module EditorStyle (240)
[2026.04.14-06.06.32:477][ 87]LogModuleManager: Shutting down and abandoning module KismetCompiler (236)
[2026.04.14-06.06.32:477][ 87]LogModuleManager: Shutting down and abandoning module MeshBuilder (234)
[2026.04.14-06.06.32:477][ 87]LogModuleManager: Shutting down and abandoning module MeshUtilities (232)
[2026.04.14-06.06.32:477][ 87]LogModuleManager: Shutting down and abandoning module MeshMergeUtilities (231)
[2026.04.14-06.06.32:477][ 87]LogModuleManager: Shutting down and abandoning module MeshReductionInterface (230)
[2026.04.14-06.06.32:477][ 87]LogModuleManager: Shutting down and abandoning module MeshBoneReduction (229)
[2026.04.14-06.06.32:477][ 87]LogModuleManager: Shutting down and abandoning module SkeletalMeshReduction (227)
[2026.04.14-06.06.32:477][ 87]LogModuleManager: Shutting down and abandoning module ProxyLODMeshReduction (225)
[2026.04.14-06.06.32:477][ 87]LogModuleManager: Shutting down and abandoning module QuadricMeshReduction (223)
[2026.04.14-06.06.32:477][ 87]LogModuleManager: Shutting down and abandoning module MaterialBaking (219)
[2026.04.14-06.06.32:477][ 87]LogModuleManager: Shutting down and abandoning module NullInstallBundleManager (214)
[2026.04.14-06.06.32:477][ 87]LogModuleManager: Shutting down and abandoning module DerivedDataCache (212)
[2026.04.14-06.06.32:477][ 87]LogModuleManager: Shutting down and abandoning module TargetPlatform (210)
[2026.04.14-06.06.32:477][ 87]LogModuleManager: Shutting down and abandoning module VulkanShaderFormat (209)
[2026.04.14-06.06.32:477][ 87]LogModuleManager: Shutting down and abandoning module ShaderFormatVectorVM (207)
[2026.04.14-06.06.32:477][ 87]LogModuleManager: Shutting down and abandoning module ShaderFormatOpenGL (205)
[2026.04.14-06.06.32:477][ 87]LogModuleManager: Shutting down and abandoning module ShaderFormatD3D (203)
[2026.04.14-06.06.32:477][ 87]LogModuleManager: Shutting down and abandoning module MetalShaderFormat (201)
[2026.04.14-06.06.32:477][ 87]LogModuleManager: Shutting down and abandoning module TextureFormatOodle (199)
[2026.04.14-06.06.32:477][ 87]LogModuleManager: Shutting down and abandoning module TextureFormatUncompressed (197)
[2026.04.14-06.06.32:477][ 87]LogModuleManager: Shutting down and abandoning module TextureFormatPVR (195)
[2026.04.14-06.06.32:477][ 87]LogModuleManager: Shutting down and abandoning module TextureFormatETC2 (193)
[2026.04.14-06.06.32:477][ 87]LogModuleManager: Shutting down and abandoning module TextureFormatDXT (191)
[2026.04.14-06.06.32:477][ 87]LogModuleManager: Shutting down and abandoning module TextureFormatIntelISPCTexComp (189)
[2026.04.14-06.06.32:477][ 87]LogModuleManager: Shutting down and abandoning module TextureFormatASTC (187)
[2026.04.14-06.06.32:477][ 87]LogModuleManager: Shutting down and abandoning module ImageWrapper (186)
[2026.04.14-06.06.32:477][ 87]LogModuleManager: Shutting down and abandoning module AudioFormatOpus (183)
[2026.04.14-06.06.32:477][ 87]LogModuleManager: Shutting down and abandoning module AudioFormatOgg (181)
[2026.04.14-06.06.32:477][ 87]LogModuleManager: Shutting down and abandoning module AudioFormatADPCM (179)
[2026.04.14-06.06.32:477][ 87]LogModuleManager: Shutting down and abandoning module WindowsServerTargetPlatform (177)
[2026.04.14-06.06.32:477][ 87]LogModuleManager: Shutting down and abandoning module WindowsClientTargetPlatform (175)
[2026.04.14-06.06.32:477][ 87]LogModuleManager: Shutting down and abandoning module WindowsTargetPlatform (173)
[2026.04.14-06.06.32:477][ 87]LogModuleManager: Shutting down and abandoning module WindowsNoEditorTargetPlatform (171)
[2026.04.14-06.06.32:477][ 87]LogModuleManager: Shutting down and abandoning module TVOSTargetPlatform (169)
[2026.04.14-06.06.32:478][ 87]LogModuleManager: Shutting down and abandoning module MacServerTargetPlatform (167)
[2026.04.14-06.06.32:478][ 87]LogModuleManager: Shutting down and abandoning module MacClientTargetPlatform (165)
[2026.04.14-06.06.32:478][ 87]LogModuleManager: Shutting down and abandoning module MacTargetPlatform (163)
[2026.04.14-06.06.32:478][ 87]LogModuleManager: Shutting down and abandoning module MacNoEditorTargetPlatform (161)
[2026.04.14-06.06.32:478][ 87]LogModuleManager: Shutting down and abandoning module LuminTargetPlatform (159)
[2026.04.14-06.06.32:478][ 87]LogModuleManager: Shutting down and abandoning module LinuxAArch64ServerTargetPlatform (157)
[2026.04.14-06.06.32:478][ 87]LogModuleManager: Shutting down and abandoning module LinuxAArch64ClientTargetPlatform (155)
[2026.04.14-06.06.32:478][ 87]LogModuleManager: Shutting down and abandoning module LinuxAArch64NoEditorTargetPlatform (153)
[2026.04.14-06.06.32:478][ 87]LogModuleManager: Shutting down and abandoning module LinuxServerTargetPlatform (151)
[2026.04.14-06.06.32:478][ 87]LogModuleManager: Shutting down and abandoning module LinuxClientTargetPlatform (149)
[2026.04.14-06.06.32:478][ 87]LogModuleManager: Shutting down and abandoning module LinuxNoEditorTargetPlatform (147)
[2026.04.14-06.06.32:478][ 87]LogModuleManager: Shutting down and abandoning module LinuxTargetPlatform (145)
[2026.04.14-06.06.32:478][ 87]LogModuleManager: Shutting down and abandoning module Messaging (143)
[2026.04.14-06.06.32:478][ 87]LogModuleManager: Shutting down and abandoning module IOSTargetPlatform (141)
[2026.04.14-06.06.32:479][ 87]LogModuleManager: Shutting down and abandoning module AndroidTargetPlatform (139)
[2026.04.14-06.06.32:480][ 87]LogModuleManager: Shutting down and abandoning module AllDesktopTargetPlatform (137)
[2026.04.14-06.06.32:480][ 87]LogModuleManager: Shutting down and abandoning module D3D11RHI (134)
[2026.04.14-06.06.32:480][ 87]LogModuleManager: Shutting down and abandoning module InputCore (132)
[2026.04.14-06.06.32:480][ 87]LogModuleManager: Shutting down and abandoning module Settings (130)
[2026.04.14-06.06.32:480][ 87]LogModuleManager: Shutting down and abandoning module DirectoryWatcher (128)
[2026.04.14-06.06.32:480][ 87]LogModuleManager: Shutting down and abandoning module PhysXCooking (126)
[2026.04.14-06.06.32:480][ 87]LogModuleManager: Shutting down and abandoning module Chaos (124)
[2026.04.14-06.06.32:480][ 87]LogModuleManager: Shutting down and abandoning module WindowsPlatformFeatures (122)
[2026.04.14-06.06.32:480][ 87]LogModuleManager: Shutting down and abandoning module GameplayMediaEncoder (121)
[2026.04.14-06.06.32:480][ 87]LogModuleManager: Shutting down and abandoning module AVEncoder (120)
[2026.04.14-06.06.32:480][ 87]LogModuleManager: Shutting down and abandoning module SteamVRInputDevice (116)
[2026.04.14-06.06.32:480][ 87]LogModuleManager: Shutting down and abandoning module SteamVRInput (114)
[2026.04.14-06.06.32:480][ 87]LogModuleManager: Shutting down and abandoning module SteamVR (112)
[2026.04.14-06.06.32:480][ 87]LogHMD: Freeing OpenVRDLLHandle.
[2026.04.14-06.06.32:480][ 87]LogModuleManager: Shutting down and abandoning module OculusHMD (110)
[2026.04.14-06.06.32:480][ 87]LogModuleManager: Shutting down and abandoning module OpenXRHandTracking (108)
[2026.04.14-06.06.32:480][ 87]LogSlate: Slate User Destroyed.  User Index 0, Is Virtual User: 0
[2026.04.14-06.06.32:481][ 87]LogModuleManager: Shutting down and abandoning module OpenXREyeTracker (106)
[2026.04.14-06.06.32:481][ 87]LogModuleManager: Shutting down and abandoning module OpenXRAR (104)
[2026.04.14-06.06.32:481][ 87]LogModuleManager: Shutting down and abandoning module AugmentedReality (103)
[2026.04.14-06.06.32:481][ 87]LogModuleManager: Shutting down and abandoning module OpenXRHMD (100)
[2026.04.14-06.06.32:481][ 87]LogModuleManager: Shutting down and abandoning module ExampleDeviceProfileSelector (98)
[2026.04.14-06.06.32:482][ 87]LogModuleManager: Shutting down and abandoning module ChunkDownloader (96)
[2026.04.14-06.06.32:482][ 87]LogModuleManager: Shutting down and abandoning module OnlineBlueprintSupport (94)
[2026.04.14-06.06.32:482][ 87]LogModuleManager: Shutting down and abandoning module OnlineSubsystem (90)
[2026.04.14-06.06.32:482][ 87]LogModuleManager: Shutting down and abandoning module XMPP (85)
[2026.04.14-06.06.32:482][ 87]LogModuleManager: Shutting down and abandoning module WebSockets (84)
[2026.04.14-06.06.32:487][ 87]LogModuleManager: Shutting down and abandoning module HTTP (81)
[2026.04.14-06.06.32:487][ 87]LogHttp: Display: Http module shutting down, but needs to wait on 1 outstanding Http requests:
[2026.04.14-06.06.32:487][ 87]LogHttp: Display: 	verb=[POST] url=[https://datarouter.ol.epicgames.com/datarouter/api/v1/public/data?SessionID=%7B3B6825A2-4402-779E-10D7-C7B0FBB54D66%7D&AppID=UEEditor.Rocket.Release&AppVersion=4.27.2-18319896%2B%2B%2BUE4%2BRelease-4.27&UserID=504006f14ff8eea1c5ef6a844afcb810%7Ce54e35c6cf81428ab071018d8aa2cafb%7Ce89cadd4-c3bb-4e27-b5a1-93be281c4197&AppEnvironment=datacollector-binary&UploadType=eteventstream] refs=[1] status=Processing
[2026.04.14-06.06.32:487][ 87]LogHttp: Display: cleaning up 1 outstanding Http requests.
[2026.04.14-06.06.32:495][ 87]LogModuleManager: Shutting down and abandoning module SSL (80)
[2026.04.14-06.06.32:496][ 87]LogModuleManager: Shutting down and abandoning module LauncherChunkInstaller (76)
[2026.04.14-06.06.32:496][ 87]LogModuleManager: Shutting down and abandoning module WmfMedia (74)
[2026.04.14-06.06.32:497][ 87]LogModuleManager: Shutting down and abandoning module Media (73)
[2026.04.14-06.06.32:498][ 87]LogModuleManager: Shutting down and abandoning module MediaInfo (72)
[2026.04.14-06.06.32:498][ 87]LogModuleManager: Shutting down and abandoning module ExrReaderGpu (68)
[2026.04.14-06.06.32:498][ 87]LogModuleManager: Shutting down and abandoning module MLSDK (66)
[2026.04.14-06.06.32:498][ 87]LogModuleManager: Shutting down and abandoning module MagicLeap (64)
[2026.04.14-06.06.32:498][ 87]LogModuleManager: Shutting down and abandoning module NiagaraVertexFactories (62)
[2026.04.14-06.06.32:498][ 87]LogModuleManager: Shutting down and abandoning module NiagaraShader (60)
[2026.04.14-06.06.32:498][ 87]LogModuleManager: Shutting down and abandoning module ChaosCloth (58)
[2026.04.14-06.06.32:498][ 87]LogModuleManager: Shutting down and abandoning module VariantManagerContent (56)
[2026.04.14-06.06.32:498][ 87]LogModuleManager: Shutting down and abandoning module DatasmithContent (54)
[2026.04.14-06.06.32:499][ 87]LogModuleManager: Shutting down and abandoning module PixWinPlugin (52)
[2026.04.14-06.06.32:499][ 87]LogModuleManager: Shutting down and abandoning module AISupportModule (50)
[2026.04.14-06.06.32:499][ 87]LogModuleManager: Shutting down and abandoning module DesktopPlatform (48)
[2026.04.14-06.06.32:499][ 87]LogModuleManager: Shutting down and abandoning module PythonScriptPluginPreload (46)
[2026.04.14-06.06.32:499][ 87]LogModuleManager: Shutting down and abandoning module PlatformCryptoOpenSSL (44)
[2026.04.14-06.06.32:499][ 87]LogModuleManager: Shutting down and abandoning module PlatformCryptoTypes (42)
[2026.04.14-06.06.32:499][ 87]LogModuleManager: Shutting down and abandoning module PlatformCrypto (40)
[2026.04.14-06.06.32:499][ 87]LogModuleManager: Shutting down and abandoning module OodleDataCompressionFormat (38)
[2026.04.14-06.06.32:499][ 87]LogModuleManager: Shutting down and abandoning module XGEController (36)
[2026.04.14-06.06.32:499][ 87]LogXGEController: Cleaning working directory: C:/Users/titan/AppData/Local/Temp/UnrealXGEWorkingDir/
[2026.04.14-06.06.32:499][ 87]LogModuleManager: Shutting down and abandoning module AnimationModifiers (34)
[2026.04.14-06.06.32:499][ 87]LogModuleManager: Shutting down and abandoning module AudioEditor (32)
[2026.04.14-06.06.32:499][ 87]LogModuleManager: Shutting down and abandoning module PropertyEditor (31)
[2026.04.14-06.06.32:499][ 87]LogModuleManager: Shutting down and abandoning module TextureCompressor (28)
[2026.04.14-06.06.32:499][ 87]LogModuleManager: Shutting down and abandoning module RenderCore (26)
[2026.04.14-06.06.32:499][ 87]LogModuleManager: Shutting down and abandoning module Landscape (24)
[2026.04.14-06.06.32:499][ 87]LogModuleManager: Shutting down and abandoning module SlateRHIRenderer (22)
[2026.04.14-06.06.32:499][ 87]LogModuleManager: Shutting down and abandoning module AnimGraphRuntime (20)
[2026.04.14-06.06.32:499][ 87]LogModuleManager: Shutting down and abandoning module Renderer (18)
[2026.04.14-06.06.32:500][ 87]LogModuleManager: Shutting down and abandoning module Engine (16)
[2026.04.14-06.06.32:500][ 87]LogModuleManager: Shutting down and abandoning module CoreUObject (14)
[2026.04.14-06.06.32:500][ 87]LogModuleManager: Shutting down and abandoning module NetworkFile (12)
[2026.04.14-06.06.32:500][ 87]LogModuleManager: Shutting down and abandoning module CookedIterativeFile (10)
[2026.04.14-06.06.32:500][ 87]LogModuleManager: Shutting down and abandoning module StreamingFile (8)
[2026.04.14-06.06.32:500][ 87]LogModuleManager: Shutting down and abandoning module SandboxFile (6)
[2026.04.14-06.06.32:500][ 87]LogModuleManager: Shutting down and abandoning module PakFile (4)
[2026.04.14-06.06.32:500][ 87]LogModuleManager: Shutting down and abandoning module RSA (3)
[2026.04.14-06.06.32:500][ 87]LogContentStreaming: Display: There are 1 unreleased StreamingManagers
[2026.04.14-06.06.32:529][ 87]LogD3D11RHI: Shutdown
[2026.04.14-06.06.32:529][ 87]LogD3D11RHI: CleanupD3DDevice
[2026.04.14-06.06.32:532][ 87]LogExit: Exiting.
[2026.04.14-06.06.32:542][ 87]Log file closed, 04/14/26 00:06:32
