Log file open, 04/05/26 19:55:47
LogWindows: Failed to load 'aqProf.dll' (GetLastError=126)
LogWindows: File 'aqProf.dll' does not exist
LogWindows: Failed to load 'VtuneApi.dll' (GetLastError=126)
LogWindows: File 'VtuneApi.dll' does not exist
LogWindows: Failed to load 'VtuneApi32e.dll' (GetLastError=126)
LogWindows: File 'VtuneApi32e.dll' does not exist
LogConsoleResponse: Display: Failed to find resolution value strings in scalability ini. Falling back to default.
LogConsoleResponse: Display: Failed to find resolution value strings in scalability ini. Falling back to default.
LogInit: Display: Running engine for game: CPSC399Game
LogPlatformFile: Not using cached read wrapper
LogTaskGraph: Started task graph with 5 named threads and 35 total threads with 3 sets of task threads.
LogStats: Stats thread started at 0.227667
LogICUInternationalization: ICU TimeZone Detection - Raw Offset: -7:00, Platform Override: ''
LogInit: Display: Loading text-based GConfig....
LogPluginManager: Mounting plugin MeshPainting
LogPluginManager: Mounting plugin XGEController
LogPluginManager: Mounting plugin LightPropagationVolume
LogPluginManager: Mounting plugin Paper2D
LogPluginManager: Mounting plugin OodleData
LogPluginManager: Mounting plugin LiveLink
LogPluginManager: Mounting plugin AISupport
LogPluginManager: Mounting plugin EnvironmentQueryEditor
LogPluginManager: Mounting plugin CameraShakePreviewer
LogPluginManager: Mounting plugin GameplayCameras
LogPluginManager: Mounting plugin OodleNetwork
LogPluginManager: Mounting plugin AssetManagerEditor
LogPluginManager: Mounting plugin CLionSourceCodeAccess
LogPluginManager: Mounting plugin AnimationSharing
LogPluginManager: Mounting plugin KDevelopSourceCodeAccess
LogPluginManager: Mounting plugin CodeLiteSourceCodeAccess
LogPluginManager: Mounting plugin GitSourceControl
LogPluginManager: Mounting plugin PerforceSourceControl
LogPluginManager: Mounting plugin NullSourceCodeAccess
LogPluginManager: Mounting plugin PixWinPlugin
LogPluginManager: Mounting plugin PluginUtils
LogPluginManager: Mounting plugin PlasticSourceControl
LogPluginManager: Mounting plugin PropertyAccessNode
LogPluginManager: Mounting plugin CryptoKeys
LogPluginManager: Mounting plugin CurveEditorTools
LogPluginManager: Mounting plugin DataValidation
LogPluginManager: Mounting plugin RiderSourceCodeAccess
LogPluginManager: Mounting plugin SubversionSourceControl
LogPluginManager: Mounting plugin TextureFormatOodle
LogPluginManager: Mounting plugin FacialAnimation
LogPluginManager: Mounting plugin UObjectPlugin
LogPluginManager: Mounting plugin GameplayTagsEditor
LogPluginManager: Mounting plugin VisualStudioSourceCodeAccess
LogPluginManager: Mounting plugin VisualStudioCodeSourceCodeAccess
LogPluginManager: Mounting plugin XCodeSourceCodeAccess
LogPluginManager: Mounting plugin GeometryMode
LogPluginManager: Mounting plugin Niagara
LogPluginManager: Mounting plugin MacGraphicsSwitching
LogPluginManager: Mounting plugin MaterialAnalyzer
LogPluginManager: Mounting plugin MobileLauncherProfileWizard
LogPluginManager: Mounting plugin PluginBrowser
LogPluginManager: Mounting plugin SpeedTreeImporter
LogPluginManager: Mounting plugin DatasmithContent
LogPluginManager: Mounting plugin AlembicImporter
LogPluginManager: Mounting plugin AutomationUtils
LogPluginManager: Mounting plugin BackChannel
LogPluginManager: Mounting plugin VariantManagerContent
LogPluginManager: Mounting plugin ChaosCloth
LogPluginManager: Mounting plugin ChaosClothEditor
LogPluginManager: Mounting plugin ChaosEditor
LogPluginManager: Mounting plugin ChaosNiagara
LogPluginManager: Mounting plugin ChaosSolverPlugin
LogPluginManager: Mounting plugin CharacterAI
LogPluginManager: Mounting plugin GeometryCache
LogPluginManager: Mounting plugin GeometryCollectionPlugin
LogPluginManager: Mounting plugin GeometryProcessing
LogPluginManager: Mounting plugin MotoSynth
LogPluginManager: Mounting plugin OpenImageDenoise
LogPluginManager: Mounting plugin PlanarCut
LogPluginManager: Mounting plugin PlatformCrypto
LogPluginManager: Mounting plugin ProxyLODPlugin
LogPluginManager: Mounting plugin PythonScriptPlugin
LogPluginManager: Mounting plugin SkeletalReduction
LogPluginManager: Mounting plugin AndroidMedia
LogPluginManager: Mounting plugin AvfMedia
LogPluginManager: Mounting plugin ImgMedia
LogPluginManager: Mounting plugin MediaCompositing
LogPluginManager: Mounting plugin LuminPlatformFeatures
LogPluginManager: Mounting plugin MagicLeap
LogPluginManager: Mounting plugin MediaPlayerEditor
LogPluginManager: Mounting plugin WebMMedia
LogPluginManager: Mounting plugin WmfMedia
LogPluginManager: Mounting plugin MagicLeapLightEstimation
LogPluginManager: Mounting plugin MagicLeapMedia
LogPluginManager: Mounting plugin MagicLeapPassableWorld
LogPluginManager: Mounting plugin TcpMessaging
LogPluginManager: Mounting plugin UdpMessaging
LogPluginManager: Mounting plugin MLSDK
LogPluginManager: Mounting plugin ActorSequence
LogPluginManager: Mounting plugin ActorLayerUtilities
LogPluginManager: Mounting plugin AndroidDeviceProfileSelector
LogPluginManager: Mounting plugin AndroidPermission
LogPluginManager: Mounting plugin AndroidMoviePlayer
LogPluginManager: Mounting plugin LevelSequenceEditor
LogPluginManager: Mounting plugin MatineeToLevelSequence
LogPluginManager: Mounting plugin TemplateSequence
LogPluginManager: Mounting plugin AppleImageUtils
LogPluginManager: Mounting plugin AppleMoviePlayer
LogPluginManager: Mounting plugin ArchVisCharacter
LogPluginManager: Mounting plugin AssetTags
LogPluginManager: Mounting plugin AudioCapture
LogPluginManager: Mounting plugin AudioSynesthesia
LogPluginManager: Mounting plugin CableComponent
LogPluginManager: Mounting plugin CustomMeshComponent
LogPluginManager: Mounting plugin ChunkDownloader
LogPluginManager: Mounting plugin EditableMesh
LogPluginManager: Mounting plugin ExampleDeviceProfileSelector
LogPluginManager: Mounting plugin GoogleCloudMessaging
LogPluginManager: Mounting plugin GooglePAD
LogPluginManager: Mounting plugin IOSDeviceProfileSelector
LogPluginManager: Mounting plugin LinuxDeviceProfileSelector
LogPluginManager: Mounting plugin LocationServicesBPLibrary
LogPluginManager: Mounting plugin MobilePatchingUtils
LogPluginManager: Mounting plugin OpenXR
LogPluginManager: Mounting plugin OpenXREyeTracker
LogPluginManager: Mounting plugin OpenXRHandTracking
LogPluginManager: Mounting plugin PhysXVehicles
LogPluginManager: Mounting plugin PostSplashScreen
LogPluginManager: Mounting plugin ProceduralMeshComponent
LogPluginManager: Mounting plugin PropertyAccessEditor
LogPluginManager: Mounting plugin RuntimePhysXCooking
LogPluginManager: Mounting plugin SignificanceManager
LogPluginManager: Mounting plugin SoundFields
LogPluginManager: Mounting plugin Synthesis
LogPluginManager: Mounting plugin WebMMoviePlayer
LogPluginManager: Mounting plugin WindowsMoviePlayer
LogPluginManager: Mounting plugin OnlineSubsystem
LogPluginManager: Mounting plugin OnlineSubsystemNull
LogPluginManager: Mounting plugin OnlineSubsystemUtils
LogPluginManager: Mounting plugin LauncherChunkInstaller
LogPluginManager: Mounting plugin ScreenshotTools
LogPluginManager: Mounting plugin Takes
LogPluginManager: Mounting plugin ContentBrowserAssetDataSource
LogPluginManager: Mounting plugin ContentBrowserFileDataSource
LogPluginManager: Mounting plugin ContentBrowserClassDataSource
LogPluginManager: Mounting plugin OculusVR
LogPluginManager: Mounting plugin SteamVR
LogPluginManager: Mounting plugin OnlineSubsystemGooglePlay
LogPluginManager: Mounting plugin OnlineSubsystemIOS
PixWinPlugin: PIX capture plugin failed to initialize! Check that the process is launched from PIX.
LogInit: Using libcurl 7.55.1-DEV
LogInit:  - built for x86_64-pc-win32
LogInit:  - supports SSL with OpenSSL/1.1.1
LogInit:  - supports HTTP deflate (compression) using libz 1.2.8
LogInit:  - other features:
LogInit:      CURL_VERSION_SSL
LogInit:      CURL_VERSION_LIBZ
LogInit:      CURL_VERSION_IPV6
LogInit:      CURL_VERSION_ASYNCHDNS
LogInit:      CURL_VERSION_LARGEFILE
LogInit:      CURL_VERSION_IDN
LogInit:  CurlRequestOptions (configurable via config and command line):
LogInit:  - bVerifyPeer = true  - Libcurl will verify peer certificate
LogInit:  - bUseHttpProxy = false  - Libcurl will NOT use HTTP proxy
LogInit:  - bDontReuseConnections = false  - Libcurl will reuse connections
LogInit:  - MaxHostConnections = 16  - Libcurl will limit the number of connections to a host
LogInit:  - LocalHostAddr = Default
LogInit:  - BufferSize = 65536
LogOnline: OSS: Creating online subsystem instance for: NULL
LogInit: WinSock: version 1.1 (2.2), MaxSocks=32767, MaxUdp=65467
LogOnline: OSS: TryLoadSubsystemAndSetDefault: Loaded subsystem for module [NULL]
LogOculusPluginWrapper: OculusPlugin initialized successfully
LogHMD: Failed initializing OVRPlugin 1.59.0
LogInit: Build: ++UE4+Release-4.27-CL-18319896
LogInit: Engine Version: 4.27.2-18319896+++UE4+Release-4.27
LogInit: Compatible Engine Version: 4.27.0-17155196+++UE4+Release-4.27
LogInit: Net CL: 17155196
LogInit: OS: Windows 10 (Release 2009) (), CPU: AMD Ryzen 5 5600X 6-Core Processor             , GPU: NVIDIA GeForce RTX 4070 SUPER
LogInit: Compiled (64-bit): Nov 30 2021 07:12:08
LogInit: Compiled with Visual C++: 19.24.28315.00
LogInit: Build Configuration: Development
LogInit: Branch Name: ++UE4+Release-4.27
LogInit: Command Line: 
LogInit: Base Directory: F:/Unreal Engine/UE_4.27/Engine/Binaries/Win64/
LogInit: Allocator: TBB
LogInit: Installed Engine Build: 1
LogDevObjectVersion: Number of dev versions registered: 29
LogDevObjectVersion:   Dev-Blueprints (B0D832E4-1F89-4F0D-ACCF-7EB736FD4AA2): 10
LogDevObjectVersion:   Dev-Build (E1C64328-A22C-4D53-A36C-8E866417BD8C): 0
LogDevObjectVersion:   Dev-Core (375EC13C-06E4-48FB-B500-84F0262A717E): 4
LogDevObjectVersion:   Dev-Editor (E4B068ED-F494-42E9-A231-DA0B2E46BB41): 40
LogDevObjectVersion:   Dev-Framework (CFFC743F-43B0-4480-9391-14DF171D2073): 37
LogDevObjectVersion:   Dev-Mobile (B02B49B5-BB20-44E9-A304-32B752E40360): 3
LogDevObjectVersion:   Dev-Networking (A4E4105C-59A1-49B5-A7C5-40C4547EDFEE): 0
LogDevObjectVersion:   Dev-Online (39C831C9-5AE6-47DC-9A44-9C173E1C8E7C): 0
LogDevObjectVersion:   Dev-Physics (78F01B33-EBEA-4F98-B9B4-84EACCB95AA2): 14
LogDevObjectVersion:   Dev-Platform (6631380F-2D4D-43E0-8009-CF276956A95A): 0
LogDevObjectVersion:   Dev-Rendering (12F88B9F-8875-4AFC-A67C-D90C383ABD29): 45
LogDevObjectVersion:   Dev-Sequencer (7B5AE74C-D270-4C10-A958-57980B212A5A): 13
LogDevObjectVersion:   Dev-VR (D7296918-1DD6-4BDD-9DE2-64A83CC13884): 3
LogDevObjectVersion:   Dev-LoadTimes (C2A15278-BFE7-4AFE-6C17-90FF531DF755): 1
LogDevObjectVersion:   Private-Geometry (6EACA3D4-40EC-4CC1-B786-8BED09428FC5): 3
LogDevObjectVersion:   Dev-AnimPhys (29E575DD-E0A3-4627-9D10-D276232CDCEA): 17
LogDevObjectVersion:   Dev-Anim (AF43A65D-7FD3-4947-9873-3E8ED9C1BB05): 15
LogDevObjectVersion:   Dev-ReflectionCapture (6B266CEC-1EC7-4B8F-A30B-E4D90942FC07): 1
LogDevObjectVersion:   Dev-Automation (0DF73D61-A23F-47EA-B727-89E90C41499A): 1
LogDevObjectVersion:   FortniteMain (601D1886-AC64-4F84-AA16-D3DE0DEAC7D6): 47
LogDevObjectVersion:   FortniteRelease (E7086368-6B23-4C58-8439-1B7016265E91): 1
LogDevObjectVersion:   Dev-Enterprise (9DFFBCD6-494F-0158-E221-12823C92A888): 10
LogDevObjectVersion:   Dev-Niagara (F2AED0AC-9AFE-416F-8664-AA7FFA26D6FC): 1
LogDevObjectVersion:   Dev-Destruction (174F1F0B-B4C6-45A5-B13F-2EE8D0FB917D): 10
LogDevObjectVersion:   Dev-Physics-Ext (35F94A83-E258-406C-A318-09F59610247C): 41
LogDevObjectVersion:   Dev-PhysicsMaterial-Chaos (B68FC16E-8B1B-42E2-B453-215C058844FE): 1
LogDevObjectVersion:   Dev-CineCamera (B2E18506-4273-CFC2-A54E-F4BB758BBA07): 1
LogDevObjectVersion:   Dev-VirtualProduction (64F58936-FD1B-42BA-BA96-7289D5D0FA4E): 1
LogDevObjectVersion:   Dev-MediaFramework (6F0ED827-A609-4895-9C91-998D90180EA4): 2
LogInit: Presizing for max 25165824 objects, including 0 objects not considered by GC, pre-allocating 0 bytes for permanent pool.
LogConfig: Applying CVar settings from Section [/Script/Engine.StreamingSettings] File [C:/Github/Others/CPSC399_Game/CPSC399Game/Saved/Config/Windows/Engine.ini]
LogConfig: Setting CVar [[s.MinBulkDataSizeForAsyncLoading:131072]]
LogConfig: Setting CVar [[s.AsyncLoadingThreadEnabled:0]]
LogConfig: Setting CVar [[s.EventDrivenLoaderEnabled:1]]
LogConfig: Setting CVar [[s.WarnIfTimeLimitExceeded:0]]
LogConfig: Setting CVar [[s.TimeLimitExceededMultiplier:1.5]]
LogConfig: Setting CVar [[s.TimeLimitExceededMinTime:0.005]]
LogConfig: Setting CVar [[s.UseBackgroundLevelStreaming:1]]
LogConfig: Setting CVar [[s.PriorityAsyncLoadingExtraTime:15.0]]
LogConfig: Setting CVar [[s.LevelStreamingActorsUpdateTimeLimit:5.0]]
LogConfig: Setting CVar [[s.PriorityLevelStreamingActorsUpdateExtraTime:5.0]]
LogConfig: Setting CVar [[s.LevelStreamingComponentsRegistrationGranularity:10]]
LogConfig: Setting CVar [[s.UnregisterComponentsTimeLimit:1.0]]
LogConfig: Setting CVar [[s.LevelStreamingComponentsUnregistrationGranularity:5]]
LogConfig: Setting CVar [[s.FlushStreamingOnExit:1]]
LogInit: Object subsystem initialized
LogConfig: Setting CVar [[con.DebugEarlyDefault:1]]
LogConfig: Setting CVar [[r.setres:1280x720]]
[2026.04.06-01.55.47:823][  0]LogConfig: Setting CVar [[r.VSync:0]]
[2026.04.06-01.55.47:823][  0]LogConfig: Setting CVar [[r.RHICmdBypass:0]]
[2026.04.06-01.55.47:823][  0]LogConfig: Applying CVar settings from Section [/Script/Engine.RendererSettings] File [C:/Github/Others/CPSC399_Game/CPSC399Game/Saved/Config/Windows/Engine.ini]
[2026.04.06-01.55.47:823][  0]LogConfig: Setting CVar [[r.GPUCrashDebugging:0]]
[2026.04.06-01.55.47:823][  0]LogConfig: Setting CVar [[r.Mobile.DisableVertexFog:1]]
[2026.04.06-01.55.47:823][  0]LogConfig: Setting CVar [[r.Shadow.CSM.MaxMobileCascades:2]]
[2026.04.06-01.55.47:823][  0]LogConfig: Setting CVar [[r.MobileMSAA:1]]
[2026.04.06-01.55.47:823][  0]LogConfig: Setting CVar [[r.Mobile.AllowDitheredLODTransition:0]]
[2026.04.06-01.55.47:823][  0]LogConfig: Setting CVar [[r.Mobile.AllowSoftwareOcclusion:0]]
[2026.04.06-01.55.47:823][  0]LogConfig: Setting CVar [[r.Mobile.VirtualTextures:0]]
[2026.04.06-01.55.47:823][  0]LogConfig: Setting CVar [[r.DiscardUnusedQuality:0]]
[2026.04.06-01.55.47:823][  0]LogConfig: Setting CVar [[r.AllowOcclusionQueries:1]]
[2026.04.06-01.55.47:823][  0]LogConfig: Setting CVar [[r.MinScreenRadiusForLights:0.030000]]
[2026.04.06-01.55.47:823][  0]LogConfig: Setting CVar [[r.MinScreenRadiusForDepthPrepass:0.030000]]
[2026.04.06-01.55.47:823][  0]LogConfig: Setting CVar [[r.MinScreenRadiusForCSMDepth:0.010000]]
[2026.04.06-01.55.47:823][  0]LogConfig: Setting CVar [[r.PrecomputedVisibilityWarning:0]]
[2026.04.06-01.55.47:823][  0]LogConfig: Setting CVar [[r.TextureStreaming:1]]
[2026.04.06-01.55.47:823][  0]LogConfig: Setting CVar [[Compat.UseDXT5NormalMaps:0]]
[2026.04.06-01.55.47:823][  0]LogConfig: Setting CVar [[r.VirtualTextures:0]]
[2026.04.06-01.55.47:823][  0]LogConfig: Setting CVar [[r.VT.EnableAutoImport:1]]
[2026.04.06-01.55.47:823][  0]LogConfig: Setting CVar [[r.VirtualTexturedLightmaps:0]]
[2026.04.06-01.55.47:823][  0]LogConfig: Setting CVar [[r.VT.TileSize:128]]
[2026.04.06-01.55.47:823][  0]LogConfig: Setting CVar [[r.VT.TileBorderSize:4]]
[2026.04.06-01.55.47:823][  0]LogConfig: Setting CVar [[r.vt.FeedbackFactor:16]]
[2026.04.06-01.55.47:823][  0]LogConfig: Setting CVar [[r.VT.EnableCompressZlib:1]]
[2026.04.06-01.55.47:823][  0]LogConfig: Setting CVar [[r.VT.EnableCompressCrunch:0]]
[2026.04.06-01.55.47:823][  0]LogConfig: Setting CVar [[r.ClearCoatNormal:0]]
[2026.04.06-01.55.47:823][  0]LogConfig: Setting CVar [[r.ReflectionCaptureResolution:128]]
[2026.04.06-01.55.47:823][  0]LogConfig: Setting CVar [[r.Mobile.ReflectionCaptureCompression:0]]
[2026.04.06-01.55.47:823][  0]LogConfig: Setting CVar [[r.ReflectionEnvironmentLightmapMixBasedOnRoughness:1]]
[2026.04.06-01.55.47:823][  0]LogConfig: Setting CVar [[r.ForwardShading:0]]
[2026.04.06-01.55.47:823][  0]LogConfig: Setting CVar [[r.VertexFoggingForOpaque:1]]
[2026.04.06-01.55.47:823][  0]LogConfig: Setting CVar [[r.AllowStaticLighting:1]]
[2026.04.06-01.55.47:823][  0]LogConfig: Setting CVar [[r.NormalMapsForStaticLighting:0]]
[2026.04.06-01.55.47:823][  0]LogConfig: Setting CVar [[r.GenerateMeshDistanceFields:0]]
[2026.04.06-01.55.47:823][  0]LogConfig: Setting CVar [[r.DistanceFieldBuild.EightBit:0]]
[2026.04.06-01.55.47:823][  0]LogConfig: Setting CVar [[r.GenerateLandscapeGIData:0]]
[2026.04.06-01.55.47:823][  0]LogConfig: Setting CVar [[r.DistanceFieldBuild.Compress:0]]
[2026.04.06-01.55.47:823][  0]LogConfig: Setting CVar [[r.TessellationAdaptivePixelsPerTriangle:48.000000]]
[2026.04.06-01.55.47:823][  0]LogConfig: Setting CVar [[r.SeparateTranslucency:1]]
[2026.04.06-01.55.47:823][  0]LogConfig: Setting CVar [[r.TranslucentSortPolicy:0]]
[2026.04.06-01.55.47:823][  0]LogConfig: Setting CVar [[vr.VRS.HMDFixedFoveationLevel:0]]
[2026.04.06-01.55.47:823][  0]LogConfig: Setting CVar [[r.CustomDepth:1]]
[2026.04.06-01.55.47:823][  0]LogConfig: Setting CVar [[r.CustomDepthTemporalAAJitter:1]]
[2026.04.06-01.55.47:823][  0]LogConfig: Setting CVar [[r.PostProcessing.PropagateAlpha:0]]
[2026.04.06-01.55.47:823][  0]LogConfig: Setting CVar [[r.DefaultFeature.Bloom:1]]
[2026.04.06-01.55.47:823][  0]LogConfig: Setting CVar [[r.DefaultFeature.AmbientOcclusion:1]]
[2026.04.06-01.55.47:823][  0]LogConfig: Setting CVar [[r.DefaultFeature.AmbientOcclusionStaticFraction:1]]
[2026.04.06-01.55.47:823][  0]LogConfig: Setting CVar [[r.DefaultFeature.AutoExposure:0]]
[2026.04.06-01.55.47:823][  0]LogConfig: Setting CVar [[r.DefaultFeature.AutoExposure.Method:0]]
[2026.04.06-01.55.47:823][  0]LogConfig: Setting CVar [[r.DefaultFeature.AutoExposure.Bias:1.000000]]
[2026.04.06-01.55.47:823][  0]LogConfig: Setting CVar [[r.DefaultFeature.AutoExposure.ExtendDefaultLuminanceRange:0]]
[2026.04.06-01.55.47:823][  0]LogConfig: Setting CVar [[r.UsePreExposure:1]]
[2026.04.06-01.55.47:823][  0]LogConfig: Setting CVar [[r.EyeAdaptation.EditorOnly:0]]
[2026.04.06-01.55.47:823][  0]LogConfig: Setting CVar [[r.DefaultFeature.MotionBlur:0]]
[2026.04.06-01.55.47:823][  0]LogConfig: Setting CVar [[r.DefaultFeature.LensFlare:0]]
[2026.04.06-01.55.47:823][  0]LogConfig: Setting CVar [[r.TemporalAA.Upsampling:0]]
[2026.04.06-01.55.47:823][  0]LogConfig: Setting CVar [[r.SSGI.Enable:0]]
[2026.04.06-01.55.47:823][  0]LogConfig: Setting CVar [[r.DefaultFeature.AntiAliasing:0]]
[2026.04.06-01.55.47:823][  0]LogConfig: Setting CVar [[r.DefaultFeature.LightUnits:1]]
[2026.04.06-01.55.47:823][  0]LogConfig: Setting CVar [[r.DefaultBackBufferPixelFormat:4]]
[2026.04.06-01.55.47:823][  0]LogConfig: Setting CVar [[r.Shadow.UnbuiltPreviewInGame:1]]
[2026.04.06-01.55.47:823][  0]LogConfig: Setting CVar [[r.StencilForLODDither:0]]
[2026.04.06-01.55.47:823][  0]LogConfig: Setting CVar [[r.EarlyZPass:3]]
[2026.04.06-01.55.47:823][  0]LogConfig: Setting CVar [[r.EarlyZPassOnlyMaterialMasking:0]]
[2026.04.06-01.55.47:823][  0]LogConfig: Setting CVar [[r.DBuffer:1]]
[2026.04.06-01.55.47:823][  0]LogConfig: Setting CVar [[r.ClearSceneMethod:1]]
[2026.04.06-01.55.47:823][  0]LogConfig: Setting CVar [[r.BasePassOutputsVelocity:0]]
[2026.04.06-01.55.47:823][  0]LogConfig: Setting CVar [[r.VertexDeformationOutputsVelocity:0]]
[2026.04.06-01.55.47:823][  0]LogConfig: Setting CVar [[r.SelectiveBasePassOutputs:0]]
[2026.04.06-01.55.47:823][  0]LogConfig: Setting CVar [[fx.GPUSimulationTextureSizeX:1024]]
[2026.04.06-01.55.47:823][  0]LogConfig: Setting CVar [[fx.GPUSimulationTextureSizeY:1024]]
[2026.04.06-01.55.47:823][  0]LogConfig: Setting CVar [[r.AllowGlobalClipPlane:0]]
[2026.04.06-01.55.47:823][  0]LogConfig: Setting CVar [[r.GBufferFormat:1]]
[2026.04.06-01.55.47:823][  0]LogConfig: Setting CVar [[r.MorphTarget.Mode:1]]
[2026.04.06-01.55.47:823][  0]LogConfig: Setting CVar [[vr.InstancedStereo:0]]
[2026.04.06-01.55.47:823][  0]LogConfig: Setting CVar [[r.MobileHDR:1]]
[2026.04.06-01.55.47:823][  0]LogConfig: Setting CVar [[vr.MobileMultiView:0]]
[2026.04.06-01.55.47:823][  0]LogConfig: Setting CVar [[r.Mobile.UseHWsRGBEncoding:0]]
[2026.04.06-01.55.47:823][  0]LogConfig: Setting CVar [[vr.RoundRobinOcclusion:0]]
[2026.04.06-01.55.47:823][  0]LogConfig: Setting CVar [[vr.ODSCapture:0]]
[2026.04.06-01.55.47:823][  0]LogConfig: Setting CVar [[r.MeshStreaming:0]]
[2026.04.06-01.55.47:823][  0]LogConfig: Setting CVar [[r.WireframeCullThreshold:5.000000]]
[2026.04.06-01.55.47:823][  0]LogConfig: Setting CVar [[r.RayTracing:0]]
[2026.04.06-01.55.47:823][  0]LogConfig: Setting CVar [[r.RayTracing.UseTextureLod:0]]
[2026.04.06-01.55.47:823][  0]LogConfig: Setting CVar [[r.SupportStationarySkylight:1]]
[2026.04.06-01.55.47:823][  0]LogConfig: Setting CVar [[r.SupportLowQualityLightmaps:1]]
[2026.04.06-01.55.47:824][  0]LogConfig: Setting CVar [[r.SupportPointLightWholeSceneShadows:1]]
[2026.04.06-01.55.47:824][  0]LogConfig: Setting CVar [[r.SupportAtmosphericFog:1]]
[2026.04.06-01.55.47:824][  0]LogConfig: Setting CVar [[r.SupportSkyAtmosphere:1]]
[2026.04.06-01.55.47:824][  0]LogConfig: Setting CVar [[r.SupportSkyAtmosphereAffectsHeightFog:0]]
[2026.04.06-01.55.47:824][  0]LogConfig: Setting CVar [[r.SkinCache.CompileShaders:0]]
[2026.04.06-01.55.47:824][  0]LogConfig: Setting CVar [[r.SkinCache.DefaultBehavior:1]]
[2026.04.06-01.55.47:824][  0]LogConfig: Setting CVar [[r.SkinCache.SceneMemoryLimitInMB:128.000000]]
[2026.04.06-01.55.47:824][  0]LogConfig: Setting CVar [[r.Mobile.EnableStaticAndCSMShadowReceivers:1]]
[2026.04.06-01.55.47:824][  0]LogConfig: Setting CVar [[r.Mobile.EnableMovableLightCSMShaderCulling:1]]
[2026.04.06-01.55.47:824][  0]LogConfig: Setting CVar [[r.Mobile.AllowDistanceFieldShadows:1]]
[2026.04.06-01.55.47:824][  0]LogConfig: Setting CVar [[r.Mobile.AllowMovableDirectionalLights:1]]
[2026.04.06-01.55.47:824][  0]LogConfig: Setting CVar [[r.MobileNumDynamicPointLights:4]]
[2026.04.06-01.55.47:824][  0]LogConfig: Setting CVar [[r.MobileDynamicPointLightsUseStaticBranch:1]]
[2026.04.06-01.55.47:824][  0]LogConfig: Setting CVar [[r.Mobile.EnableMovableSpotlights:0]]
[2026.04.06-01.55.47:824][  0]LogConfig: Setting CVar [[r.Mobile.EnableMovableSpotlightsShadow:0]]
[2026.04.06-01.55.47:824][  0]LogConfig: Setting CVar [[r.GPUSkin.Support16BitBoneIndex:0]]
[2026.04.06-01.55.47:824][  0]LogConfig: Setting CVar [[r.GPUSkin.Limit2BoneInfluences:0]]
[2026.04.06-01.55.47:824][  0]LogConfig: Setting CVar [[r.SupportDepthOnlyIndexBuffers:1]]
[2026.04.06-01.55.47:824][  0]LogConfig: Setting CVar [[r.SupportReversedIndexBuffers:1]]
[2026.04.06-01.55.47:824][  0]LogConfig: Setting CVar [[r.LightPropagationVolume:0]]
[2026.04.06-01.55.47:824][  0]LogConfig: Setting CVar [[r.Mobile.AmbientOcclusion:0]]
[2026.04.06-01.55.47:824][  0]LogConfig: Setting CVar [[r.GPUSkin.UnlimitedBoneInfluences:0]]
[2026.04.06-01.55.47:824][  0]LogConfig: Setting CVar [[r.GPUSkin.UnlimitedBoneInfluencesThreshold:8]]
[2026.04.06-01.55.47:824][  0]LogConfig: Setting CVar [[r.Mobile.PlanarReflectionMode:0]]
[2026.04.06-01.55.47:824][  0]LogConfig: Setting CVar [[r.Mobile.SupportsGen4TAA:0]]
[2026.04.06-01.55.47:824][  0]LogConfig: Applying CVar settings from Section [/Script/Engine.RendererOverrideSettings] File [C:/Github/Others/CPSC399_Game/CPSC399Game/Saved/Config/Windows/Engine.ini]
[2026.04.06-01.55.47:824][  0]LogConfig: Applying CVar settings from Section [/Script/Engine.StreamingSettings] File [C:/Github/Others/CPSC399_Game/CPSC399Game/Saved/Config/Windows/Engine.ini]
[2026.04.06-01.55.47:824][  0]LogConfig: Setting CVar [[s.MinBulkDataSizeForAsyncLoading:131072]]
[2026.04.06-01.55.47:824][  0]LogConfig: Setting CVar [[s.AsyncLoadingThreadEnabled:0]]
[2026.04.06-01.55.47:824][  0]LogConfig: Setting CVar [[s.EventDrivenLoaderEnabled:1]]
[2026.04.06-01.55.47:824][  0]LogConfig: Setting CVar [[s.WarnIfTimeLimitExceeded:0]]
[2026.04.06-01.55.47:824][  0]LogConfig: Setting CVar [[s.TimeLimitExceededMultiplier:1.5]]
[2026.04.06-01.55.47:824][  0]LogConfig: Setting CVar [[s.TimeLimitExceededMinTime:0.005]]
[2026.04.06-01.55.47:824][  0]LogConfig: Setting CVar [[s.UseBackgroundLevelStreaming:1]]
[2026.04.06-01.55.47:824][  0]LogConfig: Setting CVar [[s.PriorityAsyncLoadingExtraTime:15.0]]
[2026.04.06-01.55.47:824][  0]LogConfig: Setting CVar [[s.LevelStreamingActorsUpdateTimeLimit:5.0]]
[2026.04.06-01.55.47:824][  0]LogConfig: Setting CVar [[s.PriorityLevelStreamingActorsUpdateExtraTime:5.0]]
[2026.04.06-01.55.47:824][  0]LogConfig: Setting CVar [[s.LevelStreamingComponentsRegistrationGranularity:10]]
[2026.04.06-01.55.47:824][  0]LogConfig: Setting CVar [[s.UnregisterComponentsTimeLimit:1.0]]
[2026.04.06-01.55.47:824][  0]LogConfig: Setting CVar [[s.LevelStreamingComponentsUnregistrationGranularity:5]]
[2026.04.06-01.55.47:824][  0]LogConfig: Setting CVar [[s.FlushStreamingOnExit:1]]
[2026.04.06-01.55.47:824][  0]LogConfig: Applying CVar settings from Section [/Script/Engine.GarbageCollectionSettings] File [C:/Github/Others/CPSC399_Game/CPSC399Game/Saved/Config/Windows/Engine.ini]
[2026.04.06-01.55.47:824][  0]LogConfig: Setting CVar [[gc.MaxObjectsNotConsideredByGC:1]]
[2026.04.06-01.55.47:824][  0]LogConfig: Setting CVar [[gc.SizeOfPermanentObjectPool:0]]
[2026.04.06-01.55.47:824][  0]LogConfig: Setting CVar [[gc.FlushStreamingOnGC:0]]
[2026.04.06-01.55.47:824][  0]LogConfig: Setting CVar [[gc.NumRetriesBeforeForcingGC:10]]
[2026.04.06-01.55.47:824][  0]LogConfig: Setting CVar [[gc.AllowParallelGC:1]]
[2026.04.06-01.55.47:824][  0]LogConfig: Setting CVar [[gc.TimeBetweenPurgingPendingKillObjects:61.1]]
[2026.04.06-01.55.47:824][  0]LogConfig: Setting CVar [[gc.MaxObjectsInEditor:25165824]]
[2026.04.06-01.55.47:824][  0]LogConfig: Setting CVar [[gc.IncrementalBeginDestroyEnabled:1]]
[2026.04.06-01.55.47:824][  0]LogConfig: Setting CVar [[gc.CreateGCClusters:1]]
[2026.04.06-01.55.47:824][  0]LogConfig: Setting CVar [[gc.MinGCClusterSize:5]]
[2026.04.06-01.55.47:824][  0]LogConfig: Setting CVar [[gc.ActorClusteringEnabled:0]]
[2026.04.06-01.55.47:824][  0]LogConfig: Setting CVar [[gc.BlueprintClusteringEnabled:0]]
[2026.04.06-01.55.47:824][  0]LogConfig: Setting CVar [[gc.UseDisregardForGCOnDedicatedServers:0]]
[2026.04.06-01.55.47:824][  0]LogConfig: Setting CVar [[gc.MultithreadedDestructionEnabled:1]]
[2026.04.06-01.55.47:824][  0]LogConfig: Applying CVar settings from Section [/Script/Engine.NetworkSettings] File [C:/Github/Others/CPSC399_Game/CPSC399Game/Saved/Config/Windows/Engine.ini]
[2026.04.06-01.55.47:824][  0]LogConfig: Applying CVar settings from Section [/Script/UnrealEd.CookerSettings] File [C:/Github/Others/CPSC399_Game/CPSC399Game/Saved/Config/Windows/Engine.ini]
[2026.04.06-01.55.47:839][  0]LogConfig: Applying CVar settings from Section [ViewDistanceQuality@3] File [C:/Github/Others/CPSC399_Game/CPSC399Game/Saved/Config/Windows/Scalability.ini]
[2026.04.06-01.55.47:839][  0]LogConfig: Setting CVar [[r.SkeletalMeshLODBias:0]]
[2026.04.06-01.55.47:839][  0]LogConfig: Setting CVar [[r.ViewDistanceScale:1.0]]
[2026.04.06-01.55.47:839][  0]LogConfig: Applying CVar settings from Section [AntiAliasingQuality@3] File [C:/Github/Others/CPSC399_Game/CPSC399Game/Saved/Config/Windows/Scalability.ini]
[2026.04.06-01.55.47:839][  0]LogConfig: Setting CVar [[r.PostProcessAAQuality:4]]
[2026.04.06-01.55.47:839][  0]LogConfig: Applying CVar settings from Section [ShadowQuality@3] File [C:/Github/Others/CPSC399_Game/CPSC399Game/Saved/Config/Windows/Scalability.ini]
[2026.04.06-01.55.47:839][  0]LogConfig: Setting CVar [[r.LightFunctionQuality:1]]
[2026.04.06-01.55.47:839][  0]LogConfig: Setting CVar [[r.ShadowQuality:5]]
[2026.04.06-01.55.47:839][  0]LogConfig: Setting CVar [[r.Shadow.CSM.MaxCascades:10]]
[2026.04.06-01.55.47:839][  0]LogConfig: Setting CVar [[r.Shadow.MaxResolution:2048]]
[2026.04.06-01.55.47:839][  0]LogConfig: Setting CVar [[r.Shadow.MaxCSMResolution:2048]]
[2026.04.06-01.55.47:839][  0]LogConfig: Setting CVar [[r.Shadow.RadiusThreshold:0.01]]
[2026.04.06-01.55.47:839][  0]LogConfig: Setting CVar [[r.Shadow.DistanceScale:1.0]]
[2026.04.06-01.55.47:839][  0]LogConfig: Setting CVar [[r.Shadow.CSM.TransitionScale:1.0]]
[2026.04.06-01.55.47:839][  0]LogConfig: Setting CVar [[r.Shadow.PreShadowResolutionFactor:1.0]]
[2026.04.06-01.55.47:839][  0]LogConfig: Setting CVar [[r.DistanceFieldShadowing:1]]
[2026.04.06-01.55.47:839][  0]LogConfig: Setting CVar [[r.DistanceFieldAO:1]]
[2026.04.06-01.55.47:839][  0]LogConfig: Setting CVar [[r.AOQuality:2]]
[2026.04.06-01.55.47:839][  0]LogConfig: Setting CVar [[r.VolumetricFog:1]]
[2026.04.06-01.55.47:839][  0]LogConfig: Setting CVar [[r.VolumetricFog.GridPixelSize:8]]
[2026.04.06-01.55.47:839][  0]LogConfig: Setting CVar [[r.VolumetricFog.GridSizeZ:128]]
[2026.04.06-01.55.47:839][  0]LogConfig: Setting CVar [[r.VolumetricFog.HistoryMissSupersampleCount:4]]
[2026.04.06-01.55.47:839][  0]LogConfig: Setting CVar [[r.LightMaxDrawDistanceScale:1]]
[2026.04.06-01.55.47:839][  0]LogConfig: Setting CVar [[r.CapsuleShadows:1]]
[2026.04.06-01.55.47:839][  0]LogConfig: Applying CVar settings from Section [PostProcessQuality@3] File [C:/Github/Others/CPSC399_Game/CPSC399Game/Saved/Config/Windows/Scalability.ini]
[2026.04.06-01.55.47:839][  0]LogConfig: Setting CVar [[r.MotionBlurQuality:4]]
[2026.04.06-01.55.47:839][  0]LogConfig: Setting CVar [[r.AmbientOcclusionMipLevelFactor:0.4]]
[2026.04.06-01.55.47:839][  0]LogConfig: Setting CVar [[r.AmbientOcclusionMaxQuality:100]]
[2026.04.06-01.55.47:839][  0]LogConfig: Setting CVar [[r.AmbientOcclusionLevels:-1]]
[2026.04.06-01.55.47:839][  0]LogConfig: Setting CVar [[r.AmbientOcclusionRadiusScale:1.0]]
[2026.04.06-01.55.47:839][  0]LogConfig: Setting CVar [[r.DepthOfFieldQuality:2]]
[2026.04.06-01.55.47:839][  0]LogConfig: Setting CVar [[r.RenderTargetPoolMin:400]]
[2026.04.06-01.55.47:839][  0]LogConfig: Setting CVar [[r.LensFlareQuality:2]]
[2026.04.06-01.55.47:839][  0]LogConfig: Setting CVar [[r.SceneColorFringeQuality:1]]
[2026.04.06-01.55.47:839][  0]LogConfig: Setting CVar [[r.EyeAdaptationQuality:2]]
[2026.04.06-01.55.47:839][  0]LogConfig: Setting CVar [[r.BloomQuality:5]]
[2026.04.06-01.55.47:839][  0]LogConfig: Setting CVar [[r.FastBlurThreshold:100]]
[2026.04.06-01.55.47:839][  0]LogConfig: Setting CVar [[r.Upscale.Quality:3]]
[2026.04.06-01.55.47:840][  0]LogConfig: Setting CVar [[r.Tonemapper.GrainQuantization:1]]
[2026.04.06-01.55.47:840][  0]LogConfig: Setting CVar [[r.LightShaftQuality:1]]
[2026.04.06-01.55.47:840][  0]LogConfig: Setting CVar [[r.Filter.SizeScale:1]]
[2026.04.06-01.55.47:840][  0]LogConfig: Setting CVar [[r.Tonemapper.Quality:5]]
[2026.04.06-01.55.47:840][  0]LogConfig: Setting CVar [[r.DOF.Gather.AccumulatorQuality:1        ; higher gathering accumulator quality]]
[2026.04.06-01.55.47:840][  0]LogConfig: Setting CVar [[r.DOF.Gather.PostfilterMethod:1          ; Median3x3 postfilering method]]
[2026.04.06-01.55.47:840][  0]LogConfig: Setting CVar [[r.DOF.Gather.EnableBokehSettings:0       ; no bokeh simulation when gathering]]
[2026.04.06-01.55.47:840][  0]LogConfig: Setting CVar [[r.DOF.Gather.RingCount:4                 ; medium number of samples when gathering]]
[2026.04.06-01.55.47:840][  0]LogConfig: Setting CVar [[r.DOF.Scatter.ForegroundCompositing:1    ; additive foreground scattering]]
[2026.04.06-01.55.47:840][  0]LogConfig: Setting CVar [[r.DOF.Scatter.BackgroundCompositing:2    ; additive background scattering]]
[2026.04.06-01.55.47:840][  0]LogConfig: Setting CVar [[r.DOF.Scatter.EnableBokehSettings:1      ; bokeh simulation when scattering]]
[2026.04.06-01.55.47:840][  0]LogConfig: Setting CVar [[r.DOF.Scatter.MaxSpriteRatio:0.1         ; only a maximum of 10% of scattered bokeh]]
[2026.04.06-01.55.47:840][  0]LogConfig: Setting CVar [[r.DOF.Recombine.Quality:1                ; cheap slight out of focus]]
[2026.04.06-01.55.47:840][  0]LogConfig: Setting CVar [[r.DOF.Recombine.EnableBokehSettings:0    ; no bokeh simulation on slight out of focus]]
[2026.04.06-01.55.47:840][  0]LogConfig: Setting CVar [[r.DOF.TemporalAAQuality:1                ; more stable temporal accumulation]]
[2026.04.06-01.55.47:840][  0]LogConfig: Setting CVar [[r.DOF.Kernel.MaxForegroundRadius:0.025]]
[2026.04.06-01.55.47:840][  0]LogConfig: Setting CVar [[r.DOF.Kernel.MaxBackgroundRadius:0.025]]
[2026.04.06-01.55.47:840][  0]LogConfig: Applying CVar settings from Section [TextureQuality@3] File [C:/Github/Others/CPSC399_Game/CPSC399Game/Saved/Config/Windows/Scalability.ini]
[2026.04.06-01.55.47:840][  0]LogConfig: Setting CVar [[r.Streaming.MipBias:0]]
[2026.04.06-01.55.47:840][  0]LogConfig: Setting CVar [[r.Streaming.AmortizeCPUToGPUCopy:0]]
[2026.04.06-01.55.47:840][  0]LogConfig: Setting CVar [[r.Streaming.MaxNumTexturesToStreamPerFrame:0]]
[2026.04.06-01.55.47:840][  0]LogConfig: Setting CVar [[r.Streaming.Boost:1]]
[2026.04.06-01.55.47:840][  0]LogConfig: Setting CVar [[r.MaxAnisotropy:8]]
[2026.04.06-01.55.47:840][  0]LogConfig: Setting CVar [[r.VT.MaxAnisotropy:8]]
[2026.04.06-01.55.47:840][  0]LogConfig: Setting CVar [[r.Streaming.LimitPoolSizeToVRAM:0]]
[2026.04.06-01.55.47:840][  0]LogConfig: Setting CVar [[r.Streaming.PoolSize:1000]]
[2026.04.06-01.55.47:840][  0]LogConfig: Setting CVar [[r.Streaming.MaxEffectiveScreenSize:0]]
[2026.04.06-01.55.47:840][  0]LogConfig: Applying CVar settings from Section [EffectsQuality@3] File [C:/Github/Others/CPSC399_Game/CPSC399Game/Saved/Config/Windows/Scalability.ini]
[2026.04.06-01.55.47:840][  0]LogConfig: Setting CVar [[r.TranslucencyLightingVolumeDim:64]]
[2026.04.06-01.55.47:840][  0]LogConfig: Setting CVar [[r.RefractionQuality:2]]
[2026.04.06-01.55.47:840][  0]LogConfig: Setting CVar [[r.SSR.Quality:3]]
[2026.04.06-01.55.47:840][  0]LogConfig: Setting CVar [[r.SSR.HalfResSceneColor:0]]
[2026.04.06-01.55.47:840][  0]LogConfig: Setting CVar [[r.SceneColorFormat:4]]
[2026.04.06-01.55.47:840][  0]LogConfig: Setting CVar [[r.DetailMode:2]]
[2026.04.06-01.55.47:840][  0]LogConfig: Setting CVar [[r.TranslucencyVolumeBlur:1]]
[2026.04.06-01.55.47:840][  0]LogConfig: Setting CVar [[r.MaterialQualityLevel:1 ; High quality]]
[2026.04.06-01.55.47:840][  0]LogConfig: Setting CVar [[r.AnisotropicMaterials:1]]
[2026.04.06-01.55.47:840][  0]LogConfig: Setting CVar [[r.SSS.Scale:1]]
[2026.04.06-01.55.47:840][  0]LogConfig: Setting CVar [[r.SSS.SampleSet:2]]
[2026.04.06-01.55.47:840][  0]LogConfig: Setting CVar [[r.SSS.Quality:1]]
[2026.04.06-01.55.47:840][  0]LogConfig: Setting CVar [[r.SSS.HalfRes:0]]
[2026.04.06-01.55.47:840][  0]LogConfig: Setting CVar [[r.SSGI.Quality:3]]
[2026.04.06-01.55.47:840][  0]LogConfig: Setting CVar [[r.EmitterSpawnRateScale:1.0]]
[2026.04.06-01.55.47:840][  0]LogConfig: Setting CVar [[r.ParticleLightQuality:2]]
[2026.04.06-01.55.47:840][  0]LogConfig: Setting CVar [[r.SkyAtmosphere.AerialPerspectiveLUT.FastApplyOnOpaque:1 ; Always have FastSkyLUT 1 in this case to avoid wrong sky]]
[2026.04.06-01.55.47:840][  0]LogConfig: Setting CVar [[r.SkyAtmosphere.AerialPerspectiveLUT.SampleCountMaxPerSlice:4]]
[2026.04.06-01.55.47:840][  0]LogConfig: Setting CVar [[r.SkyAtmosphere.AerialPerspectiveLUT.DepthResolution:16.0]]
[2026.04.06-01.55.47:840][  0]LogConfig: Setting CVar [[r.SkyAtmosphere.FastSkyLUT:1]]
[2026.04.06-01.55.47:840][  0]LogConfig: Setting CVar [[r.SkyAtmosphere.FastSkyLUT.SampleCountMin:4.0]]
[2026.04.06-01.55.47:840][  0]LogConfig: Setting CVar [[r.SkyAtmosphere.FastSkyLUT.SampleCountMax:128.0]]
[2026.04.06-01.55.47:840][  0]LogConfig: Setting CVar [[r.SkyAtmosphere.SampleCountMin:4.0]]
[2026.04.06-01.55.47:840][  0]LogConfig: Setting CVar [[r.SkyAtmosphere.SampleCountMax:128.0]]
[2026.04.06-01.55.47:840][  0]LogConfig: Setting CVar [[r.SkyAtmosphere.TransmittanceLUT.UseSmallFormat:0]]
[2026.04.06-01.55.47:840][  0]LogConfig: Setting CVar [[r.SkyAtmosphere.TransmittanceLUT.SampleCount:10.0]]
[2026.04.06-01.55.47:840][  0]LogConfig: Setting CVar [[r.SkyAtmosphere.MultiScatteringLUT.SampleCount:15.0]]
[2026.04.06-01.55.47:840][  0]LogConfig: Setting CVar [[r.SkyLight.RealTimeReflectionCapture:1]]
[2026.04.06-01.55.47:840][  0]LogConfig: Applying CVar settings from Section [FoliageQuality@3] File [C:/Github/Others/CPSC399_Game/CPSC399Game/Saved/Config/Windows/Scalability.ini]
[2026.04.06-01.55.47:840][  0]LogConfig: Setting CVar [[foliage.DensityScale:1.0]]
[2026.04.06-01.55.47:840][  0]LogConfig: Setting CVar [[grass.DensityScale:1.0]]
[2026.04.06-01.55.47:840][  0]LogConfig: Applying CVar settings from Section [ShadingQuality@3] File [C:/Github/Others/CPSC399_Game/CPSC399Game/Saved/Config/Windows/Scalability.ini]
[2026.04.06-01.55.47:840][  0]LogConfig: Setting CVar [[r.HairStrands.SkyLighting.IntegrationType:2]]
[2026.04.06-01.55.47:840][  0]LogConfig: Setting CVar [[r.HairStrands.SkyAO.SampleCount:4]]
[2026.04.06-01.55.47:840][  0]LogConfig: Setting CVar [[r.HairStrands.Visibility.MSAA.SamplePerPixel:4]]
[2026.04.06-01.55.47:840][  0]LogInit: Selected Device Profile: [Windows]
[2026.04.06-01.55.47:840][  0]LogInit: Applying CVar settings loaded from the selected device profile: [Windows]
[2026.04.06-01.55.47:840][  0]LogHAL: Display: Platform has ~ 16 GB [17102323712 / 17179869184 / 16], which maps to Larger [LargestMinGB=32, LargerMinGB=12, DefaultMinGB=8, SmallerMinGB=6, SmallestMinGB=0)
[2026.04.06-01.55.47:840][  0]LogInit: Going up to parent DeviceProfile []
[2026.04.06-01.55.47:840][  0]LogConfig: Applying CVar settings from Section [ViewDistanceQuality@3] File [C:/Github/Others/CPSC399_Game/CPSC399Game/Saved/Config/Windows/Scalability.ini]
[2026.04.06-01.55.47:840][  0]LogConfig: Setting CVar [[r.SkeletalMeshLODBias:0]]
[2026.04.06-01.55.47:840][  0]LogConfig: Setting CVar [[r.ViewDistanceScale:1.0]]
[2026.04.06-01.55.47:840][  0]LogConfig: Applying CVar settings from Section [AntiAliasingQuality@3] File [C:/Github/Others/CPSC399_Game/CPSC399Game/Saved/Config/Windows/Scalability.ini]
[2026.04.06-01.55.47:840][  0]LogConfig: Setting CVar [[r.PostProcessAAQuality:4]]
[2026.04.06-01.55.47:840][  0]LogConfig: Applying CVar settings from Section [ShadowQuality@3] File [C:/Github/Others/CPSC399_Game/CPSC399Game/Saved/Config/Windows/Scalability.ini]
[2026.04.06-01.55.47:840][  0]LogConfig: Setting CVar [[r.LightFunctionQuality:1]]
[2026.04.06-01.55.47:840][  0]LogConfig: Setting CVar [[r.ShadowQuality:5]]
[2026.04.06-01.55.47:840][  0]LogConfig: Setting CVar [[r.Shadow.CSM.MaxCascades:10]]
[2026.04.06-01.55.47:840][  0]LogConfig: Setting CVar [[r.Shadow.MaxResolution:2048]]
[2026.04.06-01.55.47:840][  0]LogConfig: Setting CVar [[r.Shadow.MaxCSMResolution:2048]]
[2026.04.06-01.55.47:840][  0]LogConfig: Setting CVar [[r.Shadow.RadiusThreshold:0.01]]
[2026.04.06-01.55.47:840][  0]LogConfig: Setting CVar [[r.Shadow.DistanceScale:1.0]]
[2026.04.06-01.55.47:840][  0]LogConfig: Setting CVar [[r.Shadow.CSM.TransitionScale:1.0]]
[2026.04.06-01.55.47:840][  0]LogConfig: Setting CVar [[r.Shadow.PreShadowResolutionFactor:1.0]]
[2026.04.06-01.55.47:840][  0]LogConfig: Setting CVar [[r.DistanceFieldShadowing:1]]
[2026.04.06-01.55.47:840][  0]LogConfig: Setting CVar [[r.DistanceFieldAO:1]]
[2026.04.06-01.55.47:840][  0]LogConfig: Setting CVar [[r.AOQuality:2]]
[2026.04.06-01.55.47:840][  0]LogConfig: Setting CVar [[r.VolumetricFog:1]]
[2026.04.06-01.55.47:840][  0]LogConfig: Setting CVar [[r.VolumetricFog.GridPixelSize:8]]
[2026.04.06-01.55.47:840][  0]LogConfig: Setting CVar [[r.VolumetricFog.GridSizeZ:128]]
[2026.04.06-01.55.47:840][  0]LogConfig: Setting CVar [[r.VolumetricFog.HistoryMissSupersampleCount:4]]
[2026.04.06-01.55.47:840][  0]LogConfig: Setting CVar [[r.LightMaxDrawDistanceScale:1]]
[2026.04.06-01.55.47:840][  0]LogConfig: Setting CVar [[r.CapsuleShadows:1]]
[2026.04.06-01.55.47:840][  0]LogConfig: Applying CVar settings from Section [PostProcessQuality@3] File [C:/Github/Others/CPSC399_Game/CPSC399Game/Saved/Config/Windows/Scalability.ini]
[2026.04.06-01.55.47:840][  0]LogConfig: Setting CVar [[r.MotionBlurQuality:4]]
[2026.04.06-01.55.47:840][  0]LogConfig: Setting CVar [[r.AmbientOcclusionMipLevelFactor:0.4]]
[2026.04.06-01.55.47:840][  0]LogConfig: Setting CVar [[r.AmbientOcclusionMaxQuality:100]]
[2026.04.06-01.55.47:840][  0]LogConfig: Setting CVar [[r.AmbientOcclusionLevels:-1]]
[2026.04.06-01.55.47:840][  0]LogConfig: Setting CVar [[r.AmbientOcclusionRadiusScale:1.0]]
[2026.04.06-01.55.47:840][  0]LogConfig: Setting CVar [[r.DepthOfFieldQuality:2]]
[2026.04.06-01.55.47:840][  0]LogConfig: Setting CVar [[r.RenderTargetPoolMin:400]]
[2026.04.06-01.55.47:840][  0]LogConfig: Setting CVar [[r.LensFlareQuality:2]]
[2026.04.06-01.55.47:840][  0]LogConfig: Setting CVar [[r.SceneColorFringeQuality:1]]
[2026.04.06-01.55.47:840][  0]LogConfig: Setting CVar [[r.EyeAdaptationQuality:2]]
[2026.04.06-01.55.47:840][  0]LogConfig: Setting CVar [[r.BloomQuality:5]]
[2026.04.06-01.55.47:840][  0]LogConfig: Setting CVar [[r.FastBlurThreshold:100]]
[2026.04.06-01.55.47:840][  0]LogConfig: Setting CVar [[r.Upscale.Quality:3]]
[2026.04.06-01.55.47:840][  0]LogConfig: Setting CVar [[r.Tonemapper.GrainQuantization:1]]
[2026.04.06-01.55.47:840][  0]LogConfig: Setting CVar [[r.LightShaftQuality:1]]
[2026.04.06-01.55.47:840][  0]LogConfig: Setting CVar [[r.Filter.SizeScale:1]]
[2026.04.06-01.55.47:840][  0]LogConfig: Setting CVar [[r.Tonemapper.Quality:5]]
[2026.04.06-01.55.47:840][  0]LogConfig: Setting CVar [[r.DOF.Gather.AccumulatorQuality:1        ; higher gathering accumulator quality]]
[2026.04.06-01.55.47:840][  0]LogConfig: Setting CVar [[r.DOF.Gather.PostfilterMethod:1          ; Median3x3 postfilering method]]
[2026.04.06-01.55.47:840][  0]LogConfig: Setting CVar [[r.DOF.Gather.EnableBokehSettings:0       ; no bokeh simulation when gathering]]
[2026.04.06-01.55.47:840][  0]LogConfig: Setting CVar [[r.DOF.Gather.RingCount:4                 ; medium number of samples when gathering]]
[2026.04.06-01.55.47:840][  0]LogConfig: Setting CVar [[r.DOF.Scatter.ForegroundCompositing:1    ; additive foreground scattering]]
[2026.04.06-01.55.47:840][  0]LogConfig: Setting CVar [[r.DOF.Scatter.BackgroundCompositing:2    ; additive background scattering]]
[2026.04.06-01.55.47:840][  0]LogConfig: Setting CVar [[r.DOF.Scatter.EnableBokehSettings:1      ; bokeh simulation when scattering]]
[2026.04.06-01.55.47:840][  0]LogConfig: Setting CVar [[r.DOF.Scatter.MaxSpriteRatio:0.1         ; only a maximum of 10% of scattered bokeh]]
[2026.04.06-01.55.47:840][  0]LogConfig: Setting CVar [[r.DOF.Recombine.Quality:1                ; cheap slight out of focus]]
[2026.04.06-01.55.47:841][  0]LogConfig: Setting CVar [[r.DOF.Recombine.EnableBokehSettings:0    ; no bokeh simulation on slight out of focus]]
[2026.04.06-01.55.47:841][  0]LogConfig: Setting CVar [[r.DOF.TemporalAAQuality:1                ; more stable temporal accumulation]]
[2026.04.06-01.55.47:841][  0]LogConfig: Setting CVar [[r.DOF.Kernel.MaxForegroundRadius:0.025]]
[2026.04.06-01.55.47:841][  0]LogConfig: Setting CVar [[r.DOF.Kernel.MaxBackgroundRadius:0.025]]
[2026.04.06-01.55.47:841][  0]LogConfig: Applying CVar settings from Section [TextureQuality@3] File [C:/Github/Others/CPSC399_Game/CPSC399Game/Saved/Config/Windows/Scalability.ini]
[2026.04.06-01.55.47:841][  0]LogConfig: Setting CVar [[r.Streaming.MipBias:0]]
[2026.04.06-01.55.47:841][  0]LogConfig: Setting CVar [[r.Streaming.AmortizeCPUToGPUCopy:0]]
[2026.04.06-01.55.47:841][  0]LogConfig: Setting CVar [[r.Streaming.MaxNumTexturesToStreamPerFrame:0]]
[2026.04.06-01.55.47:841][  0]LogConfig: Setting CVar [[r.Streaming.Boost:1]]
[2026.04.06-01.55.47:841][  0]LogConfig: Setting CVar [[r.MaxAnisotropy:8]]
[2026.04.06-01.55.47:841][  0]LogConfig: Setting CVar [[r.VT.MaxAnisotropy:8]]
[2026.04.06-01.55.47:841][  0]LogConfig: Setting CVar [[r.Streaming.LimitPoolSizeToVRAM:0]]
[2026.04.06-01.55.47:841][  0]LogConfig: Setting CVar [[r.Streaming.PoolSize:1000]]
[2026.04.06-01.55.47:841][  0]LogConfig: Setting CVar [[r.Streaming.MaxEffectiveScreenSize:0]]
[2026.04.06-01.55.47:841][  0]LogConfig: Applying CVar settings from Section [EffectsQuality@3] File [C:/Github/Others/CPSC399_Game/CPSC399Game/Saved/Config/Windows/Scalability.ini]
[2026.04.06-01.55.47:841][  0]LogConfig: Setting CVar [[r.TranslucencyLightingVolumeDim:64]]
[2026.04.06-01.55.47:841][  0]LogConfig: Setting CVar [[r.RefractionQuality:2]]
[2026.04.06-01.55.47:841][  0]LogConfig: Setting CVar [[r.SSR.Quality:3]]
[2026.04.06-01.55.47:841][  0]LogConfig: Setting CVar [[r.SSR.HalfResSceneColor:0]]
[2026.04.06-01.55.47:841][  0]LogConfig: Setting CVar [[r.SceneColorFormat:4]]
[2026.04.06-01.55.47:841][  0]LogConfig: Setting CVar [[r.DetailMode:2]]
[2026.04.06-01.55.47:841][  0]LogConfig: Setting CVar [[r.TranslucencyVolumeBlur:1]]
[2026.04.06-01.55.47:841][  0]LogConfig: Setting CVar [[r.MaterialQualityLevel:1 ; High quality]]
[2026.04.06-01.55.47:841][  0]LogConfig: Setting CVar [[r.AnisotropicMaterials:1]]
[2026.04.06-01.55.47:841][  0]LogConfig: Setting CVar [[r.SSS.Scale:1]]
[2026.04.06-01.55.47:841][  0]LogConfig: Setting CVar [[r.SSS.SampleSet:2]]
[2026.04.06-01.55.47:841][  0]LogConfig: Setting CVar [[r.SSS.Quality:1]]
[2026.04.06-01.55.47:841][  0]LogConfig: Setting CVar [[r.SSS.HalfRes:0]]
[2026.04.06-01.55.47:841][  0]LogConfig: Setting CVar [[r.SSGI.Quality:3]]
[2026.04.06-01.55.47:841][  0]LogConfig: Setting CVar [[r.EmitterSpawnRateScale:1.0]]
[2026.04.06-01.55.47:841][  0]LogConfig: Setting CVar [[r.ParticleLightQuality:2]]
[2026.04.06-01.55.47:841][  0]LogConfig: Setting CVar [[r.SkyAtmosphere.AerialPerspectiveLUT.FastApplyOnOpaque:1 ; Always have FastSkyLUT 1 in this case to avoid wrong sky]]
[2026.04.06-01.55.47:841][  0]LogConfig: Setting CVar [[r.SkyAtmosphere.AerialPerspectiveLUT.SampleCountMaxPerSlice:4]]
[2026.04.06-01.55.47:841][  0]LogConfig: Setting CVar [[r.SkyAtmosphere.AerialPerspectiveLUT.DepthResolution:16.0]]
[2026.04.06-01.55.47:841][  0]LogConfig: Setting CVar [[r.SkyAtmosphere.FastSkyLUT:1]]
[2026.04.06-01.55.47:841][  0]LogConfig: Setting CVar [[r.SkyAtmosphere.FastSkyLUT.SampleCountMin:4.0]]
[2026.04.06-01.55.47:841][  0]LogConfig: Setting CVar [[r.SkyAtmosphere.FastSkyLUT.SampleCountMax:128.0]]
[2026.04.06-01.55.47:841][  0]LogConfig: Setting CVar [[r.SkyAtmosphere.SampleCountMin:4.0]]
[2026.04.06-01.55.47:841][  0]LogConfig: Setting CVar [[r.SkyAtmosphere.SampleCountMax:128.0]]
[2026.04.06-01.55.47:841][  0]LogConfig: Setting CVar [[r.SkyAtmosphere.TransmittanceLUT.UseSmallFormat:0]]
[2026.04.06-01.55.47:841][  0]LogConfig: Setting CVar [[r.SkyAtmosphere.TransmittanceLUT.SampleCount:10.0]]
[2026.04.06-01.55.47:841][  0]LogConfig: Setting CVar [[r.SkyAtmosphere.MultiScatteringLUT.SampleCount:15.0]]
[2026.04.06-01.55.47:841][  0]LogConfig: Setting CVar [[r.SkyLight.RealTimeReflectionCapture:1]]
[2026.04.06-01.55.47:841][  0]LogConfig: Applying CVar settings from Section [FoliageQuality@3] File [C:/Github/Others/CPSC399_Game/CPSC399Game/Saved/Config/Windows/Scalability.ini]
[2026.04.06-01.55.47:841][  0]LogConfig: Setting CVar [[foliage.DensityScale:1.0]]
[2026.04.06-01.55.47:841][  0]LogConfig: Setting CVar [[grass.DensityScale:1.0]]
[2026.04.06-01.55.47:841][  0]LogConfig: Applying CVar settings from Section [ShadingQuality@3] File [C:/Github/Others/CPSC399_Game/CPSC399Game/Saved/Config/Windows/Scalability.ini]
[2026.04.06-01.55.47:841][  0]LogConfig: Setting CVar [[r.HairStrands.SkyLighting.IntegrationType:2]]
[2026.04.06-01.55.47:841][  0]LogConfig: Setting CVar [[r.HairStrands.SkyAO.SampleCount:4]]
[2026.04.06-01.55.47:841][  0]LogConfig: Setting CVar [[r.HairStrands.Visibility.MSAA.SamplePerPixel:4]]
[2026.04.06-01.55.47:841][  0]LogConfig: Applying CVar settings from Section [Startup] File [../../../Engine/Config/ConsoleVariables.ini]
[2026.04.06-01.55.47:841][  0]LogConfig: Setting CVar [[net.UseAdaptiveNetUpdateFrequency:0]]
[2026.04.06-01.55.47:841][  0]LogConfig: Setting CVar [[p.chaos.AllowCreatePhysxBodies:1]]
[2026.04.06-01.55.47:841][  0]LogConfig: Setting CVar [[fx.SkipVectorVMBackendOptimizations:1]]
[2026.04.06-01.55.47:841][  0]LogConfig: Applying CVar settings from Section [ConsoleVariables] File [C:/Github/Others/CPSC399_Game/CPSC399Game/Saved/Config/Windows/Engine.ini]
[2026.04.06-01.55.47:841][  0]LogConfig: Applying CVar settings from Section [ConsoleVariables] File [C:/Github/Others/CPSC399_Game/CPSC399Game/Saved/Config/Windows/Editor.ini]
[2026.04.06-01.55.47:841][  0]LogInit: Computer: DESKTOP-U8PTTJO
[2026.04.06-01.55.47:841][  0]LogInit: User: aneki
[2026.04.06-01.55.47:841][  0]LogInit: CPU Page size=4096, Cores=6
[2026.04.06-01.55.47:841][  0]LogInit: High frequency timer resolution =10.000000 MHz
[2026.04.06-01.55.47:841][  0]LogMemory: Memory total: Physical=15.9GB (16GB approx)
[2026.04.06-01.55.47:841][  0]LogMemory: Platform Memory Stats for Windows
[2026.04.06-01.55.47:841][  0]LogMemory: Process Physical Memory: 150.92 MB used, 150.92 MB peak
[2026.04.06-01.55.47:841][  0]LogMemory: Process Virtual Memory: 132.58 MB used, 132.58 MB peak
[2026.04.06-01.55.47:841][  0]LogMemory: Physical Memory: 13144.80 MB used,  3165.25 MB free, 16310.05 MB total
[2026.04.06-01.55.47:841][  0]LogMemory: Virtual Memory: 134204704.00 MB used,  13025.67 MB free, 134217728.00 MB total
[2026.04.06-01.55.47:845][  0]LogWindows: WindowsPlatformFeatures enabled
[2026.04.06-01.55.47:881][  0]LogInit: Physics initialised using underlying interface: PhysX
[2026.04.06-01.55.47:882][  0]LogInit: Using OS detected language (en-US).
[2026.04.06-01.55.47:882][  0]LogInit: Using OS detected locale (en-US).
[2026.04.06-01.55.47:884][  0]LogTextLocalizationManager: No specific localization for 'en-US' exists, so the 'en' localization will be used.
[2026.04.06-01.55.48:052][  0]LogInit: Setting process to per monitor DPI aware
[2026.04.06-01.55.48:068][  0]LogWindowsTextInputMethodSystem: Display: IME system deactivated.
[2026.04.06-01.55.48:084][  0]LogSlate: New Slate User Created.  User Index 0, Is Virtual User: 0
[2026.04.06-01.55.48:084][  0]LogSlate: Slate User Registered.  User Index 0, Is Virtual User: 0
[2026.04.06-01.55.48:293][  0]LogD3D11RHI: Loaded GFSDK_Aftermath_Lib.x64.dll
[2026.04.06-01.55.48:308][  0]LogHMD: Failed to initialize OpenVR with code 110
[2026.04.06-01.55.48:308][  0]LogD3D11RHI: D3D11 min allowed feature level: 11_0
[2026.04.06-01.55.48:308][  0]LogD3D11RHI: D3D11 max allowed feature level: 11_0
[2026.04.06-01.55.48:308][  0]LogD3D11RHI: D3D11 adapters:
[2026.04.06-01.55.48:483][  0]LogD3D11RHI:    0. 'NVIDIA GeForce RTX 4070 SUPER' (Feature Level 11_0)
[2026.04.06-01.55.48:483][  0]LogD3D11RHI:       11997/0/8155 MB DedicatedVideo/DedicatedSystem/SharedSystem, Outputs:2, VendorId:0x10de
[2026.04.06-01.55.48:485][  0]LogD3D11RHI:    1. 'Microsoft Basic Render Driver' (Feature Level 11_0)
[2026.04.06-01.55.48:485][  0]LogD3D11RHI:       0/0/8155 MB DedicatedVideo/DedicatedSystem/SharedSystem, Outputs:0, VendorId:0x1414
[2026.04.06-01.55.48:485][  0]LogD3D11RHI: Chosen D3D11 Adapter:
[2026.04.06-01.55.48:485][  0]LogD3D11RHI:     Description : NVIDIA GeForce RTX 4070 SUPER
[2026.04.06-01.55.48:485][  0]LogD3D11RHI:     VendorId    : 10de
[2026.04.06-01.55.48:485][  0]LogD3D11RHI:     DeviceId    : 2783
[2026.04.06-01.55.48:485][  0]LogD3D11RHI:     SubSysId    : 89741043
[2026.04.06-01.55.48:485][  0]LogD3D11RHI:     Revision    : 00a1
[2026.04.06-01.55.48:485][  0]LogD3D11RHI:     DedicatedVideoMemory : 12579766272 bytes
[2026.04.06-01.55.48:486][  0]LogD3D11RHI:     DedicatedSystemMemory : 0 bytes
[2026.04.06-01.55.48:486][  0]LogD3D11RHI:     SharedSystemMemory : 8551161856 bytes
[2026.04.06-01.55.48:486][  0]LogD3D11RHI:     AdapterLuid : 0 54353
[2026.04.06-01.55.48:496][  0]LogD3D11RHI: Creating new Direct3DDevice
[2026.04.06-01.55.48:496][  0]LogD3D11RHI:     GPU DeviceId: 0x2783 (for the marketing name, search the web for "GPU Device Id")
[2026.04.06-01.55.48:496][  0]LogWindows: EnumDisplayDevices:
[2026.04.06-01.55.48:496][  0]LogWindows:    0. 'NVIDIA GeForce RTX 4070 SUPER' (P:1 D:1)
[2026.04.06-01.55.48:496][  0]LogWindows:    1. 'NVIDIA GeForce RTX 4070 SUPER' (P:0 D:1)
[2026.04.06-01.55.48:496][  0]LogWindows:    2. 'NVIDIA GeForce RTX 4070 SUPER' (P:0 D:0)
[2026.04.06-01.55.48:496][  0]LogWindows:    3. 'NVIDIA GeForce RTX 4070 SUPER' (P:0 D:0)
[2026.04.06-01.55.48:496][  0]LogWindows: DebugString: FoundDriverCount:4 
[2026.04.06-01.55.48:496][  0]LogD3D11RHI:     Adapter Name: NVIDIA GeForce RTX 4070 SUPER
[2026.04.06-01.55.48:497][  0]LogD3D11RHI:   Driver Version: 591.86 (internal:32.0.15.9186, unified:591.86)
[2026.04.06-01.55.48:497][  0]LogD3D11RHI:      Driver Date: 1-20-2026
[2026.04.06-01.55.48:497][  0]LogRHI: Texture pool is 8397 MB (70% of 11997 MB)
[2026.04.06-01.55.48:497][  0]LogD3D11RHI: Creating D3DDevice using adapter:
[2026.04.06-01.55.48:497][  0]LogD3D11RHI:     Description : NVIDIA GeForce RTX 4070 SUPER
[2026.04.06-01.55.48:497][  0]LogD3D11RHI:     VendorId    : 10de
[2026.04.06-01.55.48:497][  0]LogD3D11RHI:     DeviceId    : 2783
[2026.04.06-01.55.48:497][  0]LogD3D11RHI:     SubSysId    : 89741043
[2026.04.06-01.55.48:497][  0]LogD3D11RHI:     Revision    : 00a1
[2026.04.06-01.55.48:497][  0]LogD3D11RHI:     DedicatedVideoMemory : 12579766272 bytes
[2026.04.06-01.55.48:497][  0]LogD3D11RHI:     DedicatedSystemMemory : 0 bytes
[2026.04.06-01.55.48:497][  0]LogD3D11RHI:     SharedSystemMemory : 8551161856 bytes
[2026.04.06-01.55.48:497][  0]LogD3D11RHI:     AdapterLuid : 0 54353
[2026.04.06-01.55.48:625][  0]LogD3D11RHI: RHI has support for 64 bit atomics
[2026.04.06-01.55.48:625][  0]LogD3D11RHI: Async texture creation enabled
[2026.04.06-01.55.48:625][  0]LogD3D11RHI: Array index from any shader is supported
[2026.04.06-01.55.48:641][  0]LogD3D11RHI: GPU Timing Frequency: 1000.000000 (Debug: 2 1)
[2026.04.06-01.55.48:670][  0]LogRHI: GeForceNow SDK initialized: 1
[2026.04.06-01.55.48:944][  0]LogTargetPlatformManager: Display: Loaded TargetPlatform 'AllDesktop'
[2026.04.06-01.55.48:963][  0]LogTargetPlatformManager: Display: Loaded TargetPlatform 'Android'
[2026.04.06-01.55.48:963][  0]LogTargetPlatformManager: Display: Loaded TargetPlatform 'Android_ASTC'
[2026.04.06-01.55.48:963][  0]LogTargetPlatformManager: Display: Loaded TargetPlatform 'Android_DXT'
[2026.04.06-01.55.48:963][  0]LogTargetPlatformManager: Display: Loaded TargetPlatform 'Android_ETC2'
[2026.04.06-01.55.48:963][  0]LogTargetPlatformManager: Display: Loaded TargetPlatform 'AndroidClient'
[2026.04.06-01.55.48:963][  0]LogTargetPlatformManager: Display: Loaded TargetPlatform 'Android_ASTCClient'
[2026.04.06-01.55.48:963][  0]LogTargetPlatformManager: Display: Loaded TargetPlatform 'Android_DXTClient'
[2026.04.06-01.55.48:963][  0]LogTargetPlatformManager: Display: Loaded TargetPlatform 'Android_ETC2Client'
[2026.04.06-01.55.48:963][  0]LogTargetPlatformManager: Display: Loaded TargetPlatform 'Android_Multi'
[2026.04.06-01.55.48:963][  0]LogTargetPlatformManager: Display: Loaded TargetPlatform 'Android_MultiClient'
[2026.04.06-01.55.48:979][  0]LogTargetPlatformManager: Display: Loaded TargetPlatform 'IOSClient'
[2026.04.06-01.55.48:979][  0]LogTargetPlatformManager: Display: Loaded TargetPlatform 'IOS'
[2026.04.06-01.55.48:988][  0]LogTargetPlatformManager: Display: Loaded TargetPlatform 'Linux'
[2026.04.06-01.55.48:992][  0]LogTargetPlatformManager: Display: Loaded TargetPlatform 'LinuxNoEditor'
[2026.04.06-01.55.48:996][  0]LogTargetPlatformManager: Display: Loaded TargetPlatform 'LinuxClient'
[2026.04.06-01.55.48:999][  0]LogTargetPlatformManager: Display: Loaded TargetPlatform 'LinuxServer'
[2026.04.06-01.55.49:006][  0]LogTargetPlatformManager: Display: Loaded TargetPlatform 'LinuxAArch64NoEditor'
[2026.04.06-01.55.49:010][  0]LogTargetPlatformManager: Display: Loaded TargetPlatform 'LinuxAArch64Client'
[2026.04.06-01.55.49:014][  0]LogTargetPlatformManager: Display: Loaded TargetPlatform 'LinuxAArch64Server'
[2026.04.06-01.55.49:031][  0]LogTargetPlatformManager: Display: Loaded TargetPlatform 'Lumin'
[2026.04.06-01.55.49:031][  0]LogTargetPlatformManager: Display: Loaded TargetPlatform 'LuminClient'
[2026.04.06-01.55.49:037][  0]LogTargetPlatformManager: Display: Loaded TargetPlatform 'MacNoEditor'
[2026.04.06-01.55.49:041][  0]LogTargetPlatformManager: Display: Loaded TargetPlatform 'Mac'
[2026.04.06-01.55.49:045][  0]LogTargetPlatformManager: Display: Loaded TargetPlatform 'MacClient'
[2026.04.06-01.55.49:048][  0]LogTargetPlatformManager: Display: Loaded TargetPlatform 'MacServer'
[2026.04.06-01.55.49:056][  0]LogTargetPlatformManager: Display: Loaded TargetPlatform 'TVOSClient'
[2026.04.06-01.55.49:056][  0]LogTargetPlatformManager: Display: Loaded TargetPlatform 'TVOS'
[2026.04.06-01.55.49:063][  0]LogTargetPlatformManager: Display: Loaded TargetPlatform 'WindowsNoEditor'
[2026.04.06-01.55.49:066][  0]LogTargetPlatformManager: Display: Loaded TargetPlatform 'Windows'
[2026.04.06-01.55.49:070][  0]LogTargetPlatformManager: Display: Loaded TargetPlatform 'WindowsClient'
[2026.04.06-01.55.49:074][  0]LogTargetPlatformManager: Display: Loaded TargetPlatform 'WindowsServer'
[2026.04.06-01.55.49:074][  0]LogTargetPlatformManager: Display: Building Assets For Windows
[2026.04.06-01.55.49:080][  0]LogAudioDebug: Display: Lib vorbis DLL was dynamically loaded.
[2026.04.06-01.55.49:104][  0]LogTextureFormatOodle: Display: Oodle Texture 2.9.0 init RDO Off
[2026.04.06-01.55.49:130][  0]LogRendererCore: Ray tracing is disabled. Reason: r.RayTracing=0.
[2026.04.06-01.55.49:130][  0]LogShaderCompilers: Guid format shader working directory is 4 characters bigger than the processId version (C:/Github/Others/CPSC399_Game/CPSC399Game/Intermediate/Shaders/WorkingDirectory/27216/).
[2026.04.06-01.55.49:131][  0]LogShaderCompilers: Cleaned the shader compiler working directory 'C:/Users/aneki/AppData/Local/Temp/UnrealShaderWorkingDir/2D862B894CFE9BC5945735BAD59B7823/'.
[2026.04.06-01.55.49:131][  0]LogXGEController: Cannot use XGE Controller as Incredibuild is not installed on this machine.
[2026.04.06-01.55.49:131][  0]LogShaderCompilers: Cannot use XGE Shader Compiler as Incredibuild is not installed on this machine.
[2026.04.06-01.55.49:131][  0]LogShaderCompilers: Display: Using Local Shader Compiler.
[2026.04.06-01.55.49:729][  0]LogDerivedDataCache: Display: Max Cache Size: 512 MB
[2026.04.06-01.55.49:791][  0]LogDerivedDataCache: Loaded boot cache 0.06s 94MB C:/Users/aneki/AppData/Local/UnrealEngine/4.27/DerivedDataCache/Boot.ddc.
[2026.04.06-01.55.49:791][  0]LogDerivedDataCache: Display: Loaded Boot cache: C:/Users/aneki/AppData/Local/UnrealEngine/4.27/DerivedDataCache/Boot.ddc
[2026.04.06-01.55.49:792][  0]LogDerivedDataCache: FDerivedDataBackendGraph:  Pak pak cache file C:/Github/Others/CPSC399_Game/CPSC399Game/DerivedDataCache/DDC.ddp not found, will not use a pak cache.
[2026.04.06-01.55.49:792][  0]LogDerivedDataCache: Unable to find inner node Pak for hierarchical cache Hierarchy.
[2026.04.06-01.55.49:792][  0]LogDerivedDataCache: FDerivedDataBackendGraph:  CompressedPak pak cache file C:/Github/Others/CPSC399_Game/CPSC399Game/DerivedDataCache/Compressed.ddp not found, will not use a pak cache.
[2026.04.06-01.55.49:792][  0]LogDerivedDataCache: Unable to find inner node CompressedPak for hierarchical cache Hierarchy.
[2026.04.06-01.55.49:809][  0]LogDerivedDataCache: Display: Pak cache opened for reading ../../../Engine/DerivedDataCache/Compressed.ddp.
[2026.04.06-01.55.49:809][  0]LogDerivedDataCache: FDerivedDataBackendGraph:  EnterprisePak pak cache file ../../../Enterprise/DerivedDataCache/Compressed.ddp not found, will not use a pak cache.
[2026.04.06-01.55.49:809][  0]LogDerivedDataCache: Unable to find inner node EnterprisePak for hierarchical cache Hierarchy.
[2026.04.06-01.55.49:816][  0]LogDerivedDataCache: Speed tests for C:/Users/aneki/AppData/Local/UnrealEngine/Common/DerivedDataCache took 0.01 seconds
[2026.04.06-01.55.49:816][  0]LogDerivedDataCache: Display: Performance to C:/Users/aneki/AppData/Local/UnrealEngine/Common/DerivedDataCache: Latency=0.02ms. RandomReadSpeed=1238.59MBs, RandomWriteSpeed=163.78MBs. Assigned SpeedClass 'Local'
[2026.04.06-01.55.49:817][  0]LogDerivedDataCache: Using Local data cache path C:/Users/aneki/AppData/Local/UnrealEngine/Common/DerivedDataCache: Writable
[2026.04.06-01.55.49:817][  0]LogDerivedDataCache: Shared data cache path not found in *engine.ini, will not use an Shared cache.
[2026.04.06-01.55.49:817][  0]LogDerivedDataCache: Unable to find inner node Shared for hierarchical cache Hierarchy.
[2026.04.06-01.55.49:856][  0]LogSlate: Using FreeType 2.10.0
[2026.04.06-01.55.49:856][  0]LogSlate: SlateFontServices - WITH_FREETYPE: 1, WITH_HARFBUZZ: 1
[2026.04.06-01.55.49:878][  0]LogAssetRegistry: FAssetRegistry took 0.0026 seconds to start up
[2026.04.06-01.55.50:091][  0]LogInit: Selected Device Profile: [Windows]
[2026.04.06-01.55.50:091][  0]LogInit: Active device profile: [0000025A9B633E00][0000025A9C058180 49] Windows
[2026.04.06-01.55.50:091][  0]LogInit: Profiles: [0000025A9B633E00][0000025A9C058180 49] Windows, [0000025A9B5DC300][0000025A9BB94300 49] WindowsNoEditor, [0000025A9B630300][0000025A9D1DE480 49] WindowsServer, [0000025A9B5DDE00][0000025A9D1E2600 49] WindowsClient, [0000025A9B631D00][0000025A9C05C740 49] IOS, [0000025A9B5DCD00][0000025A9D1E6880 49] iPadAir, [0000025A9B630C00][0000025A9D1EA9C0 49] iPadAir2, [0000025A9B59C600][0000025A9387CC40 49] IPadPro, [0000025A9B59C700][0000025A9D1EEC80 49] iPadAir3, [0000025A9B630400][0000025A9BBA4E00 49] iPadAir4, [0000025A9B59FC00][0000025A9BBA8F80 49] iPadMini2, [0000025A9B631100][0000025A9CF3F100 49] iPadMini3, [0000025A9B59D500][0000025A9CF43280 49] iPadMini4, [0000025A9B632700][0000025A9CF47400 49] iPadMini5, [0000025A9B593E00][0000025A9CF4F6C0 49] iPhone6, [0000025A9B593F00][0000025A9CF4B700 49] iPodTouch6, [0000025A9B5DF400][0000025A9BC419C0 49] iPhone7, [0000025A9B5DEE00][0000025A9CF53A00 49] iPodTouch7, [0000025A9B590800][0000025A90531B80 49] iPhone5S, [0000025A9B5DE500][0000025A90B02180 49] iPhone6Plus, [0000025A9B593100][0000025A90B06300 49] iPhone6S, [0000025A9B5DD200][0000025A9CF56480 49] iPhone6SPlus, [0000025A9B591000][0000025A9CF5A600 49] iPhone7Plus, [0000025A9B5DC700][0000025A9CF5E780 49] iPhoneSE, [0000025A9B592900][0000025A9CF62900 49] iPhone8, [0000025A9B5DDC00][0000025A9BB8AA40 49] iPhone8Plus, [0000025A9B591800][0000025A9CF66B80 49] iPhoneX, [0000025A9B5DCE00][0000025A9CF6ACC0 49] iPhoneXS, [0000025A9B592100][0000025A9CF72E40 49] iPhoneXSMax, [0000025A9B5DC400][0000025A9CF76FC0 49] iPhoneXR, [0000025A9B590400][0000025A93C01140 49] iPhone11, [0000025A9B5DF500][0000025A93C052C0 49] iPhone11Pro, [0000025A9B590C00][0000025A93C09440 49] iPhone11ProMax, [0000025A9B5DFD00][0000025A93C0D5C0 49] iPhoneSE2, [0000025A9B590200][0000025A93C11740 49] iPhone12Mini, [0000025A9B5DF600][0000025A93C158C0 49] iPhone12, [0000025A9B593500][0000025A93C19A40 49] iPhone12Pro, [0000025A9B5DFE00][0000025A93C1DBC0 49] iPhone12ProMax, [0000025A9B593B00][0000025A93C201C0 49] iPadPro105, [0000025A9B5DD800][0000025A93C24340 49] iPadPro129, [0000025A9B592700][0000025A9BBAC4C0 49] iPadPro97, [0000025A9B5DD700][0000025A9BBB0640 49] iPadPro2_129, [0000025A9B592300][0000025A9BBB47C0 49] iPad5, [0000025A9B5DC600][0000025A9BBB8940 49] iPad6, [0000025A9B591C00][0000025A9BBBCAC0 49] iPad7, [0000025A9B5DED00][0000025A9CF6EC00 49] iPad8, [0000025A9B593900][0000025A9BBC0D40 49] iPadPro11, [0000025A9B5DFA00][0000025A9BBC4E80 49] iPadPro2_11, [0000025A9B592800][0000025A9BBC8FC0 49] iPadPro3_129, [0000025A9B5DC800][0000025A9BBD1140 49] iPadPro4_129, [0000025A9B590100][0000025A9BBD52C0 49] AppleTV, [0000025A9B5DDD00][0000025A9BBD9440 49] AppleTV4K, [0000025A9B591900][0000025A9BBDD5C0 49] TVOS, [0000025A9B5DEB00][0000025A9BBE1740 49] Mac, [0000025A9B593200][0000025A9BBE58C0 49] MacClient, [0000025A9B5DC100][0000025A9BBE9A40 49] MacNoEditor, [0000025A9B592D00][0000025A9BBEDBC0 49] MacServer, [0000025A9B5DD500][0000025A9BBF01C0 49] Linux, [0000025A9B590700][0000025A9BBF4340 49] LinuxAArch64, [0000025A9B5DCB00][0000025A9BFCC4C0 49] LinuxNoEditor, [0000025A9B590D00][0000025A9BFD0640 49] LinuxAArch64NoEditor, [0000025A9B5DF100][0000025A9BFD47C0 49] LinuxClient, [0000025A9B591F00][0000025A9BFD8940 49] LinuxAArch64Client, [0000025A9B5DF200][0000025A9BFDCAC0 49] LinuxServer, [0000025A9B592E00][0000025A9BFE0C40 49] LinuxAArch64Server, [0000025A9B5DE800][0000025A9BBCCD80 49] Android, [0000025A9B593300][0000025A9BFE4EC0 49] Android_Low, [0000025A9B5DFB00][0000025A9BFE9000 49] Android_Mid, [0000025A9B632E00][0000025A9BFED140 49] Android_High, [0000025A9B679500][0000025A9BFF52C0 49] Android_Default, [0000025A9B631700][0000025A9BFF9440 49] Android_Adreno4xx, [0000025A9B67A500][0000025A9BFFD5C0 49] Android_Adreno5xx_Low, [0000025A9B631600][0000025A9C001740 49] Android_Adreno5xx, [0000025A9B67A700][0000025A9C0058C0 49] Android_Adreno6xx, [0000025A9B630800][0000025A9C009A40 49] Android_Adreno6xx_Vulkan, [0000025A9B679E00][0000025A9C00DBC0 49] Android_Mali_T6xx, [0000025A9B630700][0000025A9C0101C0 49] Android_Mali_T7xx, [0000025A9B678600][0000025A9C014340 49] Android_Mali_T8xx, [0000025A9B631200][0000025A9C0184C0 49] Android_Mali_G71, [0000025A9B67A200][0000025A9C01C640 49] Android_Mali_G72, [0000025A9B632A00][0000025A9C0207C0 49] Android_Mali_G72_Vulkan, [0000025A9B679C00][0000025A9C024940 49] Android_Mali_G76, [0000025A9B632100][0000025A9C028AC0 49] Android_Mali_G76_Vulkan, [0000025A9B679700][0000025A9C02CC40 49] Android_Mali_G77, [0000025A9B632F00][0000025A9C030DC0 49] Android_Mali_G77_Vulkan, [0000025A9B679B00][0000025A9C034F40 49] Android_Mali_G78, [0000025A9B632600][0000025A9BFF1080 49] Android_Mali_G78_Vulkan, [0000025A9B67A300][0000025A9C0391C0 49] Android_Mali_G710, [0000025A9B630E00][0000025A9B851300 49] Android_Mali_G710_Vulkan, [0000025A9B67AE00][0000025A9B859480 49] Android_Vulkan_SM5, [0000025A9B633700][0000025A9B85D600 49] Android_PowerVR_G6xxx, [0000025A9B678A00][0000025A9B861780 49] Android_PowerVR_GT7xxx, [0000025A9B5DE100][0000025A9B865900 49] Android_PowerVR_GE8xxx, [0000025A9B67A600][0000025A9B869A80 49] Android_PowerVR_GM9xxx, [0000025A9B5DEC00][0000025A9B86DC00 49] Android_PowerVR_GM9xxx_Vulkan, [0000025A9B679A00][0000025A9B870200 49] Android_TegraK1, [0000025A9B5DF700][0000025A9B874380 49] Android_Unknown_Vulkan, [0000025A9B678300][0000025A9B878500 49] Lumin, [0000025A9B5DE000][0000025A9B87C680 49] Lumin_Desktop, [0000025A9B67AB00][0000025A9B880800 49] HoloLens, 
[2026.04.06-01.55.50:193][  0]LogMeshReduction: Using QuadricMeshReduction for automatic static mesh reduction
[2026.04.06-01.55.50:193][  0]LogMeshReduction: Using SimplygonMeshReduction for automatic skeletal mesh reduction
[2026.04.06-01.55.50:193][  0]LogMeshReduction: Using ProxyLODMeshReduction for automatic mesh merging
[2026.04.06-01.55.50:193][  0]LogMeshReduction: No distributed automatic mesh merging module available
[2026.04.06-01.55.50:193][  0]LogMeshMerging: No distributed automatic mesh merging module available
[2026.04.06-01.55.50:207][  0]LogNetVersion: CPSC399Game 1.0.0, NetCL: 17155196, EngineNetVer: 17, GameNetVer: 0 (Checksum: 2010562307)
[2026.04.06-01.55.50:545][  0]LogTexture: Default maximum texture size for cubemaps generated from long-lat sources has been changed from 512 to unlimited. In order to preserve old behaiour for '/Engine/MapTemplates/Sky/DaylightAmbientCubemap.DaylightAmbientCubemap', its maximum texture size has been explicitly set to 512.
[2026.04.06-01.55.50:591][  0]LogHMD: PokeAHoleMaterial loaded successfully
[2026.04.06-01.55.50:597][  0]LogUObjectArray: 17178 objects as part of root set at end of initial load.
[2026.04.06-01.55.50:597][  0]LogUObjectAllocator: 4302048 out of 0 bytes used by permanent object pool.
[2026.04.06-01.55.50:597][  0]LogUObjectArray: CloseDisregardForGC: 0/0 objects in disregard for GC pool
[2026.04.06-01.55.50:830][  0]LogNiagaraDebuggerClient: Niagara Debugger Client Initialized | Session: 3F99488F4F9DE4936CA2BEA0F999A3F4 | Instance: 62F0093946F01960159E8D8682DA8538 (DESKTOP-U8PTTJO-27216).
[2026.04.06-01.55.50:862][  0]LogPython: Using Python 3.7.7
[2026.04.06-01.55.51:381][  0]LogTcpMessaging: Initializing TcpMessaging bridge
[2026.04.06-01.55.51:385][  0]LogUdpMessaging: Initializing bridge on interface 0.0.0.0:0 to multicast group 230.0.0.1:6666.
[2026.04.06-01.55.51:505][  0]SourceControl: Source control is disabled
[2026.04.06-01.55.51:505][  0]SourceControl: Source control is disabled
[2026.04.06-01.55.51:507][  0]SourceControl: Source control is disabled
[2026.04.06-01.55.51:512][  0]SourceControl: Source control is disabled
[2026.04.06-01.55.51:528][  0]SourceControl: Source control is disabled
[2026.04.06-01.55.51:533][  0]LogUProjectInfo: Found projects:
[2026.04.06-01.55.51:702][  0]LogOpenImageDenoise: OIDN starting up
[2026.04.06-01.55.51:735][  0]LogAndroidPermission: UAndroidPermissionCallbackProxy::GetInstance
[2026.04.06-01.55.51:754][  0]LogAudioCaptureCore: Display: No Audio Capture implementations found. Audio input will be silent.
[2026.04.06-01.55.51:754][  0]LogAudioCaptureCore: Display: No Audio Capture implementations found. Audio input will be silent.
[2026.04.06-01.55.51:854][  0]LogCollectionManager: Loaded 0 collections in 0.000528 seconds
[2026.04.06-01.55.51:876][  0]LogFileCache: Scanning file cache for directory 'C:/Github/Others/CPSC399_Game/CPSC399Game/Saved/Collections/' took 0.00s
[2026.04.06-01.55.51:876][  0]LogFileCache: Scanning file cache for directory 'C:/Github/Others/CPSC399_Game/CPSC399Game/Content/Developers/aneki/Collections/' took 0.00s
[2026.04.06-01.55.51:876][  0]LogFileCache: Scanning file cache for directory 'C:/Github/Others/CPSC399_Game/CPSC399Game/Content/Collections/' took 0.00s
[2026.04.06-01.55.51:876][  0]LogOcInput: OculusInput pre-init called
[2026.04.06-01.55.52:091][  0]LogEngine: Initializing Engine...
[2026.04.06-01.55.52:093][  0]LogHMD: Failed to enumerate extensions. Please check that you have a valid OpenXR runtime installed.
[2026.04.06-01.55.52:093][  0]LogHMD: Failed to initialize OpenVR with code 110
[2026.04.06-01.55.52:094][  0]LogMagicLeap: Warning: VR disabled because ZI is not enabled.  To enable, in the editor, Edit -> Project Settings -> Plugins -> Magic Leap Plugin -> Enable Zero Iteration
[2026.04.06-01.55.52:094][  0]LogStats: UGameplayTagsManager::InitializeManager -  0.000 s
[2026.04.06-01.55.52:194][  0]LogInit: Initializing FReadOnlyCVARCache
[2026.04.06-01.55.52:203][  0]LogAIModule: Creating AISystem for world Untitled
[2026.04.06-01.55.52:203][  0]LogAudio: Display: Initializing Audio Device Manager...
[2026.04.06-01.55.52:206][  0]LogAudio: Display: Loading Default Audio Settings Objects...
[2026.04.06-01.55.52:207][  0]LogAudio: Display: No default SoundConcurrencyObject specified (or failed to load).
[2026.04.06-01.55.52:207][  0]LogAudio: Display: Audio Device Manager Initialized
[2026.04.06-01.55.52:207][  0]LogAudio: Display: Creating Audio Device:                 Id: 1, Scope: Shared, Realtime: True
[2026.04.06-01.55.52:207][  0]LogAudioMixer: Display: Audio Mixer Platform Settings:
[2026.04.06-01.55.52:207][  0]LogAudioMixer: Display: 	Sample Rate:						  48000
[2026.04.06-01.55.52:207][  0]LogAudioMixer: Display: 	Callback Buffer Frame Size Requested: 1024
[2026.04.06-01.55.52:207][  0]LogAudioMixer: Display: 	Callback Buffer Frame Size To Use:	  1024
[2026.04.06-01.55.52:207][  0]LogAudioMixer: Display: 	Number of buffers to queue:			  2
[2026.04.06-01.55.52:207][  0]LogAudioMixer: Display: 	Max Channels (voices):				  32
[2026.04.06-01.55.52:207][  0]LogAudioMixer: Display: 	Number of Async Source Workers:		  0
[2026.04.06-01.55.52:207][  0]LogAudio: Display: AudioDevice MaxSources: 32
[2026.04.06-01.55.52:207][  0]LogAudio: Display: Audio Spatialization Plugin: None (built-in).
[2026.04.06-01.55.52:207][  0]LogAudio: Display: Audio Reverb Plugin: None (built-in).
[2026.04.06-01.55.52:207][  0]LogAudio: Display: Audio Occlusion Plugin: None (built-in).
[2026.04.06-01.55.52:207][  0]LogAudioMixer: Display: Initializing audio mixer.
[2026.04.06-01.55.52:217][  0]LogAudioMixer: Display: 0: FrontLeft
[2026.04.06-01.55.52:217][  0]LogAudioMixer: Display: 1: FrontRight
[2026.04.06-01.55.52:217][  0]LogAudioMixer: Display: 2: FrontCenter
[2026.04.06-01.55.52:217][  0]LogAudioMixer: Display: 3: LowFrequency
[2026.04.06-01.55.52:217][  0]LogAudioMixer: Display: 4: BackLeft
[2026.04.06-01.55.52:217][  0]LogAudioMixer: Display: 5: BackRight
[2026.04.06-01.55.52:217][  0]LogAudioMixer: Display: 6: SideLeft
[2026.04.06-01.55.52:217][  0]LogAudioMixer: Display: 7: SideRight
[2026.04.06-01.55.52:235][  0]LogAudioMixer: Display: Using Audio Device Speakers (Logitech G733 Gaming Headset)
[2026.04.06-01.55.52:238][  0]LogAudioMixer: Display: Initializing Sound Submixes...
[2026.04.06-01.55.52:241][  0]LogAudioMixer: Display: Creating Master Submix 'MasterSubmixDefault'
[2026.04.06-01.55.52:241][  0]LogAudioMixer: Display: Creating Master Submix 'MasterReverbSubmixDefault'
[2026.04.06-01.55.52:242][  0]LogAudioMixer: Display: Creating Master Submix 'MasterEQSubmixDefault'
[2026.04.06-01.55.52:242][  0]LogAudioMixer: FMixerPlatformXAudio2::StartAudioStream() called
[2026.04.06-01.55.52:242][  0]LogAudioMixer: Display: Output buffers initialized: Frames=1024, Channels=8, Samples=8192
[2026.04.06-01.55.52:243][  0]LogAudioMixer: Display: Starting AudioMixerPlatformInterface::RunInternal()
[2026.04.06-01.55.52:243][  0]LogAudioMixer: Display: FMixerPlatformXAudio2::SubmitBuffer() called for the first time
[2026.04.06-01.55.52:243][  0]LogInit: FAudioDevice initialized.
[2026.04.06-01.55.52:243][  0]LogAudio: Display: Audio Device (ID: 1) registered with world 'Untitled'.
[2026.04.06-01.55.52:243][  0]LogNetVersion: Set ProjectVersion to 1.0.0.0. Version Checksum will be recalculated on next use.
[2026.04.06-01.55.52:286][  0]LogDerivedDataCache: Saved boot cache 0.04s 94MB C:/Users/aneki/AppData/Local/UnrealEngine/4.27/DerivedDataCache/Boot.ddc.
[2026.04.06-01.55.52:287][  0]LogInit: Texture streaming: Enabled
[2026.04.06-01.55.52:298][  0]LogAnalytics: Display: [UEEditor.Rocket.Release] APIServer = https://datarouter.ol.epicgames.com/. AppVersion = 4.27.2-18319896+++UE4+Release-4.27
[2026.04.06-01.55.52:300][  0]LogEngineSessionManager: EngineSessionManager initialized
[2026.04.06-01.55.52:301][  0]LogEditorSessionSummary: Verbose: Initializing EditorSessionSummaryWriter for editor session tracking
[2026.04.06-01.55.52:302][  0]LogEditorSessionSummary: EditorSessionSummaryWriter initialized
[2026.04.06-01.55.52:327][  0]LogInit: Transaction tracking system initialized
[2026.04.06-01.55.52:345][  0]BlueprintLog: New page: Editor Load
[2026.04.06-01.55.52:396][  0]LocalizationService: Localization service is disabled
[2026.04.06-01.55.52:417][  0]TimingProfiler: Initialize
[2026.04.06-01.55.52:418][  0]TimingProfiler: OnSessionChanged
[2026.04.06-01.55.52:418][  0]LoadingProfiler: Initialize
[2026.04.06-01.55.52:418][  0]LoadingProfiler: OnSessionChanged
[2026.04.06-01.55.52:418][  0]NetworkingProfiler: Initialize
[2026.04.06-01.55.52:418][  0]NetworkingProfiler: OnSessionChanged
[2026.04.06-01.55.52:418][  0]MemoryProfiler: Initialize
[2026.04.06-01.55.52:418][  0]MemoryProfiler: OnSessionChanged
[2026.04.06-01.55.52:534][  0]LogCook: Display: CookSettings for Memory: MemoryMaxUsedVirtual 0MiB, MemoryMaxUsedPhysical 16384MiB, MemoryMinFreeVirtual 0MiB, MemoryMinFreePhysical 1024MiB
[2026.04.06-01.55.52:534][  0]LogCook: Display: Mobile HDR setting 1
[2026.04.06-01.55.52:689][  0]LogFileCache: Scanning file cache for directory 'C:/Github/Others/CPSC399_Game/CPSC399Game/Content/' took 0.00s
[2026.04.06-01.55.52:858][  0]LogInit: Display: Engine is initialized. Leaving FEngineLoop::Init()
[2026.04.06-01.55.52:861][  0]SourceControl: Source control is disabled
[2026.04.06-01.55.52:861][  0]LogUnrealEdMisc: Loading editor; pre map load, took 6.127
[2026.04.06-01.55.52:861][  0]Cmd: MAP LOAD FILE="C:/Github/Others/CPSC399_Game/CPSC399Game/Content/ThirdPersonBP/Maps/ThirdPersonExampleMap.umap" TEMPLATE=0 SHOWPROGRESS=1 FEATURELEVEL=3
[2026.04.06-01.55.52:861][  0]LightingResults: New page: Lighting Build
[2026.04.06-01.55.52:863][  0]LogWorld: UWorld::CleanupWorld for Untitled, bSessionEnded=true, bCleanupResources=true
[2026.04.06-01.55.52:863][  0]LogSlate: InvalidateAllWidgets triggered.  All widgets were invalidated
[2026.04.06-01.55.52:863][  0]MapCheck: New page: Map Check
[2026.04.06-01.55.52:863][  0]LightingResults: New page: Lighting Build
[2026.04.06-01.55.52:866][  0]LogAudio: Display: Audio Device unregistered from world 'None'.
[2026.04.06-01.55.52:868][  0]LogUObjectHash: Compacting FUObjectHashTables data took   0.75ms
[2026.04.06-01.55.53:080][  0]LogAudio: Display: Audio Device (ID: 1) registered with world 'ThirdPersonExampleMap'.
[2026.04.06-01.55.53:080][  0]LogAIModule: Creating AISystem for world ThirdPersonExampleMap
[2026.04.06-01.55.53:092][  0]LogEditorServer: Finished looking for orphan Actors (0.000 secs)
[2026.04.06-01.55.53:099][  0]LogUObjectHash: Compacting FUObjectHashTables data took   0.75ms
[2026.04.06-01.55.53:099][  0]Cmd: MAP CHECKDEP NOCLEARLOG
[2026.04.06-01.55.53:099][  0]MapCheck: Map check complete: 0 Error(s), 0 Warning(s), took 0.152ms to complete.
[2026.04.06-01.55.53:099][  0]LogFileHelpers: Loading map 'ThirdPersonExampleMap' took 0.238
[2026.04.06-01.55.53:101][  0]LogUnrealEdMisc: Total Editor Startup Time, took 6.367
[2026.04.06-01.55.53:194][  0]LogSlate: Updating window title bar state: overlay mode, drag disabled, window buttons hidden, title bar hidden
[2026.04.06-01.55.53:199][  0]LogSlate: Updating window title bar state: overlay mode, drag disabled, window buttons hidden, title bar hidden
[2026.04.06-01.55.53:204][  0]LogSlate: Updating window title bar state: overlay mode, drag disabled, window buttons hidden, title bar hidden
[2026.04.06-01.55.53:209][  0]LogSlate: Updating window title bar state: overlay mode, drag disabled, window buttons hidden, title bar hidden
[2026.04.06-01.55.53:221][  0]LogNativeClassHierarchy: Verbose: Native class hierarchy populated in 0.0086 seconds. Added 3822 classes and 928 folders.
[2026.04.06-01.55.53:223][  0]LogNativeClassHierarchy: Verbose: Native class hierarchy updated for 'WidgetCarousel' in 0.0003 seconds. Added 0 classes and 0 folders.
[2026.04.06-01.55.53:224][  0]LogPakFile: PakFile PrimaryIndexSize=187
[2026.04.06-01.55.53:225][  0]LogPakFile: PakFile PathHashIndexSize=101
[2026.04.06-01.55.53:225][  0]LogPakFile: PakFile FullDirectoryIndexSize=148
[2026.04.06-01.55.53:225][  0]LogShaderLibrary: Display: ShaderCodeLibraryPakFileMountedCallback: PakFile 'F:/Unreal Engine/UE_4.27/FeaturePacks/FP_FirstPerson.upack' (chunk index -1, root 'root:/') mounted
[2026.04.06-01.55.53:225][  0]LogShaderLibrary: Display: ShaderCodeLibraryPakFileMountedCallback: pending pak file info (ChunkID:-1 Root:root:/ File:F:/Unreal Engine/UE_4.27/FeaturePacks/FP_FirstPerson.upack)
[2026.04.06-01.55.53:225][  0]LogPakFile: OnPakFileMounted2Time == 0.000048
[2026.04.06-01.55.53:225][  0]LogPakFile: PakFile PrimaryIndexSize=189
[2026.04.06-01.55.53:225][  0]LogPakFile: PakFile PathHashIndexSize=101
[2026.04.06-01.55.53:225][  0]LogPakFile: PakFile FullDirectoryIndexSize=152
[2026.04.06-01.55.53:225][  0]LogShaderLibrary: Display: ShaderCodeLibraryPakFileMountedCallback: PakFile 'F:/Unreal Engine/UE_4.27/FeaturePacks/FP_FirstPersonBP.upack' (chunk index -1, root 'root:/') mounted
[2026.04.06-01.55.53:225][  0]LogShaderLibrary: Display: ShaderCodeLibraryPakFileMountedCallback: pending pak file info (ChunkID:-1 Root:root:/ File:F:/Unreal Engine/UE_4.27/FeaturePacks/FP_FirstPersonBP.upack)
[2026.04.06-01.55.53:225][  0]LogPakFile: OnPakFileMounted2Time == 0.000031
[2026.04.06-01.55.53:226][  0]LogPakFile: PakFile PrimaryIndexSize=191
[2026.04.06-01.55.53:226][  0]LogPakFile: PakFile PathHashIndexSize=101
[2026.04.06-01.55.53:226][  0]LogPakFile: PakFile FullDirectoryIndexSize=160
[2026.04.06-01.55.53:226][  0]LogShaderLibrary: Display: ShaderCodeLibraryPakFileMountedCallback: PakFile 'F:/Unreal Engine/UE_4.27/FeaturePacks/MobileStarterContent.upack' (chunk index -1, root 'root:/') mounted
[2026.04.06-01.55.53:226][  0]LogShaderLibrary: Display: ShaderCodeLibraryPakFileMountedCallback: pending pak file info (ChunkID:-1 Root:root:/ File:F:/Unreal Engine/UE_4.27/FeaturePacks/MobileStarterContent.upack)
[2026.04.06-01.55.53:226][  0]LogPakFile: OnPakFileMounted2Time == 0.000025
[2026.04.06-01.55.53:226][  0]LogPakFile: PakFile PrimaryIndexSize=185
[2026.04.06-01.55.53:226][  0]LogPakFile: PakFile PathHashIndexSize=101
[2026.04.06-01.55.53:226][  0]LogPakFile: PakFile FullDirectoryIndexSize=148
[2026.04.06-01.55.53:226][  0]LogShaderLibrary: Display: ShaderCodeLibraryPakFileMountedCallback: PakFile 'F:/Unreal Engine/UE_4.27/FeaturePacks/StarterContent.upack' (chunk index -1, root 'root:/') mounted
[2026.04.06-01.55.53:226][  0]LogShaderLibrary: Display: ShaderCodeLibraryPakFileMountedCallback: pending pak file info (ChunkID:-1 Root:root:/ File:F:/Unreal Engine/UE_4.27/FeaturePacks/StarterContent.upack)
[2026.04.06-01.55.53:226][  0]LogPakFile: OnPakFileMounted2Time == 0.000025
[2026.04.06-01.55.53:227][  0]LogPakFile: PakFile PrimaryIndexSize=190
[2026.04.06-01.55.53:227][  0]LogPakFile: PakFile PathHashIndexSize=101
[2026.04.06-01.55.53:227][  0]LogPakFile: PakFile FullDirectoryIndexSize=154
[2026.04.06-01.55.53:227][  0]LogShaderLibrary: Display: ShaderCodeLibraryPakFileMountedCallback: PakFile 'F:/Unreal Engine/UE_4.27/FeaturePacks/TP_2DSideScroller.upack' (chunk index -1, root 'root:/') mounted
[2026.04.06-01.55.53:227][  0]LogShaderLibrary: Display: ShaderCodeLibraryPakFileMountedCallback: pending pak file info (ChunkID:-1 Root:root:/ File:F:/Unreal Engine/UE_4.27/FeaturePacks/TP_2DSideScroller.upack)
[2026.04.06-01.55.53:227][  0]LogPakFile: OnPakFileMounted2Time == 0.000025
[2026.04.06-01.55.53:227][  0]LogPakFile: PakFile PrimaryIndexSize=192
[2026.04.06-01.55.53:227][  0]LogPakFile: PakFile PathHashIndexSize=101
[2026.04.06-01.55.53:227][  0]LogPakFile: PakFile FullDirectoryIndexSize=158
[2026.04.06-01.55.53:227][  0]LogShaderLibrary: Display: ShaderCodeLibraryPakFileMountedCallback: PakFile 'F:/Unreal Engine/UE_4.27/FeaturePacks/TP_2DSideScrollerBP.upack' (chunk index -1, root 'root:/') mounted
[2026.04.06-01.55.53:227][  0]LogShaderLibrary: Display: ShaderCodeLibraryPakFileMountedCallback: pending pak file info (ChunkID:-1 Root:root:/ File:F:/Unreal Engine/UE_4.27/FeaturePacks/TP_2DSideScrollerBP.upack)
[2026.04.06-01.55.53:227][  0]LogPakFile: OnPakFileMounted2Time == 0.000023
[2026.04.06-01.55.53:227][  0]LogPakFile: PakFile PrimaryIndexSize=182
[2026.04.06-01.55.53:227][  0]LogPakFile: PakFile PathHashIndexSize=101
[2026.04.06-01.55.53:227][  0]LogPakFile: PakFile FullDirectoryIndexSize=138
[2026.04.06-01.55.53:227][  0]LogShaderLibrary: Display: ShaderCodeLibraryPakFileMountedCallback: PakFile 'F:/Unreal Engine/UE_4.27/FeaturePacks/TP_Flying.upack' (chunk index -1, root 'root:/') mounted
[2026.04.06-01.55.53:227][  0]LogShaderLibrary: Display: ShaderCodeLibraryPakFileMountedCallback: pending pak file info (ChunkID:-1 Root:root:/ File:F:/Unreal Engine/UE_4.27/FeaturePacks/TP_Flying.upack)
[2026.04.06-01.55.53:227][  0]LogPakFile: OnPakFileMounted2Time == 0.000024
[2026.04.06-01.55.53:229][  0]LogPakFile: PakFile PrimaryIndexSize=184
[2026.04.06-01.55.53:229][  0]LogPakFile: PakFile PathHashIndexSize=101
[2026.04.06-01.55.53:229][  0]LogPakFile: PakFile FullDirectoryIndexSize=142
[2026.04.06-01.55.53:229][  0]LogShaderLibrary: Display: ShaderCodeLibraryPakFileMountedCallback: PakFile 'F:/Unreal Engine/UE_4.27/FeaturePacks/TP_FlyingBP.upack' (chunk index -1, root 'root:/') mounted
[2026.04.06-01.55.53:229][  0]LogShaderLibrary: Display: ShaderCodeLibraryPakFileMountedCallback: pending pak file info (ChunkID:-1 Root:root:/ File:F:/Unreal Engine/UE_4.27/FeaturePacks/TP_FlyingBP.upack)
[2026.04.06-01.55.53:229][  0]LogPakFile: OnPakFileMounted2Time == 0.000028
[2026.04.06-01.55.53:230][  0]LogPakFile: PakFile PrimaryIndexSize=188
[2026.04.06-01.55.53:230][  0]LogPakFile: PakFile PathHashIndexSize=101
[2026.04.06-01.55.53:230][  0]LogPakFile: PakFile FullDirectoryIndexSize=150
[2026.04.06-01.55.53:230][  0]LogShaderLibrary: Display: ShaderCodeLibraryPakFileMountedCallback: PakFile 'F:/Unreal Engine/UE_4.27/FeaturePacks/TP_HandheldARBP.upack' (chunk index -1, root 'root:/') mounted
[2026.04.06-01.55.53:230][  0]LogShaderLibrary: Display: ShaderCodeLibraryPakFileMountedCallback: pending pak file info (ChunkID:-1 Root:root:/ File:F:/Unreal Engine/UE_4.27/FeaturePacks/TP_HandheldARBP.upack)
[2026.04.06-01.55.53:230][  0]LogPakFile: OnPakFileMounted2Time == 0.000023
[2026.04.06-01.55.53:230][  0]LogPakFile: PakFile PrimaryIndexSize=182
[2026.04.06-01.55.53:230][  0]LogPakFile: PakFile PathHashIndexSize=101
[2026.04.06-01.55.53:230][  0]LogPakFile: PakFile FullDirectoryIndexSize=138
[2026.04.06-01.55.53:230][  0]LogShaderLibrary: Display: ShaderCodeLibraryPakFileMountedCallback: PakFile 'F:/Unreal Engine/UE_4.27/FeaturePacks/TP_Puzzle.upack' (chunk index -1, root 'root:/') mounted
[2026.04.06-01.55.53:230][  0]LogShaderLibrary: Display: ShaderCodeLibraryPakFileMountedCallback: pending pak file info (ChunkID:-1 Root:root:/ File:F:/Unreal Engine/UE_4.27/FeaturePacks/TP_Puzzle.upack)
[2026.04.06-01.55.53:230][  0]LogPakFile: OnPakFileMounted2Time == 0.000037
[2026.04.06-01.55.53:231][  0]LogPakFile: PakFile PrimaryIndexSize=184
[2026.04.06-01.55.53:231][  0]LogPakFile: PakFile PathHashIndexSize=101
[2026.04.06-01.55.53:231][  0]LogPakFile: PakFile FullDirectoryIndexSize=142
[2026.04.06-01.55.53:231][  0]LogShaderLibrary: Display: ShaderCodeLibraryPakFileMountedCallback: PakFile 'F:/Unreal Engine/UE_4.27/FeaturePacks/TP_PuzzleBP.upack' (chunk index -1, root 'root:/') mounted
[2026.04.06-01.55.53:231][  0]LogShaderLibrary: Display: ShaderCodeLibraryPakFileMountedCallback: pending pak file info (ChunkID:-1 Root:root:/ File:F:/Unreal Engine/UE_4.27/FeaturePacks/TP_PuzzleBP.upack)
[2026.04.06-01.55.53:231][  0]LogPakFile: OnPakFileMounted2Time == 0.000023
[2026.04.06-01.55.53:231][  0]LogPakFile: PakFile PrimaryIndexSize=183
[2026.04.06-01.55.53:231][  0]LogPakFile: PakFile PathHashIndexSize=101
[2026.04.06-01.55.53:231][  0]LogPakFile: PakFile FullDirectoryIndexSize=140
[2026.04.06-01.55.53:231][  0]LogShaderLibrary: Display: ShaderCodeLibraryPakFileMountedCallback: PakFile 'F:/Unreal Engine/UE_4.27/FeaturePacks/TP_Rolling.upack' (chunk index -1, root 'root:/') mounted
[2026.04.06-01.55.53:231][  0]LogShaderLibrary: Display: ShaderCodeLibraryPakFileMountedCallback: pending pak file info (ChunkID:-1 Root:root:/ File:F:/Unreal Engine/UE_4.27/FeaturePacks/TP_Rolling.upack)
[2026.04.06-01.55.53:232][  0]LogPakFile: OnPakFileMounted2Time == 0.000035
[2026.04.06-01.55.53:232][  0]LogPakFile: PakFile PrimaryIndexSize=185
[2026.04.06-01.55.53:232][  0]LogPakFile: PakFile PathHashIndexSize=101
[2026.04.06-01.55.53:232][  0]LogPakFile: PakFile FullDirectoryIndexSize=144
[2026.04.06-01.55.53:232][  0]LogShaderLibrary: Display: ShaderCodeLibraryPakFileMountedCallback: PakFile 'F:/Unreal Engine/UE_4.27/FeaturePacks/TP_RollingBP.upack' (chunk index -1, root 'root:/') mounted
[2026.04.06-01.55.53:232][  0]LogShaderLibrary: Display: ShaderCodeLibraryPakFileMountedCallback: pending pak file info (ChunkID:-1 Root:root:/ File:F:/Unreal Engine/UE_4.27/FeaturePacks/TP_RollingBP.upack)
[2026.04.06-01.55.53:232][  0]LogPakFile: OnPakFileMounted2Time == 0.000022
[2026.04.06-01.55.53:232][  0]LogPakFile: PakFile PrimaryIndexSize=188
[2026.04.06-01.55.53:232][  0]LogPakFile: PakFile PathHashIndexSize=101
[2026.04.06-01.55.53:233][  0]LogPakFile: PakFile FullDirectoryIndexSize=150
[2026.04.06-01.55.53:233][  0]LogShaderLibrary: Display: ShaderCodeLibraryPakFileMountedCallback: PakFile 'F:/Unreal Engine/UE_4.27/FeaturePacks/TP_SideScroller.upack' (chunk index -1, root 'root:/') mounted
[2026.04.06-01.55.53:233][  0]LogShaderLibrary: Display: ShaderCodeLibraryPakFileMountedCallback: pending pak file info (ChunkID:-1 Root:root:/ File:F:/Unreal Engine/UE_4.27/FeaturePacks/TP_SideScroller.upack)
[2026.04.06-01.55.53:233][  0]LogPakFile: OnPakFileMounted2Time == 0.000023
[2026.04.06-01.55.53:233][  0]LogPakFile: PakFile PrimaryIndexSize=190
[2026.04.06-01.55.53:233][  0]LogPakFile: PakFile PathHashIndexSize=101
[2026.04.06-01.55.53:233][  0]LogPakFile: PakFile FullDirectoryIndexSize=154
[2026.04.06-01.55.53:233][  0]LogShaderLibrary: Display: ShaderCodeLibraryPakFileMountedCallback: PakFile 'F:/Unreal Engine/UE_4.27/FeaturePacks/TP_SideScrollerBP.upack' (chunk index -1, root 'root:/') mounted
[2026.04.06-01.55.53:233][  0]LogShaderLibrary: Display: ShaderCodeLibraryPakFileMountedCallback: pending pak file info (ChunkID:-1 Root:root:/ File:F:/Unreal Engine/UE_4.27/FeaturePacks/TP_SideScrollerBP.upack)
[2026.04.06-01.55.53:233][  0]LogPakFile: OnPakFileMounted2Time == 0.000022
[2026.04.06-01.55.53:233][  0]LogPakFile: PakFile PrimaryIndexSize=187
[2026.04.06-01.55.53:233][  0]LogPakFile: PakFile PathHashIndexSize=101
[2026.04.06-01.55.53:233][  0]LogPakFile: PakFile FullDirectoryIndexSize=148
[2026.04.06-01.55.53:234][  0]LogShaderLibrary: Display: ShaderCodeLibraryPakFileMountedCallback: PakFile 'F:/Unreal Engine/UE_4.27/FeaturePacks/TP_ThirdPerson.upack' (chunk index -1, root 'root:/') mounted
[2026.04.06-01.55.53:234][  0]LogShaderLibrary: Display: ShaderCodeLibraryPakFileMountedCallback: pending pak file info (ChunkID:-1 Root:root:/ File:F:/Unreal Engine/UE_4.27/FeaturePacks/TP_ThirdPerson.upack)
[2026.04.06-01.55.53:234][  0]LogPakFile: OnPakFileMounted2Time == 0.000024
[2026.04.06-01.55.53:234][  0]LogPakFile: PakFile PrimaryIndexSize=189
[2026.04.06-01.55.53:234][  0]LogPakFile: PakFile PathHashIndexSize=101
[2026.04.06-01.55.53:234][  0]LogPakFile: PakFile FullDirectoryIndexSize=152
[2026.04.06-01.55.53:234][  0]LogShaderLibrary: Display: ShaderCodeLibraryPakFileMountedCallback: PakFile 'F:/Unreal Engine/UE_4.27/FeaturePacks/TP_ThirdPersonBP.upack' (chunk index -1, root 'root:/') mounted
[2026.04.06-01.55.53:234][  0]LogShaderLibrary: Display: ShaderCodeLibraryPakFileMountedCallback: pending pak file info (ChunkID:-1 Root:root:/ File:F:/Unreal Engine/UE_4.27/FeaturePacks/TP_ThirdPersonBP.upack)
[2026.04.06-01.55.53:234][  0]LogPakFile: OnPakFileMounted2Time == 0.000022
[2026.04.06-01.55.53:234][  0]LogPakFile: PakFile PrimaryIndexSize=183
[2026.04.06-01.55.53:235][  0]LogPakFile: PakFile PathHashIndexSize=101
[2026.04.06-01.55.53:235][  0]LogPakFile: PakFile FullDirectoryIndexSize=140
[2026.04.06-01.55.53:235][  0]LogShaderLibrary: Display: ShaderCodeLibraryPakFileMountedCallback: PakFile 'F:/Unreal Engine/UE_4.27/FeaturePacks/TP_TopDown.upack' (chunk index -1, root 'root:/') mounted
[2026.04.06-01.55.53:235][  0]LogShaderLibrary: Display: ShaderCodeLibraryPakFileMountedCallback: pending pak file info (ChunkID:-1 Root:root:/ File:F:/Unreal Engine/UE_4.27/FeaturePacks/TP_TopDown.upack)
[2026.04.06-01.55.53:235][  0]LogPakFile: OnPakFileMounted2Time == 0.000028
[2026.04.06-01.55.53:235][  0]LogPakFile: PakFile PrimaryIndexSize=185
[2026.04.06-01.55.53:235][  0]LogPakFile: PakFile PathHashIndexSize=101
[2026.04.06-01.55.53:235][  0]LogPakFile: PakFile FullDirectoryIndexSize=144
[2026.04.06-01.55.53:235][  0]LogShaderLibrary: Display: ShaderCodeLibraryPakFileMountedCallback: PakFile 'F:/Unreal Engine/UE_4.27/FeaturePacks/TP_TopDownBP.upack' (chunk index -1, root 'root:/') mounted
[2026.04.06-01.55.53:235][  0]LogShaderLibrary: Display: ShaderCodeLibraryPakFileMountedCallback: pending pak file info (ChunkID:-1 Root:root:/ File:F:/Unreal Engine/UE_4.27/FeaturePacks/TP_TopDownBP.upack)
[2026.04.06-01.55.53:235][  0]LogPakFile: OnPakFileMounted2Time == 0.000022
[2026.04.06-01.55.53:235][  0]LogPakFile: PakFile PrimaryIndexSize=185
[2026.04.06-01.55.53:236][  0]LogPakFile: PakFile PathHashIndexSize=101
[2026.04.06-01.55.53:236][  0]LogPakFile: PakFile FullDirectoryIndexSize=144
[2026.04.06-01.55.53:236][  0]LogShaderLibrary: Display: ShaderCodeLibraryPakFileMountedCallback: PakFile 'F:/Unreal Engine/UE_4.27/FeaturePacks/TP_TwinStick.upack' (chunk index -1, root 'root:/') mounted
[2026.04.06-01.55.53:236][  0]LogShaderLibrary: Display: ShaderCodeLibraryPakFileMountedCallback: pending pak file info (ChunkID:-1 Root:root:/ File:F:/Unreal Engine/UE_4.27/FeaturePacks/TP_TwinStick.upack)
[2026.04.06-01.55.53:236][  0]LogPakFile: OnPakFileMounted2Time == 0.000022
[2026.04.06-01.55.53:236][  0]LogPakFile: PakFile PrimaryIndexSize=187
[2026.04.06-01.55.53:236][  0]LogPakFile: PakFile PathHashIndexSize=101
[2026.04.06-01.55.53:236][  0]LogPakFile: PakFile FullDirectoryIndexSize=148
[2026.04.06-01.55.53:236][  0]LogShaderLibrary: Display: ShaderCodeLibraryPakFileMountedCallback: PakFile 'F:/Unreal Engine/UE_4.27/FeaturePacks/TP_TwinStickBP.upack' (chunk index -1, root 'root:/') mounted
[2026.04.06-01.55.53:236][  0]LogShaderLibrary: Display: ShaderCodeLibraryPakFileMountedCallback: pending pak file info (ChunkID:-1 Root:root:/ File:F:/Unreal Engine/UE_4.27/FeaturePacks/TP_TwinStickBP.upack)
[2026.04.06-01.55.53:236][  0]LogPakFile: OnPakFileMounted2Time == 0.000022
[2026.04.06-01.55.53:236][  0]LogPakFile: PakFile PrimaryIndexSize=183
[2026.04.06-01.55.53:237][  0]LogPakFile: PakFile PathHashIndexSize=101
[2026.04.06-01.55.53:237][  0]LogPakFile: PakFile FullDirectoryIndexSize=140
[2026.04.06-01.55.53:237][  0]LogShaderLibrary: Display: ShaderCodeLibraryPakFileMountedCallback: PakFile 'F:/Unreal Engine/UE_4.27/FeaturePacks/TP_Vehicle.upack' (chunk index -1, root 'root:/') mounted
[2026.04.06-01.55.53:237][  0]LogShaderLibrary: Display: ShaderCodeLibraryPakFileMountedCallback: pending pak file info (ChunkID:-1 Root:root:/ File:F:/Unreal Engine/UE_4.27/FeaturePacks/TP_Vehicle.upack)
[2026.04.06-01.55.53:237][  0]LogPakFile: OnPakFileMounted2Time == 0.000034
[2026.04.06-01.55.53:237][  0]LogPakFile: PakFile PrimaryIndexSize=186
[2026.04.06-01.55.53:237][  0]LogPakFile: PakFile PathHashIndexSize=101
[2026.04.06-01.55.53:237][  0]LogPakFile: PakFile FullDirectoryIndexSize=146
[2026.04.06-01.55.53:237][  0]LogShaderLibrary: Display: ShaderCodeLibraryPakFileMountedCallback: PakFile 'F:/Unreal Engine/UE_4.27/FeaturePacks/TP_VehicleAdv.upack' (chunk index -1, root 'root:/') mounted
[2026.04.06-01.55.53:237][  0]LogShaderLibrary: Display: ShaderCodeLibraryPakFileMountedCallback: pending pak file info (ChunkID:-1 Root:root:/ File:F:/Unreal Engine/UE_4.27/FeaturePacks/TP_VehicleAdv.upack)
[2026.04.06-01.55.53:237][  0]LogPakFile: OnPakFileMounted2Time == 0.000023
[2026.04.06-01.55.53:237][  0]LogPakFile: PakFile PrimaryIndexSize=188
[2026.04.06-01.55.53:237][  0]LogPakFile: PakFile PathHashIndexSize=101
[2026.04.06-01.55.53:237][  0]LogPakFile: PakFile FullDirectoryIndexSize=150
[2026.04.06-01.55.53:237][  0]LogShaderLibrary: Display: ShaderCodeLibraryPakFileMountedCallback: PakFile 'F:/Unreal Engine/UE_4.27/FeaturePacks/TP_VehicleAdvBP.upack' (chunk index -1, root 'root:/') mounted
[2026.04.06-01.55.53:237][  0]LogShaderLibrary: Display: ShaderCodeLibraryPakFileMountedCallback: pending pak file info (ChunkID:-1 Root:root:/ File:F:/Unreal Engine/UE_4.27/FeaturePacks/TP_VehicleAdvBP.upack)
[2026.04.06-01.55.53:237][  0]LogPakFile: OnPakFileMounted2Time == 0.000023
[2026.04.06-01.55.53:238][  0]LogPakFile: PakFile PrimaryIndexSize=185
[2026.04.06-01.55.53:238][  0]LogPakFile: PakFile PathHashIndexSize=101
[2026.04.06-01.55.53:238][  0]LogPakFile: PakFile FullDirectoryIndexSize=144
[2026.04.06-01.55.53:238][  0]LogShaderLibrary: Display: ShaderCodeLibraryPakFileMountedCallback: PakFile 'F:/Unreal Engine/UE_4.27/FeaturePacks/TP_VehicleBP.upack' (chunk index -1, root 'root:/') mounted
[2026.04.06-01.55.53:238][  0]LogShaderLibrary: Display: ShaderCodeLibraryPakFileMountedCallback: pending pak file info (ChunkID:-1 Root:root:/ File:F:/Unreal Engine/UE_4.27/FeaturePacks/TP_VehicleBP.upack)
[2026.04.06-01.55.53:238][  0]LogPakFile: OnPakFileMounted2Time == 0.000026
[2026.04.06-01.55.53:238][  0]LogPakFile: PakFile PrimaryIndexSize=192
[2026.04.06-01.55.53:238][  0]LogPakFile: PakFile PathHashIndexSize=101
[2026.04.06-01.55.53:238][  0]LogPakFile: PakFile FullDirectoryIndexSize=158
[2026.04.06-01.55.53:238][  0]LogShaderLibrary: Display: ShaderCodeLibraryPakFileMountedCallback: PakFile 'F:/Unreal Engine/UE_4.27/FeaturePacks/TP_VirtualRealityBP.upack' (chunk index -1, root 'root:/') mounted
[2026.04.06-01.55.53:238][  0]LogShaderLibrary: Display: ShaderCodeLibraryPakFileMountedCallback: pending pak file info (ChunkID:-1 Root:root:/ File:F:/Unreal Engine/UE_4.27/FeaturePacks/TP_VirtualRealityBP.upack)
[2026.04.06-01.55.53:238][  0]LogPakFile: OnPakFileMounted2Time == 0.000022
[2026.04.06-01.55.53:297][  0]LogNativeClassHierarchy: Verbose: Native class hierarchy updated for 'AddContentDialog' in 0.0003 seconds. Added 0 classes and 0 folders.
[2026.04.06-01.55.53:298][  0]LogNativeClassHierarchy: Verbose: Native class hierarchy updated for 'SceneOutliner' in 0.0002 seconds. Added 2 classes and 0 folders.
[2026.04.06-01.55.53:321][  0]LogSlate: Took 0.000252 seconds to synchronously load lazily loaded font '../../../Engine/Content/Slate/Fonts/Roboto-Regular.ttf' (155K)
[2026.04.06-01.55.53:322][  0]LogSlate: Took 0.000219 seconds to synchronously load lazily loaded font '../../../Engine/Content/Editor/Slate/Fonts/FontAwesome.ttf' (139K)
[2026.04.06-01.55.53:323][  0]LogSlate: Took 0.000185 seconds to synchronously load lazily loaded font '../../../Engine/Content/Slate/Fonts/Roboto-Bold.ttf' (160K)
[2026.04.06-01.55.53:388][  0]LogRenderer: Reallocating scene render targets to support 1076x624 Format 10 NumSamples 1 (Frame:1).
[2026.04.06-01.55.53:469][  0]LogNativeClassHierarchy: Verbose: Native class hierarchy updated for 'HierarchicalLODOutliner' in 0.0003 seconds. Added 0 classes and 0 folders.
[2026.04.06-01.55.53:469][  0]LogInput: Warning: Action Jump uses invalid key OculusGo_Left_Trigger_Click.
[2026.04.06-01.55.53:469][  0]LogInput: Warning: Action ResetVR uses invalid key OculusGo_Left_Trackpad_Click.
[2026.04.06-01.55.53:469][  0]LogInput: Warning: Use -RemoveInvalidKeys to remove instances of these keys from the action mapping.
[2026.04.06-01.55.53:469][  0]LogLoad: (Engine Initialization) Total time: 6.73 seconds
[2026.04.06-01.55.53:469][  0]LogLoad: (Engine Initialization) Total Blueprint compile time: 0.00 seconds
[2026.04.06-01.55.53:505][  0]LogAssetRegistry: Asset discovery search completed in 3.6291 seconds
[2026.04.06-01.55.53:511][  0]LogCollectionManager: Fixed up redirectors for 0 collections in 0.000003 seconds (updated 0 objects)
[2026.04.06-01.55.53:512][  0]LogContentStreaming: Texture pool size now 1000 MB
[2026.04.06-01.55.53:599][  4]LogSlate: Took 0.000406 seconds to synchronously load lazily loaded font '../../../Engine/Content/Slate/Fonts/Roboto-Light.ttf' (167K)
[2026.04.06-01.55.54:485][ 99]LogSlate: Took 0.000240 seconds to synchronously load lazily loaded font '../../../Engine/Content/Slate/Fonts/Roboto-Light.ttf' (167K)
[2026.04.06-01.56.02:555][ 12]LogUObjectHash: Compacting FUObjectHashTables data took   0.55ms
[2026.04.06-01.56.02:611][ 12]LogAssetEditorSubsystem: Opening Asset editor for World /Game/ThirdPersonBP/Maps/Map1.Map1
[2026.04.06-01.56.02:611][ 12]Cmd: MAP LOAD FILE="C:/Github/Others/CPSC399_Game/CPSC399Game/Content/ThirdPersonBP/Maps/Map1.umap" TEMPLATE=0 SHOWPROGRESS=1 FEATURELEVEL=3
[2026.04.06-01.56.02:611][ 12]LightingResults: New page: Lighting Build
[2026.04.06-01.56.02:611][ 12]LoadErrors: New page: Loading map: Map1.umap
[2026.04.06-01.56.02:661][ 12]LogWorld: UWorld::CleanupWorld for ThirdPersonExampleMap, bSessionEnded=true, bCleanupResources=true
[2026.04.06-01.56.02:661][ 12]LogSlate: InvalidateAllWidgets triggered.  All widgets were invalidated
[2026.04.06-01.56.02:661][ 12]MapCheck: New page: Map Check
[2026.04.06-01.56.02:661][ 12]LightingResults: New page: Lighting Build
[2026.04.06-01.56.02:664][ 12]LogAudio: Display: Audio Device unregistered from world 'None'.
[2026.04.06-01.56.02:667][ 12]LogUObjectHash: Compacting FUObjectHashTables data took   0.72ms
[2026.04.06-01.56.02:667][ 12]LogAudio: Display: Audio Device (ID: 1) registered with world 'Map1'.
[2026.04.06-01.56.02:677][ 12]LogEditorServer: Finished looking for orphan Actors (0.000 secs)
[2026.04.06-01.56.02:677][ 12]LogAIModule: Creating AISystem for world Map1
[2026.04.06-01.56.02:683][ 12]LogUObjectHash: Compacting FUObjectHashTables data took   0.57ms
[2026.04.06-01.56.02:693][ 12]Cmd: MAP CHECKDEP NOCLEARLOG
[2026.04.06-01.56.02:693][ 12]MapCheck: Map check complete: 0 Error(s), 0 Warning(s), took 0.106ms to complete.
[2026.04.06-01.56.02:693][ 12]LogFileHelpers: Loading map 'Map1' took 0.083
[2026.04.06-01.59.00:836][ 19]LogAssetTools: Warning: Failed to import 'C:\Users\aneki\Downloads\BP_SpinObstacle1.uasset'. Unknown extension 'uasset'.
[2026.04.06-01.59.10:703][ 59]LogAssetTools: Warning: Failed to import 'C:\Users\aneki\Downloads\BP_SpinObstacle1.uasset'. Unknown extension 'uasset'.
[2026.04.06-01.59.35:155][471]LogAssetEditorSubsystem: Opening Asset editor for Blueprint /Game/ThirdPersonBP/Blueprints/BP_SpinObstacle1.BP_SpinObstacle1
[2026.04.06-01.59.35:321][471]LogNativeClassHierarchy: Verbose: Native class hierarchy updated for 'BlueprintGraph' in 0.0006 seconds. Added 126 classes and 0 folders.
[2026.04.06-01.59.36:031][471]LogSlate: Took 0.000262 seconds to synchronously load lazily loaded font '../../../Engine/Content/Slate/Fonts/Roboto-BoldCondensed.ttf' (158K)
[2026.04.06-01.59.36:078][472]LogSlate: Took 0.000290 seconds to synchronously load lazily loaded font '../../../Engine/Content/Slate/Fonts/Roboto-Italic.ttf' (157K)
[2026.04.06-01.59.41:461][ 91]LogSlate: Window 'BP_SpinObstacle1' being destroyed
[2026.04.06-01.59.41:467][ 91]LogSlate: Window 'BP_SpinObstacle1' being destroyed
[2026.04.06-01.59.41:469][ 91]LogWorld: UWorld::CleanupWorld for World_7, bSessionEnded=true, bCleanupResources=true
[2026.04.06-01.59.41:469][ 91]LogSlate: InvalidateAllWidgets triggered.  All widgets were invalidated
[2026.04.06-02.00.22:055][900]LogUObjectHash: Compacting FUObjectHashTables data took   1.84ms
[2026.04.06-02.00.22:090][900]LogAssetEditorSubsystem: Opening Asset editor for World /Game/ThirdPersonBP/Maps/Map1Real.Map1Real
[2026.04.06-02.00.22:090][900]Cmd: MAP LOAD FILE="C:/Github/Others/CPSC399_Game/CPSC399Game/Content/ThirdPersonBP/Maps/Map1Real.umap" TEMPLATE=0 SHOWPROGRESS=1 FEATURELEVEL=3
[2026.04.06-02.00.22:090][900]LightingResults: New page: Lighting Build
[2026.04.06-02.00.22:090][900]LoadErrors: New page: Loading map: Map1Real.umap
[2026.04.06-02.00.22:092][900]LogWorld: UWorld::CleanupWorld for Map1, bSessionEnded=true, bCleanupResources=true
[2026.04.06-02.00.22:092][900]LogSlate: InvalidateAllWidgets triggered.  All widgets were invalidated
[2026.04.06-02.00.22:092][900]MapCheck: New page: Map Check
[2026.04.06-02.00.22:092][900]LightingResults: New page: Lighting Build
[2026.04.06-02.00.22:103][900]LogAudio: Display: Audio Device unregistered from world 'None'.
[2026.04.06-02.00.22:107][900]LogUObjectHash: Compacting FUObjectHashTables data took   1.75ms
[2026.04.06-02.00.22:108][900]LogAudio: Display: Audio Device (ID: 1) registered with world 'Map1Real'.
[2026.04.06-02.00.22:116][900]LogEditorServer: Finished looking for orphan Actors (0.000 secs)
[2026.04.06-02.00.22:116][900]LogAIModule: Creating AISystem for world Map1Real
[2026.04.06-02.00.22:133][900]LogUObjectHash: Compacting FUObjectHashTables data took   1.38ms
[2026.04.06-02.00.22:146][900]Cmd: MAP CHECKDEP NOCLEARLOG
[2026.04.06-02.00.22:146][900]MapCheck: Map check complete: 0 Error(s), 0 Warning(s), took 0.093ms to complete.
[2026.04.06-02.00.22:146][900]LogFileHelpers: Loading map 'Map1Real' took 0.056
[2026.04.06-02.00.28:880][700]LogUObjectHash: Compacting FUObjectHashTables data took   0.43ms
[2026.04.06-02.00.28:910][700]LogAssetEditorSubsystem: Opening Asset editor for World /Game/ThirdPersonBP/Maps/Map1.Map1
[2026.04.06-02.00.28:910][700]Cmd: MAP LOAD FILE="C:/Github/Others/CPSC399_Game/CPSC399Game/Content/ThirdPersonBP/Maps/Map1.umap" TEMPLATE=0 SHOWPROGRESS=1 FEATURELEVEL=3
[2026.04.06-02.00.28:910][700]LightingResults: New page: Lighting Build
[2026.04.06-02.00.28:910][700]LoadErrors: New page: Loading map: Map1.umap
[2026.04.06-02.00.28:936][700]LogWorld: UWorld::CleanupWorld for Map1Real, bSessionEnded=true, bCleanupResources=true
[2026.04.06-02.00.28:936][700]LogSlate: InvalidateAllWidgets triggered.  All widgets were invalidated
[2026.04.06-02.00.28:936][700]MapCheck: New page: Map Check
[2026.04.06-02.00.28:936][700]LightingResults: New page: Lighting Build
[2026.04.06-02.00.28:948][700]LogAudio: Display: Audio Device unregistered from world 'None'.
[2026.04.06-02.00.28:950][700]LogUObjectHash: Compacting FUObjectHashTables data took   1.65ms
[2026.04.06-02.00.28:951][700]LogAudio: Display: Audio Device (ID: 1) registered with world 'Map1'.
[2026.04.06-02.00.28:960][700]LogEditorServer: Finished looking for orphan Actors (0.000 secs)
[2026.04.06-02.00.28:960][700]LogAIModule: Creating AISystem for world Map1
[2026.04.06-02.00.28:974][700]LogUObjectHash: Compacting FUObjectHashTables data took   1.39ms
[2026.04.06-02.00.28:986][700]Cmd: MAP CHECKDEP NOCLEARLOG
[2026.04.06-02.00.28:986][700]MapCheck: Map check complete: 0 Error(s), 0 Warning(s), took 0.091ms to complete.
[2026.04.06-02.00.28:986][700]LogFileHelpers: Loading map 'Map1' took 0.075
[2026.04.06-02.00.29:638][773]LogUObjectHash: Compacting FUObjectHashTables data took   0.43ms
[2026.04.06-02.00.29:664][773]LogAssetEditorSubsystem: Opening Asset editor for World /Game/ThirdPersonBP/Maps/Map1Real.Map1Real
[2026.04.06-02.00.29:664][773]Cmd: MAP LOAD FILE="C:/Github/Others/CPSC399_Game/CPSC399Game/Content/ThirdPersonBP/Maps/Map1Real.umap" TEMPLATE=0 SHOWPROGRESS=1 FEATURELEVEL=3
[2026.04.06-02.00.29:664][773]LightingResults: New page: Lighting Build
[2026.04.06-02.00.29:664][773]LoadErrors: New page: Loading map: Map1Real.umap
[2026.04.06-02.00.29:665][773]LogWorld: UWorld::CleanupWorld for Map1, bSessionEnded=true, bCleanupResources=true
[2026.04.06-02.00.29:666][773]LogSlate: InvalidateAllWidgets triggered.  All widgets were invalidated
[2026.04.06-02.00.29:666][773]MapCheck: New page: Map Check
[2026.04.06-02.00.29:666][773]LightingResults: New page: Lighting Build
[2026.04.06-02.00.29:676][773]LogAudio: Display: Audio Device unregistered from world 'None'.
[2026.04.06-02.00.29:679][773]LogUObjectHash: Compacting FUObjectHashTables data took   1.47ms
[2026.04.06-02.00.29:679][773]LogAudio: Display: Audio Device (ID: 1) registered with world 'Map1Real'.
[2026.04.06-02.00.29:689][773]LogEditorServer: Finished looking for orphan Actors (0.000 secs)
[2026.04.06-02.00.29:689][773]LogAIModule: Creating AISystem for world Map1Real
[2026.04.06-02.00.29:703][773]LogUObjectHash: Compacting FUObjectHashTables data took   1.39ms
[2026.04.06-02.00.29:715][773]Cmd: MAP CHECKDEP NOCLEARLOG
[2026.04.06-02.00.29:715][773]MapCheck: Map check complete: 0 Error(s), 0 Warning(s), took 0.092ms to complete.
[2026.04.06-02.00.29:715][773]LogFileHelpers: Loading map 'Map1Real' took 0.051
[2026.04.06-02.00.33:649][236]Cmd: OBJ SAVEPACKAGE PACKAGE="/Game/ThirdPersonBP/Maps/Map1Real" FILE="C:/Github/Others/CPSC399_Game/CPSC399Game/Content/ThirdPersonBP/Maps/Map1Real.umap" SILENT=true AUTOSAVING=false KEEPDIRTY=false
[2026.04.06-02.00.33:660][236]LogUObjectHash: Compacting FUObjectHashTables data took   0.46ms
[2026.04.06-02.00.33:672][236]LogSavePackage: Moving 'C:/Github/Others/CPSC399_Game/CPSC399Game/Saved/Map1Real9728DEDF4D3E70F302A000BD78CB7A1D.tmp' to 'C:/Github/Others/CPSC399_Game/CPSC399Game/Content/ThirdPersonBP/Maps/Map1Real.umap'
[2026.04.06-02.00.33:702][236]AssetCheck: New page: Asset Save: Map1Real
[2026.04.06-02.00.33:702][236]LogContentValidation: Display: Validating World /Game/ThirdPersonBP/Maps/Map1Real.Map1Real
[2026.04.06-02.00.35:611][462]LogUObjectHash: Compacting FUObjectHashTables data took   0.42ms
[2026.04.06-02.00.35:640][462]LogAssetEditorSubsystem: Opening Asset editor for World /Game/ThirdPersonBP/Maps/Map1.Map1
[2026.04.06-02.00.35:640][462]Cmd: MAP LOAD FILE="C:/Github/Others/CPSC399_Game/CPSC399Game/Content/ThirdPersonBP/Maps/Map1.umap" TEMPLATE=0 SHOWPROGRESS=1 FEATURELEVEL=3
[2026.04.06-02.00.35:640][462]LightingResults: New page: Lighting Build
[2026.04.06-02.00.35:641][462]LoadErrors: New page: Loading map: Map1.umap
[2026.04.06-02.00.35:641][462]LogWorld: UWorld::CleanupWorld for Map1Real, bSessionEnded=true, bCleanupResources=true
[2026.04.06-02.00.35:642][462]LogSlate: InvalidateAllWidgets triggered.  All widgets were invalidated
[2026.04.06-02.00.35:642][462]MapCheck: New page: Map Check
[2026.04.06-02.00.35:642][462]LightingResults: New page: Lighting Build
[2026.04.06-02.00.35:653][462]LogAudio: Display: Audio Device unregistered from world 'None'.
[2026.04.06-02.00.35:657][462]LogUObjectHash: Compacting FUObjectHashTables data took   1.70ms
[2026.04.06-02.00.35:657][462]LogAudio: Display: Audio Device (ID: 1) registered with world 'Map1'.
[2026.04.06-02.00.35:666][462]LogEditorServer: Finished looking for orphan Actors (0.000 secs)
[2026.04.06-02.00.35:666][462]LogAIModule: Creating AISystem for world Map1
[2026.04.06-02.00.35:681][462]LogUObjectHash: Compacting FUObjectHashTables data took   1.41ms
[2026.04.06-02.00.35:694][462]Cmd: MAP CHECKDEP NOCLEARLOG
[2026.04.06-02.00.35:694][462]MapCheck: Map check complete: 0 Error(s), 0 Warning(s), took 0.097ms to complete.
[2026.04.06-02.00.35:694][462]LogFileHelpers: Loading map 'Map1' took 0.054
[2026.04.06-02.00.59:940][ 87]LogEditorViewport: Clicking on Actor (LMB): StaticMeshActor (Plane)
[2026.04.06-02.01.01:251][194]LogUObjectHash: Compacting FUObjectHashTables data took   0.42ms
[2026.04.06-02.01.01:288][194]LogSlate: Window 'CPSC399Game - Unreal Editor' being destroyed
[2026.04.06-02.01.01:373][195]Cmd: QUIT_EDITOR
[2026.04.06-02.01.01:373][195]LogCore: Engine exit requested (reason: UUnrealEdEngine::CloseEditor())
[2026.04.06-02.01.01:375][195]LogCore: Engine exit requested (reason: EngineExit() was called; note: exit was already requested)
[2026.04.06-02.01.01:377][195]LogAudio: Display: Beginning Audio Device Manager Shutdown (Module: AudioMixerXAudio2)...
[2026.04.06-02.01.01:377][195]LogAudio: Display: Destroying 1 Remaining Audio Device(s)...
[2026.04.06-02.01.01:377][195]LogAudio: Display: Audio Device unregistered from world 'Map1'.
[2026.04.06-02.01.01:377][195]LogAudioMixer: FMixerPlatformXAudio2::StopAudioStream() called
[2026.04.06-02.01.01:378][195]LogAudioMixer: FMixerPlatformXAudio2::StopAudioStream() called
[2026.04.06-02.01.01:380][195]LogAudio: Display: Audio Device Manager Shutdown
[2026.04.06-02.01.01:383][195]LogExit: Preparing to exit.
[2026.04.06-02.01.01:565][195]LogUObjectHash: Compacting FUObjectHashTables data took   1.49ms
[2026.04.06-02.01.01:714][195]LogWorld: UWorld::CleanupWorld for World_2, bSessionEnded=true, bCleanupResources=true
[2026.04.06-02.01.01:716][195]LogWorld: UWorld::CleanupWorld for World_3, bSessionEnded=true, bCleanupResources=true
[2026.04.06-02.01.01:718][195]LogWorld: UWorld::CleanupWorld for World_4, bSessionEnded=true, bCleanupResources=true
[2026.04.06-02.01.01:720][195]LogWorld: UWorld::CleanupWorld for World_5, bSessionEnded=true, bCleanupResources=true
[2026.04.06-02.01.01:721][195]LogWorld: UWorld::CleanupWorld for World_6, bSessionEnded=true, bCleanupResources=true
[2026.04.06-02.01.01:723][195]LogWorld: UWorld::CleanupWorld for World_8, bSessionEnded=true, bCleanupResources=true
[2026.04.06-02.01.01:724][195]LogWorld: UWorld::CleanupWorld for World_1, bSessionEnded=true, bCleanupResources=true
[2026.04.06-02.01.01:725][195]LogWorld: UWorld::CleanupWorld for World_0, bSessionEnded=true, bCleanupResources=true
[2026.04.06-02.01.01:764][195]LogDemo: Cleaned up 0 splitscreen connections with owner deletion
[2026.04.06-02.01.01:767][195]LogWorld: UWorld::CleanupWorld for None, bSessionEnded=true, bCleanupResources=true
[2026.04.06-02.01.01:767][195]LogExit: Editor shut down
[2026.04.06-02.01.01:767][195]LogExit: Transaction tracking system shut down
[2026.04.06-02.01.02:052][195]LogExit: Object subsystem successfully closed.
[2026.04.06-02.01.02:067][195]LogShaderCompilers: Display: === FShaderJobCache stats ===
[2026.04.06-02.01.02:067][195]LogShaderCompilers: Display: Total job queries 0, among them cache hits 0 (0.00%)
[2026.04.06-02.01.02:067][195]LogShaderCompilers: Display: Tracking 0 distinct input hashes that result in 0 distinct outputs (0.00%)
[2026.04.06-02.01.02:067][195]LogShaderCompilers: Display: RAM used: 0.00 MB (0.00 GB) of 819.20 MB (0.80 GB) budget. Usage: 0.00%
[2026.04.06-02.01.02:067][195]LogShaderCompilers: Display: ================================================
[2026.04.06-02.01.02:080][195]LogShaderCompilers: Display: Shaders left to compile 0
[2026.04.06-02.01.02:089][195]LogModuleManager: Shutting down and abandoning module BlueprintGraph (872)
[2026.04.06-02.01.02:089][195]LogModuleManager: Shutting down and abandoning module HierarchicalLODOutliner (870)
[2026.04.06-02.01.02:089][195]LogModuleManager: Shutting down and abandoning module SceneOutliner (868)
[2026.04.06-02.01.02:089][195]LogModuleManager: Shutting down and abandoning module AddContentDialog (866)
[2026.04.06-02.01.02:089][195]LogModuleManager: Shutting down and abandoning module WidgetCarousel (865)
[2026.04.06-02.01.02:089][195]LogModuleManager: Shutting down and abandoning module EditorWidgets (862)
[2026.04.06-02.01.02:089][195]LogModuleManager: Shutting down and abandoning module StatsViewer (860)
[2026.04.06-02.01.02:089][195]LogModuleManager: Shutting down and abandoning module PIEPreviewDeviceProfileSelector (858)
[2026.04.06-02.01.02:089][195]LogModuleManager: Shutting down and abandoning module SequenceRecorderSections (856)
[2026.04.06-02.01.02:089][195]LogModuleManager: Shutting down and abandoning module AutomationWorker (854)
[2026.04.06-02.01.02:089][195]LogModuleManager: Shutting down and abandoning module SteamVREditor (852)
[2026.04.06-02.01.02:089][195]LogModuleManager: Shutting down and abandoning module OculusMR (850)
[2026.04.06-02.01.02:089][195]LogModuleManager: Shutting down and abandoning module TakeRecorderSources (848)
[2026.04.06-02.01.02:089][195]LogModuleManager: Shutting down and abandoning module TakeRecorder (847)
[2026.04.06-02.01.02:090][195]LogModuleManager: Shutting down and abandoning module TakeTrackRecorders (844)
[2026.04.06-02.01.02:090][195]LogModuleManager: Shutting down and abandoning module TakesCore (842)
[2026.04.06-02.01.02:090][195]LogModuleManager: Shutting down and abandoning module OpenXRInput (840)
[2026.04.06-02.01.02:090][195]LogModuleManager: Shutting down and abandoning module GooglePADEditor (838)
[2026.04.06-02.01.02:090][195]LogModuleManager: Shutting down and abandoning module AudioCaptureEditor (836)
[2026.04.06-02.01.02:090][195]LogModuleManager: Shutting down and abandoning module TemplateSequenceEditor (834)
[2026.04.06-02.01.02:090][195]LogModuleManager: Shutting down and abandoning module MatineeToLevelSequence (832)
[2026.04.06-02.01.02:090][195]LogModuleManager: Shutting down and abandoning module LevelSequenceEditor (830)
[2026.04.06-02.01.02:090][195]LogModuleManager: Shutting down and abandoning module ActorSequenceEditor (828)
[2026.04.06-02.01.02:090][195]LogModuleManager: Shutting down and abandoning module MagicLeapMediaCodecFactory (826)
[2026.04.06-02.01.02:090][195]LogModuleManager: Shutting down and abandoning module MagicLeapMediaFactory (824)
[2026.04.06-02.01.02:090][195]LogModuleManager: Shutting down and abandoning module MagicLeapMediaEditor (822)
[2026.04.06-02.01.02:090][195]LogModuleManager: Shutting down and abandoning module WmfMediaFactory (820)
[2026.04.06-02.01.02:090][195]LogModuleManager: Shutting down and abandoning module WmfMediaEditor (818)
[2026.04.06-02.01.02:090][195]LogModuleManager: Shutting down and abandoning module WebMMediaFactory (816)
[2026.04.06-02.01.02:090][195]LogModuleManager: Shutting down and abandoning module WebMMediaEditor (814)
[2026.04.06-02.01.02:090][195]LogModuleManager: Shutting down and abandoning module WebMMedia (812)
[2026.04.06-02.01.02:090][195]LogModuleManager: Shutting down and abandoning module MediaPlayerEditor (810)
[2026.04.06-02.01.02:090][195]LogModuleManager: Shutting down and abandoning module MediaCompositingEditor (808)
[2026.04.06-02.01.02:090][195]LogModuleManager: Shutting down and abandoning module SequenceRecorder (807)
[2026.04.06-02.01.02:090][195]LogModuleManager: Shutting down and abandoning module OpenExrWrapper (804)
[2026.04.06-02.01.02:090][195]LogModuleManager: Shutting down and abandoning module ImgMediaFactory (802)
[2026.04.06-02.01.02:090][195]LogModuleManager: Shutting down and abandoning module ImgMediaEditor (800)
[2026.04.06-02.01.02:090][195]LogModuleManager: Shutting down and abandoning module AvfMediaFactory (798)
[2026.04.06-02.01.02:090][195]LogModuleManager: Shutting down and abandoning module AvfMediaEditor (796)
[2026.04.06-02.01.02:090][195]LogModuleManager: Shutting down and abandoning module AndroidMediaFactory (794)
[2026.04.06-02.01.02:090][195]LogModuleManager: Shutting down and abandoning module AndroidMediaEditor (792)
[2026.04.06-02.01.02:090][195]LogModuleManager: Shutting down and abandoning module PlanarCut (790)
[2026.04.06-02.01.02:090][195]LogModuleManager: Shutting down and abandoning module CharacterAI (788)
[2026.04.06-02.01.02:090][195]LogModuleManager: Shutting down and abandoning module TextureAlignMode (786)
[2026.04.06-02.01.02:090][195]LogModuleManager: Shutting down and abandoning module BspMode (784)
[2026.04.06-02.01.02:090][195]LogModuleManager: Shutting down and abandoning module GeometryMode (782)
[2026.04.06-02.01.02:090][195]LogModuleManager: Shutting down and abandoning module CameraShakePreviewer (780)
[2026.04.06-02.01.02:090][195]LogModuleManager: Shutting down and abandoning module SmartSnapping (778)
[2026.04.06-02.01.02:090][195]LogModuleManager: Shutting down and abandoning module SessionServices (776)
[2026.04.06-02.01.02:090][195]LogModuleManager: Shutting down and abandoning module MeshPaint (774)
[2026.04.06-02.01.02:090][195]LogModuleManager: Shutting down and abandoning module VirtualTexturingEditor (772)
[2026.04.06-02.01.02:090][195]LogModuleManager: Shutting down and abandoning module FoliageEdit (770)
[2026.04.06-02.01.02:090][195]LogModuleManager: Shutting down and abandoning module LandscapeEditor (768)
[2026.04.06-02.01.02:091][195]LogModuleManager: Shutting down and abandoning module MeshPaintMode (766)
[2026.04.06-02.01.02:091][195]LogModuleManager: Shutting down and abandoning module SceneDepthPickerMode (764)
[2026.04.06-02.01.02:091][195]LogModuleManager: Shutting down and abandoning module ActorPickerMode (762)
[2026.04.06-02.01.02:091][195]LogModuleManager: Shutting down and abandoning module PlacementMode (760)
[2026.04.06-02.01.02:091][195]LogModuleManager: Shutting down and abandoning module ViewportSnapping (758)
[2026.04.06-02.01.02:091][195]LogModuleManager: Shutting down and abandoning module ViewportInteraction (756)
[2026.04.06-02.01.02:091][195]LogModuleManager: Shutting down and abandoning module ClothPainter (754)
[2026.04.06-02.01.02:091][195]LogModuleManager: Shutting down and abandoning module SkeletalMeshEditor (753)
[2026.04.06-02.01.02:091][195]LogModuleManager: Shutting down and abandoning module LogVisualizer (750)
[2026.04.06-02.01.02:091][195]LogModuleManager: Shutting down and abandoning module IntroTutorials (748)
[2026.04.06-02.01.02:091][195]LogModuleManager: Shutting down and abandoning module GameProjectGeneration (747)
[2026.04.06-02.01.02:091][195]LogModuleManager: Shutting down and abandoning module LuminPlatformEditor (744)
[2026.04.06-02.01.02:091][195]LogModuleManager: Shutting down and abandoning module IOSPlatformEditor (742)
[2026.04.06-02.01.02:091][195]LogModuleManager: Shutting down and abandoning module AndroidPlatformEditor (740)
[2026.04.06-02.01.02:091][195]LogModuleManager: Shutting down and abandoning module AndroidDeviceDetection (739)
[2026.04.06-02.01.02:614][195]LogModuleManager: Shutting down and abandoning module WindowsPlatformEditor (736)
[2026.04.06-02.01.02:614][195]LogModuleManager: Shutting down and abandoning module LuminRuntimeSettings (734)
[2026.04.06-02.01.02:614][195]LogModuleManager: Shutting down and abandoning module IOSRuntimeSettings (732)
[2026.04.06-02.01.02:614][195]LogModuleManager: Shutting down and abandoning module AndroidRuntimeSettings (730)
[2026.04.06-02.01.02:614][195]LogModuleManager: Shutting down and abandoning module TraceInsights (728)
[2026.04.06-02.01.02:614][195]MemoryProfiler: Shutdown
[2026.04.06-02.01.02:614][195]NetworkingProfiler: Shutdown
[2026.04.06-02.01.02:614][195]LoadingProfiler: Shutdown
[2026.04.06-02.01.02:614][195]TimingProfiler: Shutdown
[2026.04.06-02.01.02:614][195]LogModuleManager: Shutting down and abandoning module TraceServices (727)
[2026.04.06-02.01.02:614][195]LogModuleManager: Shutting down and abandoning module EditorInteractiveToolsFramework (724)
[2026.04.06-02.01.02:614][195]LogModuleManager: Shutting down and abandoning module TimeManagementEditor (722)
[2026.04.06-02.01.02:615][195]LogModuleManager: Shutting down and abandoning module InputBindingEditor (720)
[2026.04.06-02.01.02:615][195]LogModuleManager: Shutting down and abandoning module MergeActors (718)
[2026.04.06-02.01.02:615][195]LogModuleManager: Shutting down and abandoning module LocalizationDashboard (716)
[2026.04.06-02.01.02:615][195]LogModuleManager: Shutting down and abandoning module LocalizationService (715)
[2026.04.06-02.01.02:615][195]LogModuleManager: Shutting down and abandoning module HardwareTargeting (712)
[2026.04.06-02.01.02:615][195]LogModuleManager: Shutting down and abandoning module DeviceProfileEditor (710)
[2026.04.06-02.01.02:615][195]LogModuleManager: Shutting down and abandoning module UndoHistory (708)
[2026.04.06-02.01.02:615][195]LogModuleManager: Shutting down and abandoning module XmlParser (706)
[2026.04.06-02.01.02:615][195]LogModuleManager: Shutting down and abandoning module Blutility (704)
[2026.04.06-02.01.02:615][195]LogModuleManager: Shutting down and abandoning module ProjectSettingsViewer (702)
[2026.04.06-02.01.02:615][195]LogModuleManager: Shutting down and abandoning module ProjectTargetPlatformEditor (701)
[2026.04.06-02.01.02:615][195]LogModuleManager: Shutting down and abandoning module EditorSettingsViewer (698)
[2026.04.06-02.01.02:615][195]LogModuleManager: Shutting down and abandoning module InternationalizationSettings (697)
[2026.04.06-02.01.02:615][195]LogModuleManager: Shutting down and abandoning module SettingsEditor (694)
[2026.04.06-02.01.02:615][195]LogModuleManager: Shutting down and abandoning module ProjectLauncher (692)
[2026.04.06-02.01.02:615][195]LogModuleManager: Shutting down and abandoning module SessionFrontend (690)
[2026.04.06-02.01.02:615][195]LogModuleManager: Shutting down and abandoning module ProfilerClient (688)
[2026.04.06-02.01.02:615][195]LogModuleManager: Shutting down and abandoning module DeviceManager (686)
[2026.04.06-02.01.02:615][195]LogModuleManager: Shutting down and abandoning module TargetDeviceServices (685)
[2026.04.06-02.01.02:648][195]LogModuleManager: Shutting down and abandoning module AutomationController (682)
[2026.04.06-02.01.02:648][195]LogModuleManager: Shutting down and abandoning module AutomationWindow (680)
[2026.04.06-02.01.02:648][195]LogModuleManager: Shutting down and abandoning module Layers (678)
[2026.04.06-02.01.02:648][195]LogModuleManager: Shutting down and abandoning module ComponentVisualizers (676)
[2026.04.06-02.01.02:648][195]LogModuleManager: Shutting down and abandoning module DetailCustomizations (674)
[2026.04.06-02.01.02:648][195]LogModuleManager: Shutting down and abandoning module PackagesDialog (672)
[2026.04.06-02.01.02:648][195]LogModuleManager: Shutting down and abandoning module AnimationBlueprintEditor (670)
[2026.04.06-02.01.02:648][195]LogModuleManager: Shutting down and abandoning module Persona (668)
[2026.04.06-02.01.02:648][195]LogModuleManager: Shutting down and abandoning module AdvancedPreviewScene (667)
[2026.04.06-02.01.02:648][195]LogModuleManager: Shutting down and abandoning module AnimGraph (665)
[2026.04.06-02.01.02:648][195]LogModuleManager: Shutting down and abandoning module Kismet (662)
[2026.04.06-02.01.02:654][195]LogModuleManager: Shutting down and abandoning module KismetWidgets (661)
[2026.04.06-02.01.02:654][195]LogModuleManager: Shutting down and abandoning module GraphEditor (658)
[2026.04.06-02.01.02:654][195]LogModuleManager: Shutting down and abandoning module StructViewer (656)
[2026.04.06-02.01.02:654][195]LogModuleManager: Shutting down and abandoning module ClassViewer (654)
[2026.04.06-02.01.02:654][195]LogModuleManager: Shutting down and abandoning module Toolbox (652)
[2026.04.06-02.01.02:654][195]LogModuleManager: Shutting down and abandoning module ModuleUI (650)
[2026.04.06-02.01.02:654][195]LogModuleManager: Shutting down and abandoning module OutputLog (648)
[2026.04.06-02.01.02:654][195]LogModuleManager: Shutting down and abandoning module GammaUI (646)
[2026.04.06-02.01.02:654][195]LogModuleManager: Shutting down and abandoning module Documentation (644)
[2026.04.06-02.01.02:654][195]LogModuleManager: Shutting down and abandoning module LiveCoding (642)
[2026.04.06-02.01.02:654][195]LogModuleManager: Shutting down and abandoning module LevelSequence (640)
[2026.04.06-02.01.02:654][195]LogModuleManager: Shutting down and abandoning module MovieSceneTracks (638)
[2026.04.06-02.01.02:654][195]LogModuleManager: Shutting down and abandoning module MovieScene (636)
[2026.04.06-02.01.02:654][195]LogModuleManager: Shutting down and abandoning module StreamingPauseRendering (634)
[2026.04.06-02.01.02:654][195]LogModuleManager: Shutting down and abandoning module LauncherPlatform (632)
[2026.04.06-02.01.02:654][195]LogModuleManager: Shutting down and abandoning module AnalyticsET (630)
[2026.04.06-02.01.02:654][195]LogModuleManager: Shutting down and abandoning module PortalServices (628)
[2026.04.06-02.01.02:654][195]LogModuleManager: Shutting down and abandoning module PortalRpc (626)
[2026.04.06-02.01.02:654][195]LogModuleManager: Shutting down and abandoning module MessagingRpc (624)
[2026.04.06-02.01.02:654][195]LogModuleManager: Shutting down and abandoning module AudioMixerXAudio2 (622)
[2026.04.06-02.01.02:654][195]LogModuleManager: Shutting down and abandoning module AudioMixerCore (621)
[2026.04.06-02.01.02:654][195]LogModuleManager: Shutting down and abandoning module AIModule (618)
[2026.04.06-02.01.02:654][195]LogModuleManager: Shutting down and abandoning module GameplayDebugger (617)
[2026.04.06-02.01.02:654][195]LogModuleManager: Shutting down and abandoning module AITestSuite (615)
[2026.04.06-02.01.02:654][195]LogModuleManager: Shutting down and abandoning module NavigationSystem (613)
[2026.04.06-02.01.02:654][195]LogModuleManager: Shutting down and abandoning module ImageWriteQueue (610)
[2026.04.06-02.01.02:658][195]LogModuleManager: Shutting down and abandoning module ProfilerService (608)
[2026.04.06-02.01.02:713][195]LogModuleManager: Shutting down and abandoning module TaskGraph (606)
[2026.04.06-02.01.02:713][195]LogModuleManager: Shutting down and abandoning module AudioSynesthesiaEditor (604)
[2026.04.06-02.01.02:713][195]LogModuleManager: Shutting down and abandoning module OculusEditor (602)
[2026.04.06-02.01.02:713][195]LogModuleManager: Shutting down and abandoning module OculusInput (600)
[2026.04.06-02.01.02:713][195]LogModuleManager: Shutting down and abandoning module ContentBrowserClassDataSource (598)
[2026.04.06-02.01.02:714][195]LogModuleManager: Shutting down and abandoning module ContentBrowserFileDataSource (596)
[2026.04.06-02.01.02:714][195]LogModuleManager: Shutting down and abandoning module ContentBrowserAssetDataSource (594)
[2026.04.06-02.01.02:714][195]LogModuleManager: Shutting down and abandoning module CollectionManager (593)
[2026.04.06-02.01.02:714][195]LogModuleManager: Shutting down and abandoning module TakeSequencer (590)
[2026.04.06-02.01.02:714][195]LogModuleManager: Shutting down and abandoning module TakeMovieScene (588)
[2026.04.06-02.01.02:714][195]LogModuleManager: Shutting down and abandoning module ScreenshotTools (586)
[2026.04.06-02.01.02:714][195]LogModuleManager: Shutting down and abandoning module SynthesisEditor (584)
[2026.04.06-02.01.02:714][195]LogModuleManager: Shutting down and abandoning module Synthesis (582)
[2026.04.06-02.01.02:714][195]LogModuleManager: Shutting down and abandoning module ProceduralMeshComponentEditor (580)
[2026.04.06-02.01.02:714][195]LogModuleManager: Shutting down and abandoning module ProceduralMeshComponent (578)
[2026.04.06-02.01.02:714][195]LogModuleManager: Shutting down and abandoning module OpenXREditor (576)
[2026.04.06-02.01.02:714][195]LogModuleManager: Shutting down and abandoning module MobilePatchingUtils (574)
[2026.04.06-02.01.02:714][195]LogModuleManager: Shutting down and abandoning module GooglePAD (572)
[2026.04.06-02.01.02:714][195]LogModuleManager: Shutting down and abandoning module EditableMesh (570)
[2026.04.06-02.01.02:714][195]LogModuleManager: Shutting down and abandoning module CustomMeshComponent (568)
[2026.04.06-02.01.02:714][195]LogModuleManager: Shutting down and abandoning module CableComponent (566)
[2026.04.06-02.01.02:714][195]LogModuleManager: Shutting down and abandoning module AudioCapture (564)
[2026.04.06-02.01.02:714][195]LogModuleManager: Shutting down and abandoning module AudioCaptureRtAudio (563)
[2026.04.06-02.01.02:714][195]LogModuleManager: Shutting down and abandoning module AssetTags (560)
[2026.04.06-02.01.02:714][195]LogModuleManager: Shutting down and abandoning module ArchVisCharacter (558)
[2026.04.06-02.01.02:714][195]LogModuleManager: Shutting down and abandoning module AppleImageUtilsBlueprintSupport (556)
[2026.04.06-02.01.02:714][195]LogModuleManager: Shutting down and abandoning module AppleImageUtils (554)
[2026.04.06-02.01.02:714][195]LogModuleManager: Shutting down and abandoning module TemplateSequence (552)
[2026.04.06-02.01.02:714][195]LogModuleManager: Shutting down and abandoning module AndroidPermission (550)
[2026.04.06-02.01.02:714][195]LogModuleManager: Shutting down and abandoning module ActorLayerUtilitiesEditor (548)
[2026.04.06-02.01.02:714][195]LogModuleManager: Shutting down and abandoning module ActorLayerUtilities (546)
[2026.04.06-02.01.02:714][195]LogModuleManager: Shutting down and abandoning module MagicLeapSharedWorld (544)
[2026.04.06-02.01.02:714][195]LogModuleManager: Shutting down and abandoning module MagicLeapLightEstimation (542)
[2026.04.06-02.01.02:714][195]LogModuleManager: Shutting down and abandoning module MagicLeapHelperVulkan (540)
[2026.04.06-02.01.02:714][195]LogModuleManager: Shutting down and abandoning module MagicLeapHelperOpenGL (538)
[2026.04.06-02.01.02:714][195]LogModuleManager: Shutting down and abandoning module MagicLeapAudio (536)
[2026.04.06-02.01.02:714][195]LogModuleManager: Shutting down and abandoning module MediaCompositing (534)
[2026.04.06-02.01.02:714][195]LogModuleManager: Shutting down and abandoning module ImgMedia (532)
[2026.04.06-02.01.02:714][195]LogModuleManager: Shutting down and abandoning module OpenImageDenoise (530)
[2026.04.06-02.01.02:714][195]LogOpenImageDenoise: OIDN shutting down
[2026.04.06-02.01.02:714][195]LogModuleManager: Shutting down and abandoning module MotoSynthEditor (528)
[2026.04.06-02.01.02:714][195]LogModuleManager: Shutting down and abandoning module MotoSynth (526)
[2026.04.06-02.01.02:714][195]LogModuleManager: Shutting down and abandoning module MeshConversion (524)
[2026.04.06-02.01.02:714][195]LogModuleManager: Shutting down and abandoning module DynamicMesh (522)
[2026.04.06-02.01.02:714][195]LogModuleManager: Shutting down and abandoning module GeometryAlgorithms (520)
[2026.04.06-02.01.02:714][195]LogModuleManager: Shutting down and abandoning module GeometricObjects (518)
[2026.04.06-02.01.02:714][195]LogModuleManager: Shutting down and abandoning module GeometryCollectionTracks (516)
[2026.04.06-02.01.02:714][195]LogModuleManager: Shutting down and abandoning module GeometryCollectionSequencer (515)
[2026.04.06-02.01.02:714][195]LogModuleManager: Shutting down and abandoning module GeometryCollectionEditor (512)
[2026.04.06-02.01.02:714][195]LogModuleManager: Shutting down and abandoning module GeometryCacheTracks (510)
[2026.04.06-02.01.02:714][195]LogModuleManager: Shutting down and abandoning module GeometryCacheStreamer (508)
[2026.04.06-02.01.02:714][195]LogModuleManager: Shutting down and abandoning module GeometryCacheSequencer (506)
[2026.04.06-02.01.02:714][195]LogModuleManager: Shutting down and abandoning module ChaosSolverEditor (504)
[2026.04.06-02.01.02:714][195]LogModuleManager: Shutting down and abandoning module ChaosNiagara (502)
[2026.04.06-02.01.02:714][195]LogModuleManager: Shutting down and abandoning module FractureEditor (500)
[2026.04.06-02.01.02:714][195]LogModuleManager: Shutting down and abandoning module FieldSystemEngine (499)
[2026.04.06-02.01.02:714][195]LogModuleManager: Shutting down and abandoning module ChaosClothEditor (496)
[2026.04.06-02.01.02:714][195]LogModuleManager: Shutting down and abandoning module VariantManagerContentEditor (494)
[2026.04.06-02.01.02:714][195]LogModuleManager: Shutting down and abandoning module BackChannel (492)
[2026.04.06-02.01.02:714][195]LogModuleManager: Shutting down and abandoning module AutomationUtilsEditor (490)
[2026.04.06-02.01.02:714][195]LogModuleManager: Shutting down and abandoning module AutomationUtils (488)
[2026.04.06-02.01.02:714][195]LogModuleManager: Shutting down and abandoning module AlembicImporter (486)
[2026.04.06-02.01.02:714][195]LogModuleManager: Shutting down and abandoning module AlembicLibrary (485)
[2026.04.06-02.01.02:714][195]LogModuleManager: Shutting down and abandoning module GeometryCache (484)
[2026.04.06-02.01.02:714][195]LogModuleManager: Shutting down and abandoning module GeometryCacheEd (483)
[2026.04.06-02.01.02:714][195]LogModuleManager: Shutting down and abandoning module DatasmithContentEditor (478)
[2026.04.06-02.01.02:714][195]LogModuleManager: Shutting down and abandoning module SpeedTreeImporter (476)
[2026.04.06-02.01.02:714][195]LogModuleManager: Shutting down and abandoning module PluginBrowser (474)
[2026.04.06-02.01.02:715][195]LogModuleManager: Shutting down and abandoning module MobileLauncherProfileWizard (472)
[2026.04.06-02.01.02:715][195]LogModuleManager: Shutting down and abandoning module MaterialAnalyzer (470)
[2026.04.06-02.01.02:715][195]LogModuleManager: Shutting down and abandoning module NiagaraEditorWidgets (468)
[2026.04.06-02.01.02:715][195]LogModuleManager: Shutting down and abandoning module VisualStudioCodeSourceCodeAccess (466)
[2026.04.06-02.01.02:715][195]LogModuleManager: Shutting down and abandoning module VisualStudioSourceCodeAccess (464)
[2026.04.06-02.01.02:715][195]LogModuleManager: Shutting down and abandoning module UObjectPlugin (462)
[2026.04.06-02.01.02:715][195]LogModuleManager: Shutting down and abandoning module SubversionSourceControl (460)
[2026.04.06-02.01.02:715][195]LogModuleManager: Shutting down and abandoning module RiderSourceCodeAccess (458)
[2026.04.06-02.01.02:715][195]LogModuleManager: Shutting down and abandoning module CurveEditorTools (456)
[2026.04.06-02.01.02:715][195]LogModuleManager: Shutting down and abandoning module CryptoKeysOpenSSL (454)
[2026.04.06-02.01.02:715][195]LogModuleManager: Shutting down and abandoning module CryptoKeys (452)
[2026.04.06-02.01.02:715][195]LogModuleManager: Shutting down and abandoning module PlasticSourceControl (450)
[2026.04.06-02.01.02:715][195]LogModuleManager: Shutting down and abandoning module PluginUtils (448)
[2026.04.06-02.01.02:715][195]LogModuleManager: Shutting down and abandoning module PerforceSourceControl (446)
[2026.04.06-02.01.02:715][195]LogModuleManager: Shutting down and abandoning module GitSourceControl (444)
[2026.04.06-02.01.02:715][195]LogModuleManager: Shutting down and abandoning module SourceControl (443)
[2026.04.06-02.01.02:715][195]LogModuleManager: Shutting down and abandoning module AnimationSharingEd (440)
[2026.04.06-02.01.02:715][195]LogModuleManager: Shutting down and abandoning module CLionSourceCodeAccess (438)
[2026.04.06-02.01.02:715][195]LogModuleManager: Shutting down and abandoning module OodleNetworkHandlerComponent (436)
[2026.04.06-02.01.02:715][195]LogModuleManager: Shutting down and abandoning module LiveLinkSequencer (434)
[2026.04.06-02.01.02:715][195]LogModuleManager: Shutting down and abandoning module LiveLinkMovieScene (432)
[2026.04.06-02.01.02:715][195]LogModuleManager: Shutting down and abandoning module LiveLinkGraphNode (430)
[2026.04.06-02.01.02:715][195]LogModuleManager: Shutting down and abandoning module LiveLinkEditor (428)
[2026.04.06-02.01.02:715][195]LogModuleManager: Shutting down and abandoning module LiveLinkComponents (426)
[2026.04.06-02.01.02:715][195]LogModuleManager: Shutting down and abandoning module LiveLink (424)
[2026.04.06-02.01.03:616][195]LogModuleManager: Shutting down and abandoning module PaperTiledImporter (422)
[2026.04.06-02.01.03:616][195]LogModuleManager: Shutting down and abandoning module PaperSpriteSheetImporter (420)
[2026.04.06-02.01.03:616][195]LogModuleManager: Shutting down and abandoning module Paper2DEditor (418)
[2026.04.06-02.01.03:616][195]LogModuleManager: Shutting down and abandoning module LightPropagationVolumeEditor (416)
[2026.04.06-02.01.03:616][195]LogModuleManager: Shutting down and abandoning module MeshPaintingToolset (414)
[2026.04.06-02.01.03:616][195]LogModuleManager: Shutting down and abandoning module MeshPaintEditorMode (412)
[2026.04.06-02.01.03:616][195]LogModuleManager: Shutting down and abandoning module SoundFields (410)
[2026.04.06-02.01.03:616][195]LogModuleManager: Shutting down and abandoning module SignificanceManager (408)
[2026.04.06-02.01.03:616][195]LogModuleManager: Shutting down and abandoning module RuntimePhysXCooking (406)
[2026.04.06-02.01.03:616][195]LogModuleManager: Shutting down and abandoning module PropertyAccessEditor (404)
[2026.04.06-02.01.03:616][195]LogModuleManager: Shutting down and abandoning module PhysXVehiclesEditor (402)
[2026.04.06-02.01.03:616][195]LogModuleManager: Shutting down and abandoning module LocationServicesBPLibrary (398)
[2026.04.06-02.01.03:616][195]LogModuleManager: Shutting down and abandoning module AudioSynesthesia (396)
[2026.04.06-02.01.03:616][195]LogModuleManager: Shutting down and abandoning module AudioSynesthesiaCore (394)
[2026.04.06-02.01.03:616][195]LogModuleManager: Shutting down and abandoning module ActorSequence (392)
[2026.04.06-02.01.03:616][195]LogModuleManager: Shutting down and abandoning module UdpMessaging (390)
[2026.04.06-02.01.03:717][195]LogModuleManager: Shutting down and abandoning module TcpMessaging (388)
[2026.04.06-02.01.03:818][195]LogModuleManager: Shutting down and abandoning module MagicLeapARPin (386)
[2026.04.06-02.01.03:818][195]LogModuleManager: Shutting down and abandoning module MagicLeapHandMeshing (384)
[2026.04.06-02.01.03:818][195]LogModuleManager: Shutting down and abandoning module MagicLeapSecureStorage (382)
[2026.04.06-02.01.03:818][195]LogModuleManager: Shutting down and abandoning module MagicLeapPrivileges (380)
[2026.04.06-02.01.03:818][195]LogModuleManager: Shutting down and abandoning module MagicLeapPlanes (378)
[2026.04.06-02.01.03:818][195]LogMagicLeapPlanes: Planes tracker already destroyed.
[2026.04.06-02.01.03:818][195]LogModuleManager: Shutting down and abandoning module MagicLeapImageTracker (376)
[2026.04.06-02.01.03:818][195]LogModuleManager: Shutting down and abandoning module MagicLeapIdentity (374)
[2026.04.06-02.01.03:818][195]LogModuleManager: Shutting down and abandoning module MagicLeapHandTracking (372)
[2026.04.06-02.01.03:818][195]LogModuleManager: Shutting down and abandoning module MagicLeapEyeTracker (370)
[2026.04.06-02.01.03:818][195]LogModuleManager: Shutting down and abandoning module MagicLeapController (368)
[2026.04.06-02.01.03:818][195]LogModuleManager: Shutting down and abandoning module MagicLeapARPinImpl (366)
[2026.04.06-02.01.03:818][195]LogModuleManager: Shutting down and abandoning module MagicLeapAR (364)
[2026.04.06-02.01.03:818][195]LogModuleManager: Shutting down and abandoning module ImgMediaEngine (362)
[2026.04.06-02.01.03:818][195]LogModuleManager: Shutting down and abandoning module PythonScriptPlugin (360)
[2026.04.06-02.01.03:818][195]LogModuleManager: Shutting down and abandoning module NiagaraAnimNotifies (358)
[2026.04.06-02.01.03:818][195]LogModuleManager: Shutting down and abandoning module Niagara (356)
[2026.04.06-02.01.03:818][195]LogModuleManager: Shutting down and abandoning module SignalProcessing (355)
[2026.04.06-02.01.03:818][195]LogModuleManager: Shutting down and abandoning module NiagaraEditor (353)
[2026.04.06-02.01.03:818][195]LogModuleManager: Shutting down and abandoning module NiagaraCore (350)
[2026.04.06-02.01.03:818][195]LogModuleManager: Shutting down and abandoning module GameplayTagsEditor (348)
[2026.04.06-02.01.03:818][195]LogModuleManager: Shutting down and abandoning module FacialAnimationEditor (346)
[2026.04.06-02.01.03:818][195]LogModuleManager: Shutting down and abandoning module FacialAnimation (344)
[2026.04.06-02.01.03:818][195]LogModuleManager: Shutting down and abandoning module DataValidation (342)
[2026.04.06-02.01.03:818][195]LogModuleManager: Shutting down and abandoning module PropertyAccessNode (340)
[2026.04.06-02.01.03:818][195]LogModuleManager: Shutting down and abandoning module AnimationSharing (338)
[2026.04.06-02.01.03:818][195]LogModuleManager: Shutting down and abandoning module AssetManagerEditor (336)
[2026.04.06-02.01.03:818][195]LogModuleManager: Shutting down and abandoning module LevelEditor (335)
[2026.04.06-02.01.03:820][195]LogModuleManager: Shutting down and abandoning module PixelInspectorModule (334)
[2026.04.06-02.01.03:820][195]LogModuleManager: Shutting down and abandoning module CommonMenuExtensions (332)
[2026.04.06-02.01.03:820][195]LogModuleManager: Shutting down and abandoning module MainFrame (330)
[2026.04.06-02.01.03:820][195]LogModuleManager: Shutting down and abandoning module HotReload (329)
[2026.04.06-02.01.03:820][195]LogModuleManager: Shutting down and abandoning module ToolMenus (325)
[2026.04.06-02.01.03:820][195]LogModuleManager: Shutting down and abandoning module ContentBrowser (323)
[2026.04.06-02.01.03:820][195]LogModuleManager: Shutting down and abandoning module ContentBrowserData (322)
[2026.04.06-02.01.03:820][195]LogModuleManager: Shutting down and abandoning module TreeMap (319)
[2026.04.06-02.01.03:820][195]LogModuleManager: Shutting down and abandoning module GameplayCameras (316)
[2026.04.06-02.01.03:820][195]LogModuleManager: Shutting down and abandoning module EnvironmentQueryEditor (314)
[2026.04.06-02.01.03:820][195]LogModuleManager: Shutting down and abandoning module Paper2D (312)
[2026.04.06-02.01.03:820][195]LogModuleManager: Shutting down and abandoning module LightPropagationVolumeRuntime (310)
[2026.04.06-02.01.03:820][195]LogModuleManager: Shutting down and abandoning module WindowsMoviePlayer (308)
[2026.04.06-02.01.03:821][195]LogModuleManager: Shutting down and abandoning module WebMMoviePlayer (306)
[2026.04.06-02.01.03:821][195]LogModuleManager: Shutting down and abandoning module NetworkReplayStreaming (304)
[2026.04.06-02.01.03:821][195]LogModuleManager: Shutting down and abandoning module PacketHandler (302)
[2026.04.06-02.01.03:821][195]LogModuleManager: Shutting down and abandoning module ClothingSystemEditor (300)
[2026.04.06-02.01.03:821][195]LogModuleManager: Shutting down and abandoning module ClothingSystemRuntimeNv (298)
[2026.04.06-02.01.03:821][195]LogModuleManager: Shutting down and abandoning module MediaAssets (296)
[2026.04.06-02.01.03:821][195]LogModuleManager: Shutting down and abandoning module Overlay (294)
[2026.04.06-02.01.03:821][195]LogModuleManager: Shutting down and abandoning module OverlayEditor (293)
[2026.04.06-02.01.03:821][195]LogModuleManager: Shutting down and abandoning module VREditor (290)
[2026.04.06-02.01.03:821][195]LogModuleManager: Shutting down and abandoning module StringTableEditor (288)
[2026.04.06-02.01.03:821][195]LogModuleManager: Shutting down and abandoning module GameplayTasksEditor (286)
[2026.04.06-02.01.03:821][195]LogModuleManager: Shutting down and abandoning module BehaviorTreeEditor (284)
[2026.04.06-02.01.03:821][195]LogModuleManager: Shutting down and abandoning module FunctionalTesting (282)
[2026.04.06-02.01.03:821][195]LogModuleManager: Shutting down and abandoning module CollisionAnalyzer (280)
[2026.04.06-02.01.03:821][195]LogModuleManager: Shutting down and abandoning module WorkspaceMenuStructure (279)
[2026.04.06-02.01.03:821][195]LogModuleManager: Shutting down and abandoning module UMG (276)
[2026.04.06-02.01.03:821][195]LogModuleManager: Shutting down and abandoning module UMGEditor (275)
[2026.04.06-02.01.03:821][195]LogModuleManager: Shutting down and abandoning module MessageLog (273)
[2026.04.06-02.01.03:821][195]LogModuleManager: Shutting down and abandoning module SlateReflector (268)
[2026.04.06-02.01.03:822][195]LogModuleManager: Shutting down and abandoning module Slate (266)
[2026.04.06-02.01.03:822][195]LogModuleManager: Shutting down and abandoning module SlateCore (264)
[2026.04.06-02.01.03:822][195]LogModuleManager: Shutting down and abandoning module LandscapeEditorUtilities (262)
[2026.04.06-02.01.03:822][195]LogModuleManager: Shutting down and abandoning module UnrealEd (260)
[2026.04.06-02.01.03:822][195]LogModuleManager: Shutting down and abandoning module MRMesh (258)
[2026.04.06-02.01.03:822][195]LogModuleManager: Shutting down and abandoning module SourceCodeAccess (256)
[2026.04.06-02.01.03:822][195]LogModuleManager: Shutting down and abandoning module HeadMountedDisplay (254)
[2026.04.06-02.01.03:822][195]LogModuleManager: Shutting down and abandoning module XAudio2 (252)
[2026.04.06-02.01.03:822][195]LogModuleManager: Shutting down and abandoning module Networking (250)
[2026.04.06-02.01.03:822][195]LogModuleManager: Shutting down and abandoning module Core (248)
[2026.04.06-02.01.03:822][195]LogModuleManager: Shutting down and abandoning module MaterialEditor (246)
[2026.04.06-02.01.03:822][195]LogModuleManager: Shutting down and abandoning module MovieSceneTools (244)
[2026.04.06-02.01.03:822][195]LogModuleManager: Shutting down and abandoning module CurveEditor (243)
[2026.04.06-02.01.03:822][195]LogModuleManager: Shutting down and abandoning module Sequencer (241)
[2026.04.06-02.01.03:822][195]LogModuleManager: Shutting down and abandoning module EditorStyle (240)
[2026.04.06-02.01.03:823][195]LogModuleManager: Shutting down and abandoning module KismetCompiler (236)
[2026.04.06-02.01.03:823][195]LogModuleManager: Shutting down and abandoning module MeshBuilder (234)
[2026.04.06-02.01.03:823][195]LogModuleManager: Shutting down and abandoning module MeshUtilities (232)
[2026.04.06-02.01.03:823][195]LogModuleManager: Shutting down and abandoning module MeshMergeUtilities (231)
[2026.04.06-02.01.03:823][195]LogModuleManager: Shutting down and abandoning module MeshReductionInterface (230)
[2026.04.06-02.01.03:823][195]LogModuleManager: Shutting down and abandoning module MeshBoneReduction (229)
[2026.04.06-02.01.03:823][195]LogModuleManager: Shutting down and abandoning module SkeletalMeshReduction (227)
[2026.04.06-02.01.03:823][195]LogModuleManager: Shutting down and abandoning module ProxyLODMeshReduction (225)
[2026.04.06-02.01.03:823][195]LogModuleManager: Shutting down and abandoning module QuadricMeshReduction (223)
[2026.04.06-02.01.03:823][195]LogModuleManager: Shutting down and abandoning module MaterialBaking (219)
[2026.04.06-02.01.03:823][195]LogModuleManager: Shutting down and abandoning module NullInstallBundleManager (214)
[2026.04.06-02.01.03:823][195]LogModuleManager: Shutting down and abandoning module DerivedDataCache (212)
[2026.04.06-02.01.03:823][195]LogModuleManager: Shutting down and abandoning module TargetPlatform (210)
[2026.04.06-02.01.03:823][195]LogModuleManager: Shutting down and abandoning module VulkanShaderFormat (209)
[2026.04.06-02.01.03:823][195]LogModuleManager: Shutting down and abandoning module ShaderFormatVectorVM (207)
[2026.04.06-02.01.03:823][195]LogModuleManager: Shutting down and abandoning module ShaderFormatOpenGL (205)
[2026.04.06-02.01.03:823][195]LogModuleManager: Shutting down and abandoning module ShaderFormatD3D (203)
[2026.04.06-02.01.03:823][195]LogModuleManager: Shutting down and abandoning module MetalShaderFormat (201)
[2026.04.06-02.01.03:823][195]LogModuleManager: Shutting down and abandoning module TextureFormatOodle (199)
[2026.04.06-02.01.03:823][195]LogModuleManager: Shutting down and abandoning module TextureFormatUncompressed (197)
[2026.04.06-02.01.03:823][195]LogModuleManager: Shutting down and abandoning module TextureFormatPVR (195)
[2026.04.06-02.01.03:823][195]LogModuleManager: Shutting down and abandoning module TextureFormatETC2 (193)
[2026.04.06-02.01.03:823][195]LogModuleManager: Shutting down and abandoning module TextureFormatDXT (191)
[2026.04.06-02.01.03:823][195]LogModuleManager: Shutting down and abandoning module TextureFormatIntelISPCTexComp (189)
[2026.04.06-02.01.03:823][195]LogModuleManager: Shutting down and abandoning module TextureFormatASTC (187)
[2026.04.06-02.01.03:824][195]LogModuleManager: Shutting down and abandoning module ImageWrapper (186)
[2026.04.06-02.01.03:824][195]LogModuleManager: Shutting down and abandoning module AudioFormatOpus (183)
[2026.04.06-02.01.03:824][195]LogModuleManager: Shutting down and abandoning module AudioFormatOgg (181)
[2026.04.06-02.01.03:824][195]LogModuleManager: Shutting down and abandoning module AudioFormatADPCM (179)
[2026.04.06-02.01.03:824][195]LogModuleManager: Shutting down and abandoning module WindowsServerTargetPlatform (177)
[2026.04.06-02.01.03:824][195]LogModuleManager: Shutting down and abandoning module WindowsClientTargetPlatform (175)
[2026.04.06-02.01.03:824][195]LogModuleManager: Shutting down and abandoning module WindowsTargetPlatform (173)
[2026.04.06-02.01.03:824][195]LogModuleManager: Shutting down and abandoning module WindowsNoEditorTargetPlatform (171)
[2026.04.06-02.01.03:824][195]LogModuleManager: Shutting down and abandoning module TVOSTargetPlatform (169)
[2026.04.06-02.01.03:824][195]LogModuleManager: Shutting down and abandoning module MacServerTargetPlatform (167)
[2026.04.06-02.01.03:824][195]LogModuleManager: Shutting down and abandoning module MacClientTargetPlatform (165)
[2026.04.06-02.01.03:824][195]LogModuleManager: Shutting down and abandoning module MacTargetPlatform (163)
[2026.04.06-02.01.03:824][195]LogModuleManager: Shutting down and abandoning module MacNoEditorTargetPlatform (161)
[2026.04.06-02.01.03:824][195]LogModuleManager: Shutting down and abandoning module LuminTargetPlatform (159)
[2026.04.06-02.01.03:825][195]LogModuleManager: Shutting down and abandoning module LinuxAArch64ServerTargetPlatform (157)
[2026.04.06-02.01.03:825][195]LogModuleManager: Shutting down and abandoning module LinuxAArch64ClientTargetPlatform (155)
[2026.04.06-02.01.03:825][195]LogModuleManager: Shutting down and abandoning module LinuxAArch64NoEditorTargetPlatform (153)
[2026.04.06-02.01.03:825][195]LogModuleManager: Shutting down and abandoning module LinuxServerTargetPlatform (151)
[2026.04.06-02.01.03:825][195]LogModuleManager: Shutting down and abandoning module LinuxClientTargetPlatform (149)
[2026.04.06-02.01.03:825][195]LogModuleManager: Shutting down and abandoning module LinuxNoEditorTargetPlatform (147)
[2026.04.06-02.01.03:825][195]LogModuleManager: Shutting down and abandoning module LinuxTargetPlatform (145)
[2026.04.06-02.01.03:825][195]LogModuleManager: Shutting down and abandoning module Messaging (143)
[2026.04.06-02.01.03:825][195]LogModuleManager: Shutting down and abandoning module IOSTargetPlatform (141)
[2026.04.06-02.01.03:825][195]LogModuleManager: Shutting down and abandoning module AndroidTargetPlatform (139)
[2026.04.06-02.01.03:828][195]LogModuleManager: Shutting down and abandoning module AllDesktopTargetPlatform (137)
[2026.04.06-02.01.03:828][195]LogModuleManager: Shutting down and abandoning module D3D11RHI (134)
[2026.04.06-02.01.03:828][195]LogModuleManager: Shutting down and abandoning module InputCore (132)
[2026.04.06-02.01.03:828][195]LogModuleManager: Shutting down and abandoning module Settings (130)
[2026.04.06-02.01.03:828][195]LogModuleManager: Shutting down and abandoning module DirectoryWatcher (128)
[2026.04.06-02.01.03:828][195]LogModuleManager: Shutting down and abandoning module PhysXCooking (126)
[2026.04.06-02.01.03:828][195]LogModuleManager: Shutting down and abandoning module Chaos (124)
[2026.04.06-02.01.03:828][195]LogModuleManager: Shutting down and abandoning module WindowsPlatformFeatures (122)
[2026.04.06-02.01.03:828][195]LogModuleManager: Shutting down and abandoning module GameplayMediaEncoder (121)
[2026.04.06-02.01.03:828][195]LogModuleManager: Shutting down and abandoning module AVEncoder (120)
[2026.04.06-02.01.03:828][195]LogModuleManager: Shutting down and abandoning module SteamVRInputDevice (116)
[2026.04.06-02.01.03:828][195]LogModuleManager: Shutting down and abandoning module SteamVRInput (114)
[2026.04.06-02.01.03:828][195]LogModuleManager: Shutting down and abandoning module SteamVR (112)
[2026.04.06-02.01.03:828][195]LogHMD: Freeing OpenVRDLLHandle.
[2026.04.06-02.01.03:828][195]LogModuleManager: Shutting down and abandoning module OculusHMD (110)
[2026.04.06-02.01.03:828][195]LogModuleManager: Shutting down and abandoning module LauncherChunkInstaller (108)
[2026.04.06-02.01.03:828][195]LogModuleManager: Shutting down and abandoning module OnlineBlueprintSupport (106)
[2026.04.06-02.01.03:828][195]LogModuleManager: Shutting down and abandoning module OnlineSubsystem (102)
[2026.04.06-02.01.03:829][195]LogModuleManager: Shutting down and abandoning module XMPP (97)
[2026.04.06-02.01.03:829][195]LogModuleManager: Shutting down and abandoning module WebSockets (96)
[2026.04.06-02.01.03:843][195]LogModuleManager: Shutting down and abandoning module HTTP (93)
[2026.04.06-02.01.03:843][195]LogHttp: Display: Http module shutting down, but needs to wait on 1 outstanding Http requests:
[2026.04.06-02.01.03:843][195]LogHttp: Display: 	verb=[POST] url=[https://datarouter.ol.epicgames.com/datarouter/api/v1/public/data?SessionID=%7BE1AB62C4-468B-C049-D239-BAA482AB1044%7D&AppID=UEEditor.Rocket.Release&AppVersion=4.27.2-18319896%2B%2B%2BUE4%2BRelease-4.27&UserID=8fcc38ac48a66c8769f65980695484d0%7C6166004a434a48438f2a089efd603187%7C76f2bdca-bd28-4f11-b47b-d1fed44a7397&AppEnvironment=datacollector-binary&UploadType=eteventstream] refs=[1] status=Processing
[2026.04.06-02.01.03:843][195]LogHttp: Display: cleaning up 1 outstanding Http requests.
[2026.04.06-02.01.03:877][195]LogModuleManager: Shutting down and abandoning module SSL (92)
[2026.04.06-02.01.03:878][195]LogModuleManager: Shutting down and abandoning module OpenXRHandTracking (88)
[2026.04.06-02.01.03:878][195]LogSlate: Slate User Destroyed.  User Index 0, Is Virtual User: 0
[2026.04.06-02.01.03:878][195]LogModuleManager: Shutting down and abandoning module OpenXREyeTracker (86)
[2026.04.06-02.01.03:878][195]LogModuleManager: Shutting down and abandoning module OpenXRAR (84)
[2026.04.06-02.01.03:878][195]LogModuleManager: Shutting down and abandoning module AugmentedReality (83)
[2026.04.06-02.01.03:878][195]LogModuleManager: Shutting down and abandoning module OpenXRHMD (80)
[2026.04.06-02.01.03:878][195]LogModuleManager: Shutting down and abandoning module ExampleDeviceProfileSelector (78)
[2026.04.06-02.01.03:878][195]LogModuleManager: Shutting down and abandoning module ChunkDownloader (76)
[2026.04.06-02.01.03:878][195]LogModuleManager: Shutting down and abandoning module MLSDK (74)
[2026.04.06-02.01.03:878][195]LogModuleManager: Shutting down and abandoning module WmfMedia (72)
[2026.04.06-02.01.03:879][195]LogModuleManager: Shutting down and abandoning module Media (71)
[2026.04.06-02.01.03:880][195]LogModuleManager: Shutting down and abandoning module MediaInfo (70)
[2026.04.06-02.01.03:880][195]LogModuleManager: Shutting down and abandoning module MagicLeap (66)
[2026.04.06-02.01.03:880][195]LogModuleManager: Shutting down and abandoning module ExrReaderGpu (64)
[2026.04.06-02.01.03:880][195]LogModuleManager: Shutting down and abandoning module ChaosCloth (62)
[2026.04.06-02.01.03:880][195]LogModuleManager: Shutting down and abandoning module VariantManagerContent (60)
[2026.04.06-02.01.03:880][195]LogModuleManager: Shutting down and abandoning module DatasmithContent (58)
[2026.04.06-02.01.03:880][195]LogModuleManager: Shutting down and abandoning module NiagaraVertexFactories (56)
[2026.04.06-02.01.03:880][195]LogModuleManager: Shutting down and abandoning module NiagaraShader (54)
[2026.04.06-02.01.03:880][195]LogModuleManager: Shutting down and abandoning module PixWinPlugin (52)
[2026.04.06-02.01.03:880][195]LogModuleManager: Shutting down and abandoning module AISupportModule (50)
[2026.04.06-02.01.03:880][195]LogModuleManager: Shutting down and abandoning module DesktopPlatform (48)
[2026.04.06-02.01.03:880][195]LogModuleManager: Shutting down and abandoning module PythonScriptPluginPreload (46)
[2026.04.06-02.01.03:880][195]LogModuleManager: Shutting down and abandoning module PlatformCryptoOpenSSL (44)
[2026.04.06-02.01.03:880][195]LogModuleManager: Shutting down and abandoning module PlatformCryptoTypes (42)
[2026.04.06-02.01.03:880][195]LogModuleManager: Shutting down and abandoning module PlatformCrypto (40)
[2026.04.06-02.01.03:880][195]LogModuleManager: Shutting down and abandoning module OodleDataCompressionFormat (38)
[2026.04.06-02.01.03:880][195]LogModuleManager: Shutting down and abandoning module XGEController (36)
[2026.04.06-02.01.03:880][195]LogModuleManager: Shutting down and abandoning module AnimationModifiers (34)
[2026.04.06-02.01.03:880][195]LogModuleManager: Shutting down and abandoning module AudioEditor (32)
[2026.04.06-02.01.03:880][195]LogModuleManager: Shutting down and abandoning module PropertyEditor (31)
[2026.04.06-02.01.03:881][195]LogModuleManager: Shutting down and abandoning module TextureCompressor (28)
[2026.04.06-02.01.03:881][195]LogModuleManager: Shutting down and abandoning module RenderCore (26)
[2026.04.06-02.01.03:881][195]LogModuleManager: Shutting down and abandoning module Landscape (24)
[2026.04.06-02.01.03:881][195]LogModuleManager: Shutting down and abandoning module SlateRHIRenderer (22)
[2026.04.06-02.01.03:882][195]LogModuleManager: Shutting down and abandoning module AnimGraphRuntime (20)
[2026.04.06-02.01.03:882][195]LogModuleManager: Shutting down and abandoning module Renderer (18)
[2026.04.06-02.01.03:882][195]LogModuleManager: Shutting down and abandoning module Engine (16)
[2026.04.06-02.01.03:882][195]LogModuleManager: Shutting down and abandoning module CoreUObject (14)
[2026.04.06-02.01.03:882][195]LogModuleManager: Shutting down and abandoning module NetworkFile (12)
[2026.04.06-02.01.03:882][195]LogModuleManager: Shutting down and abandoning module CookedIterativeFile (10)
[2026.04.06-02.01.03:882][195]LogModuleManager: Shutting down and abandoning module StreamingFile (8)
[2026.04.06-02.01.03:882][195]LogModuleManager: Shutting down and abandoning module SandboxFile (6)
[2026.04.06-02.01.03:882][195]LogModuleManager: Shutting down and abandoning module PakFile (4)
[2026.04.06-02.01.03:882][195]LogModuleManager: Shutting down and abandoning module RSA (3)
[2026.04.06-02.01.03:882][195]LogContentStreaming: Display: There are 1 unreleased StreamingManagers
[2026.04.06-02.01.03:896][195]LogD3D11RHI: Shutdown
[2026.04.06-02.01.03:896][195]LogD3D11RHI: CleanupD3DDevice
[2026.04.06-02.01.03:898][195]LogExit: Exiting.
[2026.04.06-02.01.03:907][195]Log file closed, 04/05/26 20:01:03
