Log file open, 04/07/26 18:20:42
LogWindows: Failed to load 'aqProf.dll' (GetLastError=126)
LogWindows: File 'aqProf.dll' does not exist
LogWindows: Failed to load 'VtuneApi.dll' (GetLastError=126)
LogWindows: File 'VtuneApi.dll' does not exist
LogWindows: Failed to load 'VtuneApi32e.dll' (GetLastError=126)
LogWindows: File 'VtuneApi32e.dll' does not exist
LogConsoleResponse: Display: Failed to find resolution value strings in scalability ini. Falling back to default.
LogConsoleResponse: Display: Failed to find resolution value strings in scalability ini. Falling back to default.
LogInit: Display: Running engine for game: CPSC399Game
LogPlatformFile: Not using cached read wrapper
LogTaskGraph: Started task graph with 5 named threads and 59 total threads with 3 sets of task threads.
LogStats: Stats thread started at 0.206870
LogICUInternationalization: ICU TimeZone Detection - Raw Offset: -7:00, Platform Override: ''
LogInit: Display: Loading text-based GConfig....
LogPluginManager: Mounting plugin MeshPainting
LogPluginManager: Mounting plugin XGEController
LogPluginManager: Mounting plugin Paper2D
LogPluginManager: Mounting plugin EnvironmentQueryEditor
LogPluginManager: Mounting plugin AISupport
LogPluginManager: Mounting plugin LiveLink
LogPluginManager: Mounting plugin OodleData
LogPluginManager: Mounting plugin OodleNetwork
LogPluginManager: Mounting plugin LightPropagationVolume
LogPluginManager: Mounting plugin DatasmithContent
LogPluginManager: Mounting plugin CameraShakePreviewer
LogPluginManager: Mounting plugin VariantManagerContent
LogPluginManager: Mounting plugin GameplayCameras
LogPluginManager: Mounting plugin CurveEditorTools
LogPluginManager: Mounting plugin DataValidation
LogPluginManager: Mounting plugin CryptoKeys
LogPluginManager: Mounting plugin GameplayTagsEditor
LogPluginManager: Mounting plugin GeometryMode
LogPluginManager: Mounting plugin AssetManagerEditor
LogPluginManager: Mounting plugin SpeedTreeImporter
LogPluginManager: Mounting plugin FacialAnimation
LogPluginManager: Mounting plugin PluginBrowser
LogPluginManager: Mounting plugin MacGraphicsSwitching
LogPluginManager: Mounting plugin MaterialAnalyzer
LogPluginManager: Mounting plugin MobileLauncherProfileWizard
LogPluginManager: Mounting plugin Niagara
LogPluginManager: Mounting plugin AnimationSharing
LogPluginManager: Mounting plugin CLionSourceCodeAccess
LogPluginManager: Mounting plugin NullSourceCodeAccess
LogPluginManager: Mounting plugin GitSourceControl
LogPluginManager: Mounting plugin PixWinPlugin
LogPluginManager: Mounting plugin PlasticSourceControl
LogPluginManager: Mounting plugin PluginUtils
LogPluginManager: Mounting plugin CodeLiteSourceCodeAccess
LogPluginManager: Mounting plugin KDevelopSourceCodeAccess
LogPluginManager: Mounting plugin PropertyAccessNode
LogPluginManager: Mounting plugin TextureFormatOodle
LogPluginManager: Mounting plugin RiderSourceCodeAccess
LogPluginManager: Mounting plugin VisualStudioSourceCodeAccess
LogPluginManager: Mounting plugin SubversionSourceControl
LogPluginManager: Mounting plugin AlembicImporter
LogPluginManager: Mounting plugin BackChannel
LogPluginManager: Mounting plugin UObjectPlugin
LogPluginManager: Mounting plugin XCodeSourceCodeAccess
LogPluginManager: Mounting plugin ChaosCloth
LogPluginManager: Mounting plugin ChaosEditor
LogPluginManager: Mounting plugin ChaosClothEditor
LogPluginManager: Mounting plugin VisualStudioCodeSourceCodeAccess
LogPluginManager: Mounting plugin AutomationUtils
LogPluginManager: Mounting plugin ChaosNiagara
LogPluginManager: Mounting plugin CharacterAI
LogPluginManager: Mounting plugin ChaosSolverPlugin
LogPluginManager: Mounting plugin LuminPlatformFeatures
LogPluginManager: Mounting plugin MagicLeap
LogPluginManager: Mounting plugin AvfMedia
LogPluginManager: Mounting plugin AndroidMedia
LogPluginManager: Mounting plugin MagicLeapLightEstimation
LogPluginManager: Mounting plugin MagicLeapPassableWorld
LogPluginManager: Mounting plugin MediaCompositing
LogPluginManager: Mounting plugin ImgMedia
LogPluginManager: Mounting plugin MagicLeapMedia
LogPluginManager: Mounting plugin MLSDK
LogPluginManager: Mounting plugin WmfMedia
LogPluginManager: Mounting plugin WebMMedia
LogPluginManager: Mounting plugin GeometryCache
LogPluginManager: Mounting plugin MediaPlayerEditor
LogPluginManager: Mounting plugin GeometryProcessing
LogPluginManager: Mounting plugin GeometryCollectionPlugin
LogPluginManager: Mounting plugin MotoSynth
LogPluginManager: Mounting plugin PlanarCut
LogPluginManager: Mounting plugin PlatformCrypto
LogPluginManager: Mounting plugin PythonScriptPlugin
LogPluginManager: Mounting plugin OpenImageDenoise
LogPluginManager: Mounting plugin ProxyLODPlugin
LogPluginManager: Mounting plugin SkeletalReduction
LogPluginManager: Mounting plugin TcpMessaging
LogPluginManager: Mounting plugin UdpMessaging
LogPluginManager: Mounting plugin MatineeToLevelSequence
LogPluginManager: Mounting plugin ActorSequence
LogPluginManager: Mounting plugin LevelSequenceEditor
LogPluginManager: Mounting plugin TemplateSequence
LogPluginManager: Mounting plugin LauncherChunkInstaller
LogPluginManager: Mounting plugin OnlineSubsystem
LogPluginManager: Mounting plugin OnlineSubsystemNull
LogPluginManager: Mounting plugin OnlineSubsystemUtils
LogPluginManager: Mounting plugin ActorLayerUtilities
LogPluginManager: Mounting plugin PerforceSourceControl
LogPluginManager: Mounting plugin AndroidPermission
LogPluginManager: Mounting plugin AndroidDeviceProfileSelector
LogPluginManager: Mounting plugin AndroidMoviePlayer
LogPluginManager: Mounting plugin AppleMoviePlayer
LogPluginManager: Mounting plugin AppleImageUtils
LogPluginManager: Mounting plugin ArchVisCharacter
LogPluginManager: Mounting plugin ChunkDownloader
LogPluginManager: Mounting plugin AudioCapture
LogPluginManager: Mounting plugin EditableMesh
LogPluginManager: Mounting plugin AudioSynesthesia
LogPluginManager: Mounting plugin CableComponent
LogPluginManager: Mounting plugin AssetTags
LogPluginManager: Mounting plugin ExampleDeviceProfileSelector
LogPluginManager: Mounting plugin CustomMeshComponent
LogPluginManager: Mounting plugin GoogleCloudMessaging
LogPluginManager: Mounting plugin GooglePAD
LogPluginManager: Mounting plugin ScreenshotTools
LogPluginManager: Mounting plugin IOSDeviceProfileSelector
LogPluginManager: Mounting plugin LinuxDeviceProfileSelector
LogPluginManager: Mounting plugin MobilePatchingUtils
LogPluginManager: Mounting plugin OpenXR
LogPluginManager: Mounting plugin OpenXRHandTracking
LogPluginManager: Mounting plugin LocationServicesBPLibrary
LogPluginManager: Mounting plugin OpenXREyeTracker
LogPluginManager: Mounting plugin PostSplashScreen
LogPluginManager: Mounting plugin PhysXVehicles
LogPluginManager: Mounting plugin ProceduralMeshComponent
LogPluginManager: Mounting plugin PropertyAccessEditor
LogPluginManager: Mounting plugin SignificanceManager
LogPluginManager: Mounting plugin RuntimePhysXCooking
LogPluginManager: Mounting plugin SoundFields
LogPluginManager: Mounting plugin Synthesis
LogPluginManager: Mounting plugin Takes
LogPluginManager: Mounting plugin WebMMoviePlayer
LogPluginManager: Mounting plugin WindowsMoviePlayer
LogPluginManager: Mounting plugin ContentBrowserFileDataSource
LogPluginManager: Mounting plugin ContentBrowserClassDataSource
LogPluginManager: Mounting plugin ContentBrowserAssetDataSource
LogPluginManager: Mounting plugin OnlineSubsystemGooglePlay
LogPluginManager: Mounting plugin OnlineSubsystemIOS
LogPluginManager: Mounting plugin OculusVR
LogPluginManager: Mounting plugin SteamVR
PixWinPlugin: PIX capture plugin failed to initialize! Check that the process is launched from PIX.
LogInit: Using libcurl 7.55.1-DEV
LogInit:  - built for x86_64-pc-win32
LogInit:  - supports SSL with OpenSSL/1.1.1
LogInit:  - supports HTTP deflate (compression) using libz 1.2.8
LogInit:  - other features:
LogInit:      CURL_VERSION_SSL
LogInit:      CURL_VERSION_LIBZ
LogInit:      CURL_VERSION_IPV6
LogInit:      CURL_VERSION_ASYNCHDNS
LogInit:      CURL_VERSION_LARGEFILE
LogInit:      CURL_VERSION_IDN
LogInit:  CurlRequestOptions (configurable via config and command line):
LogInit:  - bVerifyPeer = true  - Libcurl will verify peer certificate
LogInit:  - bUseHttpProxy = false  - Libcurl will NOT use HTTP proxy
LogInit:  - bDontReuseConnections = false  - Libcurl will reuse connections
LogInit:  - MaxHostConnections = 16  - Libcurl will limit the number of connections to a host
LogInit:  - LocalHostAddr = Default
LogInit:  - BufferSize = 65536
LogOnline: OSS: Creating online subsystem instance for: NULL
LogInit: WinSock: version 1.1 (2.2), MaxSocks=32767, MaxUdp=65467
LogOnline: OSS: TryLoadSubsystemAndSetDefault: Loaded subsystem for module [NULL]
LogOculusPluginWrapper: OculusPlugin initialized successfully
LogHMD: Failed initializing OVRPlugin 1.59.0
LogInit: Build: ++UE4+Release-4.27-CL-18319896
LogInit: Engine Version: 4.27.2-18319896+++UE4+Release-4.27
LogInit: Compatible Engine Version: 4.27.0-17155196+++UE4+Release-4.27
LogInit: Net CL: 17155196
LogInit: OS: Windows 10 (Release 2009) (), CPU: 12th Gen Intel(R) Core(TM) i7-12700H, GPU: NVIDIA GeForce RTX 3050 Ti Laptop GPU
LogInit: Compiled (64-bit): Nov 30 2021 07:12:08
LogInit: Compiled with Visual C++: 19.24.28315.00
LogInit: Build Configuration: Development
LogInit: Branch Name: ++UE4+Release-4.27
LogInit: Command Line: 
LogInit: Base Directory: C:/Program Files/Epic Games/UE_4.27/Engine/Binaries/Win64/
LogInit: Allocator: TBB
LogInit: Installed Engine Build: 1
LogDevObjectVersion: Number of dev versions registered: 29
LogDevObjectVersion:   Dev-Blueprints (B0D832E4-1F89-4F0D-ACCF-7EB736FD4AA2): 10
LogDevObjectVersion:   Dev-Build (E1C64328-A22C-4D53-A36C-8E866417BD8C): 0
LogDevObjectVersion:   Dev-Core (375EC13C-06E4-48FB-B500-84F0262A717E): 4
LogDevObjectVersion:   Dev-Editor (E4B068ED-F494-42E9-A231-DA0B2E46BB41): 40
LogDevObjectVersion:   Dev-Framework (CFFC743F-43B0-4480-9391-14DF171D2073): 37
LogDevObjectVersion:   Dev-Mobile (B02B49B5-BB20-44E9-A304-32B752E40360): 3
LogDevObjectVersion:   Dev-Networking (A4E4105C-59A1-49B5-A7C5-40C4547EDFEE): 0
LogDevObjectVersion:   Dev-Online (39C831C9-5AE6-47DC-9A44-9C173E1C8E7C): 0
LogDevObjectVersion:   Dev-Physics (78F01B33-EBEA-4F98-B9B4-84EACCB95AA2): 14
LogDevObjectVersion:   Dev-Platform (6631380F-2D4D-43E0-8009-CF276956A95A): 0
LogDevObjectVersion:   Dev-Rendering (12F88B9F-8875-4AFC-A67C-D90C383ABD29): 45
LogDevObjectVersion:   Dev-Sequencer (7B5AE74C-D270-4C10-A958-57980B212A5A): 13
LogDevObjectVersion:   Dev-VR (D7296918-1DD6-4BDD-9DE2-64A83CC13884): 3
LogDevObjectVersion:   Dev-LoadTimes (C2A15278-BFE7-4AFE-6C17-90FF531DF755): 1
LogDevObjectVersion:   Private-Geometry (6EACA3D4-40EC-4CC1-B786-8BED09428FC5): 3
LogDevObjectVersion:   Dev-AnimPhys (29E575DD-E0A3-4627-9D10-D276232CDCEA): 17
LogDevObjectVersion:   Dev-Anim (AF43A65D-7FD3-4947-9873-3E8ED9C1BB05): 15
LogDevObjectVersion:   Dev-ReflectionCapture (6B266CEC-1EC7-4B8F-A30B-E4D90942FC07): 1
LogDevObjectVersion:   Dev-Automation (0DF73D61-A23F-47EA-B727-89E90C41499A): 1
LogDevObjectVersion:   FortniteMain (601D1886-AC64-4F84-AA16-D3DE0DEAC7D6): 47
LogDevObjectVersion:   FortniteRelease (E7086368-6B23-4C58-8439-1B7016265E91): 1
LogDevObjectVersion:   Dev-Enterprise (9DFFBCD6-494F-0158-E221-12823C92A888): 10
LogDevObjectVersion:   Dev-Niagara (F2AED0AC-9AFE-416F-8664-AA7FFA26D6FC): 1
LogDevObjectVersion:   Dev-Destruction (174F1F0B-B4C6-45A5-B13F-2EE8D0FB917D): 10
LogDevObjectVersion:   Dev-Physics-Ext (35F94A83-E258-406C-A318-09F59610247C): 41
LogDevObjectVersion:   Dev-PhysicsMaterial-Chaos (B68FC16E-8B1B-42E2-B453-215C058844FE): 1
LogDevObjectVersion:   Dev-CineCamera (B2E18506-4273-CFC2-A54E-F4BB758BBA07): 1
LogDevObjectVersion:   Dev-VirtualProduction (64F58936-FD1B-42BA-BA96-7289D5D0FA4E): 1
LogDevObjectVersion:   Dev-MediaFramework (6F0ED827-A609-4895-9C91-998D90180EA4): 2
LogInit: Presizing for max 25165824 objects, including 0 objects not considered by GC, pre-allocating 0 bytes for permanent pool.
LogConfig: Applying CVar settings from Section [/Script/Engine.StreamingSettings] File [C:/Users/asus/Desktop/Assign 565/My project/CPSC399_Game/CPSC399Game/Saved/Config/Windows/Engine.ini]
LogConfig: Setting CVar [[s.MinBulkDataSizeForAsyncLoading:131072]]
LogConfig: Setting CVar [[s.AsyncLoadingThreadEnabled:0]]
LogConfig: Setting CVar [[s.EventDrivenLoaderEnabled:1]]
LogConfig: Setting CVar [[s.WarnIfTimeLimitExceeded:0]]
LogConfig: Setting CVar [[s.TimeLimitExceededMultiplier:1.5]]
LogConfig: Setting CVar [[s.TimeLimitExceededMinTime:0.005]]
LogConfig: Setting CVar [[s.UseBackgroundLevelStreaming:1]]
LogConfig: Setting CVar [[s.PriorityAsyncLoadingExtraTime:15.0]]
LogConfig: Setting CVar [[s.LevelStreamingActorsUpdateTimeLimit:5.0]]
LogConfig: Setting CVar [[s.PriorityLevelStreamingActorsUpdateExtraTime:5.0]]
LogConfig: Setting CVar [[s.LevelStreamingComponentsRegistrationGranularity:10]]
LogConfig: Setting CVar [[s.UnregisterComponentsTimeLimit:1.0]]
LogConfig: Setting CVar [[s.LevelStreamingComponentsUnregistrationGranularity:5]]
LogConfig: Setting CVar [[s.FlushStreamingOnExit:1]]
LogInit: Object subsystem initialized
LogConfig: Setting CVar [[con.DebugEarlyDefault:1]]
LogConfig: Setting CVar [[r.setres:1280x720]]
[2026.04.08-00.20.42:589][  0]LogConfig: Setting CVar [[r.VSync:0]]
[2026.04.08-00.20.42:589][  0]LogConfig: Setting CVar [[r.RHICmdBypass:0]]
[2026.04.08-00.20.42:589][  0]LogConfig: Applying CVar settings from Section [/Script/Engine.RendererSettings] File [C:/Users/asus/Desktop/Assign 565/My project/CPSC399_Game/CPSC399Game/Saved/Config/Windows/Engine.ini]
[2026.04.08-00.20.42:589][  0]LogConfig: Setting CVar [[r.GPUCrashDebugging:0]]
[2026.04.08-00.20.42:589][  0]LogConfig: Setting CVar [[r.Mobile.DisableVertexFog:1]]
[2026.04.08-00.20.42:589][  0]LogConfig: Setting CVar [[r.Shadow.CSM.MaxMobileCascades:2]]
[2026.04.08-00.20.42:589][  0]LogConfig: Setting CVar [[r.MobileMSAA:1]]
[2026.04.08-00.20.42:589][  0]LogConfig: Setting CVar [[r.Mobile.AllowDitheredLODTransition:0]]
[2026.04.08-00.20.42:589][  0]LogConfig: Setting CVar [[r.Mobile.AllowSoftwareOcclusion:0]]
[2026.04.08-00.20.42:589][  0]LogConfig: Setting CVar [[r.Mobile.VirtualTextures:0]]
[2026.04.08-00.20.42:589][  0]LogConfig: Setting CVar [[r.DiscardUnusedQuality:0]]
[2026.04.08-00.20.42:589][  0]LogConfig: Setting CVar [[r.AllowOcclusionQueries:1]]
[2026.04.08-00.20.42:589][  0]LogConfig: Setting CVar [[r.MinScreenRadiusForLights:0.030000]]
[2026.04.08-00.20.42:589][  0]LogConfig: Setting CVar [[r.MinScreenRadiusForDepthPrepass:0.030000]]
[2026.04.08-00.20.42:589][  0]LogConfig: Setting CVar [[r.MinScreenRadiusForCSMDepth:0.010000]]
[2026.04.08-00.20.42:589][  0]LogConfig: Setting CVar [[r.PrecomputedVisibilityWarning:0]]
[2026.04.08-00.20.42:589][  0]LogConfig: Setting CVar [[r.TextureStreaming:1]]
[2026.04.08-00.20.42:589][  0]LogConfig: Setting CVar [[Compat.UseDXT5NormalMaps:0]]
[2026.04.08-00.20.42:589][  0]LogConfig: Setting CVar [[r.VirtualTextures:0]]
[2026.04.08-00.20.42:589][  0]LogConfig: Setting CVar [[r.VT.EnableAutoImport:1]]
[2026.04.08-00.20.42:589][  0]LogConfig: Setting CVar [[r.VirtualTexturedLightmaps:0]]
[2026.04.08-00.20.42:589][  0]LogConfig: Setting CVar [[r.VT.TileSize:128]]
[2026.04.08-00.20.42:589][  0]LogConfig: Setting CVar [[r.VT.TileBorderSize:4]]
[2026.04.08-00.20.42:589][  0]LogConfig: Setting CVar [[r.vt.FeedbackFactor:16]]
[2026.04.08-00.20.42:589][  0]LogConfig: Setting CVar [[r.VT.EnableCompressZlib:1]]
[2026.04.08-00.20.42:589][  0]LogConfig: Setting CVar [[r.VT.EnableCompressCrunch:0]]
[2026.04.08-00.20.42:589][  0]LogConfig: Setting CVar [[r.ClearCoatNormal:0]]
[2026.04.08-00.20.42:589][  0]LogConfig: Setting CVar [[r.ReflectionCaptureResolution:128]]
[2026.04.08-00.20.42:589][  0]LogConfig: Setting CVar [[r.Mobile.ReflectionCaptureCompression:0]]
[2026.04.08-00.20.42:589][  0]LogConfig: Setting CVar [[r.ReflectionEnvironmentLightmapMixBasedOnRoughness:1]]
[2026.04.08-00.20.42:589][  0]LogConfig: Setting CVar [[r.ForwardShading:0]]
[2026.04.08-00.20.42:589][  0]LogConfig: Setting CVar [[r.VertexFoggingForOpaque:1]]
[2026.04.08-00.20.42:589][  0]LogConfig: Setting CVar [[r.AllowStaticLighting:1]]
[2026.04.08-00.20.42:589][  0]LogConfig: Setting CVar [[r.NormalMapsForStaticLighting:0]]
[2026.04.08-00.20.42:589][  0]LogConfig: Setting CVar [[r.GenerateMeshDistanceFields:0]]
[2026.04.08-00.20.42:589][  0]LogConfig: Setting CVar [[r.DistanceFieldBuild.EightBit:0]]
[2026.04.08-00.20.42:589][  0]LogConfig: Setting CVar [[r.GenerateLandscapeGIData:0]]
[2026.04.08-00.20.42:589][  0]LogConfig: Setting CVar [[r.DistanceFieldBuild.Compress:0]]
[2026.04.08-00.20.42:589][  0]LogConfig: Setting CVar [[r.TessellationAdaptivePixelsPerTriangle:48.000000]]
[2026.04.08-00.20.42:589][  0]LogConfig: Setting CVar [[r.SeparateTranslucency:1]]
[2026.04.08-00.20.42:589][  0]LogConfig: Setting CVar [[r.TranslucentSortPolicy:0]]
[2026.04.08-00.20.42:589][  0]LogConfig: Setting CVar [[vr.VRS.HMDFixedFoveationLevel:0]]
[2026.04.08-00.20.42:589][  0]LogConfig: Setting CVar [[r.CustomDepth:1]]
[2026.04.08-00.20.42:589][  0]LogConfig: Setting CVar [[r.CustomDepthTemporalAAJitter:1]]
[2026.04.08-00.20.42:589][  0]LogConfig: Setting CVar [[r.PostProcessing.PropagateAlpha:0]]
[2026.04.08-00.20.42:589][  0]LogConfig: Setting CVar [[r.DefaultFeature.Bloom:1]]
[2026.04.08-00.20.42:589][  0]LogConfig: Setting CVar [[r.DefaultFeature.AmbientOcclusion:1]]
[2026.04.08-00.20.42:589][  0]LogConfig: Setting CVar [[r.DefaultFeature.AmbientOcclusionStaticFraction:1]]
[2026.04.08-00.20.42:589][  0]LogConfig: Setting CVar [[r.DefaultFeature.AutoExposure:0]]
[2026.04.08-00.20.42:589][  0]LogConfig: Setting CVar [[r.DefaultFeature.AutoExposure.Method:0]]
[2026.04.08-00.20.42:589][  0]LogConfig: Setting CVar [[r.DefaultFeature.AutoExposure.Bias:1.000000]]
[2026.04.08-00.20.42:589][  0]LogConfig: Setting CVar [[r.DefaultFeature.AutoExposure.ExtendDefaultLuminanceRange:0]]
[2026.04.08-00.20.42:589][  0]LogConfig: Setting CVar [[r.UsePreExposure:1]]
[2026.04.08-00.20.42:589][  0]LogConfig: Setting CVar [[r.EyeAdaptation.EditorOnly:0]]
[2026.04.08-00.20.42:589][  0]LogConfig: Setting CVar [[r.DefaultFeature.MotionBlur:0]]
[2026.04.08-00.20.42:589][  0]LogConfig: Setting CVar [[r.DefaultFeature.LensFlare:0]]
[2026.04.08-00.20.42:589][  0]LogConfig: Setting CVar [[r.TemporalAA.Upsampling:0]]
[2026.04.08-00.20.42:589][  0]LogConfig: Setting CVar [[r.SSGI.Enable:0]]
[2026.04.08-00.20.42:589][  0]LogConfig: Setting CVar [[r.DefaultFeature.AntiAliasing:0]]
[2026.04.08-00.20.42:589][  0]LogConfig: Setting CVar [[r.DefaultFeature.LightUnits:1]]
[2026.04.08-00.20.42:589][  0]LogConfig: Setting CVar [[r.DefaultBackBufferPixelFormat:4]]
[2026.04.08-00.20.42:589][  0]LogConfig: Setting CVar [[r.Shadow.UnbuiltPreviewInGame:1]]
[2026.04.08-00.20.42:589][  0]LogConfig: Setting CVar [[r.StencilForLODDither:0]]
[2026.04.08-00.20.42:589][  0]LogConfig: Setting CVar [[r.EarlyZPass:3]]
[2026.04.08-00.20.42:589][  0]LogConfig: Setting CVar [[r.EarlyZPassOnlyMaterialMasking:0]]
[2026.04.08-00.20.42:589][  0]LogConfig: Setting CVar [[r.DBuffer:1]]
[2026.04.08-00.20.42:589][  0]LogConfig: Setting CVar [[r.ClearSceneMethod:1]]
[2026.04.08-00.20.42:589][  0]LogConfig: Setting CVar [[r.BasePassOutputsVelocity:0]]
[2026.04.08-00.20.42:589][  0]LogConfig: Setting CVar [[r.VertexDeformationOutputsVelocity:0]]
[2026.04.08-00.20.42:589][  0]LogConfig: Setting CVar [[r.SelectiveBasePassOutputs:0]]
[2026.04.08-00.20.42:590][  0]LogConfig: Setting CVar [[fx.GPUSimulationTextureSizeX:1024]]
[2026.04.08-00.20.42:590][  0]LogConfig: Setting CVar [[fx.GPUSimulationTextureSizeY:1024]]
[2026.04.08-00.20.42:590][  0]LogConfig: Setting CVar [[r.AllowGlobalClipPlane:0]]
[2026.04.08-00.20.42:590][  0]LogConfig: Setting CVar [[r.GBufferFormat:1]]
[2026.04.08-00.20.42:590][  0]LogConfig: Setting CVar [[r.MorphTarget.Mode:1]]
[2026.04.08-00.20.42:590][  0]LogConfig: Setting CVar [[vr.InstancedStereo:0]]
[2026.04.08-00.20.42:590][  0]LogConfig: Setting CVar [[r.MobileHDR:1]]
[2026.04.08-00.20.42:590][  0]LogConfig: Setting CVar [[vr.MobileMultiView:0]]
[2026.04.08-00.20.42:590][  0]LogConfig: Setting CVar [[r.Mobile.UseHWsRGBEncoding:0]]
[2026.04.08-00.20.42:590][  0]LogConfig: Setting CVar [[vr.RoundRobinOcclusion:0]]
[2026.04.08-00.20.42:590][  0]LogConfig: Setting CVar [[vr.ODSCapture:0]]
[2026.04.08-00.20.42:590][  0]LogConfig: Setting CVar [[r.MeshStreaming:0]]
[2026.04.08-00.20.42:590][  0]LogConfig: Setting CVar [[r.WireframeCullThreshold:5.000000]]
[2026.04.08-00.20.42:590][  0]LogConfig: Setting CVar [[r.RayTracing:0]]
[2026.04.08-00.20.42:590][  0]LogConfig: Setting CVar [[r.RayTracing.UseTextureLod:0]]
[2026.04.08-00.20.42:590][  0]LogConfig: Setting CVar [[r.SupportStationarySkylight:1]]
[2026.04.08-00.20.42:590][  0]LogConfig: Setting CVar [[r.SupportLowQualityLightmaps:1]]
[2026.04.08-00.20.42:590][  0]LogConfig: Setting CVar [[r.SupportPointLightWholeSceneShadows:1]]
[2026.04.08-00.20.42:590][  0]LogConfig: Setting CVar [[r.SupportAtmosphericFog:1]]
[2026.04.08-00.20.42:590][  0]LogConfig: Setting CVar [[r.SupportSkyAtmosphere:1]]
[2026.04.08-00.20.42:590][  0]LogConfig: Setting CVar [[r.SupportSkyAtmosphereAffectsHeightFog:0]]
[2026.04.08-00.20.42:590][  0]LogConfig: Setting CVar [[r.SkinCache.CompileShaders:0]]
[2026.04.08-00.20.42:590][  0]LogConfig: Setting CVar [[r.SkinCache.DefaultBehavior:1]]
[2026.04.08-00.20.42:590][  0]LogConfig: Setting CVar [[r.SkinCache.SceneMemoryLimitInMB:128.000000]]
[2026.04.08-00.20.42:590][  0]LogConfig: Setting CVar [[r.Mobile.EnableStaticAndCSMShadowReceivers:1]]
[2026.04.08-00.20.42:590][  0]LogConfig: Setting CVar [[r.Mobile.EnableMovableLightCSMShaderCulling:1]]
[2026.04.08-00.20.42:590][  0]LogConfig: Setting CVar [[r.Mobile.AllowDistanceFieldShadows:1]]
[2026.04.08-00.20.42:590][  0]LogConfig: Setting CVar [[r.Mobile.AllowMovableDirectionalLights:1]]
[2026.04.08-00.20.42:590][  0]LogConfig: Setting CVar [[r.MobileNumDynamicPointLights:4]]
[2026.04.08-00.20.42:590][  0]LogConfig: Setting CVar [[r.MobileDynamicPointLightsUseStaticBranch:1]]
[2026.04.08-00.20.42:590][  0]LogConfig: Setting CVar [[r.Mobile.EnableMovableSpotlights:0]]
[2026.04.08-00.20.42:590][  0]LogConfig: Setting CVar [[r.Mobile.EnableMovableSpotlightsShadow:0]]
[2026.04.08-00.20.42:590][  0]LogConfig: Setting CVar [[r.GPUSkin.Support16BitBoneIndex:0]]
[2026.04.08-00.20.42:590][  0]LogConfig: Setting CVar [[r.GPUSkin.Limit2BoneInfluences:0]]
[2026.04.08-00.20.42:590][  0]LogConfig: Setting CVar [[r.SupportDepthOnlyIndexBuffers:1]]
[2026.04.08-00.20.42:590][  0]LogConfig: Setting CVar [[r.SupportReversedIndexBuffers:1]]
[2026.04.08-00.20.42:590][  0]LogConfig: Setting CVar [[r.LightPropagationVolume:0]]
[2026.04.08-00.20.42:590][  0]LogConfig: Setting CVar [[r.Mobile.AmbientOcclusion:0]]
[2026.04.08-00.20.42:590][  0]LogConfig: Setting CVar [[r.GPUSkin.UnlimitedBoneInfluences:0]]
[2026.04.08-00.20.42:590][  0]LogConfig: Setting CVar [[r.GPUSkin.UnlimitedBoneInfluencesThreshold:8]]
[2026.04.08-00.20.42:590][  0]LogConfig: Setting CVar [[r.Mobile.PlanarReflectionMode:0]]
[2026.04.08-00.20.42:590][  0]LogConfig: Setting CVar [[r.Mobile.SupportsGen4TAA:0]]
[2026.04.08-00.20.42:590][  0]LogConfig: Applying CVar settings from Section [/Script/Engine.RendererOverrideSettings] File [C:/Users/asus/Desktop/Assign 565/My project/CPSC399_Game/CPSC399Game/Saved/Config/Windows/Engine.ini]
[2026.04.08-00.20.42:590][  0]LogConfig: Applying CVar settings from Section [/Script/Engine.StreamingSettings] File [C:/Users/asus/Desktop/Assign 565/My project/CPSC399_Game/CPSC399Game/Saved/Config/Windows/Engine.ini]
[2026.04.08-00.20.42:590][  0]LogConfig: Setting CVar [[s.MinBulkDataSizeForAsyncLoading:131072]]
[2026.04.08-00.20.42:590][  0]LogConfig: Setting CVar [[s.AsyncLoadingThreadEnabled:0]]
[2026.04.08-00.20.42:590][  0]LogConfig: Setting CVar [[s.EventDrivenLoaderEnabled:1]]
[2026.04.08-00.20.42:590][  0]LogConfig: Setting CVar [[s.WarnIfTimeLimitExceeded:0]]
[2026.04.08-00.20.42:590][  0]LogConfig: Setting CVar [[s.TimeLimitExceededMultiplier:1.5]]
[2026.04.08-00.20.42:590][  0]LogConfig: Setting CVar [[s.TimeLimitExceededMinTime:0.005]]
[2026.04.08-00.20.42:590][  0]LogConfig: Setting CVar [[s.UseBackgroundLevelStreaming:1]]
[2026.04.08-00.20.42:590][  0]LogConfig: Setting CVar [[s.PriorityAsyncLoadingExtraTime:15.0]]
[2026.04.08-00.20.42:590][  0]LogConfig: Setting CVar [[s.LevelStreamingActorsUpdateTimeLimit:5.0]]
[2026.04.08-00.20.42:590][  0]LogConfig: Setting CVar [[s.PriorityLevelStreamingActorsUpdateExtraTime:5.0]]
[2026.04.08-00.20.42:590][  0]LogConfig: Setting CVar [[s.LevelStreamingComponentsRegistrationGranularity:10]]
[2026.04.08-00.20.42:590][  0]LogConfig: Setting CVar [[s.UnregisterComponentsTimeLimit:1.0]]
[2026.04.08-00.20.42:590][  0]LogConfig: Setting CVar [[s.LevelStreamingComponentsUnregistrationGranularity:5]]
[2026.04.08-00.20.42:590][  0]LogConfig: Setting CVar [[s.FlushStreamingOnExit:1]]
[2026.04.08-00.20.42:590][  0]LogConfig: Applying CVar settings from Section [/Script/Engine.GarbageCollectionSettings] File [C:/Users/asus/Desktop/Assign 565/My project/CPSC399_Game/CPSC399Game/Saved/Config/Windows/Engine.ini]
[2026.04.08-00.20.42:590][  0]LogConfig: Setting CVar [[gc.MaxObjectsNotConsideredByGC:1]]
[2026.04.08-00.20.42:590][  0]LogConfig: Setting CVar [[gc.SizeOfPermanentObjectPool:0]]
[2026.04.08-00.20.42:590][  0]LogConfig: Setting CVar [[gc.FlushStreamingOnGC:0]]
[2026.04.08-00.20.42:590][  0]LogConfig: Setting CVar [[gc.NumRetriesBeforeForcingGC:10]]
[2026.04.08-00.20.42:590][  0]LogConfig: Setting CVar [[gc.AllowParallelGC:1]]
[2026.04.08-00.20.42:590][  0]LogConfig: Setting CVar [[gc.TimeBetweenPurgingPendingKillObjects:61.1]]
[2026.04.08-00.20.42:590][  0]LogConfig: Setting CVar [[gc.MaxObjectsInEditor:25165824]]
[2026.04.08-00.20.42:590][  0]LogConfig: Setting CVar [[gc.IncrementalBeginDestroyEnabled:1]]
[2026.04.08-00.20.42:590][  0]LogConfig: Setting CVar [[gc.CreateGCClusters:1]]
[2026.04.08-00.20.42:590][  0]LogConfig: Setting CVar [[gc.MinGCClusterSize:5]]
[2026.04.08-00.20.42:590][  0]LogConfig: Setting CVar [[gc.ActorClusteringEnabled:0]]
[2026.04.08-00.20.42:590][  0]LogConfig: Setting CVar [[gc.BlueprintClusteringEnabled:0]]
[2026.04.08-00.20.42:590][  0]LogConfig: Setting CVar [[gc.UseDisregardForGCOnDedicatedServers:0]]
[2026.04.08-00.20.42:590][  0]LogConfig: Setting CVar [[gc.MultithreadedDestructionEnabled:1]]
[2026.04.08-00.20.42:590][  0]LogConfig: Applying CVar settings from Section [/Script/Engine.NetworkSettings] File [C:/Users/asus/Desktop/Assign 565/My project/CPSC399_Game/CPSC399Game/Saved/Config/Windows/Engine.ini]
[2026.04.08-00.20.42:590][  0]LogConfig: Applying CVar settings from Section [/Script/UnrealEd.CookerSettings] File [C:/Users/asus/Desktop/Assign 565/My project/CPSC399_Game/CPSC399Game/Saved/Config/Windows/Engine.ini]
[2026.04.08-00.20.42:596][  0]LogConfig: Applying CVar settings from Section [ViewDistanceQuality@3] File [C:/Users/asus/Desktop/Assign 565/My project/CPSC399_Game/CPSC399Game/Saved/Config/Windows/Scalability.ini]
[2026.04.08-00.20.42:596][  0]LogConfig: Setting CVar [[r.SkeletalMeshLODBias:0]]
[2026.04.08-00.20.42:596][  0]LogConfig: Setting CVar [[r.ViewDistanceScale:1.0]]
[2026.04.08-00.20.42:596][  0]LogConfig: Applying CVar settings from Section [AntiAliasingQuality@3] File [C:/Users/asus/Desktop/Assign 565/My project/CPSC399_Game/CPSC399Game/Saved/Config/Windows/Scalability.ini]
[2026.04.08-00.20.42:597][  0]LogConfig: Setting CVar [[r.PostProcessAAQuality:4]]
[2026.04.08-00.20.42:597][  0]LogConfig: Applying CVar settings from Section [ShadowQuality@3] File [C:/Users/asus/Desktop/Assign 565/My project/CPSC399_Game/CPSC399Game/Saved/Config/Windows/Scalability.ini]
[2026.04.08-00.20.42:597][  0]LogConfig: Setting CVar [[r.LightFunctionQuality:1]]
[2026.04.08-00.20.42:597][  0]LogConfig: Setting CVar [[r.ShadowQuality:5]]
[2026.04.08-00.20.42:597][  0]LogConfig: Setting CVar [[r.Shadow.CSM.MaxCascades:10]]
[2026.04.08-00.20.42:597][  0]LogConfig: Setting CVar [[r.Shadow.MaxResolution:2048]]
[2026.04.08-00.20.42:597][  0]LogConfig: Setting CVar [[r.Shadow.MaxCSMResolution:2048]]
[2026.04.08-00.20.42:597][  0]LogConfig: Setting CVar [[r.Shadow.RadiusThreshold:0.01]]
[2026.04.08-00.20.42:597][  0]LogConfig: Setting CVar [[r.Shadow.DistanceScale:1.0]]
[2026.04.08-00.20.42:597][  0]LogConfig: Setting CVar [[r.Shadow.CSM.TransitionScale:1.0]]
[2026.04.08-00.20.42:597][  0]LogConfig: Setting CVar [[r.Shadow.PreShadowResolutionFactor:1.0]]
[2026.04.08-00.20.42:597][  0]LogConfig: Setting CVar [[r.DistanceFieldShadowing:1]]
[2026.04.08-00.20.42:597][  0]LogConfig: Setting CVar [[r.DistanceFieldAO:1]]
[2026.04.08-00.20.42:597][  0]LogConfig: Setting CVar [[r.AOQuality:2]]
[2026.04.08-00.20.42:597][  0]LogConfig: Setting CVar [[r.VolumetricFog:1]]
[2026.04.08-00.20.42:597][  0]LogConfig: Setting CVar [[r.VolumetricFog.GridPixelSize:8]]
[2026.04.08-00.20.42:597][  0]LogConfig: Setting CVar [[r.VolumetricFog.GridSizeZ:128]]
[2026.04.08-00.20.42:597][  0]LogConfig: Setting CVar [[r.VolumetricFog.HistoryMissSupersampleCount:4]]
[2026.04.08-00.20.42:597][  0]LogConfig: Setting CVar [[r.LightMaxDrawDistanceScale:1]]
[2026.04.08-00.20.42:597][  0]LogConfig: Setting CVar [[r.CapsuleShadows:1]]
[2026.04.08-00.20.42:597][  0]LogConfig: Applying CVar settings from Section [PostProcessQuality@3] File [C:/Users/asus/Desktop/Assign 565/My project/CPSC399_Game/CPSC399Game/Saved/Config/Windows/Scalability.ini]
[2026.04.08-00.20.42:597][  0]LogConfig: Setting CVar [[r.MotionBlurQuality:4]]
[2026.04.08-00.20.42:597][  0]LogConfig: Setting CVar [[r.AmbientOcclusionMipLevelFactor:0.4]]
[2026.04.08-00.20.42:597][  0]LogConfig: Setting CVar [[r.AmbientOcclusionMaxQuality:100]]
[2026.04.08-00.20.42:597][  0]LogConfig: Setting CVar [[r.AmbientOcclusionLevels:-1]]
[2026.04.08-00.20.42:597][  0]LogConfig: Setting CVar [[r.AmbientOcclusionRadiusScale:1.0]]
[2026.04.08-00.20.42:597][  0]LogConfig: Setting CVar [[r.DepthOfFieldQuality:2]]
[2026.04.08-00.20.42:597][  0]LogConfig: Setting CVar [[r.RenderTargetPoolMin:400]]
[2026.04.08-00.20.42:597][  0]LogConfig: Setting CVar [[r.LensFlareQuality:2]]
[2026.04.08-00.20.42:597][  0]LogConfig: Setting CVar [[r.SceneColorFringeQuality:1]]
[2026.04.08-00.20.42:597][  0]LogConfig: Setting CVar [[r.EyeAdaptationQuality:2]]
[2026.04.08-00.20.42:597][  0]LogConfig: Setting CVar [[r.BloomQuality:5]]
[2026.04.08-00.20.42:597][  0]LogConfig: Setting CVar [[r.FastBlurThreshold:100]]
[2026.04.08-00.20.42:597][  0]LogConfig: Setting CVar [[r.Upscale.Quality:3]]
[2026.04.08-00.20.42:597][  0]LogConfig: Setting CVar [[r.Tonemapper.GrainQuantization:1]]
[2026.04.08-00.20.42:597][  0]LogConfig: Setting CVar [[r.LightShaftQuality:1]]
[2026.04.08-00.20.42:597][  0]LogConfig: Setting CVar [[r.Filter.SizeScale:1]]
[2026.04.08-00.20.42:597][  0]LogConfig: Setting CVar [[r.Tonemapper.Quality:5]]
[2026.04.08-00.20.42:597][  0]LogConfig: Setting CVar [[r.DOF.Gather.AccumulatorQuality:1        ; higher gathering accumulator quality]]
[2026.04.08-00.20.42:597][  0]LogConfig: Setting CVar [[r.DOF.Gather.PostfilterMethod:1          ; Median3x3 postfilering method]]
[2026.04.08-00.20.42:597][  0]LogConfig: Setting CVar [[r.DOF.Gather.EnableBokehSettings:0       ; no bokeh simulation when gathering]]
[2026.04.08-00.20.42:597][  0]LogConfig: Setting CVar [[r.DOF.Gather.RingCount:4                 ; medium number of samples when gathering]]
[2026.04.08-00.20.42:597][  0]LogConfig: Setting CVar [[r.DOF.Scatter.ForegroundCompositing:1    ; additive foreground scattering]]
[2026.04.08-00.20.42:597][  0]LogConfig: Setting CVar [[r.DOF.Scatter.BackgroundCompositing:2    ; additive background scattering]]
[2026.04.08-00.20.42:597][  0]LogConfig: Setting CVar [[r.DOF.Scatter.EnableBokehSettings:1      ; bokeh simulation when scattering]]
[2026.04.08-00.20.42:597][  0]LogConfig: Setting CVar [[r.DOF.Scatter.MaxSpriteRatio:0.1         ; only a maximum of 10% of scattered bokeh]]
[2026.04.08-00.20.42:597][  0]LogConfig: Setting CVar [[r.DOF.Recombine.Quality:1                ; cheap slight out of focus]]
[2026.04.08-00.20.42:597][  0]LogConfig: Setting CVar [[r.DOF.Recombine.EnableBokehSettings:0    ; no bokeh simulation on slight out of focus]]
[2026.04.08-00.20.42:597][  0]LogConfig: Setting CVar [[r.DOF.TemporalAAQuality:1                ; more stable temporal accumulation]]
[2026.04.08-00.20.42:597][  0]LogConfig: Setting CVar [[r.DOF.Kernel.MaxForegroundRadius:0.025]]
[2026.04.08-00.20.42:597][  0]LogConfig: Setting CVar [[r.DOF.Kernel.MaxBackgroundRadius:0.025]]
[2026.04.08-00.20.42:597][  0]LogConfig: Applying CVar settings from Section [TextureQuality@3] File [C:/Users/asus/Desktop/Assign 565/My project/CPSC399_Game/CPSC399Game/Saved/Config/Windows/Scalability.ini]
[2026.04.08-00.20.42:597][  0]LogConfig: Setting CVar [[r.Streaming.MipBias:0]]
[2026.04.08-00.20.42:597][  0]LogConfig: Setting CVar [[r.Streaming.AmortizeCPUToGPUCopy:0]]
[2026.04.08-00.20.42:597][  0]LogConfig: Setting CVar [[r.Streaming.MaxNumTexturesToStreamPerFrame:0]]
[2026.04.08-00.20.42:597][  0]LogConfig: Setting CVar [[r.Streaming.Boost:1]]
[2026.04.08-00.20.42:597][  0]LogConfig: Setting CVar [[r.MaxAnisotropy:8]]
[2026.04.08-00.20.42:597][  0]LogConfig: Setting CVar [[r.VT.MaxAnisotropy:8]]
[2026.04.08-00.20.42:597][  0]LogConfig: Setting CVar [[r.Streaming.LimitPoolSizeToVRAM:0]]
[2026.04.08-00.20.42:597][  0]LogConfig: Setting CVar [[r.Streaming.PoolSize:1000]]
[2026.04.08-00.20.42:597][  0]LogConfig: Setting CVar [[r.Streaming.MaxEffectiveScreenSize:0]]
[2026.04.08-00.20.42:597][  0]LogConfig: Applying CVar settings from Section [EffectsQuality@3] File [C:/Users/asus/Desktop/Assign 565/My project/CPSC399_Game/CPSC399Game/Saved/Config/Windows/Scalability.ini]
[2026.04.08-00.20.42:597][  0]LogConfig: Setting CVar [[r.TranslucencyLightingVolumeDim:64]]
[2026.04.08-00.20.42:597][  0]LogConfig: Setting CVar [[r.RefractionQuality:2]]
[2026.04.08-00.20.42:597][  0]LogConfig: Setting CVar [[r.SSR.Quality:3]]
[2026.04.08-00.20.42:597][  0]LogConfig: Setting CVar [[r.SSR.HalfResSceneColor:0]]
[2026.04.08-00.20.42:597][  0]LogConfig: Setting CVar [[r.SceneColorFormat:4]]
[2026.04.08-00.20.42:597][  0]LogConfig: Setting CVar [[r.DetailMode:2]]
[2026.04.08-00.20.42:597][  0]LogConfig: Setting CVar [[r.TranslucencyVolumeBlur:1]]
[2026.04.08-00.20.42:597][  0]LogConfig: Setting CVar [[r.MaterialQualityLevel:1 ; High quality]]
[2026.04.08-00.20.42:597][  0]LogConfig: Setting CVar [[r.AnisotropicMaterials:1]]
[2026.04.08-00.20.42:597][  0]LogConfig: Setting CVar [[r.SSS.Scale:1]]
[2026.04.08-00.20.42:597][  0]LogConfig: Setting CVar [[r.SSS.SampleSet:2]]
[2026.04.08-00.20.42:597][  0]LogConfig: Setting CVar [[r.SSS.Quality:1]]
[2026.04.08-00.20.42:597][  0]LogConfig: Setting CVar [[r.SSS.HalfRes:0]]
[2026.04.08-00.20.42:597][  0]LogConfig: Setting CVar [[r.SSGI.Quality:3]]
[2026.04.08-00.20.42:597][  0]LogConfig: Setting CVar [[r.EmitterSpawnRateScale:1.0]]
[2026.04.08-00.20.42:597][  0]LogConfig: Setting CVar [[r.ParticleLightQuality:2]]
[2026.04.08-00.20.42:597][  0]LogConfig: Setting CVar [[r.SkyAtmosphere.AerialPerspectiveLUT.FastApplyOnOpaque:1 ; Always have FastSkyLUT 1 in this case to avoid wrong sky]]
[2026.04.08-00.20.42:597][  0]LogConfig: Setting CVar [[r.SkyAtmosphere.AerialPerspectiveLUT.SampleCountMaxPerSlice:4]]
[2026.04.08-00.20.42:597][  0]LogConfig: Setting CVar [[r.SkyAtmosphere.AerialPerspectiveLUT.DepthResolution:16.0]]
[2026.04.08-00.20.42:597][  0]LogConfig: Setting CVar [[r.SkyAtmosphere.FastSkyLUT:1]]
[2026.04.08-00.20.42:597][  0]LogConfig: Setting CVar [[r.SkyAtmosphere.FastSkyLUT.SampleCountMin:4.0]]
[2026.04.08-00.20.42:597][  0]LogConfig: Setting CVar [[r.SkyAtmosphere.FastSkyLUT.SampleCountMax:128.0]]
[2026.04.08-00.20.42:597][  0]LogConfig: Setting CVar [[r.SkyAtmosphere.SampleCountMin:4.0]]
[2026.04.08-00.20.42:597][  0]LogConfig: Setting CVar [[r.SkyAtmosphere.SampleCountMax:128.0]]
[2026.04.08-00.20.42:597][  0]LogConfig: Setting CVar [[r.SkyAtmosphere.TransmittanceLUT.UseSmallFormat:0]]
[2026.04.08-00.20.42:597][  0]LogConfig: Setting CVar [[r.SkyAtmosphere.TransmittanceLUT.SampleCount:10.0]]
[2026.04.08-00.20.42:597][  0]LogConfig: Setting CVar [[r.SkyAtmosphere.MultiScatteringLUT.SampleCount:15.0]]
[2026.04.08-00.20.42:597][  0]LogConfig: Setting CVar [[r.SkyLight.RealTimeReflectionCapture:1]]
[2026.04.08-00.20.42:597][  0]LogConfig: Applying CVar settings from Section [FoliageQuality@3] File [C:/Users/asus/Desktop/Assign 565/My project/CPSC399_Game/CPSC399Game/Saved/Config/Windows/Scalability.ini]
[2026.04.08-00.20.42:597][  0]LogConfig: Setting CVar [[foliage.DensityScale:1.0]]
[2026.04.08-00.20.42:597][  0]LogConfig: Setting CVar [[grass.DensityScale:1.0]]
[2026.04.08-00.20.42:597][  0]LogConfig: Applying CVar settings from Section [ShadingQuality@3] File [C:/Users/asus/Desktop/Assign 565/My project/CPSC399_Game/CPSC399Game/Saved/Config/Windows/Scalability.ini]
[2026.04.08-00.20.42:597][  0]LogConfig: Setting CVar [[r.HairStrands.SkyLighting.IntegrationType:2]]
[2026.04.08-00.20.42:597][  0]LogConfig: Setting CVar [[r.HairStrands.SkyAO.SampleCount:4]]
[2026.04.08-00.20.42:597][  0]LogConfig: Setting CVar [[r.HairStrands.Visibility.MSAA.SamplePerPixel:4]]
[2026.04.08-00.20.42:597][  0]LogInit: Selected Device Profile: [Windows]
[2026.04.08-00.20.42:597][  0]LogInit: Applying CVar settings loaded from the selected device profile: [Windows]
[2026.04.08-00.20.42:597][  0]LogHAL: Display: Platform has ~ 16 GB [16781983744 / 17179869184 / 16], which maps to Larger [LargestMinGB=32, LargerMinGB=12, DefaultMinGB=8, SmallerMinGB=6, SmallestMinGB=0)
[2026.04.08-00.20.42:597][  0]LogInit: Going up to parent DeviceProfile []
[2026.04.08-00.20.42:597][  0]LogConfig: Applying CVar settings from Section [ViewDistanceQuality@3] File [C:/Users/asus/Desktop/Assign 565/My project/CPSC399_Game/CPSC399Game/Saved/Config/Windows/Scalability.ini]
[2026.04.08-00.20.42:597][  0]LogConfig: Setting CVar [[r.SkeletalMeshLODBias:0]]
[2026.04.08-00.20.42:597][  0]LogConfig: Setting CVar [[r.ViewDistanceScale:1.0]]
[2026.04.08-00.20.42:597][  0]LogConfig: Applying CVar settings from Section [AntiAliasingQuality@3] File [C:/Users/asus/Desktop/Assign 565/My project/CPSC399_Game/CPSC399Game/Saved/Config/Windows/Scalability.ini]
[2026.04.08-00.20.42:597][  0]LogConfig: Setting CVar [[r.PostProcessAAQuality:4]]
[2026.04.08-00.20.42:597][  0]LogConfig: Applying CVar settings from Section [ShadowQuality@3] File [C:/Users/asus/Desktop/Assign 565/My project/CPSC399_Game/CPSC399Game/Saved/Config/Windows/Scalability.ini]
[2026.04.08-00.20.42:597][  0]LogConfig: Setting CVar [[r.LightFunctionQuality:1]]
[2026.04.08-00.20.42:597][  0]LogConfig: Setting CVar [[r.ShadowQuality:5]]
[2026.04.08-00.20.42:597][  0]LogConfig: Setting CVar [[r.Shadow.CSM.MaxCascades:10]]
[2026.04.08-00.20.42:597][  0]LogConfig: Setting CVar [[r.Shadow.MaxResolution:2048]]
[2026.04.08-00.20.42:597][  0]LogConfig: Setting CVar [[r.Shadow.MaxCSMResolution:2048]]
[2026.04.08-00.20.42:597][  0]LogConfig: Setting CVar [[r.Shadow.RadiusThreshold:0.01]]
[2026.04.08-00.20.42:597][  0]LogConfig: Setting CVar [[r.Shadow.DistanceScale:1.0]]
[2026.04.08-00.20.42:597][  0]LogConfig: Setting CVar [[r.Shadow.CSM.TransitionScale:1.0]]
[2026.04.08-00.20.42:597][  0]LogConfig: Setting CVar [[r.Shadow.PreShadowResolutionFactor:1.0]]
[2026.04.08-00.20.42:597][  0]LogConfig: Setting CVar [[r.DistanceFieldShadowing:1]]
[2026.04.08-00.20.42:598][  0]LogConfig: Setting CVar [[r.DistanceFieldAO:1]]
[2026.04.08-00.20.42:598][  0]LogConfig: Setting CVar [[r.AOQuality:2]]
[2026.04.08-00.20.42:598][  0]LogConfig: Setting CVar [[r.VolumetricFog:1]]
[2026.04.08-00.20.42:598][  0]LogConfig: Setting CVar [[r.VolumetricFog.GridPixelSize:8]]
[2026.04.08-00.20.42:598][  0]LogConfig: Setting CVar [[r.VolumetricFog.GridSizeZ:128]]
[2026.04.08-00.20.42:598][  0]LogConfig: Setting CVar [[r.VolumetricFog.HistoryMissSupersampleCount:4]]
[2026.04.08-00.20.42:598][  0]LogConfig: Setting CVar [[r.LightMaxDrawDistanceScale:1]]
[2026.04.08-00.20.42:598][  0]LogConfig: Setting CVar [[r.CapsuleShadows:1]]
[2026.04.08-00.20.42:598][  0]LogConfig: Applying CVar settings from Section [PostProcessQuality@3] File [C:/Users/asus/Desktop/Assign 565/My project/CPSC399_Game/CPSC399Game/Saved/Config/Windows/Scalability.ini]
[2026.04.08-00.20.42:598][  0]LogConfig: Setting CVar [[r.MotionBlurQuality:4]]
[2026.04.08-00.20.42:598][  0]LogConfig: Setting CVar [[r.AmbientOcclusionMipLevelFactor:0.4]]
[2026.04.08-00.20.42:598][  0]LogConfig: Setting CVar [[r.AmbientOcclusionMaxQuality:100]]
[2026.04.08-00.20.42:598][  0]LogConfig: Setting CVar [[r.AmbientOcclusionLevels:-1]]
[2026.04.08-00.20.42:598][  0]LogConfig: Setting CVar [[r.AmbientOcclusionRadiusScale:1.0]]
[2026.04.08-00.20.42:598][  0]LogConfig: Setting CVar [[r.DepthOfFieldQuality:2]]
[2026.04.08-00.20.42:598][  0]LogConfig: Setting CVar [[r.RenderTargetPoolMin:400]]
[2026.04.08-00.20.42:598][  0]LogConfig: Setting CVar [[r.LensFlareQuality:2]]
[2026.04.08-00.20.42:598][  0]LogConfig: Setting CVar [[r.SceneColorFringeQuality:1]]
[2026.04.08-00.20.42:598][  0]LogConfig: Setting CVar [[r.EyeAdaptationQuality:2]]
[2026.04.08-00.20.42:598][  0]LogConfig: Setting CVar [[r.BloomQuality:5]]
[2026.04.08-00.20.42:598][  0]LogConfig: Setting CVar [[r.FastBlurThreshold:100]]
[2026.04.08-00.20.42:598][  0]LogConfig: Setting CVar [[r.Upscale.Quality:3]]
[2026.04.08-00.20.42:598][  0]LogConfig: Setting CVar [[r.Tonemapper.GrainQuantization:1]]
[2026.04.08-00.20.42:598][  0]LogConfig: Setting CVar [[r.LightShaftQuality:1]]
[2026.04.08-00.20.42:598][  0]LogConfig: Setting CVar [[r.Filter.SizeScale:1]]
[2026.04.08-00.20.42:598][  0]LogConfig: Setting CVar [[r.Tonemapper.Quality:5]]
[2026.04.08-00.20.42:598][  0]LogConfig: Setting CVar [[r.DOF.Gather.AccumulatorQuality:1        ; higher gathering accumulator quality]]
[2026.04.08-00.20.42:598][  0]LogConfig: Setting CVar [[r.DOF.Gather.PostfilterMethod:1          ; Median3x3 postfilering method]]
[2026.04.08-00.20.42:598][  0]LogConfig: Setting CVar [[r.DOF.Gather.EnableBokehSettings:0       ; no bokeh simulation when gathering]]
[2026.04.08-00.20.42:598][  0]LogConfig: Setting CVar [[r.DOF.Gather.RingCount:4                 ; medium number of samples when gathering]]
[2026.04.08-00.20.42:598][  0]LogConfig: Setting CVar [[r.DOF.Scatter.ForegroundCompositing:1    ; additive foreground scattering]]
[2026.04.08-00.20.42:598][  0]LogConfig: Setting CVar [[r.DOF.Scatter.BackgroundCompositing:2    ; additive background scattering]]
[2026.04.08-00.20.42:598][  0]LogConfig: Setting CVar [[r.DOF.Scatter.EnableBokehSettings:1      ; bokeh simulation when scattering]]
[2026.04.08-00.20.42:598][  0]LogConfig: Setting CVar [[r.DOF.Scatter.MaxSpriteRatio:0.1         ; only a maximum of 10% of scattered bokeh]]
[2026.04.08-00.20.42:598][  0]LogConfig: Setting CVar [[r.DOF.Recombine.Quality:1                ; cheap slight out of focus]]
[2026.04.08-00.20.42:598][  0]LogConfig: Setting CVar [[r.DOF.Recombine.EnableBokehSettings:0    ; no bokeh simulation on slight out of focus]]
[2026.04.08-00.20.42:598][  0]LogConfig: Setting CVar [[r.DOF.TemporalAAQuality:1                ; more stable temporal accumulation]]
[2026.04.08-00.20.42:598][  0]LogConfig: Setting CVar [[r.DOF.Kernel.MaxForegroundRadius:0.025]]
[2026.04.08-00.20.42:598][  0]LogConfig: Setting CVar [[r.DOF.Kernel.MaxBackgroundRadius:0.025]]
[2026.04.08-00.20.42:598][  0]LogConfig: Applying CVar settings from Section [TextureQuality@3] File [C:/Users/asus/Desktop/Assign 565/My project/CPSC399_Game/CPSC399Game/Saved/Config/Windows/Scalability.ini]
[2026.04.08-00.20.42:598][  0]LogConfig: Setting CVar [[r.Streaming.MipBias:0]]
[2026.04.08-00.20.42:598][  0]LogConfig: Setting CVar [[r.Streaming.AmortizeCPUToGPUCopy:0]]
[2026.04.08-00.20.42:598][  0]LogConfig: Setting CVar [[r.Streaming.MaxNumTexturesToStreamPerFrame:0]]
[2026.04.08-00.20.42:598][  0]LogConfig: Setting CVar [[r.Streaming.Boost:1]]
[2026.04.08-00.20.42:598][  0]LogConfig: Setting CVar [[r.MaxAnisotropy:8]]
[2026.04.08-00.20.42:598][  0]LogConfig: Setting CVar [[r.VT.MaxAnisotropy:8]]
[2026.04.08-00.20.42:598][  0]LogConfig: Setting CVar [[r.Streaming.LimitPoolSizeToVRAM:0]]
[2026.04.08-00.20.42:598][  0]LogConfig: Setting CVar [[r.Streaming.PoolSize:1000]]
[2026.04.08-00.20.42:598][  0]LogConfig: Setting CVar [[r.Streaming.MaxEffectiveScreenSize:0]]
[2026.04.08-00.20.42:598][  0]LogConfig: Applying CVar settings from Section [EffectsQuality@3] File [C:/Users/asus/Desktop/Assign 565/My project/CPSC399_Game/CPSC399Game/Saved/Config/Windows/Scalability.ini]
[2026.04.08-00.20.42:598][  0]LogConfig: Setting CVar [[r.TranslucencyLightingVolumeDim:64]]
[2026.04.08-00.20.42:598][  0]LogConfig: Setting CVar [[r.RefractionQuality:2]]
[2026.04.08-00.20.42:598][  0]LogConfig: Setting CVar [[r.SSR.Quality:3]]
[2026.04.08-00.20.42:598][  0]LogConfig: Setting CVar [[r.SSR.HalfResSceneColor:0]]
[2026.04.08-00.20.42:598][  0]LogConfig: Setting CVar [[r.SceneColorFormat:4]]
[2026.04.08-00.20.42:598][  0]LogConfig: Setting CVar [[r.DetailMode:2]]
[2026.04.08-00.20.42:598][  0]LogConfig: Setting CVar [[r.TranslucencyVolumeBlur:1]]
[2026.04.08-00.20.42:598][  0]LogConfig: Setting CVar [[r.MaterialQualityLevel:1 ; High quality]]
[2026.04.08-00.20.42:598][  0]LogConfig: Setting CVar [[r.AnisotropicMaterials:1]]
[2026.04.08-00.20.42:598][  0]LogConfig: Setting CVar [[r.SSS.Scale:1]]
[2026.04.08-00.20.42:598][  0]LogConfig: Setting CVar [[r.SSS.SampleSet:2]]
[2026.04.08-00.20.42:598][  0]LogConfig: Setting CVar [[r.SSS.Quality:1]]
[2026.04.08-00.20.42:598][  0]LogConfig: Setting CVar [[r.SSS.HalfRes:0]]
[2026.04.08-00.20.42:598][  0]LogConfig: Setting CVar [[r.SSGI.Quality:3]]
[2026.04.08-00.20.42:598][  0]LogConfig: Setting CVar [[r.EmitterSpawnRateScale:1.0]]
[2026.04.08-00.20.42:598][  0]LogConfig: Setting CVar [[r.ParticleLightQuality:2]]
[2026.04.08-00.20.42:598][  0]LogConfig: Setting CVar [[r.SkyAtmosphere.AerialPerspectiveLUT.FastApplyOnOpaque:1 ; Always have FastSkyLUT 1 in this case to avoid wrong sky]]
[2026.04.08-00.20.42:598][  0]LogConfig: Setting CVar [[r.SkyAtmosphere.AerialPerspectiveLUT.SampleCountMaxPerSlice:4]]
[2026.04.08-00.20.42:598][  0]LogConfig: Setting CVar [[r.SkyAtmosphere.AerialPerspectiveLUT.DepthResolution:16.0]]
[2026.04.08-00.20.42:598][  0]LogConfig: Setting CVar [[r.SkyAtmosphere.FastSkyLUT:1]]
[2026.04.08-00.20.42:598][  0]LogConfig: Setting CVar [[r.SkyAtmosphere.FastSkyLUT.SampleCountMin:4.0]]
[2026.04.08-00.20.42:598][  0]LogConfig: Setting CVar [[r.SkyAtmosphere.FastSkyLUT.SampleCountMax:128.0]]
[2026.04.08-00.20.42:598][  0]LogConfig: Setting CVar [[r.SkyAtmosphere.SampleCountMin:4.0]]
[2026.04.08-00.20.42:598][  0]LogConfig: Setting CVar [[r.SkyAtmosphere.SampleCountMax:128.0]]
[2026.04.08-00.20.42:598][  0]LogConfig: Setting CVar [[r.SkyAtmosphere.TransmittanceLUT.UseSmallFormat:0]]
[2026.04.08-00.20.42:598][  0]LogConfig: Setting CVar [[r.SkyAtmosphere.TransmittanceLUT.SampleCount:10.0]]
[2026.04.08-00.20.42:598][  0]LogConfig: Setting CVar [[r.SkyAtmosphere.MultiScatteringLUT.SampleCount:15.0]]
[2026.04.08-00.20.42:598][  0]LogConfig: Setting CVar [[r.SkyLight.RealTimeReflectionCapture:1]]
[2026.04.08-00.20.42:598][  0]LogConfig: Applying CVar settings from Section [FoliageQuality@3] File [C:/Users/asus/Desktop/Assign 565/My project/CPSC399_Game/CPSC399Game/Saved/Config/Windows/Scalability.ini]
[2026.04.08-00.20.42:598][  0]LogConfig: Setting CVar [[foliage.DensityScale:1.0]]
[2026.04.08-00.20.42:598][  0]LogConfig: Setting CVar [[grass.DensityScale:1.0]]
[2026.04.08-00.20.42:598][  0]LogConfig: Applying CVar settings from Section [ShadingQuality@3] File [C:/Users/asus/Desktop/Assign 565/My project/CPSC399_Game/CPSC399Game/Saved/Config/Windows/Scalability.ini]
[2026.04.08-00.20.42:598][  0]LogConfig: Setting CVar [[r.HairStrands.SkyLighting.IntegrationType:2]]
[2026.04.08-00.20.42:598][  0]LogConfig: Setting CVar [[r.HairStrands.SkyAO.SampleCount:4]]
[2026.04.08-00.20.42:598][  0]LogConfig: Setting CVar [[r.HairStrands.Visibility.MSAA.SamplePerPixel:4]]
[2026.04.08-00.20.42:598][  0]LogConfig: Applying CVar settings from Section [Startup] File [../../../Engine/Config/ConsoleVariables.ini]
[2026.04.08-00.20.42:598][  0]LogConfig: Setting CVar [[net.UseAdaptiveNetUpdateFrequency:0]]
[2026.04.08-00.20.42:598][  0]LogConfig: Setting CVar [[p.chaos.AllowCreatePhysxBodies:1]]
[2026.04.08-00.20.42:598][  0]LogConfig: Setting CVar [[fx.SkipVectorVMBackendOptimizations:1]]
[2026.04.08-00.20.42:598][  0]LogConfig: Applying CVar settings from Section [ConsoleVariables] File [C:/Users/asus/Desktop/Assign 565/My project/CPSC399_Game/CPSC399Game/Saved/Config/Windows/Engine.ini]
[2026.04.08-00.20.42:598][  0]LogConfig: Applying CVar settings from Section [ConsoleVariables] File [C:/Users/asus/Desktop/Assign 565/My project/CPSC399_Game/CPSC399Game/Saved/Config/Windows/Editor.ini]
[2026.04.08-00.20.42:598][  0]LogInit: Computer: ARPIT
[2026.04.08-00.20.42:598][  0]LogInit: User: asus
[2026.04.08-00.20.42:598][  0]LogInit: CPU Page size=4096, Cores=14
[2026.04.08-00.20.42:598][  0]LogInit: High frequency timer resolution =10.000000 MHz
[2026.04.08-00.20.42:598][  0]LogMemory: Memory total: Physical=15.6GB (16GB approx)
[2026.04.08-00.20.42:598][  0]LogMemory: Platform Memory Stats for Windows
[2026.04.08-00.20.42:598][  0]LogMemory: Process Physical Memory: 156.70 MB used, 156.70 MB peak
[2026.04.08-00.20.42:598][  0]LogMemory: Process Virtual Memory: 131.09 MB used, 131.09 MB peak
[2026.04.08-00.20.42:598][  0]LogMemory: Physical Memory: 13486.02 MB used,  2518.53 MB free, 16004.55 MB total
[2026.04.08-00.20.42:598][  0]LogMemory: Virtual Memory: 134212608.00 MB used,  5119.94 MB free, 134217728.00 MB total
[2026.04.08-00.20.42:602][  0]LogWindows: WindowsPlatformFeatures enabled
[2026.04.08-00.20.42:639][  0]LogInit: Physics initialised using underlying interface: PhysX
[2026.04.08-00.20.42:639][  0]LogInit: Using OS detected language (en-US).
[2026.04.08-00.20.42:639][  0]LogInit: Using OS detected locale (en-US).
[2026.04.08-00.20.42:643][  0]LogTextLocalizationManager: No specific localization for 'en-US' exists, so the 'en' localization will be used.
[2026.04.08-00.20.42:802][  0]LogInit: Setting process to per monitor DPI aware
[2026.04.08-00.20.42:808][  0]LogWindowsTextInputMethodSystem: Display: IME system deactivated.
[2026.04.08-00.20.42:818][  0]LogSlate: New Slate User Created.  User Index 0, Is Virtual User: 0
[2026.04.08-00.20.42:818][  0]LogSlate: Slate User Registered.  User Index 0, Is Virtual User: 0
[2026.04.08-00.20.42:892][  0]LogD3D11RHI: Loaded GFSDK_Aftermath_Lib.x64.dll
[2026.04.08-00.20.42:912][  0]LogHMD: Failed to initialize OpenVR with code 110
[2026.04.08-00.20.42:912][  0]LogD3D11RHI: D3D11 min allowed feature level: 11_0
[2026.04.08-00.20.42:912][  0]LogD3D11RHI: D3D11 max allowed feature level: 11_0
[2026.04.08-00.20.42:912][  0]LogD3D11RHI: D3D11 adapters:
[2026.04.08-00.20.43:053][  0]LogD3D11RHI:    0. 'NVIDIA GeForce RTX 3050 Ti Laptop GPU' (Feature Level 11_0)
[2026.04.08-00.20.43:053][  0]LogD3D11RHI:       3962/0/8002 MB DedicatedVideo/DedicatedSystem/SharedSystem, Outputs:1, VendorId:0x10de
[2026.04.08-00.20.43:116][  0]LogD3D11RHI:    1. 'Intel(R) Iris(R) Xe Graphics' (Feature Level 11_0)
[2026.04.08-00.20.43:116][  0]LogD3D11RHI:       128/0/8002 MB DedicatedVideo/DedicatedSystem/SharedSystem, Outputs:0, VendorId:0x8086
[2026.04.08-00.20.43:121][  0]LogD3D11RHI:    2. 'Microsoft Basic Render Driver' (Feature Level 11_0)
[2026.04.08-00.20.43:121][  0]LogD3D11RHI:       0/0/8002 MB DedicatedVideo/DedicatedSystem/SharedSystem, Outputs:0, VendorId:0x1414
[2026.04.08-00.20.43:121][  0]LogD3D11RHI: Chosen D3D11 Adapter:
[2026.04.08-00.20.43:121][  0]LogD3D11RHI:     Description : NVIDIA GeForce RTX 3050 Ti Laptop GPU
[2026.04.08-00.20.43:121][  0]LogD3D11RHI:     VendorId    : 10de
[2026.04.08-00.20.43:121][  0]LogD3D11RHI:     DeviceId    : 25a0
[2026.04.08-00.20.43:121][  0]LogD3D11RHI:     SubSysId    : 1ccc1043
[2026.04.08-00.20.43:121][  0]LogD3D11RHI:     Revision    : 00a1
[2026.04.08-00.20.43:121][  0]LogD3D11RHI:     DedicatedVideoMemory : 4154458112 bytes
[2026.04.08-00.20.43:121][  0]LogD3D11RHI:     DedicatedSystemMemory : 0 bytes
[2026.04.08-00.20.43:121][  0]LogD3D11RHI:     SharedSystemMemory : 8390991872 bytes
[2026.04.08-00.20.43:121][  0]LogD3D11RHI:     AdapterLuid : 0 50683
[2026.04.08-00.20.43:127][  0]LogD3D11RHI: Creating new Direct3DDevice
[2026.04.08-00.20.43:127][  0]LogD3D11RHI:     GPU DeviceId: 0x25a0 (for the marketing name, search the web for "GPU Device Id")
[2026.04.08-00.20.43:127][  0]LogWindows: EnumDisplayDevices:
[2026.04.08-00.20.43:127][  0]LogWindows:    0. 'NVIDIA GeForce RTX 3050 Ti Laptop GPU' (P:1 D:1)
[2026.04.08-00.20.43:127][  0]LogWindows:    1. 'NVIDIA GeForce RTX 3050 Ti Laptop GPU' (P:0 D:0)
[2026.04.08-00.20.43:127][  0]LogWindows:    2. 'NVIDIA GeForce RTX 3050 Ti Laptop GPU' (P:0 D:0)
[2026.04.08-00.20.43:127][  0]LogWindows:    3. 'NVIDIA GeForce RTX 3050 Ti Laptop GPU' (P:0 D:0)
[2026.04.08-00.20.43:127][  0]LogWindows:    4. 'Intel(R) Iris(R) Xe Graphics' (P:0 D:0)
[2026.04.08-00.20.43:128][  0]LogWindows:    5. 'Intel(R) Iris(R) Xe Graphics' (P:0 D:0)
[2026.04.08-00.20.43:128][  0]LogWindows:    6. 'Intel(R) Iris(R) Xe Graphics' (P:0 D:0)
[2026.04.08-00.20.43:128][  0]LogWindows:    7. 'Intel(R) Iris(R) Xe Graphics' (P:0 D:0)
[2026.04.08-00.20.43:128][  0]LogWindows: DebugString: PrimaryIsNotTheChoosenAdapter PrimaryIsNotTheChoosenAdapter PrimaryIsNotTheChoosenAdapter PrimaryIsNotTheChoosenAdapter FoundDriverCount:4 
[2026.04.08-00.20.43:128][  0]LogD3D11RHI:     Adapter Name: NVIDIA GeForce RTX 3050 Ti Laptop GPU
[2026.04.08-00.20.43:128][  0]LogD3D11RHI:   Driver Version: 566.07 (internal:32.0.15.6607, unified:566.07)
[2026.04.08-00.20.43:128][  0]LogD3D11RHI:      Driver Date: 10-20-2024
[2026.04.08-00.20.43:128][  0]LogRHI: Texture pool is 2773 MB (70% of 3962 MB)
[2026.04.08-00.20.43:128][  0]LogD3D11RHI: Creating D3DDevice using adapter:
[2026.04.08-00.20.43:128][  0]LogD3D11RHI:     Description : NVIDIA GeForce RTX 3050 Ti Laptop GPU
[2026.04.08-00.20.43:128][  0]LogD3D11RHI:     VendorId    : 10de
[2026.04.08-00.20.43:128][  0]LogD3D11RHI:     DeviceId    : 25a0
[2026.04.08-00.20.43:128][  0]LogD3D11RHI:     SubSysId    : 1ccc1043
[2026.04.08-00.20.43:128][  0]LogD3D11RHI:     Revision    : 00a1
[2026.04.08-00.20.43:128][  0]LogD3D11RHI:     DedicatedVideoMemory : 4154458112 bytes
[2026.04.08-00.20.43:128][  0]LogD3D11RHI:     DedicatedSystemMemory : 0 bytes
[2026.04.08-00.20.43:128][  0]LogD3D11RHI:     SharedSystemMemory : 8390991872 bytes
[2026.04.08-00.20.43:128][  0]LogD3D11RHI:     AdapterLuid : 0 50683
[2026.04.08-00.20.43:215][  0]LogD3D11RHI: RHI has support for 64 bit atomics
[2026.04.08-00.20.43:216][  0]LogD3D11RHI: Async texture creation enabled
[2026.04.08-00.20.43:216][  0]LogD3D11RHI: Array index from any shader is supported
[2026.04.08-00.20.43:236][  0]LogD3D11RHI: GPU Timing Frequency: 1000.000000 (Debug: 2 2)
[2026.04.08-00.20.43:267][  0]LogRHI: GeForceNow SDK initialized: 1
[2026.04.08-00.20.43:515][  0]LogTargetPlatformManager: Display: Loaded TargetPlatform 'AllDesktop'
[2026.04.08-00.20.43:530][  0]LogTargetPlatformManager: Display: Loaded TargetPlatform 'Android'
[2026.04.08-00.20.43:530][  0]LogTargetPlatformManager: Display: Loaded TargetPlatform 'Android_ASTC'
[2026.04.08-00.20.43:530][  0]LogTargetPlatformManager: Display: Loaded TargetPlatform 'Android_DXT'
[2026.04.08-00.20.43:530][  0]LogTargetPlatformManager: Display: Loaded TargetPlatform 'Android_ETC2'
[2026.04.08-00.20.43:530][  0]LogTargetPlatformManager: Display: Loaded TargetPlatform 'AndroidClient'
[2026.04.08-00.20.43:530][  0]LogTargetPlatformManager: Display: Loaded TargetPlatform 'Android_ASTCClient'
[2026.04.08-00.20.43:530][  0]LogTargetPlatformManager: Display: Loaded TargetPlatform 'Android_DXTClient'
[2026.04.08-00.20.43:530][  0]LogTargetPlatformManager: Display: Loaded TargetPlatform 'Android_ETC2Client'
[2026.04.08-00.20.43:530][  0]LogTargetPlatformManager: Display: Loaded TargetPlatform 'Android_Multi'
[2026.04.08-00.20.43:530][  0]LogTargetPlatformManager: Display: Loaded TargetPlatform 'Android_MultiClient'
[2026.04.08-00.20.43:542][  0]LogTargetPlatformManager: Display: Loaded TargetPlatform 'IOSClient'
[2026.04.08-00.20.43:542][  0]LogTargetPlatformManager: Display: Loaded TargetPlatform 'IOS'
[2026.04.08-00.20.43:548][  0]LogTargetPlatformManager: Display: Loaded TargetPlatform 'Linux'
[2026.04.08-00.20.43:551][  0]LogTargetPlatformManager: Display: Loaded TargetPlatform 'LinuxNoEditor'
[2026.04.08-00.20.43:554][  0]LogTargetPlatformManager: Display: Loaded TargetPlatform 'LinuxClient'
[2026.04.08-00.20.43:557][  0]LogTargetPlatformManager: Display: Loaded TargetPlatform 'LinuxServer'
[2026.04.08-00.20.43:563][  0]LogTargetPlatformManager: Display: Loaded TargetPlatform 'LinuxAArch64NoEditor'
[2026.04.08-00.20.43:566][  0]LogTargetPlatformManager: Display: Loaded TargetPlatform 'LinuxAArch64Client'
[2026.04.08-00.20.43:569][  0]LogTargetPlatformManager: Display: Loaded TargetPlatform 'LinuxAArch64Server'
[2026.04.08-00.20.43:584][  0]LogTargetPlatformManager: Display: Loaded TargetPlatform 'Lumin'
[2026.04.08-00.20.43:584][  0]LogTargetPlatformManager: Display: Loaded TargetPlatform 'LuminClient'
[2026.04.08-00.20.43:590][  0]LogTargetPlatformManager: Display: Loaded TargetPlatform 'MacNoEditor'
[2026.04.08-00.20.43:593][  0]LogTargetPlatformManager: Display: Loaded TargetPlatform 'Mac'
[2026.04.08-00.20.43:597][  0]LogTargetPlatformManager: Display: Loaded TargetPlatform 'MacClient'
[2026.04.08-00.20.43:600][  0]LogTargetPlatformManager: Display: Loaded TargetPlatform 'MacServer'
[2026.04.08-00.20.43:606][  0]LogTargetPlatformManager: Display: Loaded TargetPlatform 'TVOSClient'
[2026.04.08-00.20.43:606][  0]LogTargetPlatformManager: Display: Loaded TargetPlatform 'TVOS'
[2026.04.08-00.20.43:612][  0]LogTargetPlatformManager: Display: Loaded TargetPlatform 'WindowsNoEditor'
[2026.04.08-00.20.43:616][  0]LogTargetPlatformManager: Display: Loaded TargetPlatform 'Windows'
[2026.04.08-00.20.43:618][  0]LogTargetPlatformManager: Display: Loaded TargetPlatform 'WindowsClient'
[2026.04.08-00.20.43:621][  0]LogTargetPlatformManager: Display: Loaded TargetPlatform 'WindowsServer'
[2026.04.08-00.20.43:621][  0]LogTargetPlatformManager: Display: Building Assets For Windows
[2026.04.08-00.20.43:626][  0]LogAudioDebug: Display: Lib vorbis DLL was dynamically loaded.
[2026.04.08-00.20.43:646][  0]LogTextureFormatOodle: Display: Oodle Texture 2.9.0 init RDO Off
[2026.04.08-00.20.43:668][  0]LogRendererCore: Ray tracing is disabled. Reason: r.RayTracing=0.
[2026.04.08-00.20.43:668][  0]LogShaderCompilers: Guid format shader working directory is -39 characters bigger than the processId version (../../../../../../Users/asus/Desktop/Assign 565/My project/CPSC399_Game/CPSC399Game/Intermediate/Shaders/WorkingDirectory/25160/).
[2026.04.08-00.20.43:668][  0]LogShaderCompilers: Cleaned the shader compiler working directory 'C:/Users/asus/AppData/Local/Temp/UnrealShaderWorkingDir/570D54D345E31EE42D81EF950B1E125A/'.
[2026.04.08-00.20.43:668][  0]LogXGEController: Cannot use XGE Controller as Incredibuild is not installed on this machine.
[2026.04.08-00.20.43:668][  0]LogShaderCompilers: Cannot use XGE Shader Compiler as Incredibuild is not installed on this machine.
[2026.04.08-00.20.43:668][  0]LogShaderCompilers: Display: Using Local Shader Compiler.
[2026.04.08-00.20.44:200][  0]LogDerivedDataCache: Display: Max Cache Size: 512 MB
[2026.04.08-00.20.44:258][  0]LogDerivedDataCache: Loaded boot cache 0.06s 94MB C:/Users/asus/AppData/Local/UnrealEngine/4.27/DerivedDataCache/Boot.ddc.
[2026.04.08-00.20.44:258][  0]LogDerivedDataCache: Display: Loaded Boot cache: C:/Users/asus/AppData/Local/UnrealEngine/4.27/DerivedDataCache/Boot.ddc
[2026.04.08-00.20.44:258][  0]LogDerivedDataCache: FDerivedDataBackendGraph:  Pak pak cache file ../../../../../../Users/asus/Desktop/Assign 565/My project/CPSC399_Game/CPSC399Game/DerivedDataCache/DDC.ddp not found, will not use a pak cache.
[2026.04.08-00.20.44:258][  0]LogDerivedDataCache: Unable to find inner node Pak for hierarchical cache Hierarchy.
[2026.04.08-00.20.44:258][  0]LogDerivedDataCache: FDerivedDataBackendGraph:  CompressedPak pak cache file ../../../../../../Users/asus/Desktop/Assign 565/My project/CPSC399_Game/CPSC399Game/DerivedDataCache/Compressed.ddp not found, will not use a pak cache.
[2026.04.08-00.20.44:258][  0]LogDerivedDataCache: Unable to find inner node CompressedPak for hierarchical cache Hierarchy.
[2026.04.08-00.20.44:273][  0]LogDerivedDataCache: Display: Pak cache opened for reading ../../../Engine/DerivedDataCache/Compressed.ddp.
[2026.04.08-00.20.44:273][  0]LogDerivedDataCache: FDerivedDataBackendGraph:  EnterprisePak pak cache file ../../../Enterprise/DerivedDataCache/Compressed.ddp not found, will not use a pak cache.
[2026.04.08-00.20.44:273][  0]LogDerivedDataCache: Unable to find inner node EnterprisePak for hierarchical cache Hierarchy.
[2026.04.08-00.20.44:279][  0]LogDerivedDataCache: Speed tests for C:/Users/asus/AppData/Local/UnrealEngine/Common/DerivedDataCache took 0.01 seconds
[2026.04.08-00.20.44:279][  0]LogDerivedDataCache: Display: Performance to C:/Users/asus/AppData/Local/UnrealEngine/Common/DerivedDataCache: Latency=0.02ms. RandomReadSpeed=1811.90MBs, RandomWriteSpeed=195.86MBs. Assigned SpeedClass 'Local'
[2026.04.08-00.20.44:280][  0]LogDerivedDataCache: Using Local data cache path C:/Users/asus/AppData/Local/UnrealEngine/Common/DerivedDataCache: Writable
[2026.04.08-00.20.44:280][  0]LogDerivedDataCache: Shared data cache path not found in *engine.ini, will not use an Shared cache.
[2026.04.08-00.20.44:280][  0]LogDerivedDataCache: Unable to find inner node Shared for hierarchical cache Hierarchy.
[2026.04.08-00.20.44:312][  0]LogSlate: Using FreeType 2.10.0
[2026.04.08-00.20.44:312][  0]LogSlate: SlateFontServices - WITH_FREETYPE: 1, WITH_HARFBUZZ: 1
[2026.04.08-00.20.44:331][  0]LogAssetRegistry: FAssetRegistry took 0.0023 seconds to start up
[2026.04.08-00.20.44:483][  0]LogInit: Selected Device Profile: [Windows]
[2026.04.08-00.20.44:483][  0]LogInit: Active device profile: [000001EF8A0F0F00][000001EF814E9180 49] Windows
[2026.04.08-00.20.44:483][  0]LogInit: Profiles: [000001EF8A0F0F00][000001EF814E9180 49] Windows, [000001EF8A09E400][000001EF88399300 49] WindowsNoEditor, [000001EF8A0F1F00][000001EF8839D480 49] WindowsServer, [000001EF8A09D600][000001EF883A1600 49] WindowsClient, [000001EF8A0F1000][000001EF883A5780 49] IOS, [000001EF8A09FA00][000001EF883A9900 49] iPadAir, [000001EF8A0F3300][000001EF883ADA80 49] iPadAir2, [000001EF8A059300][000001EF883B41C0 49] IPadPro, [000001EF8A059400][000001EF883B0200 49] iPadAir3, [000001EF8A09CB00][000001EF883B8380 49] iPadAir4, [000001EF8A05A100][000001EF883BC500 49] iPadMini2, [000001EF8A09F400][000001EF883C0680 49] iPadMini3, [000001EF8A05AC00][000001EF883C4800 49] iPadMini4, [000001EF8A09E700][000001EF883C8980 49] iPadMini5, [000001EF8A078E00][000001EF814ECC00 49] iPhone6, [000001EF8A078F00][000001EF883CCC40 49] iPodTouch6, [000001EF8A0F3700][000001EF88D06E80 49] iPhone7, [000001EF8A0F2800][000001EF88D02EC0 49] iPodTouch7, [000001EF8A058C00][000001EF88D0F040 49] iPhone5S, [000001EF8A0F1300][000001EF88D131C0 49] iPhone6Plus, [000001EF8A0F0600][000001EF88D17340 49] iPhone6S, [000001EF8A079300][000001EF88D1B4C0 49] iPhone6SPlus, [000001EF8A0F0B00][000001EF88D1F640 49] iPhone7Plus, [000001EF8A079600][000001EF88D237C0 49] iPhoneSE, [000001EF8A0F0A00][000001EF88D27940 49] iPhone8, [000001EF8A079200][000001EF88D2BAC0 49] iPhone8Plus, [000001EF8A05AB00][000001EF88D2E0C0 49] iPhoneX, [000001EF8A078C00][000001EF88D32240 49] iPhoneXS, [000001EF8A05BA00][000001EF88D363C0 49] iPhoneXSMax, [000001EF8A07B800][000001EF88D3A540 49] iPhoneXR, [000001EF8A058D00][000001EF88D3E6C0 49] iPhone11, [000001EF8A07A600][000001EF88D42840 49] iPhone11Pro, [000001EF8A05A900][000001EF88D469C0 49] iPhone11ProMax, [000001EF8A078200][000001EF88D4AB40 49] iPhoneSE2, [000001EF8A058B00][000001EF88D4ECC0 49] iPhone12Mini, [000001EF8A07AA00][000001EF88D0AE00 49] iPhone12, [000001EF8A05AE00][000001EF88DC2F40 49] iPhone12Pro, [000001EF8A078A00][000001EF88DC7080 49] iPhone12ProMax, [000001EF8A05B200][000001EF88DCF1C0 49] iPadPro105, [000001EF8A07B600][000001EF88E69340 49] iPadPro129, [000001EF8A05A000][000001EF8109D4C0 49] iPadPro97, [000001EF8A07A000][000001EF810A1640 49] iPadPro2_129, [000001EF8A05A400][000001EF810F97C0 49] iPad5, [000001EF8A079400][000001EF810FD940 49] iPad6, [000001EF8A059000][000001EF81101AC0 49] iPad7, [000001EF8A079700][000001EF811040C0 49] iPad8, [000001EF8A05BC00][000001EF81108240 49] iPadPro11, [000001EF8A079800][000001EF88FE03C0 49] iPadPro2_11, [000001EF8A058600][000001EF88FE4540 49] iPadPro3_129, [000001EF8A078D00][000001EF88FEC6C0 49] iPadPro4_129, [000001EF8A05B100][000001EF88FF4840 49] AppleTV, [000001EF8A078800][000001EF88FF89C0 49] AppleTV4K, [000001EF8A058500][000001EF88FFCB40 49] TVOS, [000001EF8A078500][000001EF86F82CC0 49] Mac, [000001EF8A058700][000001EF86F86E40 49] MacClient, [000001EF8A079500][000001EF88E64F80 49] MacNoEditor, [000001EF8A059500][000001EF86FA30C0 49] MacServer, [000001EF8A07AE00][000001EF802DB200 49] Linux, [000001EF8A058400][000001EF802DF340 49] LinuxAArch64, [000001EF8A079E00][000001EF88D954C0 49] LinuxNoEditor, [000001EF8A059C00][000001EF88DB9640 49] LinuxAArch64NoEditor, [000001EF8A07A900][000001EF88DBD7C0 49] LinuxClient, [000001EF8A05AD00][000001EF88E45940 49] LinuxAArch64Client, [000001EF8A078100][000001EF88E49AC0 49] LinuxServer, [000001EF8A059E00][000001EF88E4C0C0 49] LinuxAArch64Server, [000001EF8A078B00][000001EF85EC6240 49] Android, [000001EF8A059A00][000001EF85ECA3C0 49] Android_Low, [000001EF8A07AF00][000001EF88E50540 49] Android_Mid, [000001EF8A059100][000001EF88E546C0 49] Android_High, [000001EF8A07B000][000001EF88E58840 49] Android_Default, [000001EF8A059700][000001EF88E5C9C0 49] Android_Adreno4xx, [000001EF8A079900][000001EF88E60B40 49] Android_Adreno5xx_Low, [000001EF8A058A00][000001EF88BBACC0 49] Android_Adreno5xx, [000001EF8A07B400][000001EF88BC2E40 49] Android_Adreno6xx, [000001EF8A058E00][000001EF88BC6FC0 49] Android_Adreno6xx_Vulkan, [000001EF8A07B100][000001EF88BE9140 49] Android_Mali_T6xx, [000001EF8A0F2F00][000001EF88D91280 49] Android_Mali_T7xx, [000001EF8A09C800][000001EF88BED3C0 49] Android_Mali_T8xx, [000001EF8A0F1200][000001EF88EEB500 49] Android_Mali_G71, [000001EF8A09CE00][000001EF88F03680 49] Android_Mali_G72, [000001EF8A0F1100][000001EF88F07800 49] Android_Mali_G72_Vulkan, [000001EF8A09E500][000001EF88F0B980 49] Android_Mali_G76, [000001EF8A0F1500][000001EF88F0FB00 49] Android_Mali_G76_Vulkan, [000001EF8A09E000][000001EF88F12100 49] Android_Mali_G77, [000001EF8A0F3F00][000001EF88F16280 49] Android_Mali_G77_Vulkan, [000001EF8A09DD00][000001EF803E2400 49] Android_Mali_G78, [000001EF8A0F0300][000001EF803E6580 49] Android_Mali_G78_Vulkan, [000001EF8A09C400][000001EF803EA700 49] Android_Mali_G710, [000001EF8A0F3600][000001EF803EE880 49] Android_Mali_G710_Vulkan, [000001EF8A09F100][000001EF803F2A00 49] Android_Vulkan_SM5, [000001EF8A0F0900][000001EF80410B80 49] Android_PowerVR_G6xxx, [000001EF8A09CA00][000001EF88FC6D00 49] Android_PowerVR_GT7xxx, [000001EF8A0F0D00][000001EF88FCAE80 49] Android_PowerVR_GE8xxx, [000001EF8A09FC00][000001EF88FCF000 49] Android_PowerVR_GM9xxx, [000001EF8A0F2300][000001EF88FD3180 49] Android_PowerVR_GM9xxx_Vulkan, [000001EF8A09D200][000001EF88FD7300 49] Android_TegraK1, [000001EF8A0F2A00][000001EF88EFF440 49] Android_Unknown_Vulkan, [000001EF8A09F000][000001EF80419580 49] Lumin, [000001EF8A0F1C00][000001EF8041D6C0 49] Lumin_Desktop, [000001EF8A09EE00][000001EF80425840 49] HoloLens, 
[2026.04.08-00.20.44:568][  0]LogMeshReduction: Using QuadricMeshReduction for automatic static mesh reduction
[2026.04.08-00.20.44:568][  0]LogMeshReduction: Using SimplygonMeshReduction for automatic skeletal mesh reduction
[2026.04.08-00.20.44:568][  0]LogMeshReduction: Using ProxyLODMeshReduction for automatic mesh merging
[2026.04.08-00.20.44:568][  0]LogMeshReduction: No distributed automatic mesh merging module available
[2026.04.08-00.20.44:568][  0]LogMeshMerging: No distributed automatic mesh merging module available
[2026.04.08-00.20.44:577][  0]LogNetVersion: CPSC399Game 1.0.0, NetCL: 17155196, EngineNetVer: 17, GameNetVer: 0 (Checksum: 2010562307)
[2026.04.08-00.20.44:866][  0]LogTexture: Default maximum texture size for cubemaps generated from long-lat sources has been changed from 512 to unlimited. In order to preserve old behaiour for '/Engine/MapTemplates/Sky/DaylightAmbientCubemap.DaylightAmbientCubemap', its maximum texture size has been explicitly set to 512.
[2026.04.08-00.20.44:916][  0]LogHMD: PokeAHoleMaterial loaded successfully
[2026.04.08-00.20.44:921][  0]LogUObjectArray: 17178 objects as part of root set at end of initial load.
[2026.04.08-00.20.44:921][  0]LogUObjectAllocator: 4302048 out of 0 bytes used by permanent object pool.
[2026.04.08-00.20.44:921][  0]LogUObjectArray: CloseDisregardForGC: 0/0 objects in disregard for GC pool
[2026.04.08-00.20.45:101][  0]LogNiagaraDebuggerClient: Niagara Debugger Client Initialized | Session: 1D573681488AB9AA1EB977B5476C1497 | Instance: DF17D2674E216401A24B3FABF44EFA38 (ARPIT-25160).
[2026.04.08-00.20.45:190][  0]LogPython: Using Python 3.7.7
[2026.04.08-00.20.45:529][  0]LogTcpMessaging: Initializing TcpMessaging bridge
[2026.04.08-00.20.45:532][  0]LogUdpMessaging: Initializing bridge on interface 0.0.0.0:0 to multicast group 230.0.0.1:6666.
[2026.04.08-00.20.45:679][  0]SourceControl: Source control is disabled
[2026.04.08-00.20.45:679][  0]SourceControl: Source control is disabled
[2026.04.08-00.20.45:681][  0]SourceControl: Source control is disabled
[2026.04.08-00.20.45:686][  0]LogUProjectInfo: Found projects:
[2026.04.08-00.20.45:691][  0]SourceControl: Source control is disabled
[2026.04.08-00.20.45:792][  0]LogOpenImageDenoise: OIDN starting up
[2026.04.08-00.20.45:799][  0]SourceControl: Source control is disabled
[2026.04.08-00.20.45:802][  0]LogAndroidPermission: UAndroidPermissionCallbackProxy::GetInstance
[2026.04.08-00.20.45:813][  0]LogAudioCaptureCore: Display: No Audio Capture implementations found. Audio input will be silent.
[2026.04.08-00.20.45:813][  0]LogAudioCaptureCore: Display: No Audio Capture implementations found. Audio input will be silent.
[2026.04.08-00.20.45:905][  0]LogCollectionManager: Loaded 0 collections in 0.001327 seconds
[2026.04.08-00.20.45:924][  0]LogFileCache: Scanning file cache for directory 'C:/Users/asus/Desktop/Assign 565/My project/CPSC399_Game/CPSC399Game/Saved/Collections/' took 0.00s
[2026.04.08-00.20.45:924][  0]LogFileCache: Scanning file cache for directory 'C:/Users/asus/Desktop/Assign 565/My project/CPSC399_Game/CPSC399Game/Content/Developers/asus/Collections/' took 0.00s
[2026.04.08-00.20.45:924][  0]LogFileCache: Scanning file cache for directory 'C:/Users/asus/Desktop/Assign 565/My project/CPSC399_Game/CPSC399Game/Content/Collections/' took 0.00s
[2026.04.08-00.20.45:924][  0]LogOcInput: OculusInput pre-init called
[2026.04.08-00.20.46:104][  0]LogEngine: Initializing Engine...
[2026.04.08-00.20.46:105][  0]LogHMD: Failed to enumerate extensions. Please check that you have a valid OpenXR runtime installed.
[2026.04.08-00.20.46:106][  0]LogHMD: Failed to initialize OpenVR with code 110
[2026.04.08-00.20.46:106][  0]LogMagicLeap: Warning: VR disabled because ZI is not enabled.  To enable, in the editor, Edit -> Project Settings -> Plugins -> Magic Leap Plugin -> Enable Zero Iteration
[2026.04.08-00.20.46:106][  0]LogStats: UGameplayTagsManager::InitializeManager -  0.000 s
[2026.04.08-00.20.46:232][  0]LogInit: Initializing FReadOnlyCVARCache
[2026.04.08-00.20.46:237][  0]LogAIModule: Creating AISystem for world Untitled
[2026.04.08-00.20.46:237][  0]LogAudio: Display: Initializing Audio Device Manager...
[2026.04.08-00.20.46:241][  0]LogAudio: Display: Loading Default Audio Settings Objects...
[2026.04.08-00.20.46:241][  0]LogAudio: Display: No default SoundConcurrencyObject specified (or failed to load).
[2026.04.08-00.20.46:241][  0]LogAudio: Display: Audio Device Manager Initialized
[2026.04.08-00.20.46:241][  0]LogAudio: Display: Creating Audio Device:                 Id: 1, Scope: Shared, Realtime: True
[2026.04.08-00.20.46:241][  0]LogAudioMixer: Display: Audio Mixer Platform Settings:
[2026.04.08-00.20.46:241][  0]LogAudioMixer: Display: 	Sample Rate:						  48000
[2026.04.08-00.20.46:241][  0]LogAudioMixer: Display: 	Callback Buffer Frame Size Requested: 1024
[2026.04.08-00.20.46:241][  0]LogAudioMixer: Display: 	Callback Buffer Frame Size To Use:	  1024
[2026.04.08-00.20.46:241][  0]LogAudioMixer: Display: 	Number of buffers to queue:			  2
[2026.04.08-00.20.46:241][  0]LogAudioMixer: Display: 	Max Channels (voices):				  32
[2026.04.08-00.20.46:241][  0]LogAudioMixer: Display: 	Number of Async Source Workers:		  0
[2026.04.08-00.20.46:241][  0]LogAudio: Display: AudioDevice MaxSources: 32
[2026.04.08-00.20.46:242][  0]LogAudio: Display: Audio Spatialization Plugin: None (built-in).
[2026.04.08-00.20.46:242][  0]LogAudio: Display: Audio Reverb Plugin: None (built-in).
[2026.04.08-00.20.46:242][  0]LogAudio: Display: Audio Occlusion Plugin: None (built-in).
[2026.04.08-00.20.46:242][  0]LogAudioMixer: Display: Initializing audio mixer.
[2026.04.08-00.20.46:253][  0]LogAudioMixer: Display: 0: FrontLeft
[2026.04.08-00.20.46:253][  0]LogAudioMixer: Display: 1: FrontRight
[2026.04.08-00.20.46:268][  0]LogAudioMixer: Display: Using Audio Device Speakers (C-Media(R) Audio)
[2026.04.08-00.20.46:268][  0]LogAudioMixer: Display: Initializing Sound Submixes...
[2026.04.08-00.20.46:269][  0]LogAudioMixer: Display: Creating Master Submix 'MasterSubmixDefault'
[2026.04.08-00.20.46:269][  0]LogAudioMixer: Display: Creating Master Submix 'MasterReverbSubmixDefault'
[2026.04.08-00.20.46:270][  0]LogAudioMixer: Display: Creating Master Submix 'MasterEQSubmixDefault'
[2026.04.08-00.20.46:270][  0]LogAudioMixer: FMixerPlatformXAudio2::StartAudioStream() called
[2026.04.08-00.20.46:270][  0]LogAudioMixer: Display: Output buffers initialized: Frames=1024, Channels=2, Samples=2048
[2026.04.08-00.20.46:271][  0]LogAudioMixer: Display: Starting AudioMixerPlatformInterface::RunInternal()
[2026.04.08-00.20.46:271][  0]LogAudioMixer: Display: FMixerPlatformXAudio2::SubmitBuffer() called for the first time
[2026.04.08-00.20.46:271][  0]LogInit: FAudioDevice initialized.
[2026.04.08-00.20.46:271][  0]LogAudio: Display: Audio Device (ID: 1) registered with world 'Untitled'.
[2026.04.08-00.20.46:271][  0]LogNetVersion: Set ProjectVersion to 1.0.0.0. Version Checksum will be recalculated on next use.
[2026.04.08-00.20.46:311][  0]LogDerivedDataCache: Saved boot cache 0.04s 94MB C:/Users/asus/AppData/Local/UnrealEngine/4.27/DerivedDataCache/Boot.ddc.
[2026.04.08-00.20.46:311][  0]LogInit: Texture streaming: Enabled
[2026.04.08-00.20.46:321][  0]LogAnalytics: Display: [UEEditor.Rocket.Release] APIServer = https://datarouter.ol.epicgames.com/. AppVersion = 4.27.2-18319896+++UE4+Release-4.27
[2026.04.08-00.20.46:323][  0]LogEngineSessionManager: EngineSessionManager initialized
[2026.04.08-00.20.46:323][  0]LogEditorSessionSummary: Verbose: Initializing EditorSessionSummaryWriter for editor session tracking
[2026.04.08-00.20.46:325][  0]LogEditorSessionSummary: EditorSessionSummaryWriter initialized
[2026.04.08-00.20.46:344][  0]LogInit: Transaction tracking system initialized
[2026.04.08-00.20.46:358][  0]BlueprintLog: New page: Editor Load
[2026.04.08-00.20.46:397][  0]LocalizationService: Localization service is disabled
[2026.04.08-00.20.46:411][  0]TimingProfiler: Initialize
[2026.04.08-00.20.46:412][  0]TimingProfiler: OnSessionChanged
[2026.04.08-00.20.46:412][  0]LoadingProfiler: Initialize
[2026.04.08-00.20.46:412][  0]LoadingProfiler: OnSessionChanged
[2026.04.08-00.20.46:412][  0]NetworkingProfiler: Initialize
[2026.04.08-00.20.46:412][  0]NetworkingProfiler: OnSessionChanged
[2026.04.08-00.20.46:412][  0]MemoryProfiler: Initialize
[2026.04.08-00.20.46:412][  0]MemoryProfiler: OnSessionChanged
[2026.04.08-00.20.46:509][  0]LogCook: Display: CookSettings for Memory: MemoryMaxUsedVirtual 0MiB, MemoryMaxUsedPhysical 16384MiB, MemoryMinFreeVirtual 0MiB, MemoryMinFreePhysical 1024MiB
[2026.04.08-00.20.46:509][  0]LogCook: Display: Mobile HDR setting 1
[2026.04.08-00.20.46:642][  0]LogFileCache: Scanning file cache for directory 'C:/Users/asus/Desktop/Assign 565/My project/CPSC399_Game/CPSC399Game/Content/' took 0.00s
[2026.04.08-00.20.46:763][  0]LogInit: Display: Engine is initialized. Leaving FEngineLoop::Init()
[2026.04.08-00.20.46:765][  0]SourceControl: Source control is disabled
[2026.04.08-00.20.46:765][  0]LogUnrealEdMisc: Loading editor; pre map load, took 4.931
[2026.04.08-00.20.46:765][  0]Cmd: MAP LOAD FILE="../../../../../../Users/asus/Desktop/Assign 565/My project/CPSC399_Game/CPSC399Game/Content/ThirdPersonBP/Maps/ThirdPersonExampleMap.umap" TEMPLATE=0 SHOWPROGRESS=1 FEATURELEVEL=3
[2026.04.08-00.20.46:765][  0]LightingResults: New page: Lighting Build
[2026.04.08-00.20.46:767][  0]LogWorld: UWorld::CleanupWorld for Untitled, bSessionEnded=true, bCleanupResources=true
[2026.04.08-00.20.46:767][  0]LogSlate: InvalidateAllWidgets triggered.  All widgets were invalidated
[2026.04.08-00.20.46:767][  0]MapCheck: New page: Map Check
[2026.04.08-00.20.46:767][  0]LightingResults: New page: Lighting Build
[2026.04.08-00.20.46:780][  0]LogAudio: Display: Audio Device unregistered from world 'None'.
[2026.04.08-00.20.46:782][  0]LogUObjectHash: Compacting FUObjectHashTables data took   0.53ms
[2026.04.08-00.20.46:979][  0]LogAudio: Display: Audio Device (ID: 1) registered with world 'ThirdPersonExampleMap'.
[2026.04.08-00.20.46:980][  0]LogAIModule: Creating AISystem for world ThirdPersonExampleMap
[2026.04.08-00.20.46:987][  0]LogEditorServer: Finished looking for orphan Actors (0.000 secs)
[2026.04.08-00.20.46:994][  0]LogUObjectHash: Compacting FUObjectHashTables data took   0.60ms
[2026.04.08-00.20.46:994][  0]Cmd: MAP CHECKDEP NOCLEARLOG
[2026.04.08-00.20.46:994][  0]MapCheck: Map check complete: 0 Error(s), 0 Warning(s), took 0.149ms to complete.
[2026.04.08-00.20.46:994][  0]LogFileHelpers: Loading map 'ThirdPersonExampleMap' took 0.228
[2026.04.08-00.20.46:995][  0]LogUnrealEdMisc: Total Editor Startup Time, took 5.161
[2026.04.08-00.20.47:078][  0]LogSlate: Updating window title bar state: overlay mode, drag disabled, window buttons hidden, title bar hidden
[2026.04.08-00.20.47:084][  0]LogSlate: Updating window title bar state: overlay mode, drag disabled, window buttons hidden, title bar hidden
[2026.04.08-00.20.47:089][  0]LogSlate: Updating window title bar state: overlay mode, drag disabled, window buttons hidden, title bar hidden
[2026.04.08-00.20.47:094][  0]LogSlate: Updating window title bar state: overlay mode, drag disabled, window buttons hidden, title bar hidden
[2026.04.08-00.20.47:103][  0]LogNativeClassHierarchy: Verbose: Native class hierarchy populated in 0.0069 seconds. Added 3830 classes and 931 folders.
[2026.04.08-00.20.47:105][  0]LogNativeClassHierarchy: Verbose: Native class hierarchy updated for 'WidgetCarousel' in 0.0002 seconds. Added 0 classes and 0 folders.
[2026.04.08-00.20.47:106][  0]LogPakFile: PakFile PrimaryIndexSize=187
[2026.04.08-00.20.47:106][  0]LogPakFile: PakFile PathHashIndexSize=101
[2026.04.08-00.20.47:106][  0]LogPakFile: PakFile FullDirectoryIndexSize=148
[2026.04.08-00.20.47:106][  0]LogShaderLibrary: Display: ShaderCodeLibraryPakFileMountedCallback: PakFile 'C:/Program Files/Epic Games/UE_4.27/FeaturePacks/FP_FirstPerson.upack' (chunk index -1, root 'root:/') mounted
[2026.04.08-00.20.47:106][  0]LogShaderLibrary: Display: ShaderCodeLibraryPakFileMountedCallback: pending pak file info (ChunkID:-1 Root:root:/ File:C:/Program Files/Epic Games/UE_4.27/FeaturePacks/FP_FirstPerson.upack)
[2026.04.08-00.20.47:106][  0]LogPakFile: OnPakFileMounted2Time == 0.000041
[2026.04.08-00.20.47:107][  0]LogPakFile: PakFile PrimaryIndexSize=189
[2026.04.08-00.20.47:107][  0]LogPakFile: PakFile PathHashIndexSize=101
[2026.04.08-00.20.47:107][  0]LogPakFile: PakFile FullDirectoryIndexSize=152
[2026.04.08-00.20.47:107][  0]LogShaderLibrary: Display: ShaderCodeLibraryPakFileMountedCallback: PakFile 'C:/Program Files/Epic Games/UE_4.27/FeaturePacks/FP_FirstPersonBP.upack' (chunk index -1, root 'root:/') mounted
[2026.04.08-00.20.47:107][  0]LogShaderLibrary: Display: ShaderCodeLibraryPakFileMountedCallback: pending pak file info (ChunkID:-1 Root:root:/ File:C:/Program Files/Epic Games/UE_4.27/FeaturePacks/FP_FirstPersonBP.upack)
[2026.04.08-00.20.47:107][  0]LogPakFile: OnPakFileMounted2Time == 0.000026
[2026.04.08-00.20.47:107][  0]LogPakFile: PakFile PrimaryIndexSize=191
[2026.04.08-00.20.47:107][  0]LogPakFile: PakFile PathHashIndexSize=101
[2026.04.08-00.20.47:107][  0]LogPakFile: PakFile FullDirectoryIndexSize=160
[2026.04.08-00.20.47:107][  0]LogShaderLibrary: Display: ShaderCodeLibraryPakFileMountedCallback: PakFile 'C:/Program Files/Epic Games/UE_4.27/FeaturePacks/MobileStarterContent.upack' (chunk index -1, root 'root:/') mounted
[2026.04.08-00.20.47:107][  0]LogShaderLibrary: Display: ShaderCodeLibraryPakFileMountedCallback: pending pak file info (ChunkID:-1 Root:root:/ File:C:/Program Files/Epic Games/UE_4.27/FeaturePacks/MobileStarterContent.upack)
[2026.04.08-00.20.47:107][  0]LogPakFile: OnPakFileMounted2Time == 0.000022
[2026.04.08-00.20.47:108][  0]LogPakFile: PakFile PrimaryIndexSize=185
[2026.04.08-00.20.47:108][  0]LogPakFile: PakFile PathHashIndexSize=101
[2026.04.08-00.20.47:108][  0]LogPakFile: PakFile FullDirectoryIndexSize=148
[2026.04.08-00.20.47:108][  0]LogShaderLibrary: Display: ShaderCodeLibraryPakFileMountedCallback: PakFile 'C:/Program Files/Epic Games/UE_4.27/FeaturePacks/StarterContent.upack' (chunk index -1, root 'root:/') mounted
[2026.04.08-00.20.47:108][  0]LogShaderLibrary: Display: ShaderCodeLibraryPakFileMountedCallback: pending pak file info (ChunkID:-1 Root:root:/ File:C:/Program Files/Epic Games/UE_4.27/FeaturePacks/StarterContent.upack)
[2026.04.08-00.20.47:108][  0]LogPakFile: OnPakFileMounted2Time == 0.000023
[2026.04.08-00.20.47:108][  0]LogPakFile: PakFile PrimaryIndexSize=190
[2026.04.08-00.20.47:108][  0]LogPakFile: PakFile PathHashIndexSize=101
[2026.04.08-00.20.47:108][  0]LogPakFile: PakFile FullDirectoryIndexSize=154
[2026.04.08-00.20.47:108][  0]LogShaderLibrary: Display: ShaderCodeLibraryPakFileMountedCallback: PakFile 'C:/Program Files/Epic Games/UE_4.27/FeaturePacks/TP_2DSideScroller.upack' (chunk index -1, root 'root:/') mounted
[2026.04.08-00.20.47:108][  0]LogShaderLibrary: Display: ShaderCodeLibraryPakFileMountedCallback: pending pak file info (ChunkID:-1 Root:root:/ File:C:/Program Files/Epic Games/UE_4.27/FeaturePacks/TP_2DSideScroller.upack)
[2026.04.08-00.20.47:108][  0]LogPakFile: OnPakFileMounted2Time == 0.000023
[2026.04.08-00.20.47:108][  0]LogPakFile: PakFile PrimaryIndexSize=192
[2026.04.08-00.20.47:108][  0]LogPakFile: PakFile PathHashIndexSize=101
[2026.04.08-00.20.47:108][  0]LogPakFile: PakFile FullDirectoryIndexSize=158
[2026.04.08-00.20.47:108][  0]LogShaderLibrary: Display: ShaderCodeLibraryPakFileMountedCallback: PakFile 'C:/Program Files/Epic Games/UE_4.27/FeaturePacks/TP_2DSideScrollerBP.upack' (chunk index -1, root 'root:/') mounted
[2026.04.08-00.20.47:108][  0]LogShaderLibrary: Display: ShaderCodeLibraryPakFileMountedCallback: pending pak file info (ChunkID:-1 Root:root:/ File:C:/Program Files/Epic Games/UE_4.27/FeaturePacks/TP_2DSideScrollerBP.upack)
[2026.04.08-00.20.47:108][  0]LogPakFile: OnPakFileMounted2Time == 0.000023
[2026.04.08-00.20.47:108][  0]LogPakFile: PakFile PrimaryIndexSize=182
[2026.04.08-00.20.47:108][  0]LogPakFile: PakFile PathHashIndexSize=101
[2026.04.08-00.20.47:108][  0]LogPakFile: PakFile FullDirectoryIndexSize=138
[2026.04.08-00.20.47:108][  0]LogShaderLibrary: Display: ShaderCodeLibraryPakFileMountedCallback: PakFile 'C:/Program Files/Epic Games/UE_4.27/FeaturePacks/TP_Flying.upack' (chunk index -1, root 'root:/') mounted
[2026.04.08-00.20.47:108][  0]LogShaderLibrary: Display: ShaderCodeLibraryPakFileMountedCallback: pending pak file info (ChunkID:-1 Root:root:/ File:C:/Program Files/Epic Games/UE_4.27/FeaturePacks/TP_Flying.upack)
[2026.04.08-00.20.47:108][  0]LogPakFile: OnPakFileMounted2Time == 0.000021
[2026.04.08-00.20.47:109][  0]LogPakFile: PakFile PrimaryIndexSize=184
[2026.04.08-00.20.47:109][  0]LogPakFile: PakFile PathHashIndexSize=101
[2026.04.08-00.20.47:109][  0]LogPakFile: PakFile FullDirectoryIndexSize=142
[2026.04.08-00.20.47:109][  0]LogShaderLibrary: Display: ShaderCodeLibraryPakFileMountedCallback: PakFile 'C:/Program Files/Epic Games/UE_4.27/FeaturePacks/TP_FlyingBP.upack' (chunk index -1, root 'root:/') mounted
[2026.04.08-00.20.47:109][  0]LogShaderLibrary: Display: ShaderCodeLibraryPakFileMountedCallback: pending pak file info (ChunkID:-1 Root:root:/ File:C:/Program Files/Epic Games/UE_4.27/FeaturePacks/TP_FlyingBP.upack)
[2026.04.08-00.20.47:109][  0]LogPakFile: OnPakFileMounted2Time == 0.000021
[2026.04.08-00.20.47:109][  0]LogPakFile: PakFile PrimaryIndexSize=188
[2026.04.08-00.20.47:109][  0]LogPakFile: PakFile PathHashIndexSize=101
[2026.04.08-00.20.47:109][  0]LogPakFile: PakFile FullDirectoryIndexSize=150
[2026.04.08-00.20.47:109][  0]LogShaderLibrary: Display: ShaderCodeLibraryPakFileMountedCallback: PakFile 'C:/Program Files/Epic Games/UE_4.27/FeaturePacks/TP_HandheldARBP.upack' (chunk index -1, root 'root:/') mounted
[2026.04.08-00.20.47:109][  0]LogShaderLibrary: Display: ShaderCodeLibraryPakFileMountedCallback: pending pak file info (ChunkID:-1 Root:root:/ File:C:/Program Files/Epic Games/UE_4.27/FeaturePacks/TP_HandheldARBP.upack)
[2026.04.08-00.20.47:109][  0]LogPakFile: OnPakFileMounted2Time == 0.000021
[2026.04.08-00.20.47:110][  0]LogPakFile: PakFile PrimaryIndexSize=182
[2026.04.08-00.20.47:110][  0]LogPakFile: PakFile PathHashIndexSize=101
[2026.04.08-00.20.47:110][  0]LogPakFile: PakFile FullDirectoryIndexSize=138
[2026.04.08-00.20.47:110][  0]LogShaderLibrary: Display: ShaderCodeLibraryPakFileMountedCallback: PakFile 'C:/Program Files/Epic Games/UE_4.27/FeaturePacks/TP_Puzzle.upack' (chunk index -1, root 'root:/') mounted
[2026.04.08-00.20.47:110][  0]LogShaderLibrary: Display: ShaderCodeLibraryPakFileMountedCallback: pending pak file info (ChunkID:-1 Root:root:/ File:C:/Program Files/Epic Games/UE_4.27/FeaturePacks/TP_Puzzle.upack)
[2026.04.08-00.20.47:110][  0]LogPakFile: OnPakFileMounted2Time == 0.000021
[2026.04.08-00.20.47:110][  0]LogPakFile: PakFile PrimaryIndexSize=184
[2026.04.08-00.20.47:110][  0]LogPakFile: PakFile PathHashIndexSize=101
[2026.04.08-00.20.47:110][  0]LogPakFile: PakFile FullDirectoryIndexSize=142
[2026.04.08-00.20.47:110][  0]LogShaderLibrary: Display: ShaderCodeLibraryPakFileMountedCallback: PakFile 'C:/Program Files/Epic Games/UE_4.27/FeaturePacks/TP_PuzzleBP.upack' (chunk index -1, root 'root:/') mounted
[2026.04.08-00.20.47:110][  0]LogShaderLibrary: Display: ShaderCodeLibraryPakFileMountedCallback: pending pak file info (ChunkID:-1 Root:root:/ File:C:/Program Files/Epic Games/UE_4.27/FeaturePacks/TP_PuzzleBP.upack)
[2026.04.08-00.20.47:110][  0]LogPakFile: OnPakFileMounted2Time == 0.000021
[2026.04.08-00.20.47:110][  0]LogPakFile: PakFile PrimaryIndexSize=183
[2026.04.08-00.20.47:110][  0]LogPakFile: PakFile PathHashIndexSize=101
[2026.04.08-00.20.47:110][  0]LogPakFile: PakFile FullDirectoryIndexSize=140
[2026.04.08-00.20.47:110][  0]LogShaderLibrary: Display: ShaderCodeLibraryPakFileMountedCallback: PakFile 'C:/Program Files/Epic Games/UE_4.27/FeaturePacks/TP_Rolling.upack' (chunk index -1, root 'root:/') mounted
[2026.04.08-00.20.47:110][  0]LogShaderLibrary: Display: ShaderCodeLibraryPakFileMountedCallback: pending pak file info (ChunkID:-1 Root:root:/ File:C:/Program Files/Epic Games/UE_4.27/FeaturePacks/TP_Rolling.upack)
[2026.04.08-00.20.47:110][  0]LogPakFile: OnPakFileMounted2Time == 0.000021
[2026.04.08-00.20.47:110][  0]LogPakFile: PakFile PrimaryIndexSize=185
[2026.04.08-00.20.47:111][  0]LogPakFile: PakFile PathHashIndexSize=101
[2026.04.08-00.20.47:111][  0]LogPakFile: PakFile FullDirectoryIndexSize=144
[2026.04.08-00.20.47:111][  0]LogShaderLibrary: Display: ShaderCodeLibraryPakFileMountedCallback: PakFile 'C:/Program Files/Epic Games/UE_4.27/FeaturePacks/TP_RollingBP.upack' (chunk index -1, root 'root:/') mounted
[2026.04.08-00.20.47:111][  0]LogShaderLibrary: Display: ShaderCodeLibraryPakFileMountedCallback: pending pak file info (ChunkID:-1 Root:root:/ File:C:/Program Files/Epic Games/UE_4.27/FeaturePacks/TP_RollingBP.upack)
[2026.04.08-00.20.47:111][  0]LogPakFile: OnPakFileMounted2Time == 0.000021
[2026.04.08-00.20.47:111][  0]LogPakFile: PakFile PrimaryIndexSize=188
[2026.04.08-00.20.47:111][  0]LogPakFile: PakFile PathHashIndexSize=101
[2026.04.08-00.20.47:111][  0]LogPakFile: PakFile FullDirectoryIndexSize=150
[2026.04.08-00.20.47:111][  0]LogShaderLibrary: Display: ShaderCodeLibraryPakFileMountedCallback: PakFile 'C:/Program Files/Epic Games/UE_4.27/FeaturePacks/TP_SideScroller.upack' (chunk index -1, root 'root:/') mounted
[2026.04.08-00.20.47:111][  0]LogShaderLibrary: Display: ShaderCodeLibraryPakFileMountedCallback: pending pak file info (ChunkID:-1 Root:root:/ File:C:/Program Files/Epic Games/UE_4.27/FeaturePacks/TP_SideScroller.upack)
[2026.04.08-00.20.47:111][  0]LogPakFile: OnPakFileMounted2Time == 0.000022
[2026.04.08-00.20.47:111][  0]LogPakFile: PakFile PrimaryIndexSize=190
[2026.04.08-00.20.47:111][  0]LogPakFile: PakFile PathHashIndexSize=101
[2026.04.08-00.20.47:111][  0]LogPakFile: PakFile FullDirectoryIndexSize=154
[2026.04.08-00.20.47:111][  0]LogShaderLibrary: Display: ShaderCodeLibraryPakFileMountedCallback: PakFile 'C:/Program Files/Epic Games/UE_4.27/FeaturePacks/TP_SideScrollerBP.upack' (chunk index -1, root 'root:/') mounted
[2026.04.08-00.20.47:111][  0]LogShaderLibrary: Display: ShaderCodeLibraryPakFileMountedCallback: pending pak file info (ChunkID:-1 Root:root:/ File:C:/Program Files/Epic Games/UE_4.27/FeaturePacks/TP_SideScrollerBP.upack)
[2026.04.08-00.20.47:111][  0]LogPakFile: OnPakFileMounted2Time == 0.000021
[2026.04.08-00.20.47:111][  0]LogPakFile: PakFile PrimaryIndexSize=187
[2026.04.08-00.20.47:111][  0]LogPakFile: PakFile PathHashIndexSize=101
[2026.04.08-00.20.47:111][  0]LogPakFile: PakFile FullDirectoryIndexSize=148
[2026.04.08-00.20.47:111][  0]LogShaderLibrary: Display: ShaderCodeLibraryPakFileMountedCallback: PakFile 'C:/Program Files/Epic Games/UE_4.27/FeaturePacks/TP_ThirdPerson.upack' (chunk index -1, root 'root:/') mounted
[2026.04.08-00.20.47:111][  0]LogShaderLibrary: Display: ShaderCodeLibraryPakFileMountedCallback: pending pak file info (ChunkID:-1 Root:root:/ File:C:/Program Files/Epic Games/UE_4.27/FeaturePacks/TP_ThirdPerson.upack)
[2026.04.08-00.20.47:111][  0]LogPakFile: OnPakFileMounted2Time == 0.000020
[2026.04.08-00.20.47:112][  0]LogPakFile: PakFile PrimaryIndexSize=189
[2026.04.08-00.20.47:112][  0]LogPakFile: PakFile PathHashIndexSize=101
[2026.04.08-00.20.47:112][  0]LogPakFile: PakFile FullDirectoryIndexSize=152
[2026.04.08-00.20.47:112][  0]LogShaderLibrary: Display: ShaderCodeLibraryPakFileMountedCallback: PakFile 'C:/Program Files/Epic Games/UE_4.27/FeaturePacks/TP_ThirdPersonBP.upack' (chunk index -1, root 'root:/') mounted
[2026.04.08-00.20.47:112][  0]LogShaderLibrary: Display: ShaderCodeLibraryPakFileMountedCallback: pending pak file info (ChunkID:-1 Root:root:/ File:C:/Program Files/Epic Games/UE_4.27/FeaturePacks/TP_ThirdPersonBP.upack)
[2026.04.08-00.20.47:112][  0]LogPakFile: OnPakFileMounted2Time == 0.000021
[2026.04.08-00.20.47:112][  0]LogPakFile: PakFile PrimaryIndexSize=183
[2026.04.08-00.20.47:112][  0]LogPakFile: PakFile PathHashIndexSize=101
[2026.04.08-00.20.47:112][  0]LogPakFile: PakFile FullDirectoryIndexSize=140
[2026.04.08-00.20.47:112][  0]LogShaderLibrary: Display: ShaderCodeLibraryPakFileMountedCallback: PakFile 'C:/Program Files/Epic Games/UE_4.27/FeaturePacks/TP_TopDown.upack' (chunk index -1, root 'root:/') mounted
[2026.04.08-00.20.47:112][  0]LogShaderLibrary: Display: ShaderCodeLibraryPakFileMountedCallback: pending pak file info (ChunkID:-1 Root:root:/ File:C:/Program Files/Epic Games/UE_4.27/FeaturePacks/TP_TopDown.upack)
[2026.04.08-00.20.47:112][  0]LogPakFile: OnPakFileMounted2Time == 0.000026
[2026.04.08-00.20.47:112][  0]LogPakFile: PakFile PrimaryIndexSize=185
[2026.04.08-00.20.47:112][  0]LogPakFile: PakFile PathHashIndexSize=101
[2026.04.08-00.20.47:112][  0]LogPakFile: PakFile FullDirectoryIndexSize=144
[2026.04.08-00.20.47:112][  0]LogShaderLibrary: Display: ShaderCodeLibraryPakFileMountedCallback: PakFile 'C:/Program Files/Epic Games/UE_4.27/FeaturePacks/TP_TopDownBP.upack' (chunk index -1, root 'root:/') mounted
[2026.04.08-00.20.47:112][  0]LogShaderLibrary: Display: ShaderCodeLibraryPakFileMountedCallback: pending pak file info (ChunkID:-1 Root:root:/ File:C:/Program Files/Epic Games/UE_4.27/FeaturePacks/TP_TopDownBP.upack)
[2026.04.08-00.20.47:112][  0]LogPakFile: OnPakFileMounted2Time == 0.000021
[2026.04.08-00.20.47:113][  0]LogPakFile: PakFile PrimaryIndexSize=185
[2026.04.08-00.20.47:113][  0]LogPakFile: PakFile PathHashIndexSize=101
[2026.04.08-00.20.47:113][  0]LogPakFile: PakFile FullDirectoryIndexSize=144
[2026.04.08-00.20.47:113][  0]LogShaderLibrary: Display: ShaderCodeLibraryPakFileMountedCallback: PakFile 'C:/Program Files/Epic Games/UE_4.27/FeaturePacks/TP_TwinStick.upack' (chunk index -1, root 'root:/') mounted
[2026.04.08-00.20.47:113][  0]LogShaderLibrary: Display: ShaderCodeLibraryPakFileMountedCallback: pending pak file info (ChunkID:-1 Root:root:/ File:C:/Program Files/Epic Games/UE_4.27/FeaturePacks/TP_TwinStick.upack)
[2026.04.08-00.20.47:113][  0]LogPakFile: OnPakFileMounted2Time == 0.000020
[2026.04.08-00.20.47:113][  0]LogPakFile: PakFile PrimaryIndexSize=187
[2026.04.08-00.20.47:113][  0]LogPakFile: PakFile PathHashIndexSize=101
[2026.04.08-00.20.47:113][  0]LogPakFile: PakFile FullDirectoryIndexSize=148
[2026.04.08-00.20.47:113][  0]LogShaderLibrary: Display: ShaderCodeLibraryPakFileMountedCallback: PakFile 'C:/Program Files/Epic Games/UE_4.27/FeaturePacks/TP_TwinStickBP.upack' (chunk index -1, root 'root:/') mounted
[2026.04.08-00.20.47:113][  0]LogShaderLibrary: Display: ShaderCodeLibraryPakFileMountedCallback: pending pak file info (ChunkID:-1 Root:root:/ File:C:/Program Files/Epic Games/UE_4.27/FeaturePacks/TP_TwinStickBP.upack)
[2026.04.08-00.20.47:113][  0]LogPakFile: OnPakFileMounted2Time == 0.000021
[2026.04.08-00.20.47:113][  0]LogPakFile: PakFile PrimaryIndexSize=183
[2026.04.08-00.20.47:113][  0]LogPakFile: PakFile PathHashIndexSize=101
[2026.04.08-00.20.47:113][  0]LogPakFile: PakFile FullDirectoryIndexSize=140
[2026.04.08-00.20.47:113][  0]LogShaderLibrary: Display: ShaderCodeLibraryPakFileMountedCallback: PakFile 'C:/Program Files/Epic Games/UE_4.27/FeaturePacks/TP_Vehicle.upack' (chunk index -1, root 'root:/') mounted
[2026.04.08-00.20.47:113][  0]LogShaderLibrary: Display: ShaderCodeLibraryPakFileMountedCallback: pending pak file info (ChunkID:-1 Root:root:/ File:C:/Program Files/Epic Games/UE_4.27/FeaturePacks/TP_Vehicle.upack)
[2026.04.08-00.20.47:113][  0]LogPakFile: OnPakFileMounted2Time == 0.000021
[2026.04.08-00.20.47:114][  0]LogPakFile: PakFile PrimaryIndexSize=186
[2026.04.08-00.20.47:114][  0]LogPakFile: PakFile PathHashIndexSize=101
[2026.04.08-00.20.47:114][  0]LogPakFile: PakFile FullDirectoryIndexSize=146
[2026.04.08-00.20.47:114][  0]LogShaderLibrary: Display: ShaderCodeLibraryPakFileMountedCallback: PakFile 'C:/Program Files/Epic Games/UE_4.27/FeaturePacks/TP_VehicleAdv.upack' (chunk index -1, root 'root:/') mounted
[2026.04.08-00.20.47:114][  0]LogShaderLibrary: Display: ShaderCodeLibraryPakFileMountedCallback: pending pak file info (ChunkID:-1 Root:root:/ File:C:/Program Files/Epic Games/UE_4.27/FeaturePacks/TP_VehicleAdv.upack)
[2026.04.08-00.20.47:114][  0]LogPakFile: OnPakFileMounted2Time == 0.000021
[2026.04.08-00.20.47:114][  0]LogPakFile: PakFile PrimaryIndexSize=188
[2026.04.08-00.20.47:114][  0]LogPakFile: PakFile PathHashIndexSize=101
[2026.04.08-00.20.47:114][  0]LogPakFile: PakFile FullDirectoryIndexSize=150
[2026.04.08-00.20.47:114][  0]LogShaderLibrary: Display: ShaderCodeLibraryPakFileMountedCallback: PakFile 'C:/Program Files/Epic Games/UE_4.27/FeaturePacks/TP_VehicleAdvBP.upack' (chunk index -1, root 'root:/') mounted
[2026.04.08-00.20.47:114][  0]LogShaderLibrary: Display: ShaderCodeLibraryPakFileMountedCallback: pending pak file info (ChunkID:-1 Root:root:/ File:C:/Program Files/Epic Games/UE_4.27/FeaturePacks/TP_VehicleAdvBP.upack)
[2026.04.08-00.20.47:114][  0]LogPakFile: OnPakFileMounted2Time == 0.000021
[2026.04.08-00.20.47:114][  0]LogPakFile: PakFile PrimaryIndexSize=185
[2026.04.08-00.20.47:114][  0]LogPakFile: PakFile PathHashIndexSize=101
[2026.04.08-00.20.47:114][  0]LogPakFile: PakFile FullDirectoryIndexSize=144
[2026.04.08-00.20.47:114][  0]LogShaderLibrary: Display: ShaderCodeLibraryPakFileMountedCallback: PakFile 'C:/Program Files/Epic Games/UE_4.27/FeaturePacks/TP_VehicleBP.upack' (chunk index -1, root 'root:/') mounted
[2026.04.08-00.20.47:114][  0]LogShaderLibrary: Display: ShaderCodeLibraryPakFileMountedCallback: pending pak file info (ChunkID:-1 Root:root:/ File:C:/Program Files/Epic Games/UE_4.27/FeaturePacks/TP_VehicleBP.upack)
[2026.04.08-00.20.47:114][  0]LogPakFile: OnPakFileMounted2Time == 0.000023
[2026.04.08-00.20.47:114][  0]LogPakFile: PakFile PrimaryIndexSize=192
[2026.04.08-00.20.47:114][  0]LogPakFile: PakFile PathHashIndexSize=101
[2026.04.08-00.20.47:114][  0]LogPakFile: PakFile FullDirectoryIndexSize=158
[2026.04.08-00.20.47:115][  0]LogShaderLibrary: Display: ShaderCodeLibraryPakFileMountedCallback: PakFile 'C:/Program Files/Epic Games/UE_4.27/FeaturePacks/TP_VirtualRealityBP.upack' (chunk index -1, root 'root:/') mounted
[2026.04.08-00.20.47:115][  0]LogShaderLibrary: Display: ShaderCodeLibraryPakFileMountedCallback: pending pak file info (ChunkID:-1 Root:root:/ File:C:/Program Files/Epic Games/UE_4.27/FeaturePacks/TP_VirtualRealityBP.upack)
[2026.04.08-00.20.47:115][  0]LogPakFile: OnPakFileMounted2Time == 0.000021
[2026.04.08-00.20.47:142][  0]LogNativeClassHierarchy: Verbose: Native class hierarchy updated for 'AddContentDialog' in 0.0002 seconds. Added 0 classes and 0 folders.
[2026.04.08-00.20.47:143][  0]LogNativeClassHierarchy: Verbose: Native class hierarchy updated for 'SceneOutliner' in 0.0002 seconds. Added 2 classes and 0 folders.
[2026.04.08-00.20.47:161][  0]LogSlate: Took 0.000177 seconds to synchronously load lazily loaded font '../../../Engine/Content/Slate/Fonts/Roboto-Regular.ttf' (155K)
[2026.04.08-00.20.47:162][  0]LogSlate: Took 0.000120 seconds to synchronously load lazily loaded font '../../../Engine/Content/Editor/Slate/Fonts/FontAwesome.ttf' (139K)
[2026.04.08-00.20.47:162][  0]LogSlate: Took 0.000102 seconds to synchronously load lazily loaded font '../../../Engine/Content/Slate/Fonts/Roboto-Bold.ttf' (160K)
[2026.04.08-00.20.47:217][  0]LogRenderer: Reallocating scene render targets to support 964x428 Format 10 NumSamples 1 (Frame:1).
[2026.04.08-00.20.47:302][  0]LogNativeClassHierarchy: Verbose: Native class hierarchy updated for 'HierarchicalLODOutliner' in 0.0002 seconds. Added 0 classes and 0 folders.
[2026.04.08-00.20.47:302][  0]LogInput: Warning: Action Jump uses invalid key OculusGo_Left_Trigger_Click.
[2026.04.08-00.20.47:302][  0]LogInput: Warning: Action ResetVR uses invalid key OculusGo_Left_Trackpad_Click.
[2026.04.08-00.20.47:302][  0]LogInput: Warning: Use -RemoveInvalidKeys to remove instances of these keys from the action mapping.
[2026.04.08-00.20.47:302][  0]LogLoad: (Engine Initialization) Total time: 5.47 seconds
[2026.04.08-00.20.47:302][  0]LogLoad: (Engine Initialization) Total Blueprint compile time: 0.00 seconds
[2026.04.08-00.20.47:353][  0]LogAssetRegistry: Asset discovery search completed in 3.0227 seconds
[2026.04.08-00.20.47:357][  0]LogCollectionManager: Fixed up redirectors for 0 collections in 0.000003 seconds (updated 0 objects)
[2026.04.08-00.20.47:361][  0]LogContentStreaming: Texture pool size now 1000 MB
[2026.04.08-00.20.47:658][  1]LogFileCache: Retrieving MD5 hashes for directory 'C:/Users/asus/Desktop/Assign 565/My project/CPSC399_Game/CPSC399Game/Content/' took 0.33s
[2026.04.08-00.20.48:000][  2]LogSlate: Took 0.000186 seconds to synchronously load lazily loaded font '../../../Engine/Content/Slate/Fonts/Roboto-Light.ttf' (167K)
[2026.04.08-00.35.00:499][675]LogUObjectHash: Compacting FUObjectHashTables data took   0.58ms
[2026.04.08-00.35.00:538][675]LogSlate: Window 'CPSC399Game - Unreal Editor' being destroyed
[2026.04.08-00.35.00:606][676]Cmd: QUIT_EDITOR
[2026.04.08-00.35.00:606][676]LogCore: Engine exit requested (reason: UUnrealEdEngine::CloseEditor())
[2026.04.08-00.35.00:609][676]LogCore: Engine exit requested (reason: EngineExit() was called; note: exit was already requested)
[2026.04.08-00.35.00:610][676]LogAudio: Display: Beginning Audio Device Manager Shutdown (Module: AudioMixerXAudio2)...
[2026.04.08-00.35.00:610][676]LogAudio: Display: Destroying 1 Remaining Audio Device(s)...
[2026.04.08-00.35.00:610][676]LogAudio: Display: Audio Device unregistered from world 'ThirdPersonExampleMap'.
[2026.04.08-00.35.00:611][676]LogAudioMixer: FMixerPlatformXAudio2::StopAudioStream() called
[2026.04.08-00.35.00:612][676]LogAudioMixer: FMixerPlatformXAudio2::StopAudioStream() called
[2026.04.08-00.35.00:614][676]LogAudio: Display: Audio Device Manager Shutdown
[2026.04.08-00.35.00:617][676]LogExit: Preparing to exit.
[2026.04.08-00.35.01:016][676]LogUObjectHash: Compacting FUObjectHashTables data took   0.80ms
[2026.04.08-00.35.01:160][676]LogDemo: Cleaned up 0 splitscreen connections with owner deletion
[2026.04.08-00.35.01:163][676]LogWorld: UWorld::CleanupWorld for None, bSessionEnded=true, bCleanupResources=true
[2026.04.08-00.35.01:163][676]LogExit: Editor shut down
[2026.04.08-00.35.01:164][676]LogExit: Transaction tracking system shut down
[2026.04.08-00.35.01:328][676]LogExit: Object subsystem successfully closed.
[2026.04.08-00.35.01:352][676]LogShaderCompilers: Display: === FShaderJobCache stats ===
[2026.04.08-00.35.01:352][676]LogShaderCompilers: Display: Total job queries 0, among them cache hits 0 (0.00%)
[2026.04.08-00.35.01:352][676]LogShaderCompilers: Display: Tracking 0 distinct input hashes that result in 0 distinct outputs (0.00%)
[2026.04.08-00.35.01:352][676]LogShaderCompilers: Display: RAM used: 0.00 MB (0.00 GB) of 819.20 MB (0.80 GB) budget. Usage: 0.00%
[2026.04.08-00.35.01:352][676]LogShaderCompilers: Display: ================================================
[2026.04.08-00.35.01:361][676]LogShaderCompilers: Display: Shaders left to compile 0
[2026.04.08-00.35.01:378][676]LogModuleManager: Shutting down and abandoning module HierarchicalLODOutliner (872)
[2026.04.08-00.35.01:378][676]LogModuleManager: Shutting down and abandoning module SceneOutliner (870)
[2026.04.08-00.35.01:378][676]LogModuleManager: Shutting down and abandoning module AddContentDialog (868)
[2026.04.08-00.35.01:378][676]LogModuleManager: Shutting down and abandoning module WidgetCarousel (867)
[2026.04.08-00.35.01:378][676]LogModuleManager: Shutting down and abandoning module EditorWidgets (864)
[2026.04.08-00.35.01:378][676]LogModuleManager: Shutting down and abandoning module StatsViewer (862)
[2026.04.08-00.35.01:378][676]LogModuleManager: Shutting down and abandoning module PIEPreviewDeviceProfileSelector (860)
[2026.04.08-00.35.01:378][676]LogModuleManager: Shutting down and abandoning module SequenceRecorderSections (858)
[2026.04.08-00.35.01:378][676]LogModuleManager: Shutting down and abandoning module AutomationWorker (856)
[2026.04.08-00.35.01:378][676]LogModuleManager: Shutting down and abandoning module SteamVREditor (854)
[2026.04.08-00.35.01:378][676]LogModuleManager: Shutting down and abandoning module OculusMR (852)
[2026.04.08-00.35.01:378][676]LogModuleManager: Shutting down and abandoning module TakeRecorderSources (850)
[2026.04.08-00.35.01:378][676]LogModuleManager: Shutting down and abandoning module TakeRecorder (849)
[2026.04.08-00.35.01:378][676]LogModuleManager: Shutting down and abandoning module TakeTrackRecorders (846)
[2026.04.08-00.35.01:378][676]LogModuleManager: Shutting down and abandoning module TakesCore (844)
[2026.04.08-00.35.01:378][676]LogModuleManager: Shutting down and abandoning module OpenXRInput (842)
[2026.04.08-00.35.01:378][676]LogModuleManager: Shutting down and abandoning module GooglePADEditor (840)
[2026.04.08-00.35.01:378][676]LogModuleManager: Shutting down and abandoning module AudioCaptureEditor (838)
[2026.04.08-00.35.01:379][676]LogModuleManager: Shutting down and abandoning module TemplateSequenceEditor (836)
[2026.04.08-00.35.01:379][676]LogModuleManager: Shutting down and abandoning module LevelSequenceEditor (834)
[2026.04.08-00.35.01:379][676]LogModuleManager: Shutting down and abandoning module ActorSequenceEditor (832)
[2026.04.08-00.35.01:379][676]LogModuleManager: Shutting down and abandoning module MatineeToLevelSequence (830)
[2026.04.08-00.35.01:379][676]LogModuleManager: Shutting down and abandoning module PlanarCut (828)
[2026.04.08-00.35.01:379][676]LogModuleManager: Shutting down and abandoning module MediaPlayerEditor (826)
[2026.04.08-00.35.01:379][676]LogModuleManager: Shutting down and abandoning module WebMMediaFactory (824)
[2026.04.08-00.35.01:379][676]LogModuleManager: Shutting down and abandoning module WebMMediaEditor (822)
[2026.04.08-00.35.01:379][676]LogModuleManager: Shutting down and abandoning module WebMMedia (820)
[2026.04.08-00.35.01:379][676]LogModuleManager: Shutting down and abandoning module WmfMediaFactory (818)
[2026.04.08-00.35.01:379][676]LogModuleManager: Shutting down and abandoning module WmfMediaEditor (816)
[2026.04.08-00.35.01:379][676]LogModuleManager: Shutting down and abandoning module MagicLeapMediaCodecFactory (814)
[2026.04.08-00.35.01:379][676]LogModuleManager: Shutting down and abandoning module MagicLeapMediaFactory (812)
[2026.04.08-00.35.01:379][676]LogModuleManager: Shutting down and abandoning module MagicLeapMediaEditor (810)
[2026.04.08-00.35.01:379][676]LogModuleManager: Shutting down and abandoning module OpenExrWrapper (808)
[2026.04.08-00.35.01:379][676]LogModuleManager: Shutting down and abandoning module ImgMediaFactory (806)
[2026.04.08-00.35.01:379][676]LogModuleManager: Shutting down and abandoning module ImgMediaEditor (804)
[2026.04.08-00.35.01:379][676]LogModuleManager: Shutting down and abandoning module MediaCompositingEditor (802)
[2026.04.08-00.35.01:379][676]LogModuleManager: Shutting down and abandoning module SequenceRecorder (801)
[2026.04.08-00.35.01:379][676]LogModuleManager: Shutting down and abandoning module AndroidMediaFactory (798)
[2026.04.08-00.35.01:379][676]LogModuleManager: Shutting down and abandoning module AndroidMediaEditor (796)
[2026.04.08-00.35.01:379][676]LogModuleManager: Shutting down and abandoning module AvfMediaFactory (794)
[2026.04.08-00.35.01:379][676]LogModuleManager: Shutting down and abandoning module AvfMediaEditor (792)
[2026.04.08-00.35.01:379][676]LogModuleManager: Shutting down and abandoning module CharacterAI (790)
[2026.04.08-00.35.01:379][676]LogModuleManager: Shutting down and abandoning module TextureAlignMode (788)
[2026.04.08-00.35.01:379][676]LogModuleManager: Shutting down and abandoning module BspMode (786)
[2026.04.08-00.35.01:379][676]LogModuleManager: Shutting down and abandoning module GeometryMode (784)
[2026.04.08-00.35.01:379][676]LogModuleManager: Shutting down and abandoning module CameraShakePreviewer (782)
[2026.04.08-00.35.01:379][676]LogModuleManager: Shutting down and abandoning module SmartSnapping (780)
[2026.04.08-00.35.01:379][676]LogModuleManager: Shutting down and abandoning module SessionServices (778)
[2026.04.08-00.35.01:379][676]LogModuleManager: Shutting down and abandoning module MeshPaint (776)
[2026.04.08-00.35.01:379][676]LogModuleManager: Shutting down and abandoning module VirtualTexturingEditor (774)
[2026.04.08-00.35.01:379][676]LogModuleManager: Shutting down and abandoning module FoliageEdit (772)
[2026.04.08-00.35.01:379][676]LogModuleManager: Shutting down and abandoning module LandscapeEditor (770)
[2026.04.08-00.35.01:379][676]LogModuleManager: Shutting down and abandoning module MeshPaintMode (768)
[2026.04.08-00.35.01:379][676]LogModuleManager: Shutting down and abandoning module SceneDepthPickerMode (766)
[2026.04.08-00.35.01:379][676]LogModuleManager: Shutting down and abandoning module ActorPickerMode (764)
[2026.04.08-00.35.01:379][676]LogModuleManager: Shutting down and abandoning module PlacementMode (762)
[2026.04.08-00.35.01:379][676]LogModuleManager: Shutting down and abandoning module ViewportSnapping (760)
[2026.04.08-00.35.01:379][676]LogModuleManager: Shutting down and abandoning module ViewportInteraction (758)
[2026.04.08-00.35.01:379][676]LogModuleManager: Shutting down and abandoning module ClothPainter (756)
[2026.04.08-00.35.01:379][676]LogModuleManager: Shutting down and abandoning module SkeletalMeshEditor (755)
[2026.04.08-00.35.01:379][676]LogModuleManager: Shutting down and abandoning module LogVisualizer (752)
[2026.04.08-00.35.01:379][676]LogModuleManager: Shutting down and abandoning module IntroTutorials (750)
[2026.04.08-00.35.01:379][676]LogModuleManager: Shutting down and abandoning module GameProjectGeneration (749)
[2026.04.08-00.35.01:379][676]LogModuleManager: Shutting down and abandoning module LuminPlatformEditor (746)
[2026.04.08-00.35.01:379][676]LogModuleManager: Shutting down and abandoning module IOSPlatformEditor (744)
[2026.04.08-00.35.01:379][676]LogModuleManager: Shutting down and abandoning module AndroidPlatformEditor (742)
[2026.04.08-00.35.01:379][676]LogModuleManager: Shutting down and abandoning module AndroidDeviceDetection (741)
[2026.04.08-00.35.01:958][676]LogModuleManager: Shutting down and abandoning module WindowsPlatformEditor (738)
[2026.04.08-00.35.01:958][676]LogModuleManager: Shutting down and abandoning module LuminRuntimeSettings (736)
[2026.04.08-00.35.01:958][676]LogModuleManager: Shutting down and abandoning module IOSRuntimeSettings (734)
[2026.04.08-00.35.01:958][676]LogModuleManager: Shutting down and abandoning module AndroidRuntimeSettings (732)
[2026.04.08-00.35.01:958][676]LogModuleManager: Shutting down and abandoning module TraceInsights (730)
[2026.04.08-00.35.01:958][676]MemoryProfiler: Shutdown
[2026.04.08-00.35.01:958][676]NetworkingProfiler: Shutdown
[2026.04.08-00.35.01:958][676]LoadingProfiler: Shutdown
[2026.04.08-00.35.01:958][676]TimingProfiler: Shutdown
[2026.04.08-00.35.01:958][676]LogModuleManager: Shutting down and abandoning module TraceServices (729)
[2026.04.08-00.35.01:958][676]LogModuleManager: Shutting down and abandoning module EditorInteractiveToolsFramework (726)
[2026.04.08-00.35.01:958][676]LogModuleManager: Shutting down and abandoning module TimeManagementEditor (724)
[2026.04.08-00.35.01:958][676]LogModuleManager: Shutting down and abandoning module InputBindingEditor (722)
[2026.04.08-00.35.01:958][676]LogModuleManager: Shutting down and abandoning module MergeActors (720)
[2026.04.08-00.35.01:958][676]LogModuleManager: Shutting down and abandoning module LocalizationDashboard (718)
[2026.04.08-00.35.01:958][676]LogModuleManager: Shutting down and abandoning module LocalizationService (717)
[2026.04.08-00.35.01:958][676]LogModuleManager: Shutting down and abandoning module HardwareTargeting (714)
[2026.04.08-00.35.01:958][676]LogModuleManager: Shutting down and abandoning module DeviceProfileEditor (712)
[2026.04.08-00.35.01:958][676]LogModuleManager: Shutting down and abandoning module UndoHistory (710)
[2026.04.08-00.35.01:958][676]LogModuleManager: Shutting down and abandoning module XmlParser (708)
[2026.04.08-00.35.01:958][676]LogModuleManager: Shutting down and abandoning module Blutility (706)
[2026.04.08-00.35.01:958][676]LogModuleManager: Shutting down and abandoning module ProjectSettingsViewer (704)
[2026.04.08-00.35.01:958][676]LogModuleManager: Shutting down and abandoning module ProjectTargetPlatformEditor (703)
[2026.04.08-00.35.01:959][676]LogModuleManager: Shutting down and abandoning module EditorSettingsViewer (700)
[2026.04.08-00.35.01:959][676]LogModuleManager: Shutting down and abandoning module InternationalizationSettings (699)
[2026.04.08-00.35.01:959][676]LogModuleManager: Shutting down and abandoning module SettingsEditor (696)
[2026.04.08-00.35.01:959][676]LogModuleManager: Shutting down and abandoning module ProjectLauncher (694)
[2026.04.08-00.35.01:959][676]LogModuleManager: Shutting down and abandoning module SessionFrontend (692)
[2026.04.08-00.35.01:959][676]LogModuleManager: Shutting down and abandoning module ProfilerClient (690)
[2026.04.08-00.35.01:959][676]LogModuleManager: Shutting down and abandoning module DeviceManager (688)
[2026.04.08-00.35.01:959][676]LogModuleManager: Shutting down and abandoning module TargetDeviceServices (687)
[2026.04.08-00.35.01:992][676]LogModuleManager: Shutting down and abandoning module AutomationController (684)
[2026.04.08-00.35.01:992][676]LogModuleManager: Shutting down and abandoning module AutomationWindow (682)
[2026.04.08-00.35.01:992][676]LogModuleManager: Shutting down and abandoning module Layers (680)
[2026.04.08-00.35.01:992][676]LogModuleManager: Shutting down and abandoning module ComponentVisualizers (678)
[2026.04.08-00.35.01:992][676]LogModuleManager: Shutting down and abandoning module DetailCustomizations (676)
[2026.04.08-00.35.01:992][676]LogModuleManager: Shutting down and abandoning module PackagesDialog (674)
[2026.04.08-00.35.01:992][676]LogModuleManager: Shutting down and abandoning module AnimationBlueprintEditor (672)
[2026.04.08-00.35.01:992][676]LogModuleManager: Shutting down and abandoning module Persona (670)
[2026.04.08-00.35.01:992][676]LogModuleManager: Shutting down and abandoning module AdvancedPreviewScene (669)
[2026.04.08-00.35.01:992][676]LogModuleManager: Shutting down and abandoning module AnimGraph (667)
[2026.04.08-00.35.01:992][676]LogModuleManager: Shutting down and abandoning module Kismet (664)
[2026.04.08-00.35.01:992][676]LogModuleManager: Shutting down and abandoning module KismetWidgets (663)
[2026.04.08-00.35.01:992][676]LogModuleManager: Shutting down and abandoning module GraphEditor (660)
[2026.04.08-00.35.01:992][676]LogModuleManager: Shutting down and abandoning module StructViewer (658)
[2026.04.08-00.35.01:992][676]LogModuleManager: Shutting down and abandoning module ClassViewer (656)
[2026.04.08-00.35.01:992][676]LogModuleManager: Shutting down and abandoning module Toolbox (654)
[2026.04.08-00.35.01:992][676]LogModuleManager: Shutting down and abandoning module ModuleUI (652)
[2026.04.08-00.35.01:992][676]LogModuleManager: Shutting down and abandoning module OutputLog (650)
[2026.04.08-00.35.01:992][676]LogModuleManager: Shutting down and abandoning module GammaUI (648)
[2026.04.08-00.35.01:992][676]LogModuleManager: Shutting down and abandoning module Documentation (646)
[2026.04.08-00.35.01:992][676]LogModuleManager: Shutting down and abandoning module LiveCoding (644)
[2026.04.08-00.35.01:992][676]LogModuleManager: Shutting down and abandoning module LevelSequence (642)
[2026.04.08-00.35.01:992][676]LogModuleManager: Shutting down and abandoning module MovieSceneTracks (640)
[2026.04.08-00.35.01:992][676]LogModuleManager: Shutting down and abandoning module MovieScene (638)
[2026.04.08-00.35.01:992][676]LogModuleManager: Shutting down and abandoning module StreamingPauseRendering (636)
[2026.04.08-00.35.01:992][676]LogModuleManager: Shutting down and abandoning module LauncherPlatform (634)
[2026.04.08-00.35.01:992][676]LogModuleManager: Shutting down and abandoning module AnalyticsET (632)
[2026.04.08-00.35.01:992][676]LogModuleManager: Shutting down and abandoning module PortalServices (630)
[2026.04.08-00.35.01:992][676]LogModuleManager: Shutting down and abandoning module PortalRpc (628)
[2026.04.08-00.35.01:992][676]LogModuleManager: Shutting down and abandoning module MessagingRpc (626)
[2026.04.08-00.35.01:992][676]LogModuleManager: Shutting down and abandoning module AudioMixerXAudio2 (624)
[2026.04.08-00.35.01:992][676]LogModuleManager: Shutting down and abandoning module AudioMixerCore (623)
[2026.04.08-00.35.01:992][676]LogModuleManager: Shutting down and abandoning module AIModule (620)
[2026.04.08-00.35.01:992][676]LogModuleManager: Shutting down and abandoning module GameplayDebugger (619)
[2026.04.08-00.35.01:992][676]LogModuleManager: Shutting down and abandoning module AITestSuite (617)
[2026.04.08-00.35.01:992][676]LogModuleManager: Shutting down and abandoning module NavigationSystem (615)
[2026.04.08-00.35.01:992][676]LogModuleManager: Shutting down and abandoning module ImageWriteQueue (612)
[2026.04.08-00.35.01:998][676]LogModuleManager: Shutting down and abandoning module ProfilerService (610)
[2026.04.08-00.35.02:205][676]LogModuleManager: Shutting down and abandoning module TaskGraph (608)
[2026.04.08-00.35.02:205][676]LogModuleManager: Shutting down and abandoning module AudioSynesthesiaEditor (606)
[2026.04.08-00.35.02:205][676]LogModuleManager: Shutting down and abandoning module OculusEditor (604)
[2026.04.08-00.35.02:206][676]LogModuleManager: Shutting down and abandoning module OculusInput (602)
[2026.04.08-00.35.02:206][676]LogModuleManager: Shutting down and abandoning module ContentBrowserAssetDataSource (600)
[2026.04.08-00.35.02:206][676]LogModuleManager: Shutting down and abandoning module ContentBrowserClassDataSource (598)
[2026.04.08-00.35.02:206][676]LogModuleManager: Shutting down and abandoning module CollectionManager (597)
[2026.04.08-00.35.02:206][676]LogModuleManager: Shutting down and abandoning module ContentBrowserFileDataSource (594)
[2026.04.08-00.35.02:206][676]LogModuleManager: Shutting down and abandoning module TakeSequencer (592)
[2026.04.08-00.35.02:206][676]LogModuleManager: Shutting down and abandoning module TakeMovieScene (590)
[2026.04.08-00.35.02:206][676]LogModuleManager: Shutting down and abandoning module SynthesisEditor (588)
[2026.04.08-00.35.02:206][676]LogModuleManager: Shutting down and abandoning module Synthesis (586)
[2026.04.08-00.35.02:206][676]LogModuleManager: Shutting down and abandoning module ProceduralMeshComponentEditor (584)
[2026.04.08-00.35.02:206][676]LogModuleManager: Shutting down and abandoning module ProceduralMeshComponent (582)
[2026.04.08-00.35.02:206][676]LogModuleManager: Shutting down and abandoning module OpenXREditor (580)
[2026.04.08-00.35.02:206][676]LogModuleManager: Shutting down and abandoning module MobilePatchingUtils (578)
[2026.04.08-00.35.02:206][676]LogModuleManager: Shutting down and abandoning module ScreenshotTools (576)
[2026.04.08-00.35.02:206][676]LogModuleManager: Shutting down and abandoning module GooglePAD (574)
[2026.04.08-00.35.02:206][676]LogModuleManager: Shutting down and abandoning module CustomMeshComponent (572)
[2026.04.08-00.35.02:206][676]LogModuleManager: Shutting down and abandoning module AssetTags (570)
[2026.04.08-00.35.02:206][676]LogModuleManager: Shutting down and abandoning module CableComponent (568)
[2026.04.08-00.35.02:206][676]LogModuleManager: Shutting down and abandoning module EditableMesh (566)
[2026.04.08-00.35.02:206][676]LogModuleManager: Shutting down and abandoning module AudioCapture (564)
[2026.04.08-00.35.02:206][676]LogModuleManager: Shutting down and abandoning module AudioCaptureRtAudio (563)
[2026.04.08-00.35.02:206][676]LogModuleManager: Shutting down and abandoning module ArchVisCharacter (560)
[2026.04.08-00.35.02:206][676]LogModuleManager: Shutting down and abandoning module AppleImageUtilsBlueprintSupport (558)
[2026.04.08-00.35.02:206][676]LogModuleManager: Shutting down and abandoning module AppleImageUtils (556)
[2026.04.08-00.35.02:206][676]LogModuleManager: Shutting down and abandoning module AndroidPermission (554)
[2026.04.08-00.35.02:206][676]LogModuleManager: Shutting down and abandoning module PerforceSourceControl (552)
[2026.04.08-00.35.02:206][676]LogModuleManager: Shutting down and abandoning module ActorLayerUtilitiesEditor (550)
[2026.04.08-00.35.02:206][676]LogModuleManager: Shutting down and abandoning module ActorLayerUtilities (548)
[2026.04.08-00.35.02:206][676]LogModuleManager: Shutting down and abandoning module TemplateSequence (546)
[2026.04.08-00.35.02:206][676]LogModuleManager: Shutting down and abandoning module OpenImageDenoise (544)
[2026.04.08-00.35.02:206][676]LogOpenImageDenoise: OIDN shutting down
[2026.04.08-00.35.02:206][676]LogModuleManager: Shutting down and abandoning module MotoSynthEditor (542)
[2026.04.08-00.35.02:206][676]LogModuleManager: Shutting down and abandoning module MotoSynth (540)
[2026.04.08-00.35.02:206][676]LogModuleManager: Shutting down and abandoning module GeometryCollectionTracks (538)
[2026.04.08-00.35.02:206][676]LogModuleManager: Shutting down and abandoning module GeometryCollectionSequencer (537)
[2026.04.08-00.35.02:206][676]LogModuleManager: Shutting down and abandoning module GeometryCollectionEditor (534)
[2026.04.08-00.35.02:206][676]LogModuleManager: Shutting down and abandoning module MeshConversion (532)
[2026.04.08-00.35.02:206][676]LogModuleManager: Shutting down and abandoning module DynamicMesh (530)
[2026.04.08-00.35.02:206][676]LogModuleManager: Shutting down and abandoning module GeometryAlgorithms (528)
[2026.04.08-00.35.02:206][676]LogModuleManager: Shutting down and abandoning module GeometricObjects (526)
[2026.04.08-00.35.02:206][676]LogModuleManager: Shutting down and abandoning module GeometryCacheTracks (524)
[2026.04.08-00.35.02:206][676]LogModuleManager: Shutting down and abandoning module GeometryCacheStreamer (522)
[2026.04.08-00.35.02:206][676]LogModuleManager: Shutting down and abandoning module GeometryCacheSequencer (520)
[2026.04.08-00.35.02:206][676]LogModuleManager: Shutting down and abandoning module ImgMedia (518)
[2026.04.08-00.35.02:206][676]LogModuleManager: Shutting down and abandoning module MediaCompositing (516)
[2026.04.08-00.35.02:206][676]LogModuleManager: Shutting down and abandoning module MagicLeapSharedWorld (514)
[2026.04.08-00.35.02:206][676]LogModuleManager: Shutting down and abandoning module MagicLeapLightEstimation (512)
[2026.04.08-00.35.02:206][676]LogModuleManager: Shutting down and abandoning module MagicLeapHelperVulkan (510)
[2026.04.08-00.35.02:206][676]LogModuleManager: Shutting down and abandoning module MagicLeapHelperOpenGL (508)
[2026.04.08-00.35.02:206][676]LogModuleManager: Shutting down and abandoning module MagicLeapAudio (506)
[2026.04.08-00.35.02:206][676]LogModuleManager: Shutting down and abandoning module ChaosSolverEditor (504)
[2026.04.08-00.35.02:206][676]LogModuleManager: Shutting down and abandoning module ChaosNiagara (502)
[2026.04.08-00.35.02:206][676]LogModuleManager: Shutting down and abandoning module AutomationUtilsEditor (500)
[2026.04.08-00.35.02:206][676]LogModuleManager: Shutting down and abandoning module AutomationUtils (498)
[2026.04.08-00.35.02:206][676]LogModuleManager: Shutting down and abandoning module VisualStudioCodeSourceCodeAccess (496)
[2026.04.08-00.35.02:206][676]LogModuleManager: Shutting down and abandoning module ChaosClothEditor (494)
[2026.04.08-00.35.02:206][676]LogModuleManager: Shutting down and abandoning module FractureEditor (492)
[2026.04.08-00.35.02:206][676]LogModuleManager: Shutting down and abandoning module FieldSystemEngine (491)
[2026.04.08-00.35.02:206][676]LogModuleManager: Shutting down and abandoning module UObjectPlugin (488)
[2026.04.08-00.35.02:206][676]LogModuleManager: Shutting down and abandoning module BackChannel (486)
[2026.04.08-00.35.02:206][676]LogModuleManager: Shutting down and abandoning module AlembicImporter (484)
[2026.04.08-00.35.02:206][676]LogModuleManager: Shutting down and abandoning module AlembicLibrary (483)
[2026.04.08-00.35.02:206][676]LogModuleManager: Shutting down and abandoning module GeometryCache (482)
[2026.04.08-00.35.02:206][676]LogModuleManager: Shutting down and abandoning module GeometryCacheEd (481)
[2026.04.08-00.35.02:206][676]LogModuleManager: Shutting down and abandoning module SubversionSourceControl (476)
[2026.04.08-00.35.02:206][676]LogModuleManager: Shutting down and abandoning module VisualStudioSourceCodeAccess (474)
[2026.04.08-00.35.02:206][676]LogModuleManager: Shutting down and abandoning module RiderSourceCodeAccess (472)
[2026.04.08-00.35.02:206][676]LogModuleManager: Shutting down and abandoning module PluginUtils (470)
[2026.04.08-00.35.02:206][676]LogModuleManager: Shutting down and abandoning module PlasticSourceControl (468)
[2026.04.08-00.35.02:206][676]LogModuleManager: Shutting down and abandoning module GitSourceControl (466)
[2026.04.08-00.35.02:206][676]LogModuleManager: Shutting down and abandoning module SourceControl (465)
[2026.04.08-00.35.02:206][676]LogModuleManager: Shutting down and abandoning module CLionSourceCodeAccess (462)
[2026.04.08-00.35.02:206][676]LogModuleManager: Shutting down and abandoning module AnimationSharingEd (460)
[2026.04.08-00.35.02:206][676]LogModuleManager: Shutting down and abandoning module NiagaraEditorWidgets (458)
[2026.04.08-00.35.02:207][676]LogModuleManager: Shutting down and abandoning module MobileLauncherProfileWizard (456)
[2026.04.08-00.35.02:207][676]LogModuleManager: Shutting down and abandoning module MaterialAnalyzer (454)
[2026.04.08-00.35.02:207][676]LogModuleManager: Shutting down and abandoning module PluginBrowser (452)
[2026.04.08-00.35.02:207][676]LogModuleManager: Shutting down and abandoning module SpeedTreeImporter (450)
[2026.04.08-00.35.02:207][676]LogModuleManager: Shutting down and abandoning module CryptoKeysOpenSSL (448)
[2026.04.08-00.35.02:207][676]LogModuleManager: Shutting down and abandoning module CryptoKeys (446)
[2026.04.08-00.35.02:207][676]LogModuleManager: Shutting down and abandoning module CurveEditorTools (444)
[2026.04.08-00.35.02:207][676]LogModuleManager: Shutting down and abandoning module VariantManagerContentEditor (442)
[2026.04.08-00.35.02:207][676]LogModuleManager: Shutting down and abandoning module DatasmithContentEditor (440)
[2026.04.08-00.35.02:207][676]LogModuleManager: Shutting down and abandoning module LightPropagationVolumeEditor (438)
[2026.04.08-00.35.02:207][676]LogModuleManager: Shutting down and abandoning module OodleNetworkHandlerComponent (436)
[2026.04.08-00.35.02:207][676]LogModuleManager: Shutting down and abandoning module LiveLinkSequencer (434)
[2026.04.08-00.35.02:207][676]LogModuleManager: Shutting down and abandoning module LiveLinkMovieScene (432)
[2026.04.08-00.35.02:207][676]LogModuleManager: Shutting down and abandoning module LiveLinkGraphNode (430)
[2026.04.08-00.35.02:207][676]LogModuleManager: Shutting down and abandoning module LiveLinkEditor (428)
[2026.04.08-00.35.02:207][676]LogModuleManager: Shutting down and abandoning module LiveLinkComponents (426)
[2026.04.08-00.35.02:207][676]LogModuleManager: Shutting down and abandoning module LiveLink (424)
[2026.04.08-00.35.03:116][676]LogModuleManager: Shutting down and abandoning module PaperTiledImporter (422)
[2026.04.08-00.35.03:116][676]LogModuleManager: Shutting down and abandoning module PaperSpriteSheetImporter (420)
[2026.04.08-00.35.03:116][676]LogModuleManager: Shutting down and abandoning module Paper2DEditor (418)
[2026.04.08-00.35.03:116][676]LogModuleManager: Shutting down and abandoning module MeshPaintingToolset (416)
[2026.04.08-00.35.03:116][676]LogModuleManager: Shutting down and abandoning module MeshPaintEditorMode (414)
[2026.04.08-00.35.03:116][676]LogModuleManager: Shutting down and abandoning module CPSC399Game (412)
[2026.04.08-00.35.03:116][676]LogModuleManager: Shutting down and abandoning module SoundFields (410)
[2026.04.08-00.35.03:116][676]LogModuleManager: Shutting down and abandoning module RuntimePhysXCooking (408)
[2026.04.08-00.35.03:116][676]LogModuleManager: Shutting down and abandoning module SignificanceManager (406)
[2026.04.08-00.35.03:116][676]LogModuleManager: Shutting down and abandoning module PropertyAccessEditor (404)
[2026.04.08-00.35.03:116][676]LogModuleManager: Shutting down and abandoning module PhysXVehiclesEditor (402)
[2026.04.08-00.35.03:116][676]LogModuleManager: Shutting down and abandoning module LocationServicesBPLibrary (398)
[2026.04.08-00.35.03:116][676]LogModuleManager: Shutting down and abandoning module AudioSynesthesia (396)
[2026.04.08-00.35.03:116][676]LogModuleManager: Shutting down and abandoning module AudioSynesthesiaCore (394)
[2026.04.08-00.35.03:116][676]LogModuleManager: Shutting down and abandoning module ActorSequence (392)
[2026.04.08-00.35.03:116][676]LogModuleManager: Shutting down and abandoning module UdpMessaging (390)
[2026.04.08-00.35.03:217][676]LogModuleManager: Shutting down and abandoning module TcpMessaging (388)
[2026.04.08-00.35.03:317][676]LogModuleManager: Shutting down and abandoning module PythonScriptPlugin (386)
[2026.04.08-00.35.03:317][676]LogModuleManager: Shutting down and abandoning module ImgMediaEngine (384)
[2026.04.08-00.35.03:317][676]LogModuleManager: Shutting down and abandoning module MagicLeapARPin (382)
[2026.04.08-00.35.03:317][676]LogModuleManager: Shutting down and abandoning module MagicLeapHandMeshing (380)
[2026.04.08-00.35.03:317][676]LogModuleManager: Shutting down and abandoning module MagicLeapSecureStorage (378)
[2026.04.08-00.35.03:317][676]LogModuleManager: Shutting down and abandoning module MagicLeapPrivileges (376)
[2026.04.08-00.35.03:317][676]LogModuleManager: Shutting down and abandoning module MagicLeapPlanes (374)
[2026.04.08-00.35.03:317][676]LogMagicLeapPlanes: Planes tracker already destroyed.
[2026.04.08-00.35.03:317][676]LogModuleManager: Shutting down and abandoning module MagicLeapImageTracker (372)
[2026.04.08-00.35.03:317][676]LogModuleManager: Shutting down and abandoning module MagicLeapIdentity (370)
[2026.04.08-00.35.03:317][676]LogModuleManager: Shutting down and abandoning module MagicLeapHandTracking (368)
[2026.04.08-00.35.03:317][676]LogModuleManager: Shutting down and abandoning module MagicLeapEyeTracker (366)
[2026.04.08-00.35.03:317][676]LogModuleManager: Shutting down and abandoning module MagicLeapController (364)
[2026.04.08-00.35.03:317][676]LogModuleManager: Shutting down and abandoning module MagicLeapARPinImpl (362)
[2026.04.08-00.35.03:317][676]LogModuleManager: Shutting down and abandoning module MagicLeapAR (360)
[2026.04.08-00.35.03:317][676]LogModuleManager: Shutting down and abandoning module PropertyAccessNode (358)
[2026.04.08-00.35.03:317][676]LogModuleManager: Shutting down and abandoning module AnimationSharing (356)
[2026.04.08-00.35.03:317][676]LogModuleManager: Shutting down and abandoning module NiagaraAnimNotifies (354)
[2026.04.08-00.35.03:317][676]LogModuleManager: Shutting down and abandoning module Niagara (352)
[2026.04.08-00.35.03:317][676]LogModuleManager: Shutting down and abandoning module SignalProcessing (351)
[2026.04.08-00.35.03:317][676]LogModuleManager: Shutting down and abandoning module NiagaraEditor (349)
[2026.04.08-00.35.03:317][676]LogModuleManager: Shutting down and abandoning module NiagaraCore (346)
[2026.04.08-00.35.03:317][676]LogModuleManager: Shutting down and abandoning module FacialAnimationEditor (344)
[2026.04.08-00.35.03:317][676]LogModuleManager: Shutting down and abandoning module FacialAnimation (342)
[2026.04.08-00.35.03:317][676]LogModuleManager: Shutting down and abandoning module AssetManagerEditor (340)
[2026.04.08-00.35.03:317][676]LogModuleManager: Shutting down and abandoning module LevelEditor (339)
[2026.04.08-00.35.03:318][676]LogModuleManager: Shutting down and abandoning module PixelInspectorModule (338)
[2026.04.08-00.35.03:318][676]LogModuleManager: Shutting down and abandoning module CommonMenuExtensions (336)
[2026.04.08-00.35.03:318][676]LogModuleManager: Shutting down and abandoning module MainFrame (334)
[2026.04.08-00.35.03:318][676]LogModuleManager: Shutting down and abandoning module HotReload (333)
[2026.04.08-00.35.03:318][676]LogModuleManager: Shutting down and abandoning module ToolMenus (329)
[2026.04.08-00.35.03:318][676]LogModuleManager: Shutting down and abandoning module TreeMap (327)
[2026.04.08-00.35.03:318][676]LogModuleManager: Shutting down and abandoning module GameplayTagsEditor (324)
[2026.04.08-00.35.03:318][676]LogModuleManager: Shutting down and abandoning module DataValidation (322)
[2026.04.08-00.35.03:318][676]LogModuleManager: Shutting down and abandoning module ContentBrowser (321)
[2026.04.08-00.35.03:318][676]LogModuleManager: Shutting down and abandoning module ContentBrowserData (320)
[2026.04.08-00.35.03:318][676]LogModuleManager: Shutting down and abandoning module GameplayCameras (316)
[2026.04.08-00.35.03:318][676]LogModuleManager: Shutting down and abandoning module LightPropagationVolumeRuntime (314)
[2026.04.08-00.35.03:318][676]LogModuleManager: Shutting down and abandoning module EnvironmentQueryEditor (312)
[2026.04.08-00.35.03:318][676]LogModuleManager: Shutting down and abandoning module Paper2D (310)
[2026.04.08-00.35.03:318][676]LogModuleManager: Shutting down and abandoning module WindowsMoviePlayer (308)
[2026.04.08-00.35.03:318][676]LogModuleManager: Shutting down and abandoning module WebMMoviePlayer (306)
[2026.04.08-00.35.03:318][676]LogModuleManager: Shutting down and abandoning module NetworkReplayStreaming (304)
[2026.04.08-00.35.03:318][676]LogModuleManager: Shutting down and abandoning module PacketHandler (302)
[2026.04.08-00.35.03:318][676]LogModuleManager: Shutting down and abandoning module ClothingSystemEditor (300)
[2026.04.08-00.35.03:319][676]LogModuleManager: Shutting down and abandoning module ClothingSystemRuntimeNv (298)
[2026.04.08-00.35.03:319][676]LogModuleManager: Shutting down and abandoning module MediaAssets (296)
[2026.04.08-00.35.03:319][676]LogModuleManager: Shutting down and abandoning module Overlay (294)
[2026.04.08-00.35.03:319][676]LogModuleManager: Shutting down and abandoning module OverlayEditor (293)
[2026.04.08-00.35.03:319][676]LogModuleManager: Shutting down and abandoning module VREditor (290)
[2026.04.08-00.35.03:319][676]LogModuleManager: Shutting down and abandoning module StringTableEditor (288)
[2026.04.08-00.35.03:319][676]LogModuleManager: Shutting down and abandoning module GameplayTasksEditor (286)
[2026.04.08-00.35.03:319][676]LogModuleManager: Shutting down and abandoning module BehaviorTreeEditor (284)
[2026.04.08-00.35.03:319][676]LogModuleManager: Shutting down and abandoning module FunctionalTesting (282)
[2026.04.08-00.35.03:319][676]LogModuleManager: Shutting down and abandoning module CollisionAnalyzer (280)
[2026.04.08-00.35.03:319][676]LogModuleManager: Shutting down and abandoning module WorkspaceMenuStructure (279)
[2026.04.08-00.35.03:319][676]LogModuleManager: Shutting down and abandoning module UMG (276)
[2026.04.08-00.35.03:319][676]LogModuleManager: Shutting down and abandoning module UMGEditor (275)
[2026.04.08-00.35.03:319][676]LogModuleManager: Shutting down and abandoning module MessageLog (273)
[2026.04.08-00.35.03:319][676]LogModuleManager: Shutting down and abandoning module SlateReflector (268)
[2026.04.08-00.35.03:319][676]LogModuleManager: Shutting down and abandoning module Slate (266)
[2026.04.08-00.35.03:319][676]LogModuleManager: Shutting down and abandoning module SlateCore (264)
[2026.04.08-00.35.03:319][676]LogModuleManager: Shutting down and abandoning module LandscapeEditorUtilities (262)
[2026.04.08-00.35.03:319][676]LogModuleManager: Shutting down and abandoning module UnrealEd (260)
[2026.04.08-00.35.03:319][676]LogModuleManager: Shutting down and abandoning module MRMesh (258)
[2026.04.08-00.35.03:319][676]LogModuleManager: Shutting down and abandoning module SourceCodeAccess (256)
[2026.04.08-00.35.03:319][676]LogModuleManager: Shutting down and abandoning module HeadMountedDisplay (254)
[2026.04.08-00.35.03:319][676]LogModuleManager: Shutting down and abandoning module XAudio2 (252)
[2026.04.08-00.35.03:319][676]LogModuleManager: Shutting down and abandoning module Networking (250)
[2026.04.08-00.35.03:319][676]LogModuleManager: Shutting down and abandoning module Core (248)
[2026.04.08-00.35.03:319][676]LogModuleManager: Shutting down and abandoning module MaterialEditor (246)
[2026.04.08-00.35.03:319][676]LogModuleManager: Shutting down and abandoning module MovieSceneTools (244)
[2026.04.08-00.35.03:319][676]LogModuleManager: Shutting down and abandoning module CurveEditor (243)
[2026.04.08-00.35.03:319][676]LogModuleManager: Shutting down and abandoning module Sequencer (241)
[2026.04.08-00.35.03:319][676]LogModuleManager: Shutting down and abandoning module EditorStyle (240)
[2026.04.08-00.35.03:321][676]LogModuleManager: Shutting down and abandoning module KismetCompiler (236)
[2026.04.08-00.35.03:321][676]LogModuleManager: Shutting down and abandoning module MeshBuilder (234)
[2026.04.08-00.35.03:321][676]LogModuleManager: Shutting down and abandoning module MeshUtilities (232)
[2026.04.08-00.35.03:321][676]LogModuleManager: Shutting down and abandoning module MeshMergeUtilities (231)
[2026.04.08-00.35.03:321][676]LogModuleManager: Shutting down and abandoning module MeshReductionInterface (230)
[2026.04.08-00.35.03:321][676]LogModuleManager: Shutting down and abandoning module MeshBoneReduction (229)
[2026.04.08-00.35.03:321][676]LogModuleManager: Shutting down and abandoning module SkeletalMeshReduction (227)
[2026.04.08-00.35.03:321][676]LogModuleManager: Shutting down and abandoning module ProxyLODMeshReduction (225)
[2026.04.08-00.35.03:321][676]LogModuleManager: Shutting down and abandoning module QuadricMeshReduction (223)
[2026.04.08-00.35.03:321][676]LogModuleManager: Shutting down and abandoning module MaterialBaking (219)
[2026.04.08-00.35.03:321][676]LogModuleManager: Shutting down and abandoning module NullInstallBundleManager (214)
[2026.04.08-00.35.03:321][676]LogModuleManager: Shutting down and abandoning module DerivedDataCache (212)
[2026.04.08-00.35.03:321][676]LogModuleManager: Shutting down and abandoning module TargetPlatform (210)
[2026.04.08-00.35.03:321][676]LogModuleManager: Shutting down and abandoning module VulkanShaderFormat (209)
[2026.04.08-00.35.03:321][676]LogModuleManager: Shutting down and abandoning module ShaderFormatVectorVM (207)
[2026.04.08-00.35.03:321][676]LogModuleManager: Shutting down and abandoning module ShaderFormatOpenGL (205)
[2026.04.08-00.35.03:321][676]LogModuleManager: Shutting down and abandoning module ShaderFormatD3D (203)
[2026.04.08-00.35.03:321][676]LogModuleManager: Shutting down and abandoning module MetalShaderFormat (201)
[2026.04.08-00.35.03:321][676]LogModuleManager: Shutting down and abandoning module TextureFormatOodle (199)
[2026.04.08-00.35.03:321][676]LogModuleManager: Shutting down and abandoning module TextureFormatUncompressed (197)
[2026.04.08-00.35.03:321][676]LogModuleManager: Shutting down and abandoning module TextureFormatPVR (195)
[2026.04.08-00.35.03:321][676]LogModuleManager: Shutting down and abandoning module TextureFormatETC2 (193)
[2026.04.08-00.35.03:321][676]LogModuleManager: Shutting down and abandoning module TextureFormatDXT (191)
[2026.04.08-00.35.03:321][676]LogModuleManager: Shutting down and abandoning module TextureFormatIntelISPCTexComp (189)
[2026.04.08-00.35.03:321][676]LogModuleManager: Shutting down and abandoning module TextureFormatASTC (187)
[2026.04.08-00.35.03:321][676]LogModuleManager: Shutting down and abandoning module ImageWrapper (186)
[2026.04.08-00.35.03:321][676]LogModuleManager: Shutting down and abandoning module AudioFormatOpus (183)
[2026.04.08-00.35.03:321][676]LogModuleManager: Shutting down and abandoning module AudioFormatOgg (181)
[2026.04.08-00.35.03:321][676]LogModuleManager: Shutting down and abandoning module AudioFormatADPCM (179)
[2026.04.08-00.35.03:321][676]LogModuleManager: Shutting down and abandoning module WindowsServerTargetPlatform (177)
[2026.04.08-00.35.03:321][676]LogModuleManager: Shutting down and abandoning module WindowsClientTargetPlatform (175)
[2026.04.08-00.35.03:321][676]LogModuleManager: Shutting down and abandoning module WindowsTargetPlatform (173)
[2026.04.08-00.35.03:321][676]LogModuleManager: Shutting down and abandoning module WindowsNoEditorTargetPlatform (171)
[2026.04.08-00.35.03:321][676]LogModuleManager: Shutting down and abandoning module TVOSTargetPlatform (169)
[2026.04.08-00.35.03:322][676]LogModuleManager: Shutting down and abandoning module MacServerTargetPlatform (167)
[2026.04.08-00.35.03:322][676]LogModuleManager: Shutting down and abandoning module MacClientTargetPlatform (165)
[2026.04.08-00.35.03:322][676]LogModuleManager: Shutting down and abandoning module MacTargetPlatform (163)
[2026.04.08-00.35.03:322][676]LogModuleManager: Shutting down and abandoning module MacNoEditorTargetPlatform (161)
[2026.04.08-00.35.03:322][676]LogModuleManager: Shutting down and abandoning module LuminTargetPlatform (159)
[2026.04.08-00.35.03:322][676]LogModuleManager: Shutting down and abandoning module LinuxAArch64ServerTargetPlatform (157)
[2026.04.08-00.35.03:322][676]LogModuleManager: Shutting down and abandoning module LinuxAArch64ClientTargetPlatform (155)
[2026.04.08-00.35.03:322][676]LogModuleManager: Shutting down and abandoning module LinuxAArch64NoEditorTargetPlatform (153)
[2026.04.08-00.35.03:322][676]LogModuleManager: Shutting down and abandoning module LinuxServerTargetPlatform (151)
[2026.04.08-00.35.03:322][676]LogModuleManager: Shutting down and abandoning module LinuxClientTargetPlatform (149)
[2026.04.08-00.35.03:322][676]LogModuleManager: Shutting down and abandoning module LinuxNoEditorTargetPlatform (147)
[2026.04.08-00.35.03:322][676]LogModuleManager: Shutting down and abandoning module LinuxTargetPlatform (145)
[2026.04.08-00.35.03:322][676]LogModuleManager: Shutting down and abandoning module Messaging (143)
[2026.04.08-00.35.03:322][676]LogModuleManager: Shutting down and abandoning module IOSTargetPlatform (141)
[2026.04.08-00.35.03:323][676]LogModuleManager: Shutting down and abandoning module AndroidTargetPlatform (139)
[2026.04.08-00.35.03:324][676]LogModuleManager: Shutting down and abandoning module AllDesktopTargetPlatform (137)
[2026.04.08-00.35.03:324][676]LogModuleManager: Shutting down and abandoning module D3D11RHI (134)
[2026.04.08-00.35.03:324][676]LogModuleManager: Shutting down and abandoning module InputCore (132)
[2026.04.08-00.35.03:324][676]LogModuleManager: Shutting down and abandoning module Settings (130)
[2026.04.08-00.35.03:324][676]LogModuleManager: Shutting down and abandoning module DirectoryWatcher (128)
[2026.04.08-00.35.03:325][676]LogModuleManager: Shutting down and abandoning module PhysXCooking (126)
[2026.04.08-00.35.03:325][676]LogModuleManager: Shutting down and abandoning module Chaos (124)
[2026.04.08-00.35.03:325][676]LogModuleManager: Shutting down and abandoning module WindowsPlatformFeatures (122)
[2026.04.08-00.35.03:325][676]LogModuleManager: Shutting down and abandoning module GameplayMediaEncoder (121)
[2026.04.08-00.35.03:325][676]LogModuleManager: Shutting down and abandoning module AVEncoder (120)
[2026.04.08-00.35.03:325][676]LogModuleManager: Shutting down and abandoning module SteamVRInputDevice (116)
[2026.04.08-00.35.03:325][676]LogModuleManager: Shutting down and abandoning module SteamVRInput (114)
[2026.04.08-00.35.03:325][676]LogModuleManager: Shutting down and abandoning module SteamVR (112)
[2026.04.08-00.35.03:325][676]LogHMD: Freeing OpenVRDLLHandle.
[2026.04.08-00.35.03:325][676]LogModuleManager: Shutting down and abandoning module OculusHMD (110)
[2026.04.08-00.35.03:325][676]LogModuleManager: Shutting down and abandoning module OpenXREyeTracker (108)
[2026.04.08-00.35.03:325][676]LogModuleManager: Shutting down and abandoning module OpenXRHandTracking (106)
[2026.04.08-00.35.03:325][676]LogSlate: Slate User Destroyed.  User Index 0, Is Virtual User: 0
[2026.04.08-00.35.03:325][676]LogModuleManager: Shutting down and abandoning module OpenXRAR (104)
[2026.04.08-00.35.03:325][676]LogModuleManager: Shutting down and abandoning module AugmentedReality (103)
[2026.04.08-00.35.03:325][676]LogModuleManager: Shutting down and abandoning module OpenXRHMD (100)
[2026.04.08-00.35.03:325][676]LogModuleManager: Shutting down and abandoning module ExampleDeviceProfileSelector (98)
[2026.04.08-00.35.03:325][676]LogModuleManager: Shutting down and abandoning module ChunkDownloader (96)
[2026.04.08-00.35.03:325][676]LogModuleManager: Shutting down and abandoning module OnlineBlueprintSupport (94)
[2026.04.08-00.35.03:325][676]LogModuleManager: Shutting down and abandoning module OnlineSubsystem (90)
[2026.04.08-00.35.03:326][676]LogModuleManager: Shutting down and abandoning module XMPP (85)
[2026.04.08-00.35.03:326][676]LogModuleManager: Shutting down and abandoning module WebSockets (84)
[2026.04.08-00.35.03:336][676]LogModuleManager: Shutting down and abandoning module HTTP (81)
[2026.04.08-00.35.03:336][676]LogHttp: Display: Http module shutting down, but needs to wait on 1 outstanding Http requests:
[2026.04.08-00.35.03:336][676]LogHttp: Display: 	verb=[POST] url=[https://datarouter.ol.epicgames.com/datarouter/api/v1/public/data?SessionID=%7B8D3BEAAD-44E9-4BC2-D59B-9FB560C5C73B%7D&AppID=UEEditor.Rocket.Release&AppVersion=4.27.2-18319896%2B%2B%2BUE4%2BRelease-4.27&UserID=c8ef8a324036cf40f68843b4a17adfba%7C204d6d5d502243a9a55e59676d61b6bc%7C03ad3b15-b0b0-4191-8804-4999ee70a7ff&AppEnvironment=datacollector-binary&UploadType=eteventstream] refs=[1] status=Processing
[2026.04.08-00.35.03:336][676]LogHttp: Display: cleaning up 1 outstanding Http requests.
[2026.04.08-00.35.03:359][676]LogModuleManager: Shutting down and abandoning module SSL (80)
[2026.04.08-00.35.03:360][676]LogModuleManager: Shutting down and abandoning module LauncherChunkInstaller (76)
[2026.04.08-00.35.03:360][676]LogModuleManager: Shutting down and abandoning module WmfMedia (74)
[2026.04.08-00.35.03:361][676]LogModuleManager: Shutting down and abandoning module Media (73)
[2026.04.08-00.35.03:361][676]LogModuleManager: Shutting down and abandoning module MediaInfo (72)
[2026.04.08-00.35.03:361][676]LogModuleManager: Shutting down and abandoning module MLSDK (68)
[2026.04.08-00.35.03:361][676]LogModuleManager: Shutting down and abandoning module ExrReaderGpu (66)
[2026.04.08-00.35.03:361][676]LogModuleManager: Shutting down and abandoning module MagicLeap (64)
[2026.04.08-00.35.03:361][676]LogModuleManager: Shutting down and abandoning module ChaosCloth (62)
[2026.04.08-00.35.03:361][676]LogModuleManager: Shutting down and abandoning module PixWinPlugin (60)
[2026.04.08-00.35.03:361][676]LogModuleManager: Shutting down and abandoning module NiagaraVertexFactories (58)
[2026.04.08-00.35.03:361][676]LogModuleManager: Shutting down and abandoning module NiagaraShader (56)
[2026.04.08-00.35.03:361][676]LogModuleManager: Shutting down and abandoning module VariantManagerContent (54)
[2026.04.08-00.35.03:361][676]LogModuleManager: Shutting down and abandoning module DatasmithContent (52)
[2026.04.08-00.35.03:361][676]LogModuleManager: Shutting down and abandoning module AISupportModule (50)
[2026.04.08-00.35.03:361][676]LogModuleManager: Shutting down and abandoning module DesktopPlatform (48)
[2026.04.08-00.35.03:361][676]LogModuleManager: Shutting down and abandoning module PythonScriptPluginPreload (46)
[2026.04.08-00.35.03:361][676]LogModuleManager: Shutting down and abandoning module PlatformCryptoOpenSSL (44)
[2026.04.08-00.35.03:361][676]LogModuleManager: Shutting down and abandoning module PlatformCryptoTypes (42)
[2026.04.08-00.35.03:361][676]LogModuleManager: Shutting down and abandoning module PlatformCrypto (40)
[2026.04.08-00.35.03:361][676]LogModuleManager: Shutting down and abandoning module OodleDataCompressionFormat (38)
[2026.04.08-00.35.03:361][676]LogModuleManager: Shutting down and abandoning module XGEController (36)
[2026.04.08-00.35.03:361][676]LogModuleManager: Shutting down and abandoning module AnimationModifiers (34)
[2026.04.08-00.35.03:361][676]LogModuleManager: Shutting down and abandoning module AudioEditor (32)
[2026.04.08-00.35.03:361][676]LogModuleManager: Shutting down and abandoning module PropertyEditor (31)
[2026.04.08-00.35.03:361][676]LogModuleManager: Shutting down and abandoning module TextureCompressor (28)
[2026.04.08-00.35.03:361][676]LogModuleManager: Shutting down and abandoning module RenderCore (26)
[2026.04.08-00.35.03:361][676]LogModuleManager: Shutting down and abandoning module Landscape (24)
[2026.04.08-00.35.03:361][676]LogModuleManager: Shutting down and abandoning module SlateRHIRenderer (22)
[2026.04.08-00.35.03:363][676]LogModuleManager: Shutting down and abandoning module AnimGraphRuntime (20)
[2026.04.08-00.35.03:363][676]LogModuleManager: Shutting down and abandoning module Renderer (18)
[2026.04.08-00.35.03:363][676]LogModuleManager: Shutting down and abandoning module Engine (16)
[2026.04.08-00.35.03:363][676]LogModuleManager: Shutting down and abandoning module CoreUObject (14)
[2026.04.08-00.35.03:363][676]LogModuleManager: Shutting down and abandoning module NetworkFile (12)
[2026.04.08-00.35.03:363][676]LogModuleManager: Shutting down and abandoning module CookedIterativeFile (10)
[2026.04.08-00.35.03:363][676]LogModuleManager: Shutting down and abandoning module StreamingFile (8)
[2026.04.08-00.35.03:363][676]LogModuleManager: Shutting down and abandoning module SandboxFile (6)
[2026.04.08-00.35.03:363][676]LogModuleManager: Shutting down and abandoning module PakFile (4)
[2026.04.08-00.35.03:363][676]LogModuleManager: Shutting down and abandoning module RSA (3)
[2026.04.08-00.35.03:363][676]LogContentStreaming: Display: There are 1 unreleased StreamingManagers
[2026.04.08-00.35.03:404][676]LogD3D11RHI: Shutdown
[2026.04.08-00.35.03:404][676]LogD3D11RHI: CleanupD3DDevice
[2026.04.08-00.35.03:405][676]LogExit: Exiting.
[2026.04.08-00.35.03:411][676]Log file closed, 04/07/26 18:35:03
