Log file open, 04/05/26 20:01:16
LogWindows: Failed to load 'aqProf.dll' (GetLastError=126)
LogWindows: File 'aqProf.dll' does not exist
LogWindows: Failed to load 'VtuneApi.dll' (GetLastError=126)
LogWindows: File 'VtuneApi.dll' does not exist
LogWindows: Failed to load 'VtuneApi32e.dll' (GetLastError=126)
LogWindows: File 'VtuneApi32e.dll' does not exist
LogConsoleResponse: Display: Failed to find resolution value strings in scalability ini. Falling back to default.
LogConsoleResponse: Display: Failed to find resolution value strings in scalability ini. Falling back to default.
LogInit: Display: Running engine for game: CPSC399Game
LogPlatformFile: Not using cached read wrapper
LogTaskGraph: Started task graph with 5 named threads and 35 total threads with 3 sets of task threads.
LogStats: Stats thread started at 0.203259
LogICUInternationalization: ICU TimeZone Detection - Raw Offset: -7:00, Platform Override: ''
LogInit: Display: Loading text-based GConfig....
LogPluginManager: Mounting plugin MeshPainting
LogPluginManager: Mounting plugin XGEController
LogPluginManager: Mounting plugin Paper2D
LogPluginManager: Mounting plugin LightPropagationVolume
LogPluginManager: Mounting plugin LiveLink
LogPluginManager: Mounting plugin AISupport
LogPluginManager: Mounting plugin EnvironmentQueryEditor
LogPluginManager: Mounting plugin CameraShakePreviewer
LogPluginManager: Mounting plugin GameplayCameras
LogPluginManager: Mounting plugin AnimationSharing
LogPluginManager: Mounting plugin OodleData
LogPluginManager: Mounting plugin OodleNetwork
LogPluginManager: Mounting plugin CodeLiteSourceCodeAccess
LogPluginManager: Mounting plugin CLionSourceCodeAccess
LogPluginManager: Mounting plugin GitSourceControl
LogPluginManager: Mounting plugin KDevelopSourceCodeAccess
LogPluginManager: Mounting plugin NullSourceCodeAccess
LogPluginManager: Mounting plugin PerforceSourceControl
LogPluginManager: Mounting plugin PlasticSourceControl
LogPluginManager: Mounting plugin PixWinPlugin
LogPluginManager: Mounting plugin PluginUtils
LogPluginManager: Mounting plugin PropertyAccessNode
LogPluginManager: Mounting plugin AssetManagerEditor
LogPluginManager: Mounting plugin RiderSourceCodeAccess
LogPluginManager: Mounting plugin TextureFormatOodle
LogPluginManager: Mounting plugin SubversionSourceControl
LogPluginManager: Mounting plugin UObjectPlugin
LogPluginManager: Mounting plugin VisualStudioCodeSourceCodeAccess
LogPluginManager: Mounting plugin VisualStudioSourceCodeAccess
LogPluginManager: Mounting plugin XCodeSourceCodeAccess
LogPluginManager: Mounting plugin CryptoKeys
LogPluginManager: Mounting plugin CurveEditorTools
LogPluginManager: Mounting plugin DataValidation
LogPluginManager: Mounting plugin GameplayTagsEditor
LogPluginManager: Mounting plugin FacialAnimation
LogPluginManager: Mounting plugin MacGraphicsSwitching
LogPluginManager: Mounting plugin GeometryMode
LogPluginManager: Mounting plugin MaterialAnalyzer
LogPluginManager: Mounting plugin MobileLauncherProfileWizard
LogPluginManager: Mounting plugin PluginBrowser
LogPluginManager: Mounting plugin SpeedTreeImporter
LogPluginManager: Mounting plugin DatasmithContent
LogPluginManager: Mounting plugin Niagara
LogPluginManager: Mounting plugin AlembicImporter
LogPluginManager: Mounting plugin AutomationUtils
LogPluginManager: Mounting plugin BackChannel
LogPluginManager: Mounting plugin VariantManagerContent
LogPluginManager: Mounting plugin ChaosCloth
LogPluginManager: Mounting plugin ChaosClothEditor
LogPluginManager: Mounting plugin ChaosEditor
LogPluginManager: Mounting plugin ChaosNiagara
LogPluginManager: Mounting plugin ChaosSolverPlugin
LogPluginManager: Mounting plugin CharacterAI
LogPluginManager: Mounting plugin GeometryCache
LogPluginManager: Mounting plugin GeometryCollectionPlugin
LogPluginManager: Mounting plugin GeometryProcessing
LogPluginManager: Mounting plugin LuminPlatformFeatures
LogPluginManager: Mounting plugin MagicLeap
LogPluginManager: Mounting plugin MotoSynth
LogPluginManager: Mounting plugin OpenImageDenoise
LogPluginManager: Mounting plugin PlanarCut
LogPluginManager: Mounting plugin MagicLeapLightEstimation
LogPluginManager: Mounting plugin MagicLeapMedia
LogPluginManager: Mounting plugin PlatformCrypto
LogPluginManager: Mounting plugin ProxyLODPlugin
LogPluginManager: Mounting plugin MagicLeapPassableWorld
LogPluginManager: Mounting plugin PythonScriptPlugin
LogPluginManager: Mounting plugin MLSDK
LogPluginManager: Mounting plugin SkeletalReduction
LogPluginManager: Mounting plugin AndroidMedia
LogPluginManager: Mounting plugin AvfMedia
LogPluginManager: Mounting plugin ImgMedia
LogPluginManager: Mounting plugin MediaCompositing
LogPluginManager: Mounting plugin MediaPlayerEditor
LogPluginManager: Mounting plugin ActorSequence
LogPluginManager: Mounting plugin UdpMessaging
LogPluginManager: Mounting plugin TcpMessaging
LogPluginManager: Mounting plugin WebMMedia
LogPluginManager: Mounting plugin WmfMedia
LogPluginManager: Mounting plugin LevelSequenceEditor
LogPluginManager: Mounting plugin MatineeToLevelSequence
LogPluginManager: Mounting plugin TemplateSequence
LogPluginManager: Mounting plugin OnlineSubsystem
LogPluginManager: Mounting plugin LauncherChunkInstaller
LogPluginManager: Mounting plugin ActorLayerUtilities
LogPluginManager: Mounting plugin OnlineSubsystemNull
LogPluginManager: Mounting plugin OnlineSubsystemUtils
LogPluginManager: Mounting plugin AndroidDeviceProfileSelector
LogPluginManager: Mounting plugin AndroidMoviePlayer
LogPluginManager: Mounting plugin AndroidPermission
LogPluginManager: Mounting plugin AppleImageUtils
LogPluginManager: Mounting plugin AppleMoviePlayer
LogPluginManager: Mounting plugin ArchVisCharacter
LogPluginManager: Mounting plugin AssetTags
LogPluginManager: Mounting plugin AudioCapture
LogPluginManager: Mounting plugin AudioSynesthesia
LogPluginManager: Mounting plugin CableComponent
LogPluginManager: Mounting plugin ChunkDownloader
LogPluginManager: Mounting plugin CustomMeshComponent
LogPluginManager: Mounting plugin EditableMesh
LogPluginManager: Mounting plugin ExampleDeviceProfileSelector
LogPluginManager: Mounting plugin GoogleCloudMessaging
LogPluginManager: Mounting plugin GooglePAD
LogPluginManager: Mounting plugin IOSDeviceProfileSelector
LogPluginManager: Mounting plugin LinuxDeviceProfileSelector
LogPluginManager: Mounting plugin LocationServicesBPLibrary
LogPluginManager: Mounting plugin MobilePatchingUtils
LogPluginManager: Mounting plugin OpenXR
LogPluginManager: Mounting plugin OpenXREyeTracker
LogPluginManager: Mounting plugin OpenXRHandTracking
LogPluginManager: Mounting plugin PhysXVehicles
LogPluginManager: Mounting plugin PostSplashScreen
LogPluginManager: Mounting plugin ProceduralMeshComponent
LogPluginManager: Mounting plugin PropertyAccessEditor
LogPluginManager: Mounting plugin RuntimePhysXCooking
LogPluginManager: Mounting plugin SignificanceManager
LogPluginManager: Mounting plugin SoundFields
LogPluginManager: Mounting plugin Synthesis
LogPluginManager: Mounting plugin WindowsMoviePlayer
LogPluginManager: Mounting plugin WebMMoviePlayer
LogPluginManager: Mounting plugin ScreenshotTools
LogPluginManager: Mounting plugin Takes
LogPluginManager: Mounting plugin ContentBrowserAssetDataSource
LogPluginManager: Mounting plugin ContentBrowserClassDataSource
LogPluginManager: Mounting plugin ContentBrowserFileDataSource
LogPluginManager: Mounting plugin OnlineSubsystemGooglePlay
LogPluginManager: Mounting plugin OnlineSubsystemIOS
LogPluginManager: Mounting plugin OculusVR
LogPluginManager: Mounting plugin SteamVR
PixWinPlugin: PIX capture plugin failed to initialize! Check that the process is launched from PIX.
LogInit: Using libcurl 7.55.1-DEV
LogInit:  - built for x86_64-pc-win32
LogInit:  - supports SSL with OpenSSL/1.1.1
LogInit:  - supports HTTP deflate (compression) using libz 1.2.8
LogInit:  - other features:
LogInit:      CURL_VERSION_SSL
LogInit:      CURL_VERSION_LIBZ
LogInit:      CURL_VERSION_IPV6
LogInit:      CURL_VERSION_ASYNCHDNS
LogInit:      CURL_VERSION_LARGEFILE
LogInit:      CURL_VERSION_IDN
LogInit:  CurlRequestOptions (configurable via config and command line):
LogInit:  - bVerifyPeer = true  - Libcurl will verify peer certificate
LogInit:  - bUseHttpProxy = false  - Libcurl will NOT use HTTP proxy
LogInit:  - bDontReuseConnections = false  - Libcurl will reuse connections
LogInit:  - MaxHostConnections = 16  - Libcurl will limit the number of connections to a host
LogInit:  - LocalHostAddr = Default
LogInit:  - BufferSize = 65536
LogOnline: OSS: Creating online subsystem instance for: NULL
LogInit: WinSock: version 1.1 (2.2), MaxSocks=32767, MaxUdp=65467
LogOnline: OSS: TryLoadSubsystemAndSetDefault: Loaded subsystem for module [NULL]
LogOculusPluginWrapper: OculusPlugin initialized successfully
LogHMD: Failed initializing OVRPlugin 1.59.0
LogInit: Build: ++UE4+Release-4.27-CL-18319896
LogInit: Engine Version: 4.27.2-18319896+++UE4+Release-4.27
LogInit: Compatible Engine Version: 4.27.0-17155196+++UE4+Release-4.27
LogInit: Net CL: 17155196
LogInit: OS: Windows 10 (Release 2009) (), CPU: AMD Ryzen 5 5600X 6-Core Processor             , GPU: NVIDIA GeForce RTX 4070 SUPER
LogInit: Compiled (64-bit): Nov 30 2021 07:12:08
LogInit: Compiled with Visual C++: 19.24.28315.00
LogInit: Build Configuration: Development
LogInit: Branch Name: ++UE4+Release-4.27
LogInit: Command Line: 
LogInit: Base Directory: F:/Unreal Engine/UE_4.27/Engine/Binaries/Win64/
LogInit: Allocator: TBB
LogInit: Installed Engine Build: 1
LogDevObjectVersion: Number of dev versions registered: 29
LogDevObjectVersion:   Dev-Blueprints (B0D832E4-1F89-4F0D-ACCF-7EB736FD4AA2): 10
LogDevObjectVersion:   Dev-Build (E1C64328-A22C-4D53-A36C-8E866417BD8C): 0
LogDevObjectVersion:   Dev-Core (375EC13C-06E4-48FB-B500-84F0262A717E): 4
LogDevObjectVersion:   Dev-Editor (E4B068ED-F494-42E9-A231-DA0B2E46BB41): 40
LogDevObjectVersion:   Dev-Framework (CFFC743F-43B0-4480-9391-14DF171D2073): 37
LogDevObjectVersion:   Dev-Mobile (B02B49B5-BB20-44E9-A304-32B752E40360): 3
LogDevObjectVersion:   Dev-Networking (A4E4105C-59A1-49B5-A7C5-40C4547EDFEE): 0
LogDevObjectVersion:   Dev-Online (39C831C9-5AE6-47DC-9A44-9C173E1C8E7C): 0
LogDevObjectVersion:   Dev-Physics (78F01B33-EBEA-4F98-B9B4-84EACCB95AA2): 14
LogDevObjectVersion:   Dev-Platform (6631380F-2D4D-43E0-8009-CF276956A95A): 0
LogDevObjectVersion:   Dev-Rendering (12F88B9F-8875-4AFC-A67C-D90C383ABD29): 45
LogDevObjectVersion:   Dev-Sequencer (7B5AE74C-D270-4C10-A958-57980B212A5A): 13
LogDevObjectVersion:   Dev-VR (D7296918-1DD6-4BDD-9DE2-64A83CC13884): 3
LogDevObjectVersion:   Dev-LoadTimes (C2A15278-BFE7-4AFE-6C17-90FF531DF755): 1
LogDevObjectVersion:   Private-Geometry (6EACA3D4-40EC-4CC1-B786-8BED09428FC5): 3
LogDevObjectVersion:   Dev-AnimPhys (29E575DD-E0A3-4627-9D10-D276232CDCEA): 17
LogDevObjectVersion:   Dev-Anim (AF43A65D-7FD3-4947-9873-3E8ED9C1BB05): 15
LogDevObjectVersion:   Dev-ReflectionCapture (6B266CEC-1EC7-4B8F-A30B-E4D90942FC07): 1
LogDevObjectVersion:   Dev-Automation (0DF73D61-A23F-47EA-B727-89E90C41499A): 1
LogDevObjectVersion:   FortniteMain (601D1886-AC64-4F84-AA16-D3DE0DEAC7D6): 47
LogDevObjectVersion:   FortniteRelease (E7086368-6B23-4C58-8439-1B7016265E91): 1
LogDevObjectVersion:   Dev-Enterprise (9DFFBCD6-494F-0158-E221-12823C92A888): 10
LogDevObjectVersion:   Dev-Niagara (F2AED0AC-9AFE-416F-8664-AA7FFA26D6FC): 1
LogDevObjectVersion:   Dev-Destruction (174F1F0B-B4C6-45A5-B13F-2EE8D0FB917D): 10
LogDevObjectVersion:   Dev-Physics-Ext (35F94A83-E258-406C-A318-09F59610247C): 41
LogDevObjectVersion:   Dev-PhysicsMaterial-Chaos (B68FC16E-8B1B-42E2-B453-215C058844FE): 1
LogDevObjectVersion:   Dev-CineCamera (B2E18506-4273-CFC2-A54E-F4BB758BBA07): 1
LogDevObjectVersion:   Dev-VirtualProduction (64F58936-FD1B-42BA-BA96-7289D5D0FA4E): 1
LogDevObjectVersion:   Dev-MediaFramework (6F0ED827-A609-4895-9C91-998D90180EA4): 2
LogInit: Presizing for max 25165824 objects, including 0 objects not considered by GC, pre-allocating 0 bytes for permanent pool.
LogConfig: Applying CVar settings from Section [/Script/Engine.StreamingSettings] File [C:/Github/Others/CPSC399_Game/CPSC399Game/Saved/Config/Windows/Engine.ini]
LogConfig: Setting CVar [[s.MinBulkDataSizeForAsyncLoading:131072]]
LogConfig: Setting CVar [[s.AsyncLoadingThreadEnabled:0]]
LogConfig: Setting CVar [[s.EventDrivenLoaderEnabled:1]]
LogConfig: Setting CVar [[s.WarnIfTimeLimitExceeded:0]]
LogConfig: Setting CVar [[s.TimeLimitExceededMultiplier:1.5]]
LogConfig: Setting CVar [[s.TimeLimitExceededMinTime:0.005]]
LogConfig: Setting CVar [[s.UseBackgroundLevelStreaming:1]]
LogConfig: Setting CVar [[s.PriorityAsyncLoadingExtraTime:15.0]]
LogConfig: Setting CVar [[s.LevelStreamingActorsUpdateTimeLimit:5.0]]
LogConfig: Setting CVar [[s.PriorityLevelStreamingActorsUpdateExtraTime:5.0]]
LogConfig: Setting CVar [[s.LevelStreamingComponentsRegistrationGranularity:10]]
LogConfig: Setting CVar [[s.UnregisterComponentsTimeLimit:1.0]]
LogConfig: Setting CVar [[s.LevelStreamingComponentsUnregistrationGranularity:5]]
LogConfig: Setting CVar [[s.FlushStreamingOnExit:1]]
LogInit: Object subsystem initialized
LogConfig: Setting CVar [[con.DebugEarlyDefault:1]]
LogConfig: Setting CVar [[r.setres:1280x720]]
[2026.04.06-02.01.17:291][  0]LogConfig: Setting CVar [[r.VSync:0]]
[2026.04.06-02.01.17:291][  0]LogConfig: Setting CVar [[r.RHICmdBypass:0]]
[2026.04.06-02.01.17:291][  0]LogConfig: Applying CVar settings from Section [/Script/Engine.RendererSettings] File [C:/Github/Others/CPSC399_Game/CPSC399Game/Saved/Config/Windows/Engine.ini]
[2026.04.06-02.01.17:291][  0]LogConfig: Setting CVar [[r.GPUCrashDebugging:0]]
[2026.04.06-02.01.17:291][  0]LogConfig: Setting CVar [[r.Mobile.DisableVertexFog:1]]
[2026.04.06-02.01.17:291][  0]LogConfig: Setting CVar [[r.Shadow.CSM.MaxMobileCascades:2]]
[2026.04.06-02.01.17:291][  0]LogConfig: Setting CVar [[r.MobileMSAA:1]]
[2026.04.06-02.01.17:291][  0]LogConfig: Setting CVar [[r.Mobile.AllowDitheredLODTransition:0]]
[2026.04.06-02.01.17:291][  0]LogConfig: Setting CVar [[r.Mobile.AllowSoftwareOcclusion:0]]
[2026.04.06-02.01.17:291][  0]LogConfig: Setting CVar [[r.Mobile.VirtualTextures:0]]
[2026.04.06-02.01.17:291][  0]LogConfig: Setting CVar [[r.DiscardUnusedQuality:0]]
[2026.04.06-02.01.17:291][  0]LogConfig: Setting CVar [[r.AllowOcclusionQueries:1]]
[2026.04.06-02.01.17:291][  0]LogConfig: Setting CVar [[r.MinScreenRadiusForLights:0.030000]]
[2026.04.06-02.01.17:291][  0]LogConfig: Setting CVar [[r.MinScreenRadiusForDepthPrepass:0.030000]]
[2026.04.06-02.01.17:291][  0]LogConfig: Setting CVar [[r.MinScreenRadiusForCSMDepth:0.010000]]
[2026.04.06-02.01.17:291][  0]LogConfig: Setting CVar [[r.PrecomputedVisibilityWarning:0]]
[2026.04.06-02.01.17:291][  0]LogConfig: Setting CVar [[r.TextureStreaming:1]]
[2026.04.06-02.01.17:291][  0]LogConfig: Setting CVar [[Compat.UseDXT5NormalMaps:0]]
[2026.04.06-02.01.17:291][  0]LogConfig: Setting CVar [[r.VirtualTextures:0]]
[2026.04.06-02.01.17:291][  0]LogConfig: Setting CVar [[r.VT.EnableAutoImport:1]]
[2026.04.06-02.01.17:291][  0]LogConfig: Setting CVar [[r.VirtualTexturedLightmaps:0]]
[2026.04.06-02.01.17:291][  0]LogConfig: Setting CVar [[r.VT.TileSize:128]]
[2026.04.06-02.01.17:291][  0]LogConfig: Setting CVar [[r.VT.TileBorderSize:4]]
[2026.04.06-02.01.17:291][  0]LogConfig: Setting CVar [[r.vt.FeedbackFactor:16]]
[2026.04.06-02.01.17:291][  0]LogConfig: Setting CVar [[r.VT.EnableCompressZlib:1]]
[2026.04.06-02.01.17:291][  0]LogConfig: Setting CVar [[r.VT.EnableCompressCrunch:0]]
[2026.04.06-02.01.17:291][  0]LogConfig: Setting CVar [[r.ClearCoatNormal:0]]
[2026.04.06-02.01.17:291][  0]LogConfig: Setting CVar [[r.ReflectionCaptureResolution:128]]
[2026.04.06-02.01.17:291][  0]LogConfig: Setting CVar [[r.Mobile.ReflectionCaptureCompression:0]]
[2026.04.06-02.01.17:291][  0]LogConfig: Setting CVar [[r.ReflectionEnvironmentLightmapMixBasedOnRoughness:1]]
[2026.04.06-02.01.17:291][  0]LogConfig: Setting CVar [[r.ForwardShading:0]]
[2026.04.06-02.01.17:291][  0]LogConfig: Setting CVar [[r.VertexFoggingForOpaque:1]]
[2026.04.06-02.01.17:291][  0]LogConfig: Setting CVar [[r.AllowStaticLighting:1]]
[2026.04.06-02.01.17:291][  0]LogConfig: Setting CVar [[r.NormalMapsForStaticLighting:0]]
[2026.04.06-02.01.17:292][  0]LogConfig: Setting CVar [[r.GenerateMeshDistanceFields:0]]
[2026.04.06-02.01.17:292][  0]LogConfig: Setting CVar [[r.DistanceFieldBuild.EightBit:0]]
[2026.04.06-02.01.17:292][  0]LogConfig: Setting CVar [[r.GenerateLandscapeGIData:0]]
[2026.04.06-02.01.17:292][  0]LogConfig: Setting CVar [[r.DistanceFieldBuild.Compress:0]]
[2026.04.06-02.01.17:292][  0]LogConfig: Setting CVar [[r.TessellationAdaptivePixelsPerTriangle:48.000000]]
[2026.04.06-02.01.17:292][  0]LogConfig: Setting CVar [[r.SeparateTranslucency:1]]
[2026.04.06-02.01.17:292][  0]LogConfig: Setting CVar [[r.TranslucentSortPolicy:0]]
[2026.04.06-02.01.17:292][  0]LogConfig: Setting CVar [[vr.VRS.HMDFixedFoveationLevel:0]]
[2026.04.06-02.01.17:292][  0]LogConfig: Setting CVar [[r.CustomDepth:1]]
[2026.04.06-02.01.17:292][  0]LogConfig: Setting CVar [[r.CustomDepthTemporalAAJitter:1]]
[2026.04.06-02.01.17:292][  0]LogConfig: Setting CVar [[r.PostProcessing.PropagateAlpha:0]]
[2026.04.06-02.01.17:292][  0]LogConfig: Setting CVar [[r.DefaultFeature.Bloom:1]]
[2026.04.06-02.01.17:292][  0]LogConfig: Setting CVar [[r.DefaultFeature.AmbientOcclusion:1]]
[2026.04.06-02.01.17:292][  0]LogConfig: Setting CVar [[r.DefaultFeature.AmbientOcclusionStaticFraction:1]]
[2026.04.06-02.01.17:292][  0]LogConfig: Setting CVar [[r.DefaultFeature.AutoExposure:0]]
[2026.04.06-02.01.17:292][  0]LogConfig: Setting CVar [[r.DefaultFeature.AutoExposure.Method:0]]
[2026.04.06-02.01.17:292][  0]LogConfig: Setting CVar [[r.DefaultFeature.AutoExposure.Bias:1.000000]]
[2026.04.06-02.01.17:292][  0]LogConfig: Setting CVar [[r.DefaultFeature.AutoExposure.ExtendDefaultLuminanceRange:0]]
[2026.04.06-02.01.17:292][  0]LogConfig: Setting CVar [[r.UsePreExposure:1]]
[2026.04.06-02.01.17:292][  0]LogConfig: Setting CVar [[r.EyeAdaptation.EditorOnly:0]]
[2026.04.06-02.01.17:292][  0]LogConfig: Setting CVar [[r.DefaultFeature.MotionBlur:0]]
[2026.04.06-02.01.17:292][  0]LogConfig: Setting CVar [[r.DefaultFeature.LensFlare:0]]
[2026.04.06-02.01.17:292][  0]LogConfig: Setting CVar [[r.TemporalAA.Upsampling:0]]
[2026.04.06-02.01.17:292][  0]LogConfig: Setting CVar [[r.SSGI.Enable:0]]
[2026.04.06-02.01.17:292][  0]LogConfig: Setting CVar [[r.DefaultFeature.AntiAliasing:0]]
[2026.04.06-02.01.17:292][  0]LogConfig: Setting CVar [[r.DefaultFeature.LightUnits:1]]
[2026.04.06-02.01.17:292][  0]LogConfig: Setting CVar [[r.DefaultBackBufferPixelFormat:4]]
[2026.04.06-02.01.17:292][  0]LogConfig: Setting CVar [[r.Shadow.UnbuiltPreviewInGame:1]]
[2026.04.06-02.01.17:292][  0]LogConfig: Setting CVar [[r.StencilForLODDither:0]]
[2026.04.06-02.01.17:292][  0]LogConfig: Setting CVar [[r.EarlyZPass:3]]
[2026.04.06-02.01.17:292][  0]LogConfig: Setting CVar [[r.EarlyZPassOnlyMaterialMasking:0]]
[2026.04.06-02.01.17:292][  0]LogConfig: Setting CVar [[r.DBuffer:1]]
[2026.04.06-02.01.17:292][  0]LogConfig: Setting CVar [[r.ClearSceneMethod:1]]
[2026.04.06-02.01.17:292][  0]LogConfig: Setting CVar [[r.BasePassOutputsVelocity:0]]
[2026.04.06-02.01.17:292][  0]LogConfig: Setting CVar [[r.VertexDeformationOutputsVelocity:0]]
[2026.04.06-02.01.17:292][  0]LogConfig: Setting CVar [[r.SelectiveBasePassOutputs:0]]
[2026.04.06-02.01.17:292][  0]LogConfig: Setting CVar [[fx.GPUSimulationTextureSizeX:1024]]
[2026.04.06-02.01.17:292][  0]LogConfig: Setting CVar [[fx.GPUSimulationTextureSizeY:1024]]
[2026.04.06-02.01.17:292][  0]LogConfig: Setting CVar [[r.AllowGlobalClipPlane:0]]
[2026.04.06-02.01.17:292][  0]LogConfig: Setting CVar [[r.GBufferFormat:1]]
[2026.04.06-02.01.17:292][  0]LogConfig: Setting CVar [[r.MorphTarget.Mode:1]]
[2026.04.06-02.01.17:292][  0]LogConfig: Setting CVar [[vr.InstancedStereo:0]]
[2026.04.06-02.01.17:292][  0]LogConfig: Setting CVar [[r.MobileHDR:1]]
[2026.04.06-02.01.17:292][  0]LogConfig: Setting CVar [[vr.MobileMultiView:0]]
[2026.04.06-02.01.17:292][  0]LogConfig: Setting CVar [[r.Mobile.UseHWsRGBEncoding:0]]
[2026.04.06-02.01.17:292][  0]LogConfig: Setting CVar [[vr.RoundRobinOcclusion:0]]
[2026.04.06-02.01.17:292][  0]LogConfig: Setting CVar [[vr.ODSCapture:0]]
[2026.04.06-02.01.17:292][  0]LogConfig: Setting CVar [[r.MeshStreaming:0]]
[2026.04.06-02.01.17:292][  0]LogConfig: Setting CVar [[r.WireframeCullThreshold:5.000000]]
[2026.04.06-02.01.17:292][  0]LogConfig: Setting CVar [[r.RayTracing:0]]
[2026.04.06-02.01.17:292][  0]LogConfig: Setting CVar [[r.RayTracing.UseTextureLod:0]]
[2026.04.06-02.01.17:292][  0]LogConfig: Setting CVar [[r.SupportStationarySkylight:1]]
[2026.04.06-02.01.17:292][  0]LogConfig: Setting CVar [[r.SupportLowQualityLightmaps:1]]
[2026.04.06-02.01.17:292][  0]LogConfig: Setting CVar [[r.SupportPointLightWholeSceneShadows:1]]
[2026.04.06-02.01.17:292][  0]LogConfig: Setting CVar [[r.SupportAtmosphericFog:1]]
[2026.04.06-02.01.17:292][  0]LogConfig: Setting CVar [[r.SupportSkyAtmosphere:1]]
[2026.04.06-02.01.17:292][  0]LogConfig: Setting CVar [[r.SupportSkyAtmosphereAffectsHeightFog:0]]
[2026.04.06-02.01.17:292][  0]LogConfig: Setting CVar [[r.SkinCache.CompileShaders:0]]
[2026.04.06-02.01.17:292][  0]LogConfig: Setting CVar [[r.SkinCache.DefaultBehavior:1]]
[2026.04.06-02.01.17:292][  0]LogConfig: Setting CVar [[r.SkinCache.SceneMemoryLimitInMB:128.000000]]
[2026.04.06-02.01.17:292][  0]LogConfig: Setting CVar [[r.Mobile.EnableStaticAndCSMShadowReceivers:1]]
[2026.04.06-02.01.17:292][  0]LogConfig: Setting CVar [[r.Mobile.EnableMovableLightCSMShaderCulling:1]]
[2026.04.06-02.01.17:292][  0]LogConfig: Setting CVar [[r.Mobile.AllowDistanceFieldShadows:1]]
[2026.04.06-02.01.17:292][  0]LogConfig: Setting CVar [[r.Mobile.AllowMovableDirectionalLights:1]]
[2026.04.06-02.01.17:292][  0]LogConfig: Setting CVar [[r.MobileNumDynamicPointLights:4]]
[2026.04.06-02.01.17:292][  0]LogConfig: Setting CVar [[r.MobileDynamicPointLightsUseStaticBranch:1]]
[2026.04.06-02.01.17:292][  0]LogConfig: Setting CVar [[r.Mobile.EnableMovableSpotlights:0]]
[2026.04.06-02.01.17:292][  0]LogConfig: Setting CVar [[r.Mobile.EnableMovableSpotlightsShadow:0]]
[2026.04.06-02.01.17:292][  0]LogConfig: Setting CVar [[r.GPUSkin.Support16BitBoneIndex:0]]
[2026.04.06-02.01.17:292][  0]LogConfig: Setting CVar [[r.GPUSkin.Limit2BoneInfluences:0]]
[2026.04.06-02.01.17:292][  0]LogConfig: Setting CVar [[r.SupportDepthOnlyIndexBuffers:1]]
[2026.04.06-02.01.17:292][  0]LogConfig: Setting CVar [[r.SupportReversedIndexBuffers:1]]
[2026.04.06-02.01.17:292][  0]LogConfig: Setting CVar [[r.LightPropagationVolume:0]]
[2026.04.06-02.01.17:292][  0]LogConfig: Setting CVar [[r.Mobile.AmbientOcclusion:0]]
[2026.04.06-02.01.17:292][  0]LogConfig: Setting CVar [[r.GPUSkin.UnlimitedBoneInfluences:0]]
[2026.04.06-02.01.17:292][  0]LogConfig: Setting CVar [[r.GPUSkin.UnlimitedBoneInfluencesThreshold:8]]
[2026.04.06-02.01.17:292][  0]LogConfig: Setting CVar [[r.Mobile.PlanarReflectionMode:0]]
[2026.04.06-02.01.17:292][  0]LogConfig: Setting CVar [[r.Mobile.SupportsGen4TAA:0]]
[2026.04.06-02.01.17:292][  0]LogConfig: Applying CVar settings from Section [/Script/Engine.RendererOverrideSettings] File [C:/Github/Others/CPSC399_Game/CPSC399Game/Saved/Config/Windows/Engine.ini]
[2026.04.06-02.01.17:292][  0]LogConfig: Applying CVar settings from Section [/Script/Engine.StreamingSettings] File [C:/Github/Others/CPSC399_Game/CPSC399Game/Saved/Config/Windows/Engine.ini]
[2026.04.06-02.01.17:292][  0]LogConfig: Setting CVar [[s.MinBulkDataSizeForAsyncLoading:131072]]
[2026.04.06-02.01.17:292][  0]LogConfig: Setting CVar [[s.AsyncLoadingThreadEnabled:0]]
[2026.04.06-02.01.17:292][  0]LogConfig: Setting CVar [[s.EventDrivenLoaderEnabled:1]]
[2026.04.06-02.01.17:292][  0]LogConfig: Setting CVar [[s.WarnIfTimeLimitExceeded:0]]
[2026.04.06-02.01.17:292][  0]LogConfig: Setting CVar [[s.TimeLimitExceededMultiplier:1.5]]
[2026.04.06-02.01.17:292][  0]LogConfig: Setting CVar [[s.TimeLimitExceededMinTime:0.005]]
[2026.04.06-02.01.17:292][  0]LogConfig: Setting CVar [[s.UseBackgroundLevelStreaming:1]]
[2026.04.06-02.01.17:292][  0]LogConfig: Setting CVar [[s.PriorityAsyncLoadingExtraTime:15.0]]
[2026.04.06-02.01.17:292][  0]LogConfig: Setting CVar [[s.LevelStreamingActorsUpdateTimeLimit:5.0]]
[2026.04.06-02.01.17:292][  0]LogConfig: Setting CVar [[s.PriorityLevelStreamingActorsUpdateExtraTime:5.0]]
[2026.04.06-02.01.17:292][  0]LogConfig: Setting CVar [[s.LevelStreamingComponentsRegistrationGranularity:10]]
[2026.04.06-02.01.17:292][  0]LogConfig: Setting CVar [[s.UnregisterComponentsTimeLimit:1.0]]
[2026.04.06-02.01.17:292][  0]LogConfig: Setting CVar [[s.LevelStreamingComponentsUnregistrationGranularity:5]]
[2026.04.06-02.01.17:292][  0]LogConfig: Setting CVar [[s.FlushStreamingOnExit:1]]
[2026.04.06-02.01.17:292][  0]LogConfig: Applying CVar settings from Section [/Script/Engine.GarbageCollectionSettings] File [C:/Github/Others/CPSC399_Game/CPSC399Game/Saved/Config/Windows/Engine.ini]
[2026.04.06-02.01.17:292][  0]LogConfig: Setting CVar [[gc.MaxObjectsNotConsideredByGC:1]]
[2026.04.06-02.01.17:292][  0]LogConfig: Setting CVar [[gc.SizeOfPermanentObjectPool:0]]
[2026.04.06-02.01.17:292][  0]LogConfig: Setting CVar [[gc.FlushStreamingOnGC:0]]
[2026.04.06-02.01.17:292][  0]LogConfig: Setting CVar [[gc.NumRetriesBeforeForcingGC:10]]
[2026.04.06-02.01.17:292][  0]LogConfig: Setting CVar [[gc.AllowParallelGC:1]]
[2026.04.06-02.01.17:292][  0]LogConfig: Setting CVar [[gc.TimeBetweenPurgingPendingKillObjects:61.1]]
[2026.04.06-02.01.17:292][  0]LogConfig: Setting CVar [[gc.MaxObjectsInEditor:25165824]]
[2026.04.06-02.01.17:292][  0]LogConfig: Setting CVar [[gc.IncrementalBeginDestroyEnabled:1]]
[2026.04.06-02.01.17:292][  0]LogConfig: Setting CVar [[gc.CreateGCClusters:1]]
[2026.04.06-02.01.17:292][  0]LogConfig: Setting CVar [[gc.MinGCClusterSize:5]]
[2026.04.06-02.01.17:292][  0]LogConfig: Setting CVar [[gc.ActorClusteringEnabled:0]]
[2026.04.06-02.01.17:292][  0]LogConfig: Setting CVar [[gc.BlueprintClusteringEnabled:0]]
[2026.04.06-02.01.17:292][  0]LogConfig: Setting CVar [[gc.UseDisregardForGCOnDedicatedServers:0]]
[2026.04.06-02.01.17:292][  0]LogConfig: Setting CVar [[gc.MultithreadedDestructionEnabled:1]]
[2026.04.06-02.01.17:292][  0]LogConfig: Applying CVar settings from Section [/Script/Engine.NetworkSettings] File [C:/Github/Others/CPSC399_Game/CPSC399Game/Saved/Config/Windows/Engine.ini]
[2026.04.06-02.01.17:292][  0]LogConfig: Applying CVar settings from Section [/Script/UnrealEd.CookerSettings] File [C:/Github/Others/CPSC399_Game/CPSC399Game/Saved/Config/Windows/Engine.ini]
[2026.04.06-02.01.17:308][  0]LogConfig: Applying CVar settings from Section [ViewDistanceQuality@3] File [C:/Github/Others/CPSC399_Game/CPSC399Game/Saved/Config/Windows/Scalability.ini]
[2026.04.06-02.01.17:308][  0]LogConfig: Setting CVar [[r.SkeletalMeshLODBias:0]]
[2026.04.06-02.01.17:308][  0]LogConfig: Setting CVar [[r.ViewDistanceScale:1.0]]
[2026.04.06-02.01.17:308][  0]LogConfig: Applying CVar settings from Section [AntiAliasingQuality@3] File [C:/Github/Others/CPSC399_Game/CPSC399Game/Saved/Config/Windows/Scalability.ini]
[2026.04.06-02.01.17:308][  0]LogConfig: Setting CVar [[r.PostProcessAAQuality:4]]
[2026.04.06-02.01.17:308][  0]LogConfig: Applying CVar settings from Section [ShadowQuality@3] File [C:/Github/Others/CPSC399_Game/CPSC399Game/Saved/Config/Windows/Scalability.ini]
[2026.04.06-02.01.17:308][  0]LogConfig: Setting CVar [[r.LightFunctionQuality:1]]
[2026.04.06-02.01.17:308][  0]LogConfig: Setting CVar [[r.ShadowQuality:5]]
[2026.04.06-02.01.17:308][  0]LogConfig: Setting CVar [[r.Shadow.CSM.MaxCascades:10]]
[2026.04.06-02.01.17:308][  0]LogConfig: Setting CVar [[r.Shadow.MaxResolution:2048]]
[2026.04.06-02.01.17:308][  0]LogConfig: Setting CVar [[r.Shadow.MaxCSMResolution:2048]]
[2026.04.06-02.01.17:308][  0]LogConfig: Setting CVar [[r.Shadow.RadiusThreshold:0.01]]
[2026.04.06-02.01.17:308][  0]LogConfig: Setting CVar [[r.Shadow.DistanceScale:1.0]]
[2026.04.06-02.01.17:308][  0]LogConfig: Setting CVar [[r.Shadow.CSM.TransitionScale:1.0]]
[2026.04.06-02.01.17:308][  0]LogConfig: Setting CVar [[r.Shadow.PreShadowResolutionFactor:1.0]]
[2026.04.06-02.01.17:308][  0]LogConfig: Setting CVar [[r.DistanceFieldShadowing:1]]
[2026.04.06-02.01.17:308][  0]LogConfig: Setting CVar [[r.DistanceFieldAO:1]]
[2026.04.06-02.01.17:308][  0]LogConfig: Setting CVar [[r.AOQuality:2]]
[2026.04.06-02.01.17:308][  0]LogConfig: Setting CVar [[r.VolumetricFog:1]]
[2026.04.06-02.01.17:308][  0]LogConfig: Setting CVar [[r.VolumetricFog.GridPixelSize:8]]
[2026.04.06-02.01.17:308][  0]LogConfig: Setting CVar [[r.VolumetricFog.GridSizeZ:128]]
[2026.04.06-02.01.17:308][  0]LogConfig: Setting CVar [[r.VolumetricFog.HistoryMissSupersampleCount:4]]
[2026.04.06-02.01.17:308][  0]LogConfig: Setting CVar [[r.LightMaxDrawDistanceScale:1]]
[2026.04.06-02.01.17:308][  0]LogConfig: Setting CVar [[r.CapsuleShadows:1]]
[2026.04.06-02.01.17:308][  0]LogConfig: Applying CVar settings from Section [PostProcessQuality@3] File [C:/Github/Others/CPSC399_Game/CPSC399Game/Saved/Config/Windows/Scalability.ini]
[2026.04.06-02.01.17:308][  0]LogConfig: Setting CVar [[r.MotionBlurQuality:4]]
[2026.04.06-02.01.17:308][  0]LogConfig: Setting CVar [[r.AmbientOcclusionMipLevelFactor:0.4]]
[2026.04.06-02.01.17:308][  0]LogConfig: Setting CVar [[r.AmbientOcclusionMaxQuality:100]]
[2026.04.06-02.01.17:308][  0]LogConfig: Setting CVar [[r.AmbientOcclusionLevels:-1]]
[2026.04.06-02.01.17:308][  0]LogConfig: Setting CVar [[r.AmbientOcclusionRadiusScale:1.0]]
[2026.04.06-02.01.17:308][  0]LogConfig: Setting CVar [[r.DepthOfFieldQuality:2]]
[2026.04.06-02.01.17:308][  0]LogConfig: Setting CVar [[r.RenderTargetPoolMin:400]]
[2026.04.06-02.01.17:308][  0]LogConfig: Setting CVar [[r.LensFlareQuality:2]]
[2026.04.06-02.01.17:308][  0]LogConfig: Setting CVar [[r.SceneColorFringeQuality:1]]
[2026.04.06-02.01.17:308][  0]LogConfig: Setting CVar [[r.EyeAdaptationQuality:2]]
[2026.04.06-02.01.17:308][  0]LogConfig: Setting CVar [[r.BloomQuality:5]]
[2026.04.06-02.01.17:308][  0]LogConfig: Setting CVar [[r.FastBlurThreshold:100]]
[2026.04.06-02.01.17:308][  0]LogConfig: Setting CVar [[r.Upscale.Quality:3]]
[2026.04.06-02.01.17:308][  0]LogConfig: Setting CVar [[r.Tonemapper.GrainQuantization:1]]
[2026.04.06-02.01.17:308][  0]LogConfig: Setting CVar [[r.LightShaftQuality:1]]
[2026.04.06-02.01.17:308][  0]LogConfig: Setting CVar [[r.Filter.SizeScale:1]]
[2026.04.06-02.01.17:308][  0]LogConfig: Setting CVar [[r.Tonemapper.Quality:5]]
[2026.04.06-02.01.17:308][  0]LogConfig: Setting CVar [[r.DOF.Gather.AccumulatorQuality:1        ; higher gathering accumulator quality]]
[2026.04.06-02.01.17:308][  0]LogConfig: Setting CVar [[r.DOF.Gather.PostfilterMethod:1          ; Median3x3 postfilering method]]
[2026.04.06-02.01.17:308][  0]LogConfig: Setting CVar [[r.DOF.Gather.EnableBokehSettings:0       ; no bokeh simulation when gathering]]
[2026.04.06-02.01.17:308][  0]LogConfig: Setting CVar [[r.DOF.Gather.RingCount:4                 ; medium number of samples when gathering]]
[2026.04.06-02.01.17:308][  0]LogConfig: Setting CVar [[r.DOF.Scatter.ForegroundCompositing:1    ; additive foreground scattering]]
[2026.04.06-02.01.17:308][  0]LogConfig: Setting CVar [[r.DOF.Scatter.BackgroundCompositing:2    ; additive background scattering]]
[2026.04.06-02.01.17:308][  0]LogConfig: Setting CVar [[r.DOF.Scatter.EnableBokehSettings:1      ; bokeh simulation when scattering]]
[2026.04.06-02.01.17:308][  0]LogConfig: Setting CVar [[r.DOF.Scatter.MaxSpriteRatio:0.1         ; only a maximum of 10% of scattered bokeh]]
[2026.04.06-02.01.17:308][  0]LogConfig: Setting CVar [[r.DOF.Recombine.Quality:1                ; cheap slight out of focus]]
[2026.04.06-02.01.17:308][  0]LogConfig: Setting CVar [[r.DOF.Recombine.EnableBokehSettings:0    ; no bokeh simulation on slight out of focus]]
[2026.04.06-02.01.17:308][  0]LogConfig: Setting CVar [[r.DOF.TemporalAAQuality:1                ; more stable temporal accumulation]]
[2026.04.06-02.01.17:308][  0]LogConfig: Setting CVar [[r.DOF.Kernel.MaxForegroundRadius:0.025]]
[2026.04.06-02.01.17:308][  0]LogConfig: Setting CVar [[r.DOF.Kernel.MaxBackgroundRadius:0.025]]
[2026.04.06-02.01.17:308][  0]LogConfig: Applying CVar settings from Section [TextureQuality@3] File [C:/Github/Others/CPSC399_Game/CPSC399Game/Saved/Config/Windows/Scalability.ini]
[2026.04.06-02.01.17:308][  0]LogConfig: Setting CVar [[r.Streaming.MipBias:0]]
[2026.04.06-02.01.17:308][  0]LogConfig: Setting CVar [[r.Streaming.AmortizeCPUToGPUCopy:0]]
[2026.04.06-02.01.17:308][  0]LogConfig: Setting CVar [[r.Streaming.MaxNumTexturesToStreamPerFrame:0]]
[2026.04.06-02.01.17:308][  0]LogConfig: Setting CVar [[r.Streaming.Boost:1]]
[2026.04.06-02.01.17:308][  0]LogConfig: Setting CVar [[r.MaxAnisotropy:8]]
[2026.04.06-02.01.17:308][  0]LogConfig: Setting CVar [[r.VT.MaxAnisotropy:8]]
[2026.04.06-02.01.17:308][  0]LogConfig: Setting CVar [[r.Streaming.LimitPoolSizeToVRAM:0]]
[2026.04.06-02.01.17:308][  0]LogConfig: Setting CVar [[r.Streaming.PoolSize:1000]]
[2026.04.06-02.01.17:308][  0]LogConfig: Setting CVar [[r.Streaming.MaxEffectiveScreenSize:0]]
[2026.04.06-02.01.17:308][  0]LogConfig: Applying CVar settings from Section [EffectsQuality@3] File [C:/Github/Others/CPSC399_Game/CPSC399Game/Saved/Config/Windows/Scalability.ini]
[2026.04.06-02.01.17:308][  0]LogConfig: Setting CVar [[r.TranslucencyLightingVolumeDim:64]]
[2026.04.06-02.01.17:308][  0]LogConfig: Setting CVar [[r.RefractionQuality:2]]
[2026.04.06-02.01.17:308][  0]LogConfig: Setting CVar [[r.SSR.Quality:3]]
[2026.04.06-02.01.17:308][  0]LogConfig: Setting CVar [[r.SSR.HalfResSceneColor:0]]
[2026.04.06-02.01.17:308][  0]LogConfig: Setting CVar [[r.SceneColorFormat:4]]
[2026.04.06-02.01.17:308][  0]LogConfig: Setting CVar [[r.DetailMode:2]]
[2026.04.06-02.01.17:308][  0]LogConfig: Setting CVar [[r.TranslucencyVolumeBlur:1]]
[2026.04.06-02.01.17:308][  0]LogConfig: Setting CVar [[r.MaterialQualityLevel:1 ; High quality]]
[2026.04.06-02.01.17:308][  0]LogConfig: Setting CVar [[r.AnisotropicMaterials:1]]
[2026.04.06-02.01.17:308][  0]LogConfig: Setting CVar [[r.SSS.Scale:1]]
[2026.04.06-02.01.17:308][  0]LogConfig: Setting CVar [[r.SSS.SampleSet:2]]
[2026.04.06-02.01.17:308][  0]LogConfig: Setting CVar [[r.SSS.Quality:1]]
[2026.04.06-02.01.17:308][  0]LogConfig: Setting CVar [[r.SSS.HalfRes:0]]
[2026.04.06-02.01.17:308][  0]LogConfig: Setting CVar [[r.SSGI.Quality:3]]
[2026.04.06-02.01.17:308][  0]LogConfig: Setting CVar [[r.EmitterSpawnRateScale:1.0]]
[2026.04.06-02.01.17:308][  0]LogConfig: Setting CVar [[r.ParticleLightQuality:2]]
[2026.04.06-02.01.17:308][  0]LogConfig: Setting CVar [[r.SkyAtmosphere.AerialPerspectiveLUT.FastApplyOnOpaque:1 ; Always have FastSkyLUT 1 in this case to avoid wrong sky]]
[2026.04.06-02.01.17:308][  0]LogConfig: Setting CVar [[r.SkyAtmosphere.AerialPerspectiveLUT.SampleCountMaxPerSlice:4]]
[2026.04.06-02.01.17:308][  0]LogConfig: Setting CVar [[r.SkyAtmosphere.AerialPerspectiveLUT.DepthResolution:16.0]]
[2026.04.06-02.01.17:308][  0]LogConfig: Setting CVar [[r.SkyAtmosphere.FastSkyLUT:1]]
[2026.04.06-02.01.17:308][  0]LogConfig: Setting CVar [[r.SkyAtmosphere.FastSkyLUT.SampleCountMin:4.0]]
[2026.04.06-02.01.17:308][  0]LogConfig: Setting CVar [[r.SkyAtmosphere.FastSkyLUT.SampleCountMax:128.0]]
[2026.04.06-02.01.17:308][  0]LogConfig: Setting CVar [[r.SkyAtmosphere.SampleCountMin:4.0]]
[2026.04.06-02.01.17:308][  0]LogConfig: Setting CVar [[r.SkyAtmosphere.SampleCountMax:128.0]]
[2026.04.06-02.01.17:308][  0]LogConfig: Setting CVar [[r.SkyAtmosphere.TransmittanceLUT.UseSmallFormat:0]]
[2026.04.06-02.01.17:308][  0]LogConfig: Setting CVar [[r.SkyAtmosphere.TransmittanceLUT.SampleCount:10.0]]
[2026.04.06-02.01.17:308][  0]LogConfig: Setting CVar [[r.SkyAtmosphere.MultiScatteringLUT.SampleCount:15.0]]
[2026.04.06-02.01.17:308][  0]LogConfig: Setting CVar [[r.SkyLight.RealTimeReflectionCapture:1]]
[2026.04.06-02.01.17:308][  0]LogConfig: Applying CVar settings from Section [FoliageQuality@3] File [C:/Github/Others/CPSC399_Game/CPSC399Game/Saved/Config/Windows/Scalability.ini]
[2026.04.06-02.01.17:308][  0]LogConfig: Setting CVar [[foliage.DensityScale:1.0]]
[2026.04.06-02.01.17:308][  0]LogConfig: Setting CVar [[grass.DensityScale:1.0]]
[2026.04.06-02.01.17:308][  0]LogConfig: Applying CVar settings from Section [ShadingQuality@3] File [C:/Github/Others/CPSC399_Game/CPSC399Game/Saved/Config/Windows/Scalability.ini]
[2026.04.06-02.01.17:308][  0]LogConfig: Setting CVar [[r.HairStrands.SkyLighting.IntegrationType:2]]
[2026.04.06-02.01.17:308][  0]LogConfig: Setting CVar [[r.HairStrands.SkyAO.SampleCount:4]]
[2026.04.06-02.01.17:308][  0]LogConfig: Setting CVar [[r.HairStrands.Visibility.MSAA.SamplePerPixel:4]]
[2026.04.06-02.01.17:309][  0]LogInit: Selected Device Profile: [Windows]
[2026.04.06-02.01.17:309][  0]LogInit: Applying CVar settings loaded from the selected device profile: [Windows]
[2026.04.06-02.01.17:309][  0]LogHAL: Display: Platform has ~ 16 GB [17102323712 / 17179869184 / 16], which maps to Larger [LargestMinGB=32, LargerMinGB=12, DefaultMinGB=8, SmallerMinGB=6, SmallestMinGB=0)
[2026.04.06-02.01.17:309][  0]LogInit: Going up to parent DeviceProfile []
[2026.04.06-02.01.17:309][  0]LogConfig: Applying CVar settings from Section [ViewDistanceQuality@3] File [C:/Github/Others/CPSC399_Game/CPSC399Game/Saved/Config/Windows/Scalability.ini]
[2026.04.06-02.01.17:309][  0]LogConfig: Setting CVar [[r.SkeletalMeshLODBias:0]]
[2026.04.06-02.01.17:309][  0]LogConfig: Setting CVar [[r.ViewDistanceScale:1.0]]
[2026.04.06-02.01.17:309][  0]LogConfig: Applying CVar settings from Section [AntiAliasingQuality@3] File [C:/Github/Others/CPSC399_Game/CPSC399Game/Saved/Config/Windows/Scalability.ini]
[2026.04.06-02.01.17:309][  0]LogConfig: Setting CVar [[r.PostProcessAAQuality:4]]
[2026.04.06-02.01.17:309][  0]LogConfig: Applying CVar settings from Section [ShadowQuality@3] File [C:/Github/Others/CPSC399_Game/CPSC399Game/Saved/Config/Windows/Scalability.ini]
[2026.04.06-02.01.17:309][  0]LogConfig: Setting CVar [[r.LightFunctionQuality:1]]
[2026.04.06-02.01.17:309][  0]LogConfig: Setting CVar [[r.ShadowQuality:5]]
[2026.04.06-02.01.17:309][  0]LogConfig: Setting CVar [[r.Shadow.CSM.MaxCascades:10]]
[2026.04.06-02.01.17:309][  0]LogConfig: Setting CVar [[r.Shadow.MaxResolution:2048]]
[2026.04.06-02.01.17:309][  0]LogConfig: Setting CVar [[r.Shadow.MaxCSMResolution:2048]]
[2026.04.06-02.01.17:309][  0]LogConfig: Setting CVar [[r.Shadow.RadiusThreshold:0.01]]
[2026.04.06-02.01.17:309][  0]LogConfig: Setting CVar [[r.Shadow.DistanceScale:1.0]]
[2026.04.06-02.01.17:309][  0]LogConfig: Setting CVar [[r.Shadow.CSM.TransitionScale:1.0]]
[2026.04.06-02.01.17:309][  0]LogConfig: Setting CVar [[r.Shadow.PreShadowResolutionFactor:1.0]]
[2026.04.06-02.01.17:309][  0]LogConfig: Setting CVar [[r.DistanceFieldShadowing:1]]
[2026.04.06-02.01.17:309][  0]LogConfig: Setting CVar [[r.DistanceFieldAO:1]]
[2026.04.06-02.01.17:309][  0]LogConfig: Setting CVar [[r.AOQuality:2]]
[2026.04.06-02.01.17:309][  0]LogConfig: Setting CVar [[r.VolumetricFog:1]]
[2026.04.06-02.01.17:309][  0]LogConfig: Setting CVar [[r.VolumetricFog.GridPixelSize:8]]
[2026.04.06-02.01.17:309][  0]LogConfig: Setting CVar [[r.VolumetricFog.GridSizeZ:128]]
[2026.04.06-02.01.17:309][  0]LogConfig: Setting CVar [[r.VolumetricFog.HistoryMissSupersampleCount:4]]
[2026.04.06-02.01.17:309][  0]LogConfig: Setting CVar [[r.LightMaxDrawDistanceScale:1]]
[2026.04.06-02.01.17:309][  0]LogConfig: Setting CVar [[r.CapsuleShadows:1]]
[2026.04.06-02.01.17:309][  0]LogConfig: Applying CVar settings from Section [PostProcessQuality@3] File [C:/Github/Others/CPSC399_Game/CPSC399Game/Saved/Config/Windows/Scalability.ini]
[2026.04.06-02.01.17:309][  0]LogConfig: Setting CVar [[r.MotionBlurQuality:4]]
[2026.04.06-02.01.17:309][  0]LogConfig: Setting CVar [[r.AmbientOcclusionMipLevelFactor:0.4]]
[2026.04.06-02.01.17:309][  0]LogConfig: Setting CVar [[r.AmbientOcclusionMaxQuality:100]]
[2026.04.06-02.01.17:309][  0]LogConfig: Setting CVar [[r.AmbientOcclusionLevels:-1]]
[2026.04.06-02.01.17:309][  0]LogConfig: Setting CVar [[r.AmbientOcclusionRadiusScale:1.0]]
[2026.04.06-02.01.17:309][  0]LogConfig: Setting CVar [[r.DepthOfFieldQuality:2]]
[2026.04.06-02.01.17:309][  0]LogConfig: Setting CVar [[r.RenderTargetPoolMin:400]]
[2026.04.06-02.01.17:309][  0]LogConfig: Setting CVar [[r.LensFlareQuality:2]]
[2026.04.06-02.01.17:309][  0]LogConfig: Setting CVar [[r.SceneColorFringeQuality:1]]
[2026.04.06-02.01.17:309][  0]LogConfig: Setting CVar [[r.EyeAdaptationQuality:2]]
[2026.04.06-02.01.17:309][  0]LogConfig: Setting CVar [[r.BloomQuality:5]]
[2026.04.06-02.01.17:309][  0]LogConfig: Setting CVar [[r.FastBlurThreshold:100]]
[2026.04.06-02.01.17:309][  0]LogConfig: Setting CVar [[r.Upscale.Quality:3]]
[2026.04.06-02.01.17:309][  0]LogConfig: Setting CVar [[r.Tonemapper.GrainQuantization:1]]
[2026.04.06-02.01.17:309][  0]LogConfig: Setting CVar [[r.LightShaftQuality:1]]
[2026.04.06-02.01.17:309][  0]LogConfig: Setting CVar [[r.Filter.SizeScale:1]]
[2026.04.06-02.01.17:309][  0]LogConfig: Setting CVar [[r.Tonemapper.Quality:5]]
[2026.04.06-02.01.17:309][  0]LogConfig: Setting CVar [[r.DOF.Gather.AccumulatorQuality:1        ; higher gathering accumulator quality]]
[2026.04.06-02.01.17:309][  0]LogConfig: Setting CVar [[r.DOF.Gather.PostfilterMethod:1          ; Median3x3 postfilering method]]
[2026.04.06-02.01.17:309][  0]LogConfig: Setting CVar [[r.DOF.Gather.EnableBokehSettings:0       ; no bokeh simulation when gathering]]
[2026.04.06-02.01.17:309][  0]LogConfig: Setting CVar [[r.DOF.Gather.RingCount:4                 ; medium number of samples when gathering]]
[2026.04.06-02.01.17:309][  0]LogConfig: Setting CVar [[r.DOF.Scatter.ForegroundCompositing:1    ; additive foreground scattering]]
[2026.04.06-02.01.17:309][  0]LogConfig: Setting CVar [[r.DOF.Scatter.BackgroundCompositing:2    ; additive background scattering]]
[2026.04.06-02.01.17:309][  0]LogConfig: Setting CVar [[r.DOF.Scatter.EnableBokehSettings:1      ; bokeh simulation when scattering]]
[2026.04.06-02.01.17:309][  0]LogConfig: Setting CVar [[r.DOF.Scatter.MaxSpriteRatio:0.1         ; only a maximum of 10% of scattered bokeh]]
[2026.04.06-02.01.17:309][  0]LogConfig: Setting CVar [[r.DOF.Recombine.Quality:1                ; cheap slight out of focus]]
[2026.04.06-02.01.17:309][  0]LogConfig: Setting CVar [[r.DOF.Recombine.EnableBokehSettings:0    ; no bokeh simulation on slight out of focus]]
[2026.04.06-02.01.17:309][  0]LogConfig: Setting CVar [[r.DOF.TemporalAAQuality:1                ; more stable temporal accumulation]]
[2026.04.06-02.01.17:309][  0]LogConfig: Setting CVar [[r.DOF.Kernel.MaxForegroundRadius:0.025]]
[2026.04.06-02.01.17:309][  0]LogConfig: Setting CVar [[r.DOF.Kernel.MaxBackgroundRadius:0.025]]
[2026.04.06-02.01.17:309][  0]LogConfig: Applying CVar settings from Section [TextureQuality@3] File [C:/Github/Others/CPSC399_Game/CPSC399Game/Saved/Config/Windows/Scalability.ini]
[2026.04.06-02.01.17:309][  0]LogConfig: Setting CVar [[r.Streaming.MipBias:0]]
[2026.04.06-02.01.17:309][  0]LogConfig: Setting CVar [[r.Streaming.AmortizeCPUToGPUCopy:0]]
[2026.04.06-02.01.17:309][  0]LogConfig: Setting CVar [[r.Streaming.MaxNumTexturesToStreamPerFrame:0]]
[2026.04.06-02.01.17:309][  0]LogConfig: Setting CVar [[r.Streaming.Boost:1]]
[2026.04.06-02.01.17:309][  0]LogConfig: Setting CVar [[r.MaxAnisotropy:8]]
[2026.04.06-02.01.17:309][  0]LogConfig: Setting CVar [[r.VT.MaxAnisotropy:8]]
[2026.04.06-02.01.17:309][  0]LogConfig: Setting CVar [[r.Streaming.LimitPoolSizeToVRAM:0]]
[2026.04.06-02.01.17:309][  0]LogConfig: Setting CVar [[r.Streaming.PoolSize:1000]]
[2026.04.06-02.01.17:309][  0]LogConfig: Setting CVar [[r.Streaming.MaxEffectiveScreenSize:0]]
[2026.04.06-02.01.17:309][  0]LogConfig: Applying CVar settings from Section [EffectsQuality@3] File [C:/Github/Others/CPSC399_Game/CPSC399Game/Saved/Config/Windows/Scalability.ini]
[2026.04.06-02.01.17:309][  0]LogConfig: Setting CVar [[r.TranslucencyLightingVolumeDim:64]]
[2026.04.06-02.01.17:309][  0]LogConfig: Setting CVar [[r.RefractionQuality:2]]
[2026.04.06-02.01.17:309][  0]LogConfig: Setting CVar [[r.SSR.Quality:3]]
[2026.04.06-02.01.17:309][  0]LogConfig: Setting CVar [[r.SSR.HalfResSceneColor:0]]
[2026.04.06-02.01.17:309][  0]LogConfig: Setting CVar [[r.SceneColorFormat:4]]
[2026.04.06-02.01.17:309][  0]LogConfig: Setting CVar [[r.DetailMode:2]]
[2026.04.06-02.01.17:309][  0]LogConfig: Setting CVar [[r.TranslucencyVolumeBlur:1]]
[2026.04.06-02.01.17:309][  0]LogConfig: Setting CVar [[r.MaterialQualityLevel:1 ; High quality]]
[2026.04.06-02.01.17:309][  0]LogConfig: Setting CVar [[r.AnisotropicMaterials:1]]
[2026.04.06-02.01.17:309][  0]LogConfig: Setting CVar [[r.SSS.Scale:1]]
[2026.04.06-02.01.17:309][  0]LogConfig: Setting CVar [[r.SSS.SampleSet:2]]
[2026.04.06-02.01.17:309][  0]LogConfig: Setting CVar [[r.SSS.Quality:1]]
[2026.04.06-02.01.17:309][  0]LogConfig: Setting CVar [[r.SSS.HalfRes:0]]
[2026.04.06-02.01.17:309][  0]LogConfig: Setting CVar [[r.SSGI.Quality:3]]
[2026.04.06-02.01.17:309][  0]LogConfig: Setting CVar [[r.EmitterSpawnRateScale:1.0]]
[2026.04.06-02.01.17:309][  0]LogConfig: Setting CVar [[r.ParticleLightQuality:2]]
[2026.04.06-02.01.17:309][  0]LogConfig: Setting CVar [[r.SkyAtmosphere.AerialPerspectiveLUT.FastApplyOnOpaque:1 ; Always have FastSkyLUT 1 in this case to avoid wrong sky]]
[2026.04.06-02.01.17:309][  0]LogConfig: Setting CVar [[r.SkyAtmosphere.AerialPerspectiveLUT.SampleCountMaxPerSlice:4]]
[2026.04.06-02.01.17:309][  0]LogConfig: Setting CVar [[r.SkyAtmosphere.AerialPerspectiveLUT.DepthResolution:16.0]]
[2026.04.06-02.01.17:309][  0]LogConfig: Setting CVar [[r.SkyAtmosphere.FastSkyLUT:1]]
[2026.04.06-02.01.17:309][  0]LogConfig: Setting CVar [[r.SkyAtmosphere.FastSkyLUT.SampleCountMin:4.0]]
[2026.04.06-02.01.17:309][  0]LogConfig: Setting CVar [[r.SkyAtmosphere.FastSkyLUT.SampleCountMax:128.0]]
[2026.04.06-02.01.17:309][  0]LogConfig: Setting CVar [[r.SkyAtmosphere.SampleCountMin:4.0]]
[2026.04.06-02.01.17:309][  0]LogConfig: Setting CVar [[r.SkyAtmosphere.SampleCountMax:128.0]]
[2026.04.06-02.01.17:309][  0]LogConfig: Setting CVar [[r.SkyAtmosphere.TransmittanceLUT.UseSmallFormat:0]]
[2026.04.06-02.01.17:309][  0]LogConfig: Setting CVar [[r.SkyAtmosphere.TransmittanceLUT.SampleCount:10.0]]
[2026.04.06-02.01.17:309][  0]LogConfig: Setting CVar [[r.SkyAtmosphere.MultiScatteringLUT.SampleCount:15.0]]
[2026.04.06-02.01.17:309][  0]LogConfig: Setting CVar [[r.SkyLight.RealTimeReflectionCapture:1]]
[2026.04.06-02.01.17:309][  0]LogConfig: Applying CVar settings from Section [FoliageQuality@3] File [C:/Github/Others/CPSC399_Game/CPSC399Game/Saved/Config/Windows/Scalability.ini]
[2026.04.06-02.01.17:309][  0]LogConfig: Setting CVar [[foliage.DensityScale:1.0]]
[2026.04.06-02.01.17:309][  0]LogConfig: Setting CVar [[grass.DensityScale:1.0]]
[2026.04.06-02.01.17:309][  0]LogConfig: Applying CVar settings from Section [ShadingQuality@3] File [C:/Github/Others/CPSC399_Game/CPSC399Game/Saved/Config/Windows/Scalability.ini]
[2026.04.06-02.01.17:309][  0]LogConfig: Setting CVar [[r.HairStrands.SkyLighting.IntegrationType:2]]
[2026.04.06-02.01.17:309][  0]LogConfig: Setting CVar [[r.HairStrands.SkyAO.SampleCount:4]]
[2026.04.06-02.01.17:309][  0]LogConfig: Setting CVar [[r.HairStrands.Visibility.MSAA.SamplePerPixel:4]]
[2026.04.06-02.01.17:309][  0]LogConfig: Applying CVar settings from Section [Startup] File [../../../Engine/Config/ConsoleVariables.ini]
[2026.04.06-02.01.17:310][  0]LogConfig: Setting CVar [[net.UseAdaptiveNetUpdateFrequency:0]]
[2026.04.06-02.01.17:310][  0]LogConfig: Setting CVar [[p.chaos.AllowCreatePhysxBodies:1]]
[2026.04.06-02.01.17:310][  0]LogConfig: Setting CVar [[fx.SkipVectorVMBackendOptimizations:1]]
[2026.04.06-02.01.17:310][  0]LogConfig: Applying CVar settings from Section [ConsoleVariables] File [C:/Github/Others/CPSC399_Game/CPSC399Game/Saved/Config/Windows/Engine.ini]
[2026.04.06-02.01.17:310][  0]LogConfig: Applying CVar settings from Section [ConsoleVariables] File [C:/Github/Others/CPSC399_Game/CPSC399Game/Saved/Config/Windows/Editor.ini]
[2026.04.06-02.01.17:310][  0]LogInit: Computer: DESKTOP-U8PTTJO
[2026.04.06-02.01.17:310][  0]LogInit: User: aneki
[2026.04.06-02.01.17:310][  0]LogInit: CPU Page size=4096, Cores=6
[2026.04.06-02.01.17:310][  0]LogInit: High frequency timer resolution =10.000000 MHz
[2026.04.06-02.01.17:310][  0]LogMemory: Memory total: Physical=15.9GB (16GB approx)
[2026.04.06-02.01.17:310][  0]LogMemory: Platform Memory Stats for Windows
[2026.04.06-02.01.17:310][  0]LogMemory: Process Physical Memory: 149.34 MB used, 149.34 MB peak
[2026.04.06-02.01.17:310][  0]LogMemory: Process Virtual Memory: 132.38 MB used, 132.38 MB peak
[2026.04.06-02.01.17:310][  0]LogMemory: Physical Memory: 13068.80 MB used,  3241.24 MB free, 16310.05 MB total
[2026.04.06-02.01.17:310][  0]LogMemory: Virtual Memory: 134204384.00 MB used,  13342.74 MB free, 134217728.00 MB total
[2026.04.06-02.01.17:314][  0]LogWindows: WindowsPlatformFeatures enabled
[2026.04.06-02.01.17:350][  0]LogInit: Physics initialised using underlying interface: PhysX
[2026.04.06-02.01.17:351][  0]LogInit: Using OS detected language (en-US).
[2026.04.06-02.01.17:351][  0]LogInit: Using OS detected locale (en-US).
[2026.04.06-02.01.17:353][  0]LogTextLocalizationManager: No specific localization for 'en-US' exists, so the 'en' localization will be used.
[2026.04.06-02.01.17:496][  0]LogInit: Setting process to per monitor DPI aware
[2026.04.06-02.01.17:516][  0]LogWindowsTextInputMethodSystem: Display: IME system deactivated.
[2026.04.06-02.01.17:528][  0]LogSlate: New Slate User Created.  User Index 0, Is Virtual User: 0
[2026.04.06-02.01.17:528][  0]LogSlate: Slate User Registered.  User Index 0, Is Virtual User: 0
[2026.04.06-02.01.17:710][  0]LogD3D11RHI: Loaded GFSDK_Aftermath_Lib.x64.dll
[2026.04.06-02.01.17:725][  0]LogHMD: Failed to initialize OpenVR with code 110
[2026.04.06-02.01.17:725][  0]LogD3D11RHI: D3D11 min allowed feature level: 11_0
[2026.04.06-02.01.17:725][  0]LogD3D11RHI: D3D11 max allowed feature level: 11_0
[2026.04.06-02.01.17:725][  0]LogD3D11RHI: D3D11 adapters:
[2026.04.06-02.01.17:896][  0]LogD3D11RHI:    0. 'NVIDIA GeForce RTX 4070 SUPER' (Feature Level 11_0)
[2026.04.06-02.01.17:896][  0]LogD3D11RHI:       11997/0/8155 MB DedicatedVideo/DedicatedSystem/SharedSystem, Outputs:2, VendorId:0x10de
[2026.04.06-02.01.17:899][  0]LogD3D11RHI:    1. 'Microsoft Basic Render Driver' (Feature Level 11_0)
[2026.04.06-02.01.17:899][  0]LogD3D11RHI:       0/0/8155 MB DedicatedVideo/DedicatedSystem/SharedSystem, Outputs:0, VendorId:0x1414
[2026.04.06-02.01.17:899][  0]LogD3D11RHI: Chosen D3D11 Adapter:
[2026.04.06-02.01.17:899][  0]LogD3D11RHI:     Description : NVIDIA GeForce RTX 4070 SUPER
[2026.04.06-02.01.17:899][  0]LogD3D11RHI:     VendorId    : 10de
[2026.04.06-02.01.17:899][  0]LogD3D11RHI:     DeviceId    : 2783
[2026.04.06-02.01.17:899][  0]LogD3D11RHI:     SubSysId    : 89741043
[2026.04.06-02.01.17:899][  0]LogD3D11RHI:     Revision    : 00a1
[2026.04.06-02.01.17:899][  0]LogD3D11RHI:     DedicatedVideoMemory : 12579766272 bytes
[2026.04.06-02.01.17:899][  0]LogD3D11RHI:     DedicatedSystemMemory : 0 bytes
[2026.04.06-02.01.17:899][  0]LogD3D11RHI:     SharedSystemMemory : 8551161856 bytes
[2026.04.06-02.01.17:899][  0]LogD3D11RHI:     AdapterLuid : 0 54353
[2026.04.06-02.01.17:907][  0]LogD3D11RHI: Creating new Direct3DDevice
[2026.04.06-02.01.17:907][  0]LogD3D11RHI:     GPU DeviceId: 0x2783 (for the marketing name, search the web for "GPU Device Id")
[2026.04.06-02.01.17:907][  0]LogWindows: EnumDisplayDevices:
[2026.04.06-02.01.17:907][  0]LogWindows:    0. 'NVIDIA GeForce RTX 4070 SUPER' (P:1 D:1)
[2026.04.06-02.01.17:908][  0]LogWindows:    1. 'NVIDIA GeForce RTX 4070 SUPER' (P:0 D:1)
[2026.04.06-02.01.17:908][  0]LogWindows:    2. 'NVIDIA GeForce RTX 4070 SUPER' (P:0 D:0)
[2026.04.06-02.01.17:908][  0]LogWindows:    3. 'NVIDIA GeForce RTX 4070 SUPER' (P:0 D:0)
[2026.04.06-02.01.17:908][  0]LogWindows: DebugString: FoundDriverCount:4 
[2026.04.06-02.01.17:908][  0]LogD3D11RHI:     Adapter Name: NVIDIA GeForce RTX 4070 SUPER
[2026.04.06-02.01.17:908][  0]LogD3D11RHI:   Driver Version: 591.86 (internal:32.0.15.9186, unified:591.86)
[2026.04.06-02.01.17:908][  0]LogD3D11RHI:      Driver Date: 1-20-2026
[2026.04.06-02.01.17:908][  0]LogRHI: Texture pool is 8397 MB (70% of 11997 MB)
[2026.04.06-02.01.17:908][  0]LogD3D11RHI: Creating D3DDevice using adapter:
[2026.04.06-02.01.17:908][  0]LogD3D11RHI:     Description : NVIDIA GeForce RTX 4070 SUPER
[2026.04.06-02.01.17:908][  0]LogD3D11RHI:     VendorId    : 10de
[2026.04.06-02.01.17:908][  0]LogD3D11RHI:     DeviceId    : 2783
[2026.04.06-02.01.17:908][  0]LogD3D11RHI:     SubSysId    : 89741043
[2026.04.06-02.01.17:908][  0]LogD3D11RHI:     Revision    : 00a1
[2026.04.06-02.01.17:908][  0]LogD3D11RHI:     DedicatedVideoMemory : 12579766272 bytes
[2026.04.06-02.01.17:908][  0]LogD3D11RHI:     DedicatedSystemMemory : 0 bytes
[2026.04.06-02.01.17:908][  0]LogD3D11RHI:     SharedSystemMemory : 8551161856 bytes
[2026.04.06-02.01.17:908][  0]LogD3D11RHI:     AdapterLuid : 0 54353
[2026.04.06-02.01.18:047][  0]LogD3D11RHI: RHI has support for 64 bit atomics
[2026.04.06-02.01.18:047][  0]LogD3D11RHI: Async texture creation enabled
[2026.04.06-02.01.18:047][  0]LogD3D11RHI: Array index from any shader is supported
[2026.04.06-02.01.18:064][  0]LogD3D11RHI: GPU Timing Frequency: 1000.000000 (Debug: 2 1)
[2026.04.06-02.01.18:092][  0]LogRHI: GeForceNow SDK initialized: 1
[2026.04.06-02.01.18:344][  0]LogTargetPlatformManager: Display: Loaded TargetPlatform 'AllDesktop'
[2026.04.06-02.01.18:361][  0]LogTargetPlatformManager: Display: Loaded TargetPlatform 'Android'
[2026.04.06-02.01.18:361][  0]LogTargetPlatformManager: Display: Loaded TargetPlatform 'Android_ASTC'
[2026.04.06-02.01.18:361][  0]LogTargetPlatformManager: Display: Loaded TargetPlatform 'Android_DXT'
[2026.04.06-02.01.18:361][  0]LogTargetPlatformManager: Display: Loaded TargetPlatform 'Android_ETC2'
[2026.04.06-02.01.18:361][  0]LogTargetPlatformManager: Display: Loaded TargetPlatform 'AndroidClient'
[2026.04.06-02.01.18:361][  0]LogTargetPlatformManager: Display: Loaded TargetPlatform 'Android_ASTCClient'
[2026.04.06-02.01.18:361][  0]LogTargetPlatformManager: Display: Loaded TargetPlatform 'Android_DXTClient'
[2026.04.06-02.01.18:361][  0]LogTargetPlatformManager: Display: Loaded TargetPlatform 'Android_ETC2Client'
[2026.04.06-02.01.18:361][  0]LogTargetPlatformManager: Display: Loaded TargetPlatform 'Android_Multi'
[2026.04.06-02.01.18:361][  0]LogTargetPlatformManager: Display: Loaded TargetPlatform 'Android_MultiClient'
[2026.04.06-02.01.18:375][  0]LogTargetPlatformManager: Display: Loaded TargetPlatform 'IOSClient'
[2026.04.06-02.01.18:375][  0]LogTargetPlatformManager: Display: Loaded TargetPlatform 'IOS'
[2026.04.06-02.01.18:383][  0]LogTargetPlatformManager: Display: Loaded TargetPlatform 'Linux'
[2026.04.06-02.01.18:386][  0]LogTargetPlatformManager: Display: Loaded TargetPlatform 'LinuxNoEditor'
[2026.04.06-02.01.18:389][  0]LogTargetPlatformManager: Display: Loaded TargetPlatform 'LinuxClient'
[2026.04.06-02.01.18:393][  0]LogTargetPlatformManager: Display: Loaded TargetPlatform 'LinuxServer'
[2026.04.06-02.01.18:400][  0]LogTargetPlatformManager: Display: Loaded TargetPlatform 'LinuxAArch64NoEditor'
[2026.04.06-02.01.18:404][  0]LogTargetPlatformManager: Display: Loaded TargetPlatform 'LinuxAArch64Client'
[2026.04.06-02.01.18:408][  0]LogTargetPlatformManager: Display: Loaded TargetPlatform 'LinuxAArch64Server'
[2026.04.06-02.01.18:425][  0]LogTargetPlatformManager: Display: Loaded TargetPlatform 'Lumin'
[2026.04.06-02.01.18:425][  0]LogTargetPlatformManager: Display: Loaded TargetPlatform 'LuminClient'
[2026.04.06-02.01.18:432][  0]LogTargetPlatformManager: Display: Loaded TargetPlatform 'MacNoEditor'
[2026.04.06-02.01.18:436][  0]LogTargetPlatformManager: Display: Loaded TargetPlatform 'Mac'
[2026.04.06-02.01.18:440][  0]LogTargetPlatformManager: Display: Loaded TargetPlatform 'MacClient'
[2026.04.06-02.01.18:443][  0]LogTargetPlatformManager: Display: Loaded TargetPlatform 'MacServer'
[2026.04.06-02.01.18:452][  0]LogTargetPlatformManager: Display: Loaded TargetPlatform 'TVOSClient'
[2026.04.06-02.01.18:452][  0]LogTargetPlatformManager: Display: Loaded TargetPlatform 'TVOS'
[2026.04.06-02.01.18:462][  0]LogTargetPlatformManager: Display: Loaded TargetPlatform 'WindowsNoEditor'
[2026.04.06-02.01.18:466][  0]LogTargetPlatformManager: Display: Loaded TargetPlatform 'Windows'
[2026.04.06-02.01.18:470][  0]LogTargetPlatformManager: Display: Loaded TargetPlatform 'WindowsClient'
[2026.04.06-02.01.18:473][  0]LogTargetPlatformManager: Display: Loaded TargetPlatform 'WindowsServer'
[2026.04.06-02.01.18:473][  0]LogTargetPlatformManager: Display: Building Assets For Windows
[2026.04.06-02.01.18:479][  0]LogAudioDebug: Display: Lib vorbis DLL was dynamically loaded.
[2026.04.06-02.01.18:502][  0]LogTextureFormatOodle: Display: Oodle Texture 2.9.0 init RDO Off
[2026.04.06-02.01.18:526][  0]LogRendererCore: Ray tracing is disabled. Reason: r.RayTracing=0.
[2026.04.06-02.01.18:526][  0]LogShaderCompilers: Guid format shader working directory is 4 characters bigger than the processId version (C:/Github/Others/CPSC399_Game/CPSC399Game/Intermediate/Shaders/WorkingDirectory/21436/).
[2026.04.06-02.01.18:526][  0]LogShaderCompilers: Cleaned the shader compiler working directory 'C:/Users/aneki/AppData/Local/Temp/UnrealShaderWorkingDir/85D185CA4D21ABCD6D1E0396CEA575C1/'.
[2026.04.06-02.01.18:526][  0]LogXGEController: Cannot use XGE Controller as Incredibuild is not installed on this machine.
[2026.04.06-02.01.18:526][  0]LogShaderCompilers: Cannot use XGE Shader Compiler as Incredibuild is not installed on this machine.
[2026.04.06-02.01.18:526][  0]LogShaderCompilers: Display: Using Local Shader Compiler.
[2026.04.06-02.01.19:102][  0]LogDerivedDataCache: Display: Max Cache Size: 512 MB
[2026.04.06-02.01.19:158][  0]LogDerivedDataCache: Loaded boot cache 0.06s 94MB C:/Users/aneki/AppData/Local/UnrealEngine/4.27/DerivedDataCache/Boot.ddc.
[2026.04.06-02.01.19:159][  0]LogDerivedDataCache: Display: Loaded Boot cache: C:/Users/aneki/AppData/Local/UnrealEngine/4.27/DerivedDataCache/Boot.ddc
[2026.04.06-02.01.19:159][  0]LogDerivedDataCache: FDerivedDataBackendGraph:  Pak pak cache file C:/Github/Others/CPSC399_Game/CPSC399Game/DerivedDataCache/DDC.ddp not found, will not use a pak cache.
[2026.04.06-02.01.19:159][  0]LogDerivedDataCache: Unable to find inner node Pak for hierarchical cache Hierarchy.
[2026.04.06-02.01.19:159][  0]LogDerivedDataCache: FDerivedDataBackendGraph:  CompressedPak pak cache file C:/Github/Others/CPSC399_Game/CPSC399Game/DerivedDataCache/Compressed.ddp not found, will not use a pak cache.
[2026.04.06-02.01.19:159][  0]LogDerivedDataCache: Unable to find inner node CompressedPak for hierarchical cache Hierarchy.
[2026.04.06-02.01.19:173][  0]LogDerivedDataCache: Display: Pak cache opened for reading ../../../Engine/DerivedDataCache/Compressed.ddp.
[2026.04.06-02.01.19:173][  0]LogDerivedDataCache: FDerivedDataBackendGraph:  EnterprisePak pak cache file ../../../Enterprise/DerivedDataCache/Compressed.ddp not found, will not use a pak cache.
[2026.04.06-02.01.19:173][  0]LogDerivedDataCache: Unable to find inner node EnterprisePak for hierarchical cache Hierarchy.
[2026.04.06-02.01.19:181][  0]LogDerivedDataCache: Speed tests for C:/Users/aneki/AppData/Local/UnrealEngine/Common/DerivedDataCache took 0.01 seconds
[2026.04.06-02.01.19:181][  0]LogDerivedDataCache: Display: Performance to C:/Users/aneki/AppData/Local/UnrealEngine/Common/DerivedDataCache: Latency=0.02ms. RandomReadSpeed=1138.07MBs, RandomWriteSpeed=139.21MBs. Assigned SpeedClass 'Local'
[2026.04.06-02.01.19:182][  0]LogDerivedDataCache: Using Local data cache path C:/Users/aneki/AppData/Local/UnrealEngine/Common/DerivedDataCache: Writable
[2026.04.06-02.01.19:182][  0]LogDerivedDataCache: Shared data cache path not found in *engine.ini, will not use an Shared cache.
[2026.04.06-02.01.19:182][  0]LogDerivedDataCache: Unable to find inner node Shared for hierarchical cache Hierarchy.
[2026.04.06-02.01.19:219][  0]LogSlate: Using FreeType 2.10.0
[2026.04.06-02.01.19:220][  0]LogSlate: SlateFontServices - WITH_FREETYPE: 1, WITH_HARFBUZZ: 1
[2026.04.06-02.01.19:244][  0]LogAssetRegistry: FAssetRegistry took 0.0025 seconds to start up
[2026.04.06-02.01.19:459][  0]LogInit: Selected Device Profile: [Windows]
[2026.04.06-02.01.19:459][  0]LogInit: Active device profile: [000001A7288E7E00][000001A71D649B00 49] Windows
[2026.04.06-02.01.19:459][  0]LogInit: Profiles: [000001A7288E7E00][000001A71D649B00 49] Windows, [000001A7288A8300][000001A71D5F4100 49] WindowsNoEditor, [000001A7288E4300][000001A71D5F8280 49] WindowsServer, [000001A7288A9E00][000001A7281A8400 49] WindowsClient, [000001A7288E5D00][000001A7281B2580 49] IOS, [000001A7288A8D00][000001A7281B6700 49] iPadAir, [000001A7288E4C00][000001A71D5EA840 49] iPadAir2, [000001A728858600][000001A7281C4A80 49] IPadPro, [000001A728858700][000001A7281BAAC0 49] iPadAir3, [000001A7288E4400][000001A71D0ACC40 49] iPadAir4, [000001A72885BC00][000001A71D0B0DC0 49] iPadMini2, [000001A7288E5100][000001A71D0B4F40 49] iPadMini3, [000001A728859500][000001A71D0B90C0 49] iPadMini4, [000001A7288E6700][000001A71D0BD240 49] iPadMini5, [000001A72884BE00][000001A71D0C5500 49] iPhone6, [000001A72884BF00][000001A71D0C1540 49] iPodTouch6, [000001A7288AB400][000001A7285A5800 49] iPhone7, [000001A7288AAE00][000001A71D06B840 49] iPodTouch7, [000001A728848800][000001A7299DD9C0 49] iPhone5S, [000001A7288AA500][000001A7299E1B40 49] iPhone6Plus, [000001A72884B100][000001A7299E4140 49] iPhone6S, [000001A7288A9200][000001A7299E82C0 49] iPhone6SPlus, [000001A728849000][000001A7299EC440 49] iPhone7Plus, [000001A7288A8700][000001A7202205C0 49] iPhoneSE, [000001A72884A900][000001A7285DC740 49] iPhone8, [000001A7288A9C00][000001A7285D88C0 49] iPhone8Plus, [000001A728849800][000001A71D0A8A00 49] iPhoneX, [000001A7288A8E00][000001A72021CB40 49] iPhoneXS, [000001A72884A100][000001A7295F0C80 49] iPhoneXSMax, [000001A7288A8400][000001A7295F4DC0 49] iPhoneXR, [000001A728848400][000001A7295FCF40 49] iPhone11, [000001A7288AB500][000001A7296010C0 49] iPhone11Pro, [000001A728848C00][000001A729605240 49] iPhone11ProMax, [000001A7288ABD00][000001A7296093C0 49] iPhoneSE2, [000001A728848200][000001A72960D540 49] iPhone12Mini, [000001A7288AB600][000001A7296116C0 49] iPhone12, [000001A72884B500][000001A729615840 49] iPhone12Pro, [000001A7288ABE00][000001A7296199C0 49] iPhone12ProMax, [000001A72884BB00][000001A72961DB40 49] iPadPro105, [000001A7288A9800][000001A729620140 49] iPadPro129, [000001A72884A700][000001A7296242C0 49] iPadPro97, [000001A7288A9700][000001A729628440 49] iPadPro2_129, [000001A72884A300][000001A72962C5C0 49] iPad5, [000001A7288A8600][000001A729630740 49] iPad6, [000001A728849C00][000001A7296348C0 49] iPad7, [000001A7288AAD00][000001A729638A40 49] iPad8, [000001A72884B900][000001A7295F8B80 49] iPadPro11, [000001A7288ABA00][000001A72963CCC0 49] iPadPro2_11, [000001A72884A800][000001A729640E00 49] iPadPro3_129, [000001A7288A8800][000001A729644F40 49] iPadPro4_129, [000001A728848100][000001A72964D0C0 49] AppleTV, [000001A7288A9D00][000001A729651240 49] AppleTV4K, [000001A728849900][000001A7296553C0 49] TVOS, [000001A7288AAB00][000001A729659540 49] Mac, [000001A72884B200][000001A72965D6C0 49] MacClient, [000001A7288A8100][000001A727E0F840 49] MacNoEditor, [000001A72884AD00][000001A727E139C0 49] MacServer, [000001A7288A9500][000001A727E17B40 49] Linux, [000001A728848700][000001A727E1A140 49] LinuxAArch64, [000001A7288A8B00][000001A727E1E2C0 49] LinuxNoEditor, [000001A728848D00][000001A727E22440 49] LinuxAArch64NoEditor, [000001A7288AB100][000001A727E265C0 49] LinuxClient, [000001A728849F00][000001A727E2A740 49] LinuxAArch64Client, [000001A7288AB200][000001A727E2E8C0 49] LinuxServer, [000001A72884AE00][000001A727E32A40 49] LinuxAArch64Server, [000001A7288AA800][000001A727E36BC0 49] Android, [000001A72884B300][000001A727E3AD40 49] Android_Low, [000001A7288ABB00][000001A729648E80 49] Android_Mid, [000001A7288E6E00][000001A727E3EFC0 49] Android_High, [000001A72892D500][000001A727E43100 49] Android_Default, [000001A7288E5700][000001A727E4B280 49] Android_Adreno4xx, [000001A72892E500][000001A727E4F400 49] Android_Adreno5xx_Low, [000001A7288E5600][000001A727E53580 49] Android_Adreno5xx, [000001A72892E700][000001A727E57700 49] Android_Adreno6xx, [000001A7288E4800][000001A727E5B880 49] Android_Adreno6xx_Vulkan, [000001A72892DE00][000001A727E5FA00 49] Android_Mali_T6xx, [000001A7288E4700][000001A727E63B80 49] Android_Mali_T7xx, [000001A72892C600][000001A727E66180 49] Android_Mali_T8xx, [000001A7288E5200][000001A727E6A300 49] Android_Mali_G71, [000001A72892E200][000001A727E6E480 49] Android_Mali_G72, [000001A7288E6A00][000001A727E72600 49] Android_Mali_G72_Vulkan, [000001A72892DC00][000001A727E76780 49] Android_Mali_G76, [000001A7288E6100][000001A727E7A900 49] Android_Mali_G76_Vulkan, [000001A72892D700][000001A727E7EA80 49] Android_Mali_G77, [000001A7288E6F00][000001A727E82C00 49] Android_Mali_G77_Vulkan, [000001A72892DB00][000001A727E86D80 49] Android_Mali_G78, [000001A7288E6600][000001A727E8AF00 49] Android_Mali_G78_Vulkan, [000001A72892E300][000001A727E47040 49] Android_Mali_G710, [000001A7288E4E00][000001A727E8F180 49] Android_Mali_G710_Vulkan, [000001A72892EE00][000001A727E932C0 49] Android_Vulkan_SM5, [000001A7288E7700][000001A727E9B440 49] Android_PowerVR_G6xxx, [000001A72892CA00][000001A727E9F5C0 49] Android_PowerVR_GT7xxx, [000001A7288AA100][000001A727F61740 49] Android_PowerVR_GE8xxx, [000001A72892E600][000001A727F658C0 49] Android_PowerVR_GM9xxx, [000001A7288AAC00][000001A727F69A40 49] Android_PowerVR_GM9xxx_Vulkan, [000001A72892DA00][000001A727F6DBC0 49] Android_TegraK1, [000001A7288AB700][000001A727F701C0 49] Android_Unknown_Vulkan, [000001A72892C300][000001A727F74340 49] Lumin, [000001A7288AA000][000001A727F784C0 49] Lumin_Desktop, [000001A72892EB00][000001A727F7C640 49] HoloLens, 
[2026.04.06-02.01.19:565][  0]LogMeshReduction: Using QuadricMeshReduction for automatic static mesh reduction
[2026.04.06-02.01.19:565][  0]LogMeshReduction: Using SimplygonMeshReduction for automatic skeletal mesh reduction
[2026.04.06-02.01.19:565][  0]LogMeshReduction: Using ProxyLODMeshReduction for automatic mesh merging
[2026.04.06-02.01.19:565][  0]LogMeshReduction: No distributed automatic mesh merging module available
[2026.04.06-02.01.19:565][  0]LogMeshMerging: No distributed automatic mesh merging module available
[2026.04.06-02.01.19:584][  0]LogNetVersion: CPSC399Game 1.0.0, NetCL: 17155196, EngineNetVer: 17, GameNetVer: 0 (Checksum: 2010562307)
[2026.04.06-02.01.19:931][  0]LogTexture: Default maximum texture size for cubemaps generated from long-lat sources has been changed from 512 to unlimited. In order to preserve old behaiour for '/Engine/MapTemplates/Sky/DaylightAmbientCubemap.DaylightAmbientCubemap', its maximum texture size has been explicitly set to 512.
[2026.04.06-02.01.19:977][  0]LogHMD: PokeAHoleMaterial loaded successfully
[2026.04.06-02.01.19:982][  0]LogUObjectArray: 17178 objects as part of root set at end of initial load.
[2026.04.06-02.01.19:982][  0]LogUObjectAllocator: 4302048 out of 0 bytes used by permanent object pool.
[2026.04.06-02.01.19:982][  0]LogUObjectArray: CloseDisregardForGC: 0/0 objects in disregard for GC pool
[2026.04.06-02.01.20:194][  0]LogNiagaraDebuggerClient: Niagara Debugger Client Initialized | Session: A55E0B3E4F7985EBB441AA93701A1906 | Instance: DF94FF48420A879AAA0AE8B0885E1F69 (DESKTOP-U8PTTJO-21436).
[2026.04.06-02.01.20:281][  0]LogPython: Using Python 3.7.7
[2026.04.06-02.01.20:692][  0]LogUdpMessaging: Initializing bridge on interface 0.0.0.0:0 to multicast group 230.0.0.1:6666.
[2026.04.06-02.01.20:696][  0]LogTcpMessaging: Initializing TcpMessaging bridge
[2026.04.06-02.01.20:806][  0]SourceControl: Source control is disabled
[2026.04.06-02.01.20:806][  0]SourceControl: Source control is disabled
[2026.04.06-02.01.20:808][  0]SourceControl: Source control is disabled
[2026.04.06-02.01.20:811][  0]SourceControl: Source control is disabled
[2026.04.06-02.01.20:818][  0]SourceControl: Source control is disabled
[2026.04.06-02.01.20:823][  0]LogUProjectInfo: Found projects:
[2026.04.06-02.01.20:988][  0]LogOpenImageDenoise: OIDN starting up
[2026.04.06-02.01.21:015][  0]LogAndroidPermission: UAndroidPermissionCallbackProxy::GetInstance
[2026.04.06-02.01.21:033][  0]LogAudioCaptureCore: Display: No Audio Capture implementations found. Audio input will be silent.
[2026.04.06-02.01.21:033][  0]LogAudioCaptureCore: Display: No Audio Capture implementations found. Audio input will be silent.
[2026.04.06-02.01.21:124][  0]LogCollectionManager: Loaded 0 collections in 0.000523 seconds
[2026.04.06-02.01.21:144][  0]LogFileCache: Scanning file cache for directory 'C:/Github/Others/CPSC399_Game/CPSC399Game/Saved/Collections/' took 0.00s
[2026.04.06-02.01.21:144][  0]LogFileCache: Scanning file cache for directory 'C:/Github/Others/CPSC399_Game/CPSC399Game/Content/Developers/aneki/Collections/' took 0.00s
[2026.04.06-02.01.21:144][  0]LogFileCache: Scanning file cache for directory 'C:/Github/Others/CPSC399_Game/CPSC399Game/Content/Collections/' took 0.00s
[2026.04.06-02.01.21:144][  0]LogOcInput: OculusInput pre-init called
[2026.04.06-02.01.21:349][  0]LogEngine: Initializing Engine...
[2026.04.06-02.01.21:352][  0]LogHMD: Failed to enumerate extensions. Please check that you have a valid OpenXR runtime installed.
[2026.04.06-02.01.21:352][  0]LogHMD: Failed to initialize OpenVR with code 110
[2026.04.06-02.01.21:352][  0]LogMagicLeap: Warning: VR disabled because ZI is not enabled.  To enable, in the editor, Edit -> Project Settings -> Plugins -> Magic Leap Plugin -> Enable Zero Iteration
[2026.04.06-02.01.21:353][  0]LogStats: UGameplayTagsManager::InitializeManager -  0.000 s
[2026.04.06-02.01.21:450][  0]LogInit: Initializing FReadOnlyCVARCache
[2026.04.06-02.01.21:460][  0]LogAIModule: Creating AISystem for world Untitled
[2026.04.06-02.01.21:460][  0]LogAudio: Display: Initializing Audio Device Manager...
[2026.04.06-02.01.21:463][  0]LogAudio: Display: Loading Default Audio Settings Objects...
[2026.04.06-02.01.21:464][  0]LogAudio: Display: No default SoundConcurrencyObject specified (or failed to load).
[2026.04.06-02.01.21:464][  0]LogAudio: Display: Audio Device Manager Initialized
[2026.04.06-02.01.21:464][  0]LogAudio: Display: Creating Audio Device:                 Id: 1, Scope: Shared, Realtime: True
[2026.04.06-02.01.21:464][  0]LogAudioMixer: Display: Audio Mixer Platform Settings:
[2026.04.06-02.01.21:464][  0]LogAudioMixer: Display: 	Sample Rate:						  48000
[2026.04.06-02.01.21:464][  0]LogAudioMixer: Display: 	Callback Buffer Frame Size Requested: 1024
[2026.04.06-02.01.21:464][  0]LogAudioMixer: Display: 	Callback Buffer Frame Size To Use:	  1024
[2026.04.06-02.01.21:464][  0]LogAudioMixer: Display: 	Number of buffers to queue:			  2
[2026.04.06-02.01.21:464][  0]LogAudioMixer: Display: 	Max Channels (voices):				  32
[2026.04.06-02.01.21:464][  0]LogAudioMixer: Display: 	Number of Async Source Workers:		  0
[2026.04.06-02.01.21:464][  0]LogAudio: Display: AudioDevice MaxSources: 32
[2026.04.06-02.01.21:464][  0]LogAudio: Display: Audio Spatialization Plugin: None (built-in).
[2026.04.06-02.01.21:464][  0]LogAudio: Display: Audio Reverb Plugin: None (built-in).
[2026.04.06-02.01.21:464][  0]LogAudio: Display: Audio Occlusion Plugin: None (built-in).
[2026.04.06-02.01.21:464][  0]LogAudioMixer: Display: Initializing audio mixer.
[2026.04.06-02.01.21:474][  0]LogAudioMixer: Display: 0: FrontLeft
[2026.04.06-02.01.21:474][  0]LogAudioMixer: Display: 1: FrontRight
[2026.04.06-02.01.21:474][  0]LogAudioMixer: Display: 2: FrontCenter
[2026.04.06-02.01.21:474][  0]LogAudioMixer: Display: 3: LowFrequency
[2026.04.06-02.01.21:474][  0]LogAudioMixer: Display: 4: BackLeft
[2026.04.06-02.01.21:474][  0]LogAudioMixer: Display: 5: BackRight
[2026.04.06-02.01.21:474][  0]LogAudioMixer: Display: 6: SideLeft
[2026.04.06-02.01.21:474][  0]LogAudioMixer: Display: 7: SideRight
[2026.04.06-02.01.21:491][  0]LogAudioMixer: Display: Using Audio Device Speakers (Logitech G733 Gaming Headset)
[2026.04.06-02.01.21:494][  0]LogAudioMixer: Display: Initializing Sound Submixes...
[2026.04.06-02.01.21:497][  0]LogAudioMixer: Display: Creating Master Submix 'MasterSubmixDefault'
[2026.04.06-02.01.21:497][  0]LogAudioMixer: Display: Creating Master Submix 'MasterReverbSubmixDefault'
[2026.04.06-02.01.21:498][  0]LogAudioMixer: Display: Creating Master Submix 'MasterEQSubmixDefault'
[2026.04.06-02.01.21:498][  0]LogAudioMixer: FMixerPlatformXAudio2::StartAudioStream() called
[2026.04.06-02.01.21:498][  0]LogAudioMixer: Display: Output buffers initialized: Frames=1024, Channels=8, Samples=8192
[2026.04.06-02.01.21:499][  0]LogAudioMixer: Display: Starting AudioMixerPlatformInterface::RunInternal()
[2026.04.06-02.01.21:499][  0]LogAudioMixer: Display: FMixerPlatformXAudio2::SubmitBuffer() called for the first time
[2026.04.06-02.01.21:499][  0]LogInit: FAudioDevice initialized.
[2026.04.06-02.01.21:499][  0]LogAudio: Display: Audio Device (ID: 1) registered with world 'Untitled'.
[2026.04.06-02.01.21:499][  0]LogNetVersion: Set ProjectVersion to 1.0.0.0. Version Checksum will be recalculated on next use.
[2026.04.06-02.01.21:542][  0]LogDerivedDataCache: Saved boot cache 0.04s 94MB C:/Users/aneki/AppData/Local/UnrealEngine/4.27/DerivedDataCache/Boot.ddc.
[2026.04.06-02.01.21:543][  0]LogInit: Texture streaming: Enabled
[2026.04.06-02.01.21:554][  0]LogAnalytics: Display: [UEEditor.Rocket.Release] APIServer = https://datarouter.ol.epicgames.com/. AppVersion = 4.27.2-18319896+++UE4+Release-4.27
[2026.04.06-02.01.21:557][  0]LogEngineSessionManager: EngineSessionManager initialized
[2026.04.06-02.01.21:557][  0]LogEditorSessionSummary: Verbose: Initializing EditorSessionSummaryWriter for editor session tracking
[2026.04.06-02.01.21:558][  0]LogEditorSessionSummary: EditorSessionSummaryWriter initialized
[2026.04.06-02.01.21:585][  0]LogInit: Transaction tracking system initialized
[2026.04.06-02.01.21:603][  0]BlueprintLog: New page: Editor Load
[2026.04.06-02.01.21:653][  0]LocalizationService: Localization service is disabled
[2026.04.06-02.01.21:671][  0]TimingProfiler: Initialize
[2026.04.06-02.01.21:671][  0]TimingProfiler: OnSessionChanged
[2026.04.06-02.01.21:671][  0]LoadingProfiler: Initialize
[2026.04.06-02.01.21:671][  0]LoadingProfiler: OnSessionChanged
[2026.04.06-02.01.21:671][  0]NetworkingProfiler: Initialize
[2026.04.06-02.01.21:671][  0]NetworkingProfiler: OnSessionChanged
[2026.04.06-02.01.21:671][  0]MemoryProfiler: Initialize
[2026.04.06-02.01.21:671][  0]MemoryProfiler: OnSessionChanged
[2026.04.06-02.01.21:790][  0]LogCook: Display: CookSettings for Memory: MemoryMaxUsedVirtual 0MiB, MemoryMaxUsedPhysical 16384MiB, MemoryMinFreeVirtual 0MiB, MemoryMinFreePhysical 1024MiB
[2026.04.06-02.01.21:790][  0]LogCook: Display: Mobile HDR setting 1
[2026.04.06-02.01.21:955][  0]LogFileCache: Scanning file cache for directory 'C:/Github/Others/CPSC399_Game/CPSC399Game/Content/' took 0.01s
[2026.04.06-02.01.22:141][  0]LogInit: Display: Engine is initialized. Leaving FEngineLoop::Init()
[2026.04.06-02.01.22:145][  0]SourceControl: Source control is disabled
[2026.04.06-02.01.22:145][  0]LogUnrealEdMisc: Loading editor; pre map load, took 5.836
[2026.04.06-02.01.22:146][  0]Cmd: MAP LOAD FILE="C:/Github/Others/CPSC399_Game/CPSC399Game/Content/ThirdPersonBP/Maps/ThirdPersonExampleMap.umap" TEMPLATE=0 SHOWPROGRESS=1 FEATURELEVEL=3
[2026.04.06-02.01.22:146][  0]LightingResults: New page: Lighting Build
[2026.04.06-02.01.22:148][  0]LogWorld: UWorld::CleanupWorld for Untitled, bSessionEnded=true, bCleanupResources=true
[2026.04.06-02.01.22:148][  0]LogSlate: InvalidateAllWidgets triggered.  All widgets were invalidated
[2026.04.06-02.01.22:148][  0]MapCheck: New page: Map Check
[2026.04.06-02.01.22:148][  0]LightingResults: New page: Lighting Build
[2026.04.06-02.01.22:151][  0]LogAudio: Display: Audio Device unregistered from world 'None'.
[2026.04.06-02.01.22:153][  0]LogUObjectHash: Compacting FUObjectHashTables data took   0.86ms
[2026.04.06-02.01.22:398][  0]LogAudio: Display: Audio Device (ID: 1) registered with world 'ThirdPersonExampleMap'.
[2026.04.06-02.01.22:399][  0]LogAIModule: Creating AISystem for world ThirdPersonExampleMap
[2026.04.06-02.01.22:417][  0]LogEditorServer: Finished looking for orphan Actors (0.000 secs)
[2026.04.06-02.01.22:424][  0]LogUObjectHash: Compacting FUObjectHashTables data took   0.92ms
[2026.04.06-02.01.22:424][  0]Cmd: MAP CHECKDEP NOCLEARLOG
[2026.04.06-02.01.22:424][  0]MapCheck: Map check complete: 0 Error(s), 0 Warning(s), took 0.155ms to complete.
[2026.04.06-02.01.22:424][  0]LogFileHelpers: Loading map 'ThirdPersonExampleMap' took 0.279
[2026.04.06-02.01.22:426][  0]LogUnrealEdMisc: Total Editor Startup Time, took 6.117
[2026.04.06-02.01.22:534][  0]LogSlate: Updating window title bar state: overlay mode, drag disabled, window buttons hidden, title bar hidden
[2026.04.06-02.01.22:539][  0]LogSlate: Updating window title bar state: overlay mode, drag disabled, window buttons hidden, title bar hidden
[2026.04.06-02.01.22:545][  0]LogSlate: Updating window title bar state: overlay mode, drag disabled, window buttons hidden, title bar hidden
[2026.04.06-02.01.22:550][  0]LogSlate: Updating window title bar state: overlay mode, drag disabled, window buttons hidden, title bar hidden
[2026.04.06-02.01.22:564][  0]LogNativeClassHierarchy: Verbose: Native class hierarchy populated in 0.0098 seconds. Added 3822 classes and 928 folders.
[2026.04.06-02.01.22:566][  0]LogNativeClassHierarchy: Verbose: Native class hierarchy updated for 'WidgetCarousel' in 0.0003 seconds. Added 0 classes and 0 folders.
[2026.04.06-02.01.22:568][  0]LogPakFile: PakFile PrimaryIndexSize=187
[2026.04.06-02.01.22:568][  0]LogPakFile: PakFile PathHashIndexSize=101
[2026.04.06-02.01.22:568][  0]LogPakFile: PakFile FullDirectoryIndexSize=148
[2026.04.06-02.01.22:568][  0]LogShaderLibrary: Display: ShaderCodeLibraryPakFileMountedCallback: PakFile 'F:/Unreal Engine/UE_4.27/FeaturePacks/FP_FirstPerson.upack' (chunk index -1, root 'root:/') mounted
[2026.04.06-02.01.22:568][  0]LogShaderLibrary: Display: ShaderCodeLibraryPakFileMountedCallback: pending pak file info (ChunkID:-1 Root:root:/ File:F:/Unreal Engine/UE_4.27/FeaturePacks/FP_FirstPerson.upack)
[2026.04.06-02.01.22:568][  0]LogPakFile: OnPakFileMounted2Time == 0.000088
[2026.04.06-02.01.22:569][  0]LogPakFile: PakFile PrimaryIndexSize=189
[2026.04.06-02.01.22:569][  0]LogPakFile: PakFile PathHashIndexSize=101
[2026.04.06-02.01.22:569][  0]LogPakFile: PakFile FullDirectoryIndexSize=152
[2026.04.06-02.01.22:569][  0]LogShaderLibrary: Display: ShaderCodeLibraryPakFileMountedCallback: PakFile 'F:/Unreal Engine/UE_4.27/FeaturePacks/FP_FirstPersonBP.upack' (chunk index -1, root 'root:/') mounted
[2026.04.06-02.01.22:569][  0]LogShaderLibrary: Display: ShaderCodeLibraryPakFileMountedCallback: pending pak file info (ChunkID:-1 Root:root:/ File:F:/Unreal Engine/UE_4.27/FeaturePacks/FP_FirstPersonBP.upack)
[2026.04.06-02.01.22:569][  0]LogPakFile: OnPakFileMounted2Time == 0.000031
[2026.04.06-02.01.22:569][  0]LogPakFile: PakFile PrimaryIndexSize=191
[2026.04.06-02.01.22:569][  0]LogPakFile: PakFile PathHashIndexSize=101
[2026.04.06-02.01.22:569][  0]LogPakFile: PakFile FullDirectoryIndexSize=160
[2026.04.06-02.01.22:569][  0]LogShaderLibrary: Display: ShaderCodeLibraryPakFileMountedCallback: PakFile 'F:/Unreal Engine/UE_4.27/FeaturePacks/MobileStarterContent.upack' (chunk index -1, root 'root:/') mounted
[2026.04.06-02.01.22:569][  0]LogShaderLibrary: Display: ShaderCodeLibraryPakFileMountedCallback: pending pak file info (ChunkID:-1 Root:root:/ File:F:/Unreal Engine/UE_4.27/FeaturePacks/MobileStarterContent.upack)
[2026.04.06-02.01.22:569][  0]LogPakFile: OnPakFileMounted2Time == 0.000032
[2026.04.06-02.01.22:570][  0]LogPakFile: PakFile PrimaryIndexSize=185
[2026.04.06-02.01.22:570][  0]LogPakFile: PakFile PathHashIndexSize=101
[2026.04.06-02.01.22:570][  0]LogPakFile: PakFile FullDirectoryIndexSize=148
[2026.04.06-02.01.22:570][  0]LogShaderLibrary: Display: ShaderCodeLibraryPakFileMountedCallback: PakFile 'F:/Unreal Engine/UE_4.27/FeaturePacks/StarterContent.upack' (chunk index -1, root 'root:/') mounted
[2026.04.06-02.01.22:570][  0]LogShaderLibrary: Display: ShaderCodeLibraryPakFileMountedCallback: pending pak file info (ChunkID:-1 Root:root:/ File:F:/Unreal Engine/UE_4.27/FeaturePacks/StarterContent.upack)
[2026.04.06-02.01.22:570][  0]LogPakFile: OnPakFileMounted2Time == 0.000029
[2026.04.06-02.01.22:570][  0]LogPakFile: PakFile PrimaryIndexSize=190
[2026.04.06-02.01.22:571][  0]LogPakFile: PakFile PathHashIndexSize=101
[2026.04.06-02.01.22:571][  0]LogPakFile: PakFile FullDirectoryIndexSize=154
[2026.04.06-02.01.22:571][  0]LogShaderLibrary: Display: ShaderCodeLibraryPakFileMountedCallback: PakFile 'F:/Unreal Engine/UE_4.27/FeaturePacks/TP_2DSideScroller.upack' (chunk index -1, root 'root:/') mounted
[2026.04.06-02.01.22:571][  0]LogShaderLibrary: Display: ShaderCodeLibraryPakFileMountedCallback: pending pak file info (ChunkID:-1 Root:root:/ File:F:/Unreal Engine/UE_4.27/FeaturePacks/TP_2DSideScroller.upack)
[2026.04.06-02.01.22:571][  0]LogPakFile: OnPakFileMounted2Time == 0.000024
[2026.04.06-02.01.22:571][  0]LogPakFile: PakFile PrimaryIndexSize=192
[2026.04.06-02.01.22:571][  0]LogPakFile: PakFile PathHashIndexSize=101
[2026.04.06-02.01.22:571][  0]LogPakFile: PakFile FullDirectoryIndexSize=158
[2026.04.06-02.01.22:571][  0]LogShaderLibrary: Display: ShaderCodeLibraryPakFileMountedCallback: PakFile 'F:/Unreal Engine/UE_4.27/FeaturePacks/TP_2DSideScrollerBP.upack' (chunk index -1, root 'root:/') mounted
[2026.04.06-02.01.22:571][  0]LogShaderLibrary: Display: ShaderCodeLibraryPakFileMountedCallback: pending pak file info (ChunkID:-1 Root:root:/ File:F:/Unreal Engine/UE_4.27/FeaturePacks/TP_2DSideScrollerBP.upack)
[2026.04.06-02.01.22:571][  0]LogPakFile: OnPakFileMounted2Time == 0.000031
[2026.04.06-02.01.22:572][  0]LogPakFile: PakFile PrimaryIndexSize=182
[2026.04.06-02.01.22:572][  0]LogPakFile: PakFile PathHashIndexSize=101
[2026.04.06-02.01.22:572][  0]LogPakFile: PakFile FullDirectoryIndexSize=138
[2026.04.06-02.01.22:572][  0]LogShaderLibrary: Display: ShaderCodeLibraryPakFileMountedCallback: PakFile 'F:/Unreal Engine/UE_4.27/FeaturePacks/TP_Flying.upack' (chunk index -1, root 'root:/') mounted
[2026.04.06-02.01.22:572][  0]LogShaderLibrary: Display: ShaderCodeLibraryPakFileMountedCallback: pending pak file info (ChunkID:-1 Root:root:/ File:F:/Unreal Engine/UE_4.27/FeaturePacks/TP_Flying.upack)
[2026.04.06-02.01.22:572][  0]LogPakFile: OnPakFileMounted2Time == 0.000023
[2026.04.06-02.01.22:572][  0]LogPakFile: PakFile PrimaryIndexSize=184
[2026.04.06-02.01.22:572][  0]LogPakFile: PakFile PathHashIndexSize=101
[2026.04.06-02.01.22:572][  0]LogPakFile: PakFile FullDirectoryIndexSize=142
[2026.04.06-02.01.22:572][  0]LogShaderLibrary: Display: ShaderCodeLibraryPakFileMountedCallback: PakFile 'F:/Unreal Engine/UE_4.27/FeaturePacks/TP_FlyingBP.upack' (chunk index -1, root 'root:/') mounted
[2026.04.06-02.01.22:572][  0]LogShaderLibrary: Display: ShaderCodeLibraryPakFileMountedCallback: pending pak file info (ChunkID:-1 Root:root:/ File:F:/Unreal Engine/UE_4.27/FeaturePacks/TP_FlyingBP.upack)
[2026.04.06-02.01.22:572][  0]LogPakFile: OnPakFileMounted2Time == 0.000032
[2026.04.06-02.01.22:573][  0]LogPakFile: PakFile PrimaryIndexSize=188
[2026.04.06-02.01.22:573][  0]LogPakFile: PakFile PathHashIndexSize=101
[2026.04.06-02.01.22:573][  0]LogPakFile: PakFile FullDirectoryIndexSize=150
[2026.04.06-02.01.22:573][  0]LogShaderLibrary: Display: ShaderCodeLibraryPakFileMountedCallback: PakFile 'F:/Unreal Engine/UE_4.27/FeaturePacks/TP_HandheldARBP.upack' (chunk index -1, root 'root:/') mounted
[2026.04.06-02.01.22:573][  0]LogShaderLibrary: Display: ShaderCodeLibraryPakFileMountedCallback: pending pak file info (ChunkID:-1 Root:root:/ File:F:/Unreal Engine/UE_4.27/FeaturePacks/TP_HandheldARBP.upack)
[2026.04.06-02.01.22:573][  0]LogPakFile: OnPakFileMounted2Time == 0.000027
[2026.04.06-02.01.22:573][  0]LogPakFile: PakFile PrimaryIndexSize=182
[2026.04.06-02.01.22:573][  0]LogPakFile: PakFile PathHashIndexSize=101
[2026.04.06-02.01.22:573][  0]LogPakFile: PakFile FullDirectoryIndexSize=138
[2026.04.06-02.01.22:573][  0]LogShaderLibrary: Display: ShaderCodeLibraryPakFileMountedCallback: PakFile 'F:/Unreal Engine/UE_4.27/FeaturePacks/TP_Puzzle.upack' (chunk index -1, root 'root:/') mounted
[2026.04.06-02.01.22:573][  0]LogShaderLibrary: Display: ShaderCodeLibraryPakFileMountedCallback: pending pak file info (ChunkID:-1 Root:root:/ File:F:/Unreal Engine/UE_4.27/FeaturePacks/TP_Puzzle.upack)
[2026.04.06-02.01.22:573][  0]LogPakFile: OnPakFileMounted2Time == 0.000025
[2026.04.06-02.01.22:575][  0]LogPakFile: PakFile PrimaryIndexSize=184
[2026.04.06-02.01.22:575][  0]LogPakFile: PakFile PathHashIndexSize=101
[2026.04.06-02.01.22:575][  0]LogPakFile: PakFile FullDirectoryIndexSize=142
[2026.04.06-02.01.22:575][  0]LogShaderLibrary: Display: ShaderCodeLibraryPakFileMountedCallback: PakFile 'F:/Unreal Engine/UE_4.27/FeaturePacks/TP_PuzzleBP.upack' (chunk index -1, root 'root:/') mounted
[2026.04.06-02.01.22:575][  0]LogShaderLibrary: Display: ShaderCodeLibraryPakFileMountedCallback: pending pak file info (ChunkID:-1 Root:root:/ File:F:/Unreal Engine/UE_4.27/FeaturePacks/TP_PuzzleBP.upack)
[2026.04.06-02.01.22:575][  0]LogPakFile: OnPakFileMounted2Time == 0.000023
[2026.04.06-02.01.22:575][  0]LogPakFile: PakFile PrimaryIndexSize=183
[2026.04.06-02.01.22:575][  0]LogPakFile: PakFile PathHashIndexSize=101
[2026.04.06-02.01.22:575][  0]LogPakFile: PakFile FullDirectoryIndexSize=140
[2026.04.06-02.01.22:575][  0]LogShaderLibrary: Display: ShaderCodeLibraryPakFileMountedCallback: PakFile 'F:/Unreal Engine/UE_4.27/FeaturePacks/TP_Rolling.upack' (chunk index -1, root 'root:/') mounted
[2026.04.06-02.01.22:575][  0]LogShaderLibrary: Display: ShaderCodeLibraryPakFileMountedCallback: pending pak file info (ChunkID:-1 Root:root:/ File:F:/Unreal Engine/UE_4.27/FeaturePacks/TP_Rolling.upack)
[2026.04.06-02.01.22:575][  0]LogPakFile: OnPakFileMounted2Time == 0.000023
[2026.04.06-02.01.22:576][  0]LogPakFile: PakFile PrimaryIndexSize=185
[2026.04.06-02.01.22:576][  0]LogPakFile: PakFile PathHashIndexSize=101
[2026.04.06-02.01.22:576][  0]LogPakFile: PakFile FullDirectoryIndexSize=144
[2026.04.06-02.01.22:576][  0]LogShaderLibrary: Display: ShaderCodeLibraryPakFileMountedCallback: PakFile 'F:/Unreal Engine/UE_4.27/FeaturePacks/TP_RollingBP.upack' (chunk index -1, root 'root:/') mounted
[2026.04.06-02.01.22:576][  0]LogShaderLibrary: Display: ShaderCodeLibraryPakFileMountedCallback: pending pak file info (ChunkID:-1 Root:root:/ File:F:/Unreal Engine/UE_4.27/FeaturePacks/TP_RollingBP.upack)
[2026.04.06-02.01.22:576][  0]LogPakFile: OnPakFileMounted2Time == 0.000022
[2026.04.06-02.01.22:576][  0]LogPakFile: PakFile PrimaryIndexSize=188
[2026.04.06-02.01.22:576][  0]LogPakFile: PakFile PathHashIndexSize=101
[2026.04.06-02.01.22:576][  0]LogPakFile: PakFile FullDirectoryIndexSize=150
[2026.04.06-02.01.22:576][  0]LogShaderLibrary: Display: ShaderCodeLibraryPakFileMountedCallback: PakFile 'F:/Unreal Engine/UE_4.27/FeaturePacks/TP_SideScroller.upack' (chunk index -1, root 'root:/') mounted
[2026.04.06-02.01.22:576][  0]LogShaderLibrary: Display: ShaderCodeLibraryPakFileMountedCallback: pending pak file info (ChunkID:-1 Root:root:/ File:F:/Unreal Engine/UE_4.27/FeaturePacks/TP_SideScroller.upack)
[2026.04.06-02.01.22:576][  0]LogPakFile: OnPakFileMounted2Time == 0.000030
[2026.04.06-02.01.22:577][  0]LogPakFile: PakFile PrimaryIndexSize=190
[2026.04.06-02.01.22:577][  0]LogPakFile: PakFile PathHashIndexSize=101
[2026.04.06-02.01.22:577][  0]LogPakFile: PakFile FullDirectoryIndexSize=154
[2026.04.06-02.01.22:577][  0]LogShaderLibrary: Display: ShaderCodeLibraryPakFileMountedCallback: PakFile 'F:/Unreal Engine/UE_4.27/FeaturePacks/TP_SideScrollerBP.upack' (chunk index -1, root 'root:/') mounted
[2026.04.06-02.01.22:577][  0]LogShaderLibrary: Display: ShaderCodeLibraryPakFileMountedCallback: pending pak file info (ChunkID:-1 Root:root:/ File:F:/Unreal Engine/UE_4.27/FeaturePacks/TP_SideScrollerBP.upack)
[2026.04.06-02.01.22:577][  0]LogPakFile: OnPakFileMounted2Time == 0.000023
[2026.04.06-02.01.22:577][  0]LogPakFile: PakFile PrimaryIndexSize=187
[2026.04.06-02.01.22:577][  0]LogPakFile: PakFile PathHashIndexSize=101
[2026.04.06-02.01.22:577][  0]LogPakFile: PakFile FullDirectoryIndexSize=148
[2026.04.06-02.01.22:577][  0]LogShaderLibrary: Display: ShaderCodeLibraryPakFileMountedCallback: PakFile 'F:/Unreal Engine/UE_4.27/FeaturePacks/TP_ThirdPerson.upack' (chunk index -1, root 'root:/') mounted
[2026.04.06-02.01.22:577][  0]LogShaderLibrary: Display: ShaderCodeLibraryPakFileMountedCallback: pending pak file info (ChunkID:-1 Root:root:/ File:F:/Unreal Engine/UE_4.27/FeaturePacks/TP_ThirdPerson.upack)
[2026.04.06-02.01.22:577][  0]LogPakFile: OnPakFileMounted2Time == 0.000029
[2026.04.06-02.01.22:578][  0]LogPakFile: PakFile PrimaryIndexSize=189
[2026.04.06-02.01.22:578][  0]LogPakFile: PakFile PathHashIndexSize=101
[2026.04.06-02.01.22:578][  0]LogPakFile: PakFile FullDirectoryIndexSize=152
[2026.04.06-02.01.22:578][  0]LogShaderLibrary: Display: ShaderCodeLibraryPakFileMountedCallback: PakFile 'F:/Unreal Engine/UE_4.27/FeaturePacks/TP_ThirdPersonBP.upack' (chunk index -1, root 'root:/') mounted
[2026.04.06-02.01.22:578][  0]LogShaderLibrary: Display: ShaderCodeLibraryPakFileMountedCallback: pending pak file info (ChunkID:-1 Root:root:/ File:F:/Unreal Engine/UE_4.27/FeaturePacks/TP_ThirdPersonBP.upack)
[2026.04.06-02.01.22:578][  0]LogPakFile: OnPakFileMounted2Time == 0.000027
[2026.04.06-02.01.22:579][  0]LogPakFile: PakFile PrimaryIndexSize=183
[2026.04.06-02.01.22:579][  0]LogPakFile: PakFile PathHashIndexSize=101
[2026.04.06-02.01.22:579][  0]LogPakFile: PakFile FullDirectoryIndexSize=140
[2026.04.06-02.01.22:579][  0]LogShaderLibrary: Display: ShaderCodeLibraryPakFileMountedCallback: PakFile 'F:/Unreal Engine/UE_4.27/FeaturePacks/TP_TopDown.upack' (chunk index -1, root 'root:/') mounted
[2026.04.06-02.01.22:579][  0]LogShaderLibrary: Display: ShaderCodeLibraryPakFileMountedCallback: pending pak file info (ChunkID:-1 Root:root:/ File:F:/Unreal Engine/UE_4.27/FeaturePacks/TP_TopDown.upack)
[2026.04.06-02.01.22:579][  0]LogPakFile: OnPakFileMounted2Time == 0.000028
[2026.04.06-02.01.22:579][  0]LogPakFile: PakFile PrimaryIndexSize=185
[2026.04.06-02.01.22:579][  0]LogPakFile: PakFile PathHashIndexSize=101
[2026.04.06-02.01.22:579][  0]LogPakFile: PakFile FullDirectoryIndexSize=144
[2026.04.06-02.01.22:579][  0]LogShaderLibrary: Display: ShaderCodeLibraryPakFileMountedCallback: PakFile 'F:/Unreal Engine/UE_4.27/FeaturePacks/TP_TopDownBP.upack' (chunk index -1, root 'root:/') mounted
[2026.04.06-02.01.22:579][  0]LogShaderLibrary: Display: ShaderCodeLibraryPakFileMountedCallback: pending pak file info (ChunkID:-1 Root:root:/ File:F:/Unreal Engine/UE_4.27/FeaturePacks/TP_TopDownBP.upack)
[2026.04.06-02.01.22:579][  0]LogPakFile: OnPakFileMounted2Time == 0.000049
[2026.04.06-02.01.22:580][  0]LogPakFile: PakFile PrimaryIndexSize=185
[2026.04.06-02.01.22:580][  0]LogPakFile: PakFile PathHashIndexSize=101
[2026.04.06-02.01.22:580][  0]LogPakFile: PakFile FullDirectoryIndexSize=144
[2026.04.06-02.01.22:580][  0]LogShaderLibrary: Display: ShaderCodeLibraryPakFileMountedCallback: PakFile 'F:/Unreal Engine/UE_4.27/FeaturePacks/TP_TwinStick.upack' (chunk index -1, root 'root:/') mounted
[2026.04.06-02.01.22:580][  0]LogShaderLibrary: Display: ShaderCodeLibraryPakFileMountedCallback: pending pak file info (ChunkID:-1 Root:root:/ File:F:/Unreal Engine/UE_4.27/FeaturePacks/TP_TwinStick.upack)
[2026.04.06-02.01.22:580][  0]LogPakFile: OnPakFileMounted2Time == 0.000022
[2026.04.06-02.01.22:580][  0]LogPakFile: PakFile PrimaryIndexSize=187
[2026.04.06-02.01.22:580][  0]LogPakFile: PakFile PathHashIndexSize=101
[2026.04.06-02.01.22:580][  0]LogPakFile: PakFile FullDirectoryIndexSize=148
[2026.04.06-02.01.22:580][  0]LogShaderLibrary: Display: ShaderCodeLibraryPakFileMountedCallback: PakFile 'F:/Unreal Engine/UE_4.27/FeaturePacks/TP_TwinStickBP.upack' (chunk index -1, root 'root:/') mounted
[2026.04.06-02.01.22:580][  0]LogShaderLibrary: Display: ShaderCodeLibraryPakFileMountedCallback: pending pak file info (ChunkID:-1 Root:root:/ File:F:/Unreal Engine/UE_4.27/FeaturePacks/TP_TwinStickBP.upack)
[2026.04.06-02.01.22:580][  0]LogPakFile: OnPakFileMounted2Time == 0.000023
[2026.04.06-02.01.22:581][  0]LogPakFile: PakFile PrimaryIndexSize=183
[2026.04.06-02.01.22:581][  0]LogPakFile: PakFile PathHashIndexSize=101
[2026.04.06-02.01.22:581][  0]LogPakFile: PakFile FullDirectoryIndexSize=140
[2026.04.06-02.01.22:581][  0]LogShaderLibrary: Display: ShaderCodeLibraryPakFileMountedCallback: PakFile 'F:/Unreal Engine/UE_4.27/FeaturePacks/TP_Vehicle.upack' (chunk index -1, root 'root:/') mounted
[2026.04.06-02.01.22:581][  0]LogShaderLibrary: Display: ShaderCodeLibraryPakFileMountedCallback: pending pak file info (ChunkID:-1 Root:root:/ File:F:/Unreal Engine/UE_4.27/FeaturePacks/TP_Vehicle.upack)
[2026.04.06-02.01.22:581][  0]LogPakFile: OnPakFileMounted2Time == 0.000025
[2026.04.06-02.01.22:581][  0]LogPakFile: PakFile PrimaryIndexSize=186
[2026.04.06-02.01.22:581][  0]LogPakFile: PakFile PathHashIndexSize=101
[2026.04.06-02.01.22:581][  0]LogPakFile: PakFile FullDirectoryIndexSize=146
[2026.04.06-02.01.22:581][  0]LogShaderLibrary: Display: ShaderCodeLibraryPakFileMountedCallback: PakFile 'F:/Unreal Engine/UE_4.27/FeaturePacks/TP_VehicleAdv.upack' (chunk index -1, root 'root:/') mounted
[2026.04.06-02.01.22:582][  0]LogShaderLibrary: Display: ShaderCodeLibraryPakFileMountedCallback: pending pak file info (ChunkID:-1 Root:root:/ File:F:/Unreal Engine/UE_4.27/FeaturePacks/TP_VehicleAdv.upack)
[2026.04.06-02.01.22:582][  0]LogPakFile: OnPakFileMounted2Time == 0.000026
[2026.04.06-02.01.22:582][  0]LogPakFile: PakFile PrimaryIndexSize=188
[2026.04.06-02.01.22:582][  0]LogPakFile: PakFile PathHashIndexSize=101
[2026.04.06-02.01.22:582][  0]LogPakFile: PakFile FullDirectoryIndexSize=150
[2026.04.06-02.01.22:582][  0]LogShaderLibrary: Display: ShaderCodeLibraryPakFileMountedCallback: PakFile 'F:/Unreal Engine/UE_4.27/FeaturePacks/TP_VehicleAdvBP.upack' (chunk index -1, root 'root:/') mounted
[2026.04.06-02.01.22:582][  0]LogShaderLibrary: Display: ShaderCodeLibraryPakFileMountedCallback: pending pak file info (ChunkID:-1 Root:root:/ File:F:/Unreal Engine/UE_4.27/FeaturePacks/TP_VehicleAdvBP.upack)
[2026.04.06-02.01.22:582][  0]LogPakFile: OnPakFileMounted2Time == 0.000034
[2026.04.06-02.01.22:583][  0]LogPakFile: PakFile PrimaryIndexSize=185
[2026.04.06-02.01.22:583][  0]LogPakFile: PakFile PathHashIndexSize=101
[2026.04.06-02.01.22:583][  0]LogPakFile: PakFile FullDirectoryIndexSize=144
[2026.04.06-02.01.22:583][  0]LogShaderLibrary: Display: ShaderCodeLibraryPakFileMountedCallback: PakFile 'F:/Unreal Engine/UE_4.27/FeaturePacks/TP_VehicleBP.upack' (chunk index -1, root 'root:/') mounted
[2026.04.06-02.01.22:583][  0]LogShaderLibrary: Display: ShaderCodeLibraryPakFileMountedCallback: pending pak file info (ChunkID:-1 Root:root:/ File:F:/Unreal Engine/UE_4.27/FeaturePacks/TP_VehicleBP.upack)
[2026.04.06-02.01.22:583][  0]LogPakFile: OnPakFileMounted2Time == 0.000022
[2026.04.06-02.01.22:583][  0]LogPakFile: PakFile PrimaryIndexSize=192
[2026.04.06-02.01.22:583][  0]LogPakFile: PakFile PathHashIndexSize=101
[2026.04.06-02.01.22:583][  0]LogPakFile: PakFile FullDirectoryIndexSize=158
[2026.04.06-02.01.22:583][  0]LogShaderLibrary: Display: ShaderCodeLibraryPakFileMountedCallback: PakFile 'F:/Unreal Engine/UE_4.27/FeaturePacks/TP_VirtualRealityBP.upack' (chunk index -1, root 'root:/') mounted
[2026.04.06-02.01.22:583][  0]LogShaderLibrary: Display: ShaderCodeLibraryPakFileMountedCallback: pending pak file info (ChunkID:-1 Root:root:/ File:F:/Unreal Engine/UE_4.27/FeaturePacks/TP_VirtualRealityBP.upack)
[2026.04.06-02.01.22:583][  0]LogPakFile: OnPakFileMounted2Time == 0.000025
[2026.04.06-02.01.22:644][  0]LogNativeClassHierarchy: Verbose: Native class hierarchy updated for 'AddContentDialog' in 0.0003 seconds. Added 0 classes and 0 folders.
[2026.04.06-02.01.22:645][  0]LogNativeClassHierarchy: Verbose: Native class hierarchy updated for 'SceneOutliner' in 0.0003 seconds. Added 2 classes and 0 folders.
[2026.04.06-02.01.22:665][  0]LogSlate: Took 0.000174 seconds to synchronously load lazily loaded font '../../../Engine/Content/Slate/Fonts/Roboto-Regular.ttf' (155K)
[2026.04.06-02.01.22:666][  0]LogSlate: Took 0.000149 seconds to synchronously load lazily loaded font '../../../Engine/Content/Editor/Slate/Fonts/FontAwesome.ttf' (139K)
[2026.04.06-02.01.22:667][  0]LogSlate: Took 0.000151 seconds to synchronously load lazily loaded font '../../../Engine/Content/Slate/Fonts/Roboto-Bold.ttf' (160K)
[2026.04.06-02.01.22:732][  0]LogRenderer: Reallocating scene render targets to support 1076x624 Format 10 NumSamples 1 (Frame:1).
[2026.04.06-02.01.22:827][  0]LogNativeClassHierarchy: Verbose: Native class hierarchy updated for 'HierarchicalLODOutliner' in 0.0003 seconds. Added 0 classes and 0 folders.
[2026.04.06-02.01.22:827][  0]LogInput: Warning: Action Jump uses invalid key OculusGo_Left_Trigger_Click.
[2026.04.06-02.01.22:827][  0]LogInput: Warning: Action ResetVR uses invalid key OculusGo_Left_Trackpad_Click.
[2026.04.06-02.01.22:827][  0]LogInput: Warning: Use -RemoveInvalidKeys to remove instances of these keys from the action mapping.
[2026.04.06-02.01.22:827][  0]LogLoad: (Engine Initialization) Total time: 6.52 seconds
[2026.04.06-02.01.22:827][  0]LogLoad: (Engine Initialization) Total Blueprint compile time: 0.00 seconds
[2026.04.06-02.01.22:867][  0]LogAssetRegistry: Asset discovery search completed in 3.6249 seconds
[2026.04.06-02.01.22:872][  0]LogCollectionManager: Fixed up redirectors for 0 collections in 0.000006 seconds (updated 0 objects)
[2026.04.06-02.01.22:874][  0]LogContentStreaming: Texture pool size now 1000 MB
[2026.04.06-02.01.22:960][  4]LogSlate: Took 0.000218 seconds to synchronously load lazily loaded font '../../../Engine/Content/Slate/Fonts/Roboto-Light.ttf' (167K)
[2026.04.06-02.01.26:504][423]LogUObjectHash: Compacting FUObjectHashTables data took   0.55ms
[2026.04.06-02.01.26:509][423]LogSlate: Took 0.000198 seconds to synchronously load lazily loaded font '../../../Engine/Content/Slate/Fonts/Roboto-Light.ttf' (167K)
[2026.04.06-02.01.26:555][423]LogAssetEditorSubsystem: Opening Asset editor for World /Game/ThirdPersonBP/Maps/Map1.Map1
[2026.04.06-02.01.26:555][423]Cmd: MAP LOAD FILE="C:/Github/Others/CPSC399_Game/CPSC399Game/Content/ThirdPersonBP/Maps/Map1.umap" TEMPLATE=0 SHOWPROGRESS=1 FEATURELEVEL=3
[2026.04.06-02.01.26:555][423]LightingResults: New page: Lighting Build
[2026.04.06-02.01.26:555][423]LoadErrors: New page: Loading map: Map1.umap
[2026.04.06-02.01.26:596][423]LogWorld: UWorld::CleanupWorld for ThirdPersonExampleMap, bSessionEnded=true, bCleanupResources=true
[2026.04.06-02.01.26:597][423]LogSlate: InvalidateAllWidgets triggered.  All widgets were invalidated
[2026.04.06-02.01.26:597][423]MapCheck: New page: Map Check
[2026.04.06-02.01.26:597][423]LightingResults: New page: Lighting Build
[2026.04.06-02.01.26:601][423]LogAudio: Display: Audio Device unregistered from world 'None'.
[2026.04.06-02.01.26:603][423]LogUObjectHash: Compacting FUObjectHashTables data took   0.72ms
[2026.04.06-02.01.26:603][423]LogAudio: Display: Audio Device (ID: 1) registered with world 'Map1'.
[2026.04.06-02.01.26:613][423]LogEditorServer: Finished looking for orphan Actors (0.000 secs)
[2026.04.06-02.01.26:613][423]LogAIModule: Creating AISystem for world Map1
[2026.04.06-02.01.26:619][423]LogUObjectHash: Compacting FUObjectHashTables data took   0.57ms
[2026.04.06-02.01.26:622][423]Cmd: MAP CHECKDEP NOCLEARLOG
[2026.04.06-02.01.26:622][423]MapCheck: Map check complete: 0 Error(s), 0 Warning(s), took 0.086ms to complete.
[2026.04.06-02.01.26:622][423]LogFileHelpers: Loading map 'Map1' took 0.067
[2026.04.06-02.01.35:491][477]LogUObjectHash: Compacting FUObjectHashTables data took   0.28ms
[2026.04.06-02.01.35:520][477]LogAssetEditorSubsystem: Opening Asset editor for World /Game/ThirdPersonBP/Maps/Map1Real.Map1Real
[2026.04.06-02.01.35:520][477]Cmd: MAP LOAD FILE="C:/Github/Others/CPSC399_Game/CPSC399Game/Content/ThirdPersonBP/Maps/Map1Real.umap" TEMPLATE=0 SHOWPROGRESS=1 FEATURELEVEL=3
[2026.04.06-02.01.35:520][477]LightingResults: New page: Lighting Build
[2026.04.06-02.01.35:520][477]LoadErrors: New page: Loading map: Map1Real.umap
[2026.04.06-02.01.35:522][477]LogWorld: UWorld::CleanupWorld for Map1, bSessionEnded=true, bCleanupResources=true
[2026.04.06-02.01.35:522][477]LogSlate: InvalidateAllWidgets triggered.  All widgets were invalidated
[2026.04.06-02.01.35:522][477]MapCheck: New page: Map Check
[2026.04.06-02.01.35:522][477]LightingResults: New page: Lighting Build
[2026.04.06-02.01.35:525][477]LogAudio: Display: Audio Device unregistered from world 'None'.
[2026.04.06-02.01.35:528][477]LogUObjectHash: Compacting FUObjectHashTables data took   0.67ms
[2026.04.06-02.01.35:528][477]LogAudio: Display: Audio Device (ID: 1) registered with world 'Map1Real'.
[2026.04.06-02.01.35:540][477]LogEditorServer: Finished looking for orphan Actors (0.000 secs)
[2026.04.06-02.01.35:540][477]LogAIModule: Creating AISystem for world Map1Real
[2026.04.06-02.01.35:544][477]LogUObjectHash: Compacting FUObjectHashTables data took   0.56ms
[2026.04.06-02.01.35:556][477]Cmd: MAP CHECKDEP NOCLEARLOG
[2026.04.06-02.01.35:556][477]MapCheck: Map check complete: 0 Error(s), 0 Warning(s), took 0.101ms to complete.
[2026.04.06-02.01.35:556][477]LogFileHelpers: Loading map 'Map1Real' took 0.036
[2026.04.06-02.01.41:473][791]LogUObjectHash: Compacting FUObjectHashTables data took   0.27ms
[2026.04.06-02.01.41:503][791]LogAssetEditorSubsystem: Opening Asset editor for World /Game/ThirdPersonBP/Maps/Map1.Map1
[2026.04.06-02.01.41:503][791]Cmd: MAP LOAD FILE="C:/Github/Others/CPSC399_Game/CPSC399Game/Content/ThirdPersonBP/Maps/Map1.umap" TEMPLATE=0 SHOWPROGRESS=1 FEATURELEVEL=3
[2026.04.06-02.01.41:503][791]LightingResults: New page: Lighting Build
[2026.04.06-02.01.41:503][791]LoadErrors: New page: Loading map: Map1.umap
[2026.04.06-02.01.41:505][791]LogWorld: UWorld::CleanupWorld for Map1Real, bSessionEnded=true, bCleanupResources=true
[2026.04.06-02.01.41:505][791]LogSlate: InvalidateAllWidgets triggered.  All widgets were invalidated
[2026.04.06-02.01.41:505][791]MapCheck: New page: Map Check
[2026.04.06-02.01.41:505][791]LightingResults: New page: Lighting Build
[2026.04.06-02.01.41:508][791]LogAudio: Display: Audio Device unregistered from world 'None'.
[2026.04.06-02.01.41:511][791]LogUObjectHash: Compacting FUObjectHashTables data took   0.72ms
[2026.04.06-02.01.41:511][791]LogAudio: Display: Audio Device (ID: 1) registered with world 'Map1'.
[2026.04.06-02.01.41:522][791]LogEditorServer: Finished looking for orphan Actors (0.000 secs)
[2026.04.06-02.01.41:522][791]LogAIModule: Creating AISystem for world Map1
[2026.04.06-02.01.41:528][791]LogUObjectHash: Compacting FUObjectHashTables data took   0.99ms
[2026.04.06-02.01.41:541][791]Cmd: MAP CHECKDEP NOCLEARLOG
[2026.04.06-02.01.41:541][791]MapCheck: Map check complete: 0 Error(s), 0 Warning(s), took 0.144ms to complete.
[2026.04.06-02.01.41:541][791]LogFileHelpers: Loading map 'Map1' took 0.038
[2026.04.06-02.01.52:261][473]LogEditorViewport: Clicking on Actor (LMB): BP_WidePlatform_C (BP_WidePlatform9)
[2026.04.06-02.01.52:804][535]LogEditorViewport: Clicking on Actor (LMB): BP_WidePlatform_C (BP_WidePlatform9)
[2026.04.06-02.01.54:980][789]LogSlate: Took 0.000395 seconds to synchronously load lazily loaded font '../../../Engine/Content/Slate/Fonts/Roboto-Italic.ttf' (157K)
[2026.04.06-02.03.28:313][846]LogEditorViewport: Clicking on Actor (context menu): StaticMeshActor (Plane)
[2026.04.06-02.03.29:518][957]LogEditorViewport: Clicking on Actor (LMB): StaticMeshActor (Plane)
[2026.04.06-02.03.30:336][ 53]LogEditorViewport: Clicking on Actor (LMB): BP_TallPlatform_C (TallPlatform4)
[2026.04.06-02.03.36:565][782]LogEditorViewport: Clicking on Actor (LMB): BP_TallPlatform_C (TallPlatform2)
[2026.04.06-02.03.46:329][942]LogEditorViewport: Clicking on Actor (LMB): StaticMeshActor (Plane)
[2026.04.06-02.03.49:373][293]LogEditorViewport: Clicking on Actor (LMB): BP_TallPlatform_C (TallPlatform5)
[2026.04.06-02.03.50:253][390]LogEditorViewport: Clicking on Actor (LMB): BP_TallPlatform_C (TallPlatform5)
[2026.04.06-02.03.50:693][442]LogEditorViewport: Clicking on Actor (LMB): BP_TallPlatform_C (TallPlatform5)
[2026.04.06-02.03.51:741][567]LogEditorViewport: Clicking on Actor (LMB): BP_TallPlatform_C (TallPlatform4)
[2026.04.06-02.04.00:614][229]LogEditorViewport: Clicking on Actor (LMB): BP_TallPlatform_C (TallPlatform4)
[2026.04.06-02.04.01:146][287]Cmd: DELETE
[2026.04.06-02.04.01:158][287]Cmd: ACTOR DELETE
[2026.04.06-02.04.01:234][287]LogEditorActor: Deleted Actor: BP_TallPlatform_C
[2026.04.06-02.04.01:239][287]LogUObjectHash: Compacting FUObjectHashTables data took   0.61ms
[2026.04.06-02.04.01:240][287]LogEditorActor: Deleted 1 Actors (0.057 secs)
[2026.04.06-02.04.01:508][318]LogEditorViewport: Clicking on Actor (LMB): BP_TallPlatform_C (TallPlatform2)
[2026.04.06-02.04.01:651][333]Cmd: DELETE
[2026.04.06-02.04.01:651][333]Cmd: ACTOR DELETE
[2026.04.06-02.04.01:653][333]LogEditorActor: Deleted Actor: BP_TallPlatform_C
[2026.04.06-02.04.01:657][333]LogUObjectHash: Compacting FUObjectHashTables data took   0.43ms
[2026.04.06-02.04.01:657][333]LogEditorActor: Deleted 1 Actors (0.006 secs)
[2026.04.06-02.04.01:993][373]LogEditorViewport: Clicking on Actor (LMB): BP_TallPlatform_C (TallPlatform3)
[2026.04.06-02.04.02:169][392]Cmd: DELETE
[2026.04.06-02.04.02:169][392]Cmd: ACTOR DELETE
[2026.04.06-02.04.02:171][392]LogEditorActor: Deleted Actor: BP_TallPlatform_C
[2026.04.06-02.04.02:175][392]LogUObjectHash: Compacting FUObjectHashTables data took   0.44ms
[2026.04.06-02.04.02:176][392]LogEditorActor: Deleted 1 Actors (0.007 secs)
[2026.04.06-02.04.02:562][438]LogEditorViewport: Clicking on Actor (LMB): BP_TallPlatform_C (TallPlatform)
[2026.04.06-02.04.02:638][445]Cmd: DELETE
[2026.04.06-02.04.02:638][445]Cmd: ACTOR DELETE
[2026.04.06-02.04.02:639][445]LogEditorActor: Deleted Actor: BP_TallPlatform_C
[2026.04.06-02.04.02:643][445]LogUObjectHash: Compacting FUObjectHashTables data took   0.47ms
[2026.04.06-02.04.02:643][445]LogEditorActor: Deleted 1 Actors (0.006 secs)
[2026.04.06-02.04.03:998][607]Cmd: TRANSACTION UNDO
[2026.04.06-02.04.03:998][607]LogEditorTransaction: Undo Delete Actors
[2026.04.06-02.04.04:313][620]Cmd: TRANSACTION UNDO
[2026.04.06-02.04.04:313][620]LogEditorTransaction: Undo Clicking on Actors
[2026.04.06-02.04.04:615][641]Cmd: TRANSACTION UNDO
[2026.04.06-02.04.04:615][641]LogEditorTransaction: Undo Delete Actors
[2026.04.06-02.04.05:138][700]Cmd: TRANSACTION UNDO
[2026.04.06-02.04.05:138][700]LogEditorTransaction: Undo Clicking on Actors
[2026.04.06-02.04.06:319][841]LogEditorViewport: Clicking on Actor (LMB): BP_TallPlatform_C (TallPlatform5)
[2026.04.06-02.04.07:668][  0]LogEditorViewport: Clicking on Actor (LMB): StaticMeshActor (Plane)
[2026.04.06-02.04.07:979][ 33]LogEditorViewport: Clicking on Actor (LMB): BP_TallPlatform_C (TallPlatform7)
[2026.04.06-02.04.08:899][136]Cmd: EDIT COPY
[2026.04.06-02.04.09:100][154]Cmd: EDIT PASTE
[2026.04.06-02.04.11:410][418]LogEditorViewport: Clicking on Actor (LMB): BP_TallPlatform_C (TallPlatform)
[2026.04.06-02.04.12:024][489]Cmd: DELETE
[2026.04.06-02.04.12:024][489]Cmd: ACTOR DELETE
[2026.04.06-02.04.12:026][489]LogEditorActor: Deleted Actor: BP_TallPlatform_C
[2026.04.06-02.04.12:030][489]LogUObjectHash: Compacting FUObjectHashTables data took   0.58ms
[2026.04.06-02.04.12:031][489]LogEditorActor: Deleted 1 Actors (0.007 secs)
[2026.04.06-02.04.12:620][559]LogEditorViewport: Clicking on Actor (LMB): BP_TallPlatform_C (TallPlatform5)
[2026.04.06-02.04.14:531][786]LogEditorViewport: Clicking on Actor (LMB): BP_TallPlatform_C (TallPlatform10)
[2026.04.06-02.04.15:331][880]LogEditorViewport: Clicking on Actor (LMB): BP_TallPlatform_C (TallPlatform5)
[2026.04.06-02.04.16:433][ 10]Cmd: EDIT COPY
[2026.04.06-02.04.16:668][ 38]Cmd: EDIT PASTE
[2026.04.06-02.04.18:648][272]LogEditorViewport: Clicking on Actor (LMB): StaticMeshActor (Plane)
[2026.04.06-02.04.18:966][307]LogEditorViewport: Clicking on Actor (LMB): BP_TallPlatform_C (TallPlatform10)
[2026.04.06-02.04.19:653][387]Cmd: EDIT COPY
[2026.04.06-02.04.19:855][411]Cmd: EDIT PASTE
[2026.04.06-02.04.21:164][564]LogEditorViewport: Clicking on Actor (context menu): StaticMeshActor (Plane)
[2026.04.06-02.04.21:798][628]LogEditorViewport: Clicking on Actor (LMB): BP_TallPlatform_C (TallPlatform11)
[2026.04.06-02.04.22:662][716]LogEditorViewport: Clicking on Actor (LMB): BP_WidePlatform_C (BP_WidePlatform9)
[2026.04.06-02.04.23:032][745]Cmd: DELETE
[2026.04.06-02.04.23:032][745]Cmd: ACTOR DELETE
[2026.04.06-02.04.23:034][745]LogEditorActor: Deleted Actor: BP_WidePlatform_C
[2026.04.06-02.04.23:038][745]LogUObjectHash: Compacting FUObjectHashTables data took   0.57ms
[2026.04.06-02.04.23:039][745]LogEditorActor: Deleted 1 Actors (0.008 secs)
[2026.04.06-02.04.26:702][183]Cmd: TRANSACTION UNDO
[2026.04.06-02.04.26:702][183]LogEditorTransaction: Undo Delete Actors
[2026.04.06-02.04.28:721][383]LogUObjectHash: Compacting FUObjectHashTables data took   0.30ms
[2026.04.06-02.04.29:931][383]LogSlate: Window 'Save Content' being destroyed
[2026.04.06-02.04.29:956][383]Cmd: OBJ SAVEPACKAGE PACKAGE="/Game/ThirdPersonBP/Maps/Map1" FILE="C:/Github/Others/CPSC399_Game/CPSC399Game/Content/ThirdPersonBP/Maps/Map1.umap" SILENT=true AUTOSAVING=false KEEPDIRTY=false
[2026.04.06-02.04.29:960][383]LogUObjectHash: Compacting FUObjectHashTables data took   0.27ms
[2026.04.06-02.04.29:976][383]LogSavePackage: Moving 'C:/Github/Others/CPSC399_Game/CPSC399Game/Saved/Map1A10E7ED247E4CA69CADB94844001AE34.tmp' to 'C:/Github/Others/CPSC399_Game/CPSC399Game/Content/ThirdPersonBP/Maps/Map1.umap'
[2026.04.06-02.04.29:991][383]LogFileHelpers: Saving map 'Map1' took 0.037
[2026.04.06-02.04.30:025][383]LogAssetEditorSubsystem: Opening Asset editor for World /Game/ThirdPersonBP/Maps/Map1Real.Map1Real
[2026.04.06-02.04.30:025][383]Cmd: MAP LOAD FILE="C:/Github/Others/CPSC399_Game/CPSC399Game/Content/ThirdPersonBP/Maps/Map1Real.umap" TEMPLATE=0 SHOWPROGRESS=1 FEATURELEVEL=3
[2026.04.06-02.04.30:025][383]LightingResults: New page: Lighting Build
[2026.04.06-02.04.30:025][383]LoadErrors: New page: Loading map: Map1Real.umap
[2026.04.06-02.04.30:064][383]LogWorld: UWorld::CleanupWorld for Map1, bSessionEnded=true, bCleanupResources=true
[2026.04.06-02.04.30:065][383]LogSlate: InvalidateAllWidgets triggered.  All widgets were invalidated
[2026.04.06-02.04.30:065][383]MapCheck: New page: Map Check
[2026.04.06-02.04.30:065][383]LightingResults: New page: Lighting Build
[2026.04.06-02.04.30:068][383]LogAudio: Display: Audio Device unregistered from world 'None'.
[2026.04.06-02.04.30:070][383]LogUObjectHash: Compacting FUObjectHashTables data took   0.63ms
[2026.04.06-02.04.30:071][383]LogAudio: Display: Audio Device (ID: 1) registered with world 'Map1Real'.
[2026.04.06-02.04.30:082][383]LogEditorServer: Finished looking for orphan Actors (0.000 secs)
[2026.04.06-02.04.30:082][383]LogAIModule: Creating AISystem for world Map1Real
[2026.04.06-02.04.30:087][383]LogUObjectHash: Compacting FUObjectHashTables data took   0.57ms
[2026.04.06-02.04.30:099][383]Cmd: MAP CHECKDEP NOCLEARLOG
[2026.04.06-02.04.30:100][383]MapCheck: Map check complete: 0 Error(s), 0 Warning(s), took 0.131ms to complete.
[2026.04.06-02.04.30:100][383]LogFileHelpers: Loading map 'Map1Real' took 0.075
[2026.04.06-02.04.30:132][383]AssetCheck: New page: Asset Save: Map1
[2026.04.06-02.04.30:132][383]LogContentValidation: Display: Validating World /Game/ThirdPersonBP/Maps/Map1.Map1
[2026.04.06-02.04.32:634][670]LogUObjectHash: Compacting FUObjectHashTables data took   0.72ms
[2026.04.06-02.04.32:653][670]LogAssetEditorSubsystem: Opening Asset editor for World /Game/ThirdPersonBP/Maps/Map1.Map1
[2026.04.06-02.04.32:653][670]Cmd: MAP LOAD FILE="C:/Github/Others/CPSC399_Game/CPSC399Game/Content/ThirdPersonBP/Maps/Map1.umap" TEMPLATE=0 SHOWPROGRESS=1 FEATURELEVEL=3
[2026.04.06-02.04.32:653][670]LightingResults: New page: Lighting Build
[2026.04.06-02.04.32:653][670]LoadErrors: New page: Loading map: Map1.umap
[2026.04.06-02.04.32:683][670]LogWorld: UWorld::CleanupWorld for Map1Real, bSessionEnded=true, bCleanupResources=true
[2026.04.06-02.04.32:683][670]LogSlate: InvalidateAllWidgets triggered.  All widgets were invalidated
[2026.04.06-02.04.32:683][670]MapCheck: New page: Map Check
[2026.04.06-02.04.32:683][670]LightingResults: New page: Lighting Build
[2026.04.06-02.04.32:687][670]LogAudio: Display: Audio Device unregistered from world 'None'.
[2026.04.06-02.04.32:689][670]LogUObjectHash: Compacting FUObjectHashTables data took   0.62ms
[2026.04.06-02.04.32:689][670]LogAudio: Display: Audio Device (ID: 1) registered with world 'Map1'.
[2026.04.06-02.04.32:701][670]LogEditorServer: Finished looking for orphan Actors (0.000 secs)
[2026.04.06-02.04.32:701][670]LogAIModule: Creating AISystem for world Map1
[2026.04.06-02.04.32:707][670]LogUObjectHash: Compacting FUObjectHashTables data took   0.64ms
[2026.04.06-02.04.32:721][670]Cmd: MAP CHECKDEP NOCLEARLOG
[2026.04.06-02.04.32:721][670]MapCheck: Map check complete: 0 Error(s), 0 Warning(s), took 0.172ms to complete.
[2026.04.06-02.04.32:721][670]LogFileHelpers: Loading map 'Map1' took 0.068
[2026.04.06-02.04.44:826][ 98]LogUObjectHash: Compacting FUObjectHashTables data took   0.37ms
[2026.04.06-02.04.44:853][ 98]LogAssetEditorSubsystem: Opening Asset editor for World /Game/ThirdPersonBP/Maps/Map1Real.Map1Real
[2026.04.06-02.04.44:853][ 98]Cmd: MAP LOAD FILE="C:/Github/Others/CPSC399_Game/CPSC399Game/Content/ThirdPersonBP/Maps/Map1Real.umap" TEMPLATE=0 SHOWPROGRESS=1 FEATURELEVEL=3
[2026.04.06-02.04.44:853][ 98]LightingResults: New page: Lighting Build
[2026.04.06-02.04.44:853][ 98]LoadErrors: New page: Loading map: Map1Real.umap
[2026.04.06-02.04.44:895][ 98]LogWorld: UWorld::CleanupWorld for Map1, bSessionEnded=true, bCleanupResources=true
[2026.04.06-02.04.44:895][ 98]LogSlate: InvalidateAllWidgets triggered.  All widgets were invalidated
[2026.04.06-02.04.44:895][ 98]MapCheck: New page: Map Check
[2026.04.06-02.04.44:895][ 98]LightingResults: New page: Lighting Build
[2026.04.06-02.04.44:899][ 98]LogAudio: Display: Audio Device unregistered from world 'None'.
[2026.04.06-02.04.44:901][ 98]LogUObjectHash: Compacting FUObjectHashTables data took   0.66ms
[2026.04.06-02.04.44:901][ 98]LogAudio: Display: Audio Device (ID: 1) registered with world 'Map1Real'.
[2026.04.06-02.04.44:915][ 98]LogEditorServer: Finished looking for orphan Actors (0.000 secs)
[2026.04.06-02.04.44:915][ 98]LogAIModule: Creating AISystem for world Map1Real
[2026.04.06-02.04.44:921][ 98]LogUObjectHash: Compacting FUObjectHashTables data took   0.57ms
[2026.04.06-02.04.44:923][ 98]Cmd: MAP CHECKDEP NOCLEARLOG
[2026.04.06-02.04.44:923][ 98]MapCheck: Map check complete: 0 Error(s), 0 Warning(s), took 0.084ms to complete.
[2026.04.06-02.04.44:923][ 98]LogFileHelpers: Loading map 'Map1Real' took 0.071
[2026.04.06-02.04.47:928][451]LogUObjectHash: Compacting FUObjectHashTables data took   0.25ms
[2026.04.06-02.04.47:964][451]LogAssetEditorSubsystem: Opening Asset editor for World /Game/ThirdPersonBP/Maps/Map1.Map1
[2026.04.06-02.04.47:965][451]Cmd: MAP LOAD FILE="C:/Github/Others/CPSC399_Game/CPSC399Game/Content/ThirdPersonBP/Maps/Map1.umap" TEMPLATE=0 SHOWPROGRESS=1 FEATURELEVEL=3
[2026.04.06-02.04.47:965][451]LightingResults: New page: Lighting Build
[2026.04.06-02.04.47:965][451]LoadErrors: New page: Loading map: Map1.umap
[2026.04.06-02.04.48:004][451]LogWorld: UWorld::CleanupWorld for Map1Real, bSessionEnded=true, bCleanupResources=true
[2026.04.06-02.04.48:004][451]LogSlate: InvalidateAllWidgets triggered.  All widgets were invalidated
[2026.04.06-02.04.48:004][451]MapCheck: New page: Map Check
[2026.04.06-02.04.48:004][451]LightingResults: New page: Lighting Build
[2026.04.06-02.04.48:008][451]LogAudio: Display: Audio Device unregistered from world 'None'.
[2026.04.06-02.04.48:010][451]LogUObjectHash: Compacting FUObjectHashTables data took   0.73ms
[2026.04.06-02.04.48:010][451]LogAudio: Display: Audio Device (ID: 1) registered with world 'Map1'.
[2026.04.06-02.04.48:021][451]LogEditorServer: Finished looking for orphan Actors (0.000 secs)
[2026.04.06-02.04.48:021][451]LogAIModule: Creating AISystem for world Map1
[2026.04.06-02.04.48:027][451]LogUObjectHash: Compacting FUObjectHashTables data took   0.71ms
[2026.04.06-02.04.48:040][451]Cmd: MAP CHECKDEP NOCLEARLOG
[2026.04.06-02.04.48:041][451]MapCheck: Map check complete: 0 Error(s), 0 Warning(s), took 0.165ms to complete.
[2026.04.06-02.04.48:041][451]LogFileHelpers: Loading map 'Map1' took 0.076
[2026.04.06-02.04.52:835][  4]LogTemp: Repeating last play command: Selected Viewport
[2026.04.06-02.04.52:840][  4]LogPlayLevel: PlayLevel: No blueprints needed recompiling
[2026.04.06-02.04.52:840][  4]PIE: New page: PIE session: Map1 (Apr 5, 2026, 2:04:52 PM)
[2026.04.06-02.04.52:842][  4]LogOnline: OSS: Creating online subsystem instance for: NULL
[2026.04.06-02.04.52:842][  4]LogOnline: OSS: TryLoadSubsystemAndSetDefault: Loaded subsystem for module [NULL]
[2026.04.06-02.04.52:842][  4]LogPlayLevel: Creating play world package: /Game/ThirdPersonBP/Maps/UEDPIE_0_Map1
[2026.04.06-02.04.52:847][  4]LogPlayLevel: PIE: StaticDuplicateObject took: (0.004953s)
[2026.04.06-02.04.52:848][  4]LogAIModule: Creating AISystem for world Map1
[2026.04.06-02.04.52:848][  4]LogPlayLevel: PIE: World Init took: (0.000922s)
[2026.04.06-02.04.52:848][  4]LogPlayLevel: PIE: Created PIE world by copying editor world from /Game/ThirdPersonBP/Maps/Map1.Map1 to /Game/ThirdPersonBP/Maps/UEDPIE_0_Map1.Map1 (0.005992s)
[2026.04.06-02.04.52:852][  4]LogUObjectHash: Compacting FUObjectHashTables data took   0.56ms
[2026.04.06-02.04.52:853][  4]LogAudio: Display: Creating Audio Device:                 Id: 2, Scope: Unique, Realtime: True
[2026.04.06-02.04.52:853][  4]LogAudioMixer: Display: Audio Mixer Platform Settings:
[2026.04.06-02.04.52:853][  4]LogAudioMixer: Display: 	Sample Rate:						  48000
[2026.04.06-02.04.52:853][  4]LogAudioMixer: Display: 	Callback Buffer Frame Size Requested: 1024
[2026.04.06-02.04.52:853][  4]LogAudioMixer: Display: 	Callback Buffer Frame Size To Use:	  1024
[2026.04.06-02.04.52:853][  4]LogAudioMixer: Display: 	Number of buffers to queue:			  2
[2026.04.06-02.04.52:853][  4]LogAudioMixer: Display: 	Max Channels (voices):				  32
[2026.04.06-02.04.52:853][  4]LogAudioMixer: Display: 	Number of Async Source Workers:		  0
[2026.04.06-02.04.52:853][  4]LogAudio: Display: AudioDevice MaxSources: 32
[2026.04.06-02.04.52:854][  4]LogAudio: Display: Audio Spatialization Plugin: None (built-in).
[2026.04.06-02.04.52:854][  4]LogAudio: Display: Audio Reverb Plugin: None (built-in).
[2026.04.06-02.04.52:854][  4]LogAudio: Display: Audio Occlusion Plugin: None (built-in).
[2026.04.06-02.04.52:854][  4]LogAudioMixer: Display: Initializing audio mixer.
[2026.04.06-02.04.52:858][  4]LogAudioMixer: Display: 0: FrontLeft
[2026.04.06-02.04.52:858][  4]LogAudioMixer: Display: 1: FrontRight
[2026.04.06-02.04.52:858][  4]LogAudioMixer: Display: 2: FrontCenter
[2026.04.06-02.04.52:858][  4]LogAudioMixer: Display: 3: LowFrequency
[2026.04.06-02.04.52:858][  4]LogAudioMixer: Display: 4: BackLeft
[2026.04.06-02.04.52:858][  4]LogAudioMixer: Display: 5: BackRight
[2026.04.06-02.04.52:858][  4]LogAudioMixer: Display: 6: SideLeft
[2026.04.06-02.04.52:858][  4]LogAudioMixer: Display: 7: SideRight
[2026.04.06-02.04.52:871][  4]LogAudioMixer: Display: Using Audio Device Speakers (Logitech G733 Gaming Headset)
[2026.04.06-02.04.52:871][  4]LogAudioMixer: Display: Initializing Sound Submixes...
[2026.04.06-02.04.52:871][  4]LogAudioMixer: Display: Creating Master Submix 'MasterSubmixDefault'
[2026.04.06-02.04.52:871][  4]LogAudioMixer: Display: Creating Master Submix 'MasterReverbSubmixDefault'
[2026.04.06-02.04.52:872][  4]LogAudioMixer: Display: Creating Master Submix 'MasterEQSubmixDefault'
[2026.04.06-02.04.52:872][  4]LogAudioMixer: FMixerPlatformXAudio2::StartAudioStream() called
[2026.04.06-02.04.52:872][  4]LogAudioMixer: Display: Output buffers initialized: Frames=1024, Channels=8, Samples=8192
[2026.04.06-02.04.52:873][  4]LogAudioMixer: Display: Starting AudioMixerPlatformInterface::RunInternal()
[2026.04.06-02.04.52:873][  4]LogAudioMixer: Display: FMixerPlatformXAudio2::SubmitBuffer() called for the first time
[2026.04.06-02.04.52:873][  4]LogInit: FAudioDevice initialized.
[2026.04.06-02.04.52:873][  4]LogAudio: Display: Audio Device (ID: 2) registered with world 'Map1'.
[2026.04.06-02.04.52:886][  4]LogLoad: Game class is 'ThirdPersonGameMode_C'
[2026.04.06-02.04.52:889][  4]LogWorld: Bringing World /Game/ThirdPersonBP/Maps/UEDPIE_0_Map1.Map1 up for play (max tick rate 0) at 2026.04.05-20.04.52
[2026.04.06-02.04.52:889][  4]LogWorld: Bringing up level for play took: 0.002106
[2026.04.06-02.04.52:889][  4]LogOnline: OSS: Creating online subsystem instance for: :Context_3
[2026.04.06-02.04.52:893][  4]LogNativeClassHierarchy: Verbose: Native class hierarchy updated for 'MovieSceneCapture' in 0.0003 seconds. Added 20 classes and 0 folders.
[2026.04.06-02.04.52:894][  4]PIE: Server logged in
[2026.04.06-02.04.52:896][  4]PIE: Play in editor total start time 0.056 seconds.
[2026.04.06-02.05.10:574][ 81]LogSlate: Updating window title bar state: overlay mode, drag disabled, window buttons hidden, title bar hidden
[2026.04.06-02.05.10:574][ 81]LogWorld: BeginTearingDown for /Game/ThirdPersonBP/Maps/UEDPIE_0_Map1
[2026.04.06-02.05.10:574][ 81]LogWorld: UWorld::CleanupWorld for Map1, bSessionEnded=true, bCleanupResources=true
[2026.04.06-02.05.10:574][ 81]LogSlate: InvalidateAllWidgets triggered.  All widgets were invalidated
[2026.04.06-02.05.10:582][ 81]LogPlayLevel: Display: Shutting down PIE online subsystems
[2026.04.06-02.05.10:584][ 81]LogSlate: InvalidateAllWidgets triggered.  All widgets were invalidated
[2026.04.06-02.05.10:587][ 81]LogSlate: Updating window title bar state: overlay mode, drag disabled, window buttons hidden, title bar hidden
[2026.04.06-02.05.10:587][ 81]LogAudioMixer: FMixerPlatformXAudio2::StopAudioStream() called
[2026.04.06-02.05.10:588][ 81]LogAudioMixer: FMixerPlatformXAudio2::StopAudioStream() called
[2026.04.06-02.05.10:592][ 81]LogUObjectHash: Compacting FUObjectHashTables data took   0.76ms
[2026.04.06-02.05.10:641][ 86]LogPlayLevel: Display: Destroying online subsystem :Context_3
[2026.04.06-02.06.01:245][ 35]LogTemp: Repeating last play command: Selected Viewport
[2026.04.06-02.06.01:250][ 35]LogPlayLevel: PlayLevel: No blueprints needed recompiling
[2026.04.06-02.06.01:250][ 35]PIE: New page: PIE session: Map1 (Apr 5, 2026, 2:06:01 PM)
[2026.04.06-02.06.01:250][ 35]LogPlayLevel: Creating play world package: /Game/ThirdPersonBP/Maps/UEDPIE_0_Map1
[2026.04.06-02.06.01:254][ 35]LogPlayLevel: PIE: StaticDuplicateObject took: (0.004477s)
[2026.04.06-02.06.01:255][ 35]LogAIModule: Creating AISystem for world Map1
[2026.04.06-02.06.01:255][ 35]LogPlayLevel: PIE: World Init took: (0.000907s)
[2026.04.06-02.06.01:255][ 35]LogPlayLevel: PIE: Created PIE world by copying editor world from /Game/ThirdPersonBP/Maps/Map1.Map1 to /Game/ThirdPersonBP/Maps/UEDPIE_0_Map1.Map1 (0.005483s)
[2026.04.06-02.06.01:259][ 35]LogUObjectHash: Compacting FUObjectHashTables data took   0.58ms
[2026.04.06-02.06.01:260][ 35]LogAudio: Display: Creating Audio Device:                 Id: 3, Scope: Unique, Realtime: True
[2026.04.06-02.06.01:260][ 35]LogAudioMixer: Display: Audio Mixer Platform Settings:
[2026.04.06-02.06.01:260][ 35]LogAudioMixer: Display: 	Sample Rate:						  48000
[2026.04.06-02.06.01:260][ 35]LogAudioMixer: Display: 	Callback Buffer Frame Size Requested: 1024
[2026.04.06-02.06.01:260][ 35]LogAudioMixer: Display: 	Callback Buffer Frame Size To Use:	  1024
[2026.04.06-02.06.01:260][ 35]LogAudioMixer: Display: 	Number of buffers to queue:			  2
[2026.04.06-02.06.01:260][ 35]LogAudioMixer: Display: 	Max Channels (voices):				  32
[2026.04.06-02.06.01:260][ 35]LogAudioMixer: Display: 	Number of Async Source Workers:		  0
[2026.04.06-02.06.01:260][ 35]LogAudio: Display: AudioDevice MaxSources: 32
[2026.04.06-02.06.01:261][ 35]LogAudio: Display: Audio Spatialization Plugin: None (built-in).
[2026.04.06-02.06.01:261][ 35]LogAudio: Display: Audio Reverb Plugin: None (built-in).
[2026.04.06-02.06.01:261][ 35]LogAudio: Display: Audio Occlusion Plugin: None (built-in).
[2026.04.06-02.06.01:261][ 35]LogAudioMixer: Display: Initializing audio mixer.
[2026.04.06-02.06.01:266][ 35]LogAudioMixer: Display: 0: FrontLeft
[2026.04.06-02.06.01:266][ 35]LogAudioMixer: Display: 1: FrontRight
[2026.04.06-02.06.01:266][ 35]LogAudioMixer: Display: 2: FrontCenter
[2026.04.06-02.06.01:266][ 35]LogAudioMixer: Display: 3: LowFrequency
[2026.04.06-02.06.01:266][ 35]LogAudioMixer: Display: 4: BackLeft
[2026.04.06-02.06.01:266][ 35]LogAudioMixer: Display: 5: BackRight
[2026.04.06-02.06.01:266][ 35]LogAudioMixer: Display: 6: SideLeft
[2026.04.06-02.06.01:266][ 35]LogAudioMixer: Display: 7: SideRight
[2026.04.06-02.06.01:276][ 35]LogAudioMixer: Display: Using Audio Device Speakers (Logitech G733 Gaming Headset)
[2026.04.06-02.06.01:276][ 35]LogAudioMixer: Display: Initializing Sound Submixes...
[2026.04.06-02.06.01:276][ 35]LogAudioMixer: Display: Creating Master Submix 'MasterSubmixDefault'
[2026.04.06-02.06.01:276][ 35]LogAudioMixer: Display: Creating Master Submix 'MasterReverbSubmixDefault'
[2026.04.06-02.06.01:277][ 35]LogAudioMixer: Display: Creating Master Submix 'MasterEQSubmixDefault'
[2026.04.06-02.06.01:277][ 35]LogAudioMixer: FMixerPlatformXAudio2::StartAudioStream() called
[2026.04.06-02.06.01:277][ 35]LogAudioMixer: Display: Output buffers initialized: Frames=1024, Channels=8, Samples=8192
[2026.04.06-02.06.01:278][ 35]LogAudioMixer: Display: Starting AudioMixerPlatformInterface::RunInternal()
[2026.04.06-02.06.01:278][ 35]LogAudioMixer: Display: FMixerPlatformXAudio2::SubmitBuffer() called for the first time
[2026.04.06-02.06.01:278][ 35]LogInit: FAudioDevice initialized.
[2026.04.06-02.06.01:278][ 35]LogAudio: Display: Audio Device (ID: 3) registered with world 'Map1'.
[2026.04.06-02.06.01:285][ 35]LogLoad: Game class is 'ThirdPersonGameMode_C'
[2026.04.06-02.06.01:287][ 35]LogWorld: Bringing World /Game/ThirdPersonBP/Maps/UEDPIE_0_Map1.Map1 up for play (max tick rate 0) at 2026.04.05-20.06.01
[2026.04.06-02.06.01:287][ 35]LogWorld: Bringing up level for play took: 0.001876
[2026.04.06-02.06.01:287][ 35]LogOnline: OSS: Creating online subsystem instance for: :Context_4
[2026.04.06-02.06.01:290][ 35]PIE: Server logged in
[2026.04.06-02.06.01:292][ 35]PIE: Play in editor total start time 0.042 seconds.
[2026.04.06-02.06.08:983][950]LogSlate: Updating window title bar state: overlay mode, drag disabled, window buttons hidden, title bar hidden
[2026.04.06-02.06.08:983][950]LogWorld: BeginTearingDown for /Game/ThirdPersonBP/Maps/UEDPIE_0_Map1
[2026.04.06-02.06.08:983][950]LogWorld: UWorld::CleanupWorld for Map1, bSessionEnded=true, bCleanupResources=true
[2026.04.06-02.06.08:983][950]LogSlate: InvalidateAllWidgets triggered.  All widgets were invalidated
[2026.04.06-02.06.08:990][950]LogPlayLevel: Display: Shutting down PIE online subsystems
[2026.04.06-02.06.08:992][950]LogSlate: InvalidateAllWidgets triggered.  All widgets were invalidated
[2026.04.06-02.06.08:995][950]LogSlate: Updating window title bar state: overlay mode, drag disabled, window buttons hidden, title bar hidden
[2026.04.06-02.06.08:995][950]LogAudioMixer: FMixerPlatformXAudio2::StopAudioStream() called
[2026.04.06-02.06.08:996][950]LogAudioMixer: FMixerPlatformXAudio2::StopAudioStream() called
[2026.04.06-02.06.08:999][950]LogUObjectHash: Compacting FUObjectHashTables data took   0.60ms
[2026.04.06-02.06.09:051][954]LogPlayLevel: Display: Destroying online subsystem :Context_4
[2026.04.06-02.06.18:712][597]LogTemp: Repeating last play command: Selected Viewport
[2026.04.06-02.06.18:716][597]LogPlayLevel: PlayLevel: No blueprints needed recompiling
[2026.04.06-02.06.18:716][597]PIE: New page: PIE session: Map1 (Apr 5, 2026, 2:06:18 PM)
[2026.04.06-02.06.18:752][597]LogPlayLevel: Creating play world package: /Game/ThirdPersonBP/Maps/UEDPIE_0_Map1
[2026.04.06-02.06.18:758][597]LogPlayLevel: PIE: StaticDuplicateObject took: (0.005446s)
[2026.04.06-02.06.18:758][597]LogAIModule: Creating AISystem for world Map1
[2026.04.06-02.06.18:758][597]LogPlayLevel: PIE: World Init took: (0.000923s)
[2026.04.06-02.06.18:758][597]LogPlayLevel: PIE: Created PIE world by copying editor world from /Game/ThirdPersonBP/Maps/Map1.Map1 to /Game/ThirdPersonBP/Maps/UEDPIE_0_Map1.Map1 (0.006529s)
[2026.04.06-02.06.18:763][597]LogUObjectHash: Compacting FUObjectHashTables data took   0.66ms
[2026.04.06-02.06.18:763][597]LogAudio: Display: Creating Audio Device:                 Id: 4, Scope: Unique, Realtime: True
[2026.04.06-02.06.18:764][597]LogAudioMixer: Display: Audio Mixer Platform Settings:
[2026.04.06-02.06.18:764][597]LogAudioMixer: Display: 	Sample Rate:						  48000
[2026.04.06-02.06.18:764][597]LogAudioMixer: Display: 	Callback Buffer Frame Size Requested: 1024
[2026.04.06-02.06.18:764][597]LogAudioMixer: Display: 	Callback Buffer Frame Size To Use:	  1024
[2026.04.06-02.06.18:764][597]LogAudioMixer: Display: 	Number of buffers to queue:			  2
[2026.04.06-02.06.18:764][597]LogAudioMixer: Display: 	Max Channels (voices):				  32
[2026.04.06-02.06.18:764][597]LogAudioMixer: Display: 	Number of Async Source Workers:		  0
[2026.04.06-02.06.18:764][597]LogAudio: Display: AudioDevice MaxSources: 32
[2026.04.06-02.06.18:764][597]LogAudio: Display: Audio Spatialization Plugin: None (built-in).
[2026.04.06-02.06.18:764][597]LogAudio: Display: Audio Reverb Plugin: None (built-in).
[2026.04.06-02.06.18:764][597]LogAudio: Display: Audio Occlusion Plugin: None (built-in).
[2026.04.06-02.06.18:764][597]LogAudioMixer: Display: Initializing audio mixer.
[2026.04.06-02.06.18:768][597]LogAudioMixer: Display: 0: FrontLeft
[2026.04.06-02.06.18:768][597]LogAudioMixer: Display: 1: FrontRight
[2026.04.06-02.06.18:768][597]LogAudioMixer: Display: 2: FrontCenter
[2026.04.06-02.06.18:768][597]LogAudioMixer: Display: 3: LowFrequency
[2026.04.06-02.06.18:768][597]LogAudioMixer: Display: 4: BackLeft
[2026.04.06-02.06.18:768][597]LogAudioMixer: Display: 5: BackRight
[2026.04.06-02.06.18:768][597]LogAudioMixer: Display: 6: SideLeft
[2026.04.06-02.06.18:768][597]LogAudioMixer: Display: 7: SideRight
[2026.04.06-02.06.18:779][597]LogAudioMixer: Display: Using Audio Device Speakers (Logitech G733 Gaming Headset)
[2026.04.06-02.06.18:780][597]LogAudioMixer: Display: Initializing Sound Submixes...
[2026.04.06-02.06.18:780][597]LogAudioMixer: Display: Creating Master Submix 'MasterSubmixDefault'
[2026.04.06-02.06.18:780][597]LogAudioMixer: Display: Creating Master Submix 'MasterReverbSubmixDefault'
[2026.04.06-02.06.18:780][597]LogAudioMixer: Display: Creating Master Submix 'MasterEQSubmixDefault'
[2026.04.06-02.06.18:780][597]LogAudioMixer: FMixerPlatformXAudio2::StartAudioStream() called
[2026.04.06-02.06.18:780][597]LogAudioMixer: Display: Output buffers initialized: Frames=1024, Channels=8, Samples=8192
[2026.04.06-02.06.18:782][597]LogAudioMixer: Display: Starting AudioMixerPlatformInterface::RunInternal()
[2026.04.06-02.06.18:782][597]LogAudioMixer: Display: FMixerPlatformXAudio2::SubmitBuffer() called for the first time
[2026.04.06-02.06.18:782][597]LogInit: FAudioDevice initialized.
[2026.04.06-02.06.18:782][597]LogAudio: Display: Audio Device (ID: 4) registered with world 'Map1'.
[2026.04.06-02.06.18:791][597]LogLoad: Game class is 'ThirdPersonGameMode_C'
[2026.04.06-02.06.18:794][597]LogWorld: Bringing World /Game/ThirdPersonBP/Maps/UEDPIE_0_Map1.Map1 up for play (max tick rate 0) at 2026.04.05-20.06.18
[2026.04.06-02.06.18:794][597]LogWorld: Bringing up level for play took: 0.001981
[2026.04.06-02.06.18:794][597]LogOnline: OSS: Creating online subsystem instance for: :Context_5
[2026.04.06-02.06.18:797][597]PIE: Server logged in
[2026.04.06-02.06.18:798][597]PIE: Play in editor total start time 0.082 seconds.
[2026.04.06-02.06.41:452][301]LogSlate: Updating window title bar state: overlay mode, drag disabled, window buttons hidden, title bar hidden
[2026.04.06-02.06.41:453][301]LogWorld: BeginTearingDown for /Game/ThirdPersonBP/Maps/UEDPIE_0_Map1
[2026.04.06-02.06.41:453][301]LogWorld: UWorld::CleanupWorld for Map1, bSessionEnded=true, bCleanupResources=true
[2026.04.06-02.06.41:453][301]LogSlate: InvalidateAllWidgets triggered.  All widgets were invalidated
[2026.04.06-02.06.41:459][301]LogPlayLevel: Display: Shutting down PIE online subsystems
[2026.04.06-02.06.41:462][301]LogSlate: InvalidateAllWidgets triggered.  All widgets were invalidated
[2026.04.06-02.06.41:465][301]LogSlate: Updating window title bar state: overlay mode, drag disabled, window buttons hidden, title bar hidden
[2026.04.06-02.06.41:465][301]LogAudioMixer: FMixerPlatformXAudio2::StopAudioStream() called
[2026.04.06-02.06.41:466][301]LogAudioMixer: FMixerPlatformXAudio2::StopAudioStream() called
[2026.04.06-02.06.41:470][301]LogUObjectHash: Compacting FUObjectHashTables data took   0.57ms
[2026.04.06-02.06.41:521][305]LogPlayLevel: Display: Destroying online subsystem :Context_5
[2026.04.06-02.06.44:821][692]LogTemp: Repeating last play command: Selected Viewport
[2026.04.06-02.06.44:827][692]LogPlayLevel: PlayLevel: No blueprints needed recompiling
[2026.04.06-02.06.44:827][692]PIE: New page: PIE session: Map1 (Apr 5, 2026, 2:06:44 PM)
[2026.04.06-02.06.44:872][692]LogPlayLevel: Creating play world package: /Game/ThirdPersonBP/Maps/UEDPIE_0_Map1
[2026.04.06-02.06.44:876][692]LogPlayLevel: PIE: StaticDuplicateObject took: (0.004643s)
[2026.04.06-02.06.44:878][692]LogAIModule: Creating AISystem for world Map1
[2026.04.06-02.06.44:878][692]LogPlayLevel: PIE: World Init took: (0.000960s)
[2026.04.06-02.06.44:878][692]LogPlayLevel: PIE: Created PIE world by copying editor world from /Game/ThirdPersonBP/Maps/Map1.Map1 to /Game/ThirdPersonBP/Maps/UEDPIE_0_Map1.Map1 (0.005793s)
[2026.04.06-02.06.44:881][692]LogUObjectHash: Compacting FUObjectHashTables data took   0.58ms
[2026.04.06-02.06.44:882][692]LogAudio: Display: Creating Audio Device:                 Id: 5, Scope: Unique, Realtime: True
[2026.04.06-02.06.44:882][692]LogAudioMixer: Display: Audio Mixer Platform Settings:
[2026.04.06-02.06.44:882][692]LogAudioMixer: Display: 	Sample Rate:						  48000
[2026.04.06-02.06.44:882][692]LogAudioMixer: Display: 	Callback Buffer Frame Size Requested: 1024
[2026.04.06-02.06.44:882][692]LogAudioMixer: Display: 	Callback Buffer Frame Size To Use:	  1024
[2026.04.06-02.06.44:882][692]LogAudioMixer: Display: 	Number of buffers to queue:			  2
[2026.04.06-02.06.44:882][692]LogAudioMixer: Display: 	Max Channels (voices):				  32
[2026.04.06-02.06.44:882][692]LogAudioMixer: Display: 	Number of Async Source Workers:		  0
[2026.04.06-02.06.44:882][692]LogAudio: Display: AudioDevice MaxSources: 32
[2026.04.06-02.06.44:883][692]LogAudio: Display: Audio Spatialization Plugin: None (built-in).
[2026.04.06-02.06.44:883][692]LogAudio: Display: Audio Reverb Plugin: None (built-in).
[2026.04.06-02.06.44:883][692]LogAudio: Display: Audio Occlusion Plugin: None (built-in).
[2026.04.06-02.06.44:883][692]LogAudioMixer: Display: Initializing audio mixer.
[2026.04.06-02.06.44:887][692]LogAudioMixer: Display: 0: FrontLeft
[2026.04.06-02.06.44:887][692]LogAudioMixer: Display: 1: FrontRight
[2026.04.06-02.06.44:887][692]LogAudioMixer: Display: 2: FrontCenter
[2026.04.06-02.06.44:887][692]LogAudioMixer: Display: 3: LowFrequency
[2026.04.06-02.06.44:887][692]LogAudioMixer: Display: 4: BackLeft
[2026.04.06-02.06.44:887][692]LogAudioMixer: Display: 5: BackRight
[2026.04.06-02.06.44:887][692]LogAudioMixer: Display: 6: SideLeft
[2026.04.06-02.06.44:887][692]LogAudioMixer: Display: 7: SideRight
[2026.04.06-02.06.44:899][692]LogAudioMixer: Display: Using Audio Device Speakers (Logitech G733 Gaming Headset)
[2026.04.06-02.06.44:899][692]LogAudioMixer: Display: Initializing Sound Submixes...
[2026.04.06-02.06.44:899][692]LogAudioMixer: Display: Creating Master Submix 'MasterSubmixDefault'
[2026.04.06-02.06.44:899][692]LogAudioMixer: Display: Creating Master Submix 'MasterReverbSubmixDefault'
[2026.04.06-02.06.44:899][692]LogAudioMixer: Display: Creating Master Submix 'MasterEQSubmixDefault'
[2026.04.06-02.06.44:899][692]LogAudioMixer: FMixerPlatformXAudio2::StartAudioStream() called
[2026.04.06-02.06.44:899][692]LogAudioMixer: Display: Output buffers initialized: Frames=1024, Channels=8, Samples=8192
[2026.04.06-02.06.44:900][692]LogAudioMixer: Display: Starting AudioMixerPlatformInterface::RunInternal()
[2026.04.06-02.06.44:901][692]LogAudioMixer: Display: FMixerPlatformXAudio2::SubmitBuffer() called for the first time
[2026.04.06-02.06.44:901][692]LogInit: FAudioDevice initialized.
[2026.04.06-02.06.44:901][692]LogAudio: Display: Audio Device (ID: 5) registered with world 'Map1'.
[2026.04.06-02.06.44:905][692]LogLoad: Game class is 'ThirdPersonGameMode_C'
[2026.04.06-02.06.44:909][692]LogWorld: Bringing World /Game/ThirdPersonBP/Maps/UEDPIE_0_Map1.Map1 up for play (max tick rate 0) at 2026.04.05-20.06.44
[2026.04.06-02.06.44:909][692]LogWorld: Bringing up level for play took: 0.002269
[2026.04.06-02.06.44:909][692]LogOnline: OSS: Creating online subsystem instance for: :Context_6
[2026.04.06-02.06.44:912][692]PIE: Server logged in
[2026.04.06-02.06.44:912][692]PIE: Play in editor total start time 0.087 seconds.
[2026.04.06-02.06.53:833][700]LogSlate: Updating window title bar state: overlay mode, drag disabled, window buttons hidden, title bar hidden
[2026.04.06-02.06.53:833][700]LogWorld: BeginTearingDown for /Game/ThirdPersonBP/Maps/UEDPIE_0_Map1
[2026.04.06-02.06.53:833][700]LogWorld: UWorld::CleanupWorld for Map1, bSessionEnded=true, bCleanupResources=true
[2026.04.06-02.06.53:833][700]LogSlate: InvalidateAllWidgets triggered.  All widgets were invalidated
[2026.04.06-02.06.53:842][700]LogPlayLevel: Display: Shutting down PIE online subsystems
[2026.04.06-02.06.53:845][700]LogSlate: InvalidateAllWidgets triggered.  All widgets were invalidated
[2026.04.06-02.06.53:848][700]LogSlate: Updating window title bar state: overlay mode, drag disabled, window buttons hidden, title bar hidden
[2026.04.06-02.06.53:848][700]LogAudioMixer: FMixerPlatformXAudio2::StopAudioStream() called
[2026.04.06-02.06.53:849][700]LogAudioMixer: FMixerPlatformXAudio2::StopAudioStream() called
[2026.04.06-02.06.53:854][700]LogUObjectHash: Compacting FUObjectHashTables data took   0.76ms
[2026.04.06-02.06.53:903][703]LogPlayLevel: Display: Destroying online subsystem :Context_6
[2026.04.06-02.06.56:847][ 44]LogEditorViewport: Clicking on Actor (LMB): BP_WidePlatform_C (BP_WidePlatform9)
[2026.04.06-02.07.07:825][315]LogTemp: Repeating last play command: Selected Viewport
[2026.04.06-02.07.07:830][315]LogPlayLevel: PlayLevel: No blueprints needed recompiling
[2026.04.06-02.07.07:830][315]PIE: New page: PIE session: Map1 (Apr 5, 2026, 2:07:07 PM)
[2026.04.06-02.07.07:830][315]LogPlayLevel: Creating play world package: /Game/ThirdPersonBP/Maps/UEDPIE_0_Map1
[2026.04.06-02.07.07:836][315]LogPlayLevel: PIE: StaticDuplicateObject took: (0.005851s)
[2026.04.06-02.07.07:836][315]LogAIModule: Creating AISystem for world Map1
[2026.04.06-02.07.07:836][315]LogPlayLevel: PIE: World Init took: (0.000809s)
[2026.04.06-02.07.07:836][315]LogPlayLevel: PIE: Created PIE world by copying editor world from /Game/ThirdPersonBP/Maps/Map1.Map1 to /Game/ThirdPersonBP/Maps/UEDPIE_0_Map1.Map1 (0.006752s)
[2026.04.06-02.07.07:841][315]LogUObjectHash: Compacting FUObjectHashTables data took   0.71ms
[2026.04.06-02.07.07:842][315]LogAudio: Display: Creating Audio Device:                 Id: 6, Scope: Unique, Realtime: True
[2026.04.06-02.07.07:842][315]LogAudioMixer: Display: Audio Mixer Platform Settings:
[2026.04.06-02.07.07:842][315]LogAudioMixer: Display: 	Sample Rate:						  48000
[2026.04.06-02.07.07:842][315]LogAudioMixer: Display: 	Callback Buffer Frame Size Requested: 1024
[2026.04.06-02.07.07:842][315]LogAudioMixer: Display: 	Callback Buffer Frame Size To Use:	  1024
[2026.04.06-02.07.07:842][315]LogAudioMixer: Display: 	Number of buffers to queue:			  2
[2026.04.06-02.07.07:842][315]LogAudioMixer: Display: 	Max Channels (voices):				  32
[2026.04.06-02.07.07:842][315]LogAudioMixer: Display: 	Number of Async Source Workers:		  0
[2026.04.06-02.07.07:842][315]LogAudio: Display: AudioDevice MaxSources: 32
[2026.04.06-02.07.07:842][315]LogAudio: Display: Audio Spatialization Plugin: None (built-in).
[2026.04.06-02.07.07:842][315]LogAudio: Display: Audio Reverb Plugin: None (built-in).
[2026.04.06-02.07.07:842][315]LogAudio: Display: Audio Occlusion Plugin: None (built-in).
[2026.04.06-02.07.07:842][315]LogAudioMixer: Display: Initializing audio mixer.
[2026.04.06-02.07.07:846][315]LogAudioMixer: Display: 0: FrontLeft
[2026.04.06-02.07.07:846][315]LogAudioMixer: Display: 1: FrontRight
[2026.04.06-02.07.07:846][315]LogAudioMixer: Display: 2: FrontCenter
[2026.04.06-02.07.07:846][315]LogAudioMixer: Display: 3: LowFrequency
[2026.04.06-02.07.07:846][315]LogAudioMixer: Display: 4: BackLeft
[2026.04.06-02.07.07:846][315]LogAudioMixer: Display: 5: BackRight
[2026.04.06-02.07.07:846][315]LogAudioMixer: Display: 6: SideLeft
[2026.04.06-02.07.07:846][315]LogAudioMixer: Display: 7: SideRight
[2026.04.06-02.07.07:857][315]LogAudioMixer: Display: Using Audio Device Speakers (Logitech G733 Gaming Headset)
[2026.04.06-02.07.07:858][315]LogAudioMixer: Display: Initializing Sound Submixes...
[2026.04.06-02.07.07:858][315]LogAudioMixer: Display: Creating Master Submix 'MasterSubmixDefault'
[2026.04.06-02.07.07:858][315]LogAudioMixer: Display: Creating Master Submix 'MasterReverbSubmixDefault'
[2026.04.06-02.07.07:858][315]LogAudioMixer: Display: Creating Master Submix 'MasterEQSubmixDefault'
[2026.04.06-02.07.07:858][315]LogAudioMixer: FMixerPlatformXAudio2::StartAudioStream() called
[2026.04.06-02.07.07:858][315]LogAudioMixer: Display: Output buffers initialized: Frames=1024, Channels=8, Samples=8192
[2026.04.06-02.07.07:859][315]LogAudioMixer: Display: Starting AudioMixerPlatformInterface::RunInternal()
[2026.04.06-02.07.07:859][315]LogAudioMixer: Display: FMixerPlatformXAudio2::SubmitBuffer() called for the first time
[2026.04.06-02.07.07:859][315]LogInit: FAudioDevice initialized.
[2026.04.06-02.07.07:859][315]LogAudio: Display: Audio Device (ID: 6) registered with world 'Map1'.
[2026.04.06-02.07.07:869][315]LogLoad: Game class is 'ThirdPersonGameMode_C'
[2026.04.06-02.07.07:871][315]LogWorld: Bringing World /Game/ThirdPersonBP/Maps/UEDPIE_0_Map1.Map1 up for play (max tick rate 0) at 2026.04.05-20.07.07
[2026.04.06-02.07.07:871][315]LogWorld: Bringing up level for play took: 0.001896
[2026.04.06-02.07.07:871][315]LogOnline: OSS: Creating online subsystem instance for: :Context_7
[2026.04.06-02.07.07:876][315]PIE: Server logged in
[2026.04.06-02.07.07:877][315]PIE: Play in editor total start time 0.048 seconds.
[2026.04.06-02.07.21:780][967]LogSlate: Updating window title bar state: overlay mode, drag disabled, window buttons hidden, title bar hidden
[2026.04.06-02.07.21:780][967]LogWorld: BeginTearingDown for /Game/ThirdPersonBP/Maps/UEDPIE_0_Map1
[2026.04.06-02.07.21:780][967]LogWorld: UWorld::CleanupWorld for Map1, bSessionEnded=true, bCleanupResources=true
[2026.04.06-02.07.21:781][967]LogSlate: InvalidateAllWidgets triggered.  All widgets were invalidated
[2026.04.06-02.07.21:787][967]LogPlayLevel: Display: Shutting down PIE online subsystems
[2026.04.06-02.07.21:796][967]LogSlate: InvalidateAllWidgets triggered.  All widgets were invalidated
[2026.04.06-02.07.21:800][967]LogAudio: Display: Audio Device unregistered from world 'None'.
[2026.04.06-02.07.21:800][967]LogAudioMixer: FMixerPlatformXAudio2::StopAudioStream() called
[2026.04.06-02.07.21:801][967]LogAudioMixer: FMixerPlatformXAudio2::StopAudioStream() called
[2026.04.06-02.07.21:803][967]LogSlate: Updating window title bar state: overlay mode, drag disabled, window buttons hidden, title bar hidden
[2026.04.06-02.07.21:806][967]LogUObjectHash: Compacting FUObjectHashTables data took   0.84ms
[2026.04.06-02.07.21:839][968]LogPlayLevel: Display: Destroying online subsystem :Context_7
[2026.04.06-02.07.33:353][276]LogAssetEditorSubsystem: Opening Asset editor for Blueprint /Game/ThirdPersonBP/Blueprints/ThirdPersonCharacter.ThirdPersonCharacter
[2026.04.06-02.07.33:526][276]LogNativeClassHierarchy: Verbose: Native class hierarchy updated for 'BlueprintGraph' in 0.0007 seconds. Added 126 classes and 0 folders.
[2026.04.06-02.07.34:272][276]LogSlate: Took 0.000294 seconds to synchronously load lazily loaded font '../../../Engine/Content/Slate/Fonts/Roboto-BoldCondensed.ttf' (158K)
[2026.04.06-02.07.42:464][904]LogRenderer: Reallocating scene render targets to support 1088x712 Format 10 NumSamples 1 (Frame:447).
[2026.04.06-02.07.57:671][993]Cmd: OBJ SAVEPACKAGE PACKAGE="/Game/ThirdPersonBP/Blueprints/ThirdPersonCharacter" FILE="C:/Github/Others/CPSC399_Game/CPSC399Game/Content/ThirdPersonBP/Blueprints/ThirdPersonCharacter.uasset" SILENT=true
[2026.04.06-02.07.57:707][993]LogSavePackage: Moving 'C:/Github/Others/CPSC399_Game/CPSC399Game/Saved/ThirdPersonCharacter89C33FD9436910FFF4FF0792D5B096CB.tmp' to 'C:/Github/Others/CPSC399_Game/CPSC399Game/Content/ThirdPersonBP/Blueprints/ThirdPersonCharacter.uasset'
[2026.04.06-02.07.57:722][993]AssetCheck: New page: Asset Save: ThirdPersonCharacter
[2026.04.06-02.07.57:722][993]LogContentValidation: Display: Validating Blueprint /Game/ThirdPersonBP/Blueprints/ThirdPersonCharacter.ThirdPersonCharacter
[2026.04.06-02.07.59:363][133]LogTemp: Repeating last play command: Selected Viewport
[2026.04.06-02.07.59:368][133]BlueprintLog: New page: Pre-Play auto-recompile
[2026.04.06-02.07.59:369][133]LogPlayLevel: [PlayLevel] Compiling ThirdPersonCharacter before play...
[2026.04.06-02.07.59:438][133]LogUObjectHash: Compacting FUObjectHashTables data took   2.18ms
[2026.04.06-02.07.59:438][133]LogPlayLevel: PlayLevel: Blueprint regeneration took 70 ms (1 blueprints)
[2026.04.06-02.07.59:438][133]PIE: New page: PIE session: Map1 (Apr 5, 2026, 2:07:59 PM)
[2026.04.06-02.07.59:471][133]LogPlayLevel: Creating play world package: /Game/ThirdPersonBP/Maps/UEDPIE_0_Map1
[2026.04.06-02.07.59:477][133]LogPlayLevel: PIE: StaticDuplicateObject took: (0.005109s)
[2026.04.06-02.07.59:477][133]LogAIModule: Creating AISystem for world Map1
[2026.04.06-02.07.59:478][133]LogPlayLevel: PIE: World Init took: (0.001094s)
[2026.04.06-02.07.59:478][133]LogPlayLevel: PIE: Created PIE world by copying editor world from /Game/ThirdPersonBP/Maps/Map1.Map1 to /Game/ThirdPersonBP/Maps/UEDPIE_0_Map1.Map1 (0.006394s)
[2026.04.06-02.07.59:495][133]LogUObjectHash: Compacting FUObjectHashTables data took   1.54ms
[2026.04.06-02.07.59:495][133]LogAudio: Display: Creating Audio Device:                 Id: 7, Scope: Unique, Realtime: True
[2026.04.06-02.07.59:496][133]LogAudioMixer: Display: Audio Mixer Platform Settings:
[2026.04.06-02.07.59:496][133]LogAudioMixer: Display: 	Sample Rate:						  48000
[2026.04.06-02.07.59:496][133]LogAudioMixer: Display: 	Callback Buffer Frame Size Requested: 1024
[2026.04.06-02.07.59:496][133]LogAudioMixer: Display: 	Callback Buffer Frame Size To Use:	  1024
[2026.04.06-02.07.59:496][133]LogAudioMixer: Display: 	Number of buffers to queue:			  2
[2026.04.06-02.07.59:496][133]LogAudioMixer: Display: 	Max Channels (voices):				  32
[2026.04.06-02.07.59:496][133]LogAudioMixer: Display: 	Number of Async Source Workers:		  0
[2026.04.06-02.07.59:496][133]LogAudio: Display: AudioDevice MaxSources: 32
[2026.04.06-02.07.59:496][133]LogAudio: Display: Audio Spatialization Plugin: None (built-in).
[2026.04.06-02.07.59:496][133]LogAudio: Display: Audio Reverb Plugin: None (built-in).
[2026.04.06-02.07.59:496][133]LogAudio: Display: Audio Occlusion Plugin: None (built-in).
[2026.04.06-02.07.59:496][133]LogAudioMixer: Display: Initializing audio mixer.
[2026.04.06-02.07.59:501][133]LogAudioMixer: Display: 0: FrontLeft
[2026.04.06-02.07.59:501][133]LogAudioMixer: Display: 1: FrontRight
[2026.04.06-02.07.59:501][133]LogAudioMixer: Display: 2: FrontCenter
[2026.04.06-02.07.59:501][133]LogAudioMixer: Display: 3: LowFrequency
[2026.04.06-02.07.59:501][133]LogAudioMixer: Display: 4: BackLeft
[2026.04.06-02.07.59:501][133]LogAudioMixer: Display: 5: BackRight
[2026.04.06-02.07.59:501][133]LogAudioMixer: Display: 6: SideLeft
[2026.04.06-02.07.59:501][133]LogAudioMixer: Display: 7: SideRight
[2026.04.06-02.07.59:513][133]LogAudioMixer: Display: Using Audio Device Speakers (Logitech G733 Gaming Headset)
[2026.04.06-02.07.59:513][133]LogAudioMixer: Display: Initializing Sound Submixes...
[2026.04.06-02.07.59:513][133]LogAudioMixer: Display: Creating Master Submix 'MasterSubmixDefault'
[2026.04.06-02.07.59:513][133]LogAudioMixer: Display: Creating Master Submix 'MasterReverbSubmixDefault'
[2026.04.06-02.07.59:514][133]LogAudioMixer: Display: Creating Master Submix 'MasterEQSubmixDefault'
[2026.04.06-02.07.59:514][133]LogAudioMixer: FMixerPlatformXAudio2::StartAudioStream() called
[2026.04.06-02.07.59:514][133]LogAudioMixer: Display: Output buffers initialized: Frames=1024, Channels=8, Samples=8192
[2026.04.06-02.07.59:515][133]LogAudioMixer: Display: Starting AudioMixerPlatformInterface::RunInternal()
[2026.04.06-02.07.59:515][133]LogAudioMixer: Display: FMixerPlatformXAudio2::SubmitBuffer() called for the first time
[2026.04.06-02.07.59:515][133]LogInit: FAudioDevice initialized.
[2026.04.06-02.07.59:515][133]LogAudio: Display: Audio Device (ID: 7) registered with world 'Map1'.
[2026.04.06-02.07.59:524][133]LogLoad: Game class is 'ThirdPersonGameMode_C'
[2026.04.06-02.07.59:527][133]LogWorld: Bringing World /Game/ThirdPersonBP/Maps/UEDPIE_0_Map1.Map1 up for play (max tick rate 0) at 2026.04.05-20.07.59
[2026.04.06-02.07.59:527][133]LogWorld: Bringing up level for play took: 0.002228
[2026.04.06-02.07.59:527][133]LogOnline: OSS: Creating online subsystem instance for: :Context_16
[2026.04.06-02.07.59:532][133]PIE: Server logged in
[2026.04.06-02.07.59:533][133]PIE: Play in editor total start time 0.166 seconds.
[2026.04.06-02.08.13:302][778]LogSlate: Updating window title bar state: overlay mode, drag disabled, window buttons hidden, title bar hidden
[2026.04.06-02.08.13:302][778]LogWorld: BeginTearingDown for /Game/ThirdPersonBP/Maps/UEDPIE_0_Map1
[2026.04.06-02.08.13:302][778]LogWorld: UWorld::CleanupWorld for Map1, bSessionEnded=true, bCleanupResources=true
[2026.04.06-02.08.13:302][778]LogSlate: InvalidateAllWidgets triggered.  All widgets were invalidated
[2026.04.06-02.08.13:309][778]LogPlayLevel: Display: Shutting down PIE online subsystems
[2026.04.06-02.08.13:318][778]LogSlate: InvalidateAllWidgets triggered.  All widgets were invalidated
[2026.04.06-02.08.13:333][778]LogSlate: Updating window title bar state: overlay mode, drag disabled, window buttons hidden, title bar hidden
[2026.04.06-02.08.13:334][778]LogAudioMixer: FMixerPlatformXAudio2::StopAudioStream() called
[2026.04.06-02.08.13:335][778]LogAudioMixer: FMixerPlatformXAudio2::StopAudioStream() called
[2026.04.06-02.08.13:340][778]LogUObjectHash: Compacting FUObjectHashTables data took   1.89ms
[2026.04.06-02.08.13:386][780]LogPlayLevel: Display: Destroying online subsystem :Context_16
[2026.04.06-02.08.17:973][320]LogEditorViewport: Clicking on Actor (LMB): StaticMeshActor (Plane)
[2026.04.06-02.08.34:609][245]LogTemp: Repeating last play command: Selected Viewport
[2026.04.06-02.08.34:614][245]LogPlayLevel: PlayLevel: No blueprints needed recompiling
[2026.04.06-02.08.34:614][245]PIE: New page: PIE session: Map1 (Apr 5, 2026, 2:08:34 PM)
[2026.04.06-02.08.34:651][245]LogPlayLevel: Creating play world package: /Game/ThirdPersonBP/Maps/UEDPIE_0_Map1
[2026.04.06-02.08.34:656][245]LogPlayLevel: PIE: StaticDuplicateObject took: (0.004875s)
[2026.04.06-02.08.34:656][245]LogAIModule: Creating AISystem for world Map1
[2026.04.06-02.08.34:657][245]LogPlayLevel: PIE: World Init took: (0.000866s)
[2026.04.06-02.08.34:657][245]LogPlayLevel: PIE: Created PIE world by copying editor world from /Game/ThirdPersonBP/Maps/Map1.Map1 to /Game/ThirdPersonBP/Maps/UEDPIE_0_Map1.Map1 (0.005919s)
[2026.04.06-02.08.34:673][245]LogUObjectHash: Compacting FUObjectHashTables data took   1.84ms
[2026.04.06-02.08.34:674][245]LogAudio: Display: Creating Audio Device:                 Id: 8, Scope: Unique, Realtime: True
[2026.04.06-02.08.34:675][245]LogAudioMixer: Display: Audio Mixer Platform Settings:
[2026.04.06-02.08.34:675][245]LogAudioMixer: Display: 	Sample Rate:						  48000
[2026.04.06-02.08.34:675][245]LogAudioMixer: Display: 	Callback Buffer Frame Size Requested: 1024
[2026.04.06-02.08.34:675][245]LogAudioMixer: Display: 	Callback Buffer Frame Size To Use:	  1024
[2026.04.06-02.08.34:675][245]LogAudioMixer: Display: 	Number of buffers to queue:			  2
[2026.04.06-02.08.34:675][245]LogAudioMixer: Display: 	Max Channels (voices):				  32
[2026.04.06-02.08.34:675][245]LogAudioMixer: Display: 	Number of Async Source Workers:		  0
[2026.04.06-02.08.34:675][245]LogAudio: Display: AudioDevice MaxSources: 32
[2026.04.06-02.08.34:675][245]LogAudio: Display: Audio Spatialization Plugin: None (built-in).
[2026.04.06-02.08.34:675][245]LogAudio: Display: Audio Reverb Plugin: None (built-in).
[2026.04.06-02.08.34:675][245]LogAudio: Display: Audio Occlusion Plugin: None (built-in).
[2026.04.06-02.08.34:675][245]LogAudioMixer: Display: Initializing audio mixer.
[2026.04.06-02.08.34:678][245]LogAudioMixer: Display: 0: FrontLeft
[2026.04.06-02.08.34:680][245]LogAudioMixer: Display: 1: FrontRight
[2026.04.06-02.08.34:680][245]LogAudioMixer: Display: 2: FrontCenter
[2026.04.06-02.08.34:680][245]LogAudioMixer: Display: 3: LowFrequency
[2026.04.06-02.08.34:680][245]LogAudioMixer: Display: 4: BackLeft
[2026.04.06-02.08.34:680][245]LogAudioMixer: Display: 5: BackRight
[2026.04.06-02.08.34:680][245]LogAudioMixer: Display: 6: SideLeft
[2026.04.06-02.08.34:680][245]LogAudioMixer: Display: 7: SideRight
[2026.04.06-02.08.34:691][245]LogAudioMixer: Display: Using Audio Device Speakers (Logitech G733 Gaming Headset)
[2026.04.06-02.08.34:691][245]LogAudioMixer: Display: Initializing Sound Submixes...
[2026.04.06-02.08.34:691][245]LogAudioMixer: Display: Creating Master Submix 'MasterSubmixDefault'
[2026.04.06-02.08.34:691][245]LogAudioMixer: Display: Creating Master Submix 'MasterReverbSubmixDefault'
[2026.04.06-02.08.34:692][245]LogAudioMixer: Display: Creating Master Submix 'MasterEQSubmixDefault'
[2026.04.06-02.08.34:692][245]LogAudioMixer: FMixerPlatformXAudio2::StartAudioStream() called
[2026.04.06-02.08.34:692][245]LogAudioMixer: Display: Output buffers initialized: Frames=1024, Channels=8, Samples=8192
[2026.04.06-02.08.34:693][245]LogAudioMixer: Display: Starting AudioMixerPlatformInterface::RunInternal()
[2026.04.06-02.08.34:693][245]LogAudioMixer: Display: FMixerPlatformXAudio2::SubmitBuffer() called for the first time
[2026.04.06-02.08.34:693][245]LogInit: FAudioDevice initialized.
[2026.04.06-02.08.34:693][245]LogAudio: Display: Audio Device (ID: 8) registered with world 'Map1'.
[2026.04.06-02.08.34:702][245]LogLoad: Game class is 'ThirdPersonGameMode_C'
[2026.04.06-02.08.34:705][245]LogWorld: Bringing World /Game/ThirdPersonBP/Maps/UEDPIE_0_Map1.Map1 up for play (max tick rate 0) at 2026.04.05-20.08.34
[2026.04.06-02.08.34:705][245]LogWorld: Bringing up level for play took: 0.001883
[2026.04.06-02.08.34:705][245]LogOnline: OSS: Creating online subsystem instance for: :Context_17
[2026.04.06-02.08.34:708][245]PIE: Server logged in
[2026.04.06-02.08.34:709][245]PIE: Play in editor total start time 0.096 seconds.
[2026.04.06-02.09.42:185][215]LogEditorViewport: Clicking on Actor (LMB): StaticMeshActor (Plane)
[2026.04.06-02.09.45:245][530]LogEditorViewport: Clicking on Actor (LMB): StaticMeshActor (Plane)
[2026.04.06-02.09.45:726][572]LogEditorViewport: Clicking on Actor (LMB): StaticMeshActor (Plane)
[2026.04.06-02.09.47:825][796]LogEditorViewport: Clicking on Actor (LMB): StaticMeshActor (Plane)
[2026.04.06-02.09.48:177][833]LogEditorViewport: Clicking on Actor (LMB): StaticMeshActor (Plane)
[2026.04.06-02.09.49:797][997]LogEditorViewport: Clicking on Actor (LMB): StaticMeshActor (Plane)
[2026.04.06-02.09.56:723][719]PIE: Warning: Mobility of /Game/ThirdPersonBP/Maps/UEDPIE_0_Map1.Map1:PersistentLevel.Plane_1622 : StaticMeshComponent0 has to be 'Movable' if you'd like to move. 
[2026.04.06-02.10.13:871][680]LogSlate: Updating window title bar state: overlay mode, drag disabled, window buttons hidden, title bar hidden
[2026.04.06-02.10.13:871][680]LogWorld: BeginTearingDown for /Game/ThirdPersonBP/Maps/UEDPIE_0_Map1
[2026.04.06-02.10.13:871][680]LogWorld: UWorld::CleanupWorld for Map1, bSessionEnded=true, bCleanupResources=true
[2026.04.06-02.10.13:872][680]LogSlate: InvalidateAllWidgets triggered.  All widgets were invalidated
[2026.04.06-02.10.13:877][680]LogPlayLevel: Display: Shutting down PIE online subsystems
[2026.04.06-02.10.13:895][680]LogSlate: InvalidateAllWidgets triggered.  All widgets were invalidated
[2026.04.06-02.10.13:924][680]LogSlate: Updating window title bar state: overlay mode, drag disabled, window buttons hidden, title bar hidden
[2026.04.06-02.10.13:924][680]LogAudioMixer: FMixerPlatformXAudio2::StopAudioStream() called
[2026.04.06-02.10.13:926][680]LogAudioMixer: FMixerPlatformXAudio2::StopAudioStream() called
[2026.04.06-02.10.13:953][680]LogUObjectHash: Compacting FUObjectHashTables data took   3.41ms
[2026.04.06-02.10.14:064][680]LogSlate: Took 0.000340 seconds to synchronously load lazily loaded font '../../../Engine/Content/Slate/Fonts/DroidSansMono.ttf' (77K)
[2026.04.06-02.10.14:069][681]LogPlayLevel: Display: Destroying online subsystem :Context_17
[2026.04.06-02.10.16:097][899]LogSlate: Window 'Message Log' being destroyed
[2026.04.06-02.10.16:104][899]LogSlate: Window 'Message Log' being destroyed
[2026.04.06-02.10.17:993][115]LogEditorViewport: Clicking on Actor (LMB): StaticMeshActor (Plane)
[2026.04.06-02.10.19:777][301]LogTemp: Repeating last play command: Selected Viewport
[2026.04.06-02.10.19:786][301]LogPlayLevel: PlayLevel: No blueprints needed recompiling
[2026.04.06-02.10.19:786][301]PIE: New page: PIE session: Map1 (Apr 5, 2026, 2:10:19 PM)
[2026.04.06-02.10.19:820][301]LogPlayLevel: Creating play world package: /Game/ThirdPersonBP/Maps/UEDPIE_0_Map1
[2026.04.06-02.10.19:824][301]LogPlayLevel: PIE: StaticDuplicateObject took: (0.004464s)
[2026.04.06-02.10.19:825][301]LogAIModule: Creating AISystem for world Map1
[2026.04.06-02.10.19:825][301]LogPlayLevel: PIE: World Init took: (0.000855s)
[2026.04.06-02.10.19:825][301]LogPlayLevel: PIE: Created PIE world by copying editor world from /Game/ThirdPersonBP/Maps/Map1.Map1 to /Game/ThirdPersonBP/Maps/UEDPIE_0_Map1.Map1 (0.005492s)
[2026.04.06-02.10.19:850][301]LogUObjectHash: Compacting FUObjectHashTables data took   2.65ms
[2026.04.06-02.10.19:853][301]LogAudio: Display: Creating Audio Device:                 Id: 9, Scope: Unique, Realtime: True
[2026.04.06-02.10.19:853][301]LogAudioMixer: Display: Audio Mixer Platform Settings:
[2026.04.06-02.10.19:853][301]LogAudioMixer: Display: 	Sample Rate:						  48000
[2026.04.06-02.10.19:853][301]LogAudioMixer: Display: 	Callback Buffer Frame Size Requested: 1024
[2026.04.06-02.10.19:853][301]LogAudioMixer: Display: 	Callback Buffer Frame Size To Use:	  1024
[2026.04.06-02.10.19:853][301]LogAudioMixer: Display: 	Number of buffers to queue:			  2
[2026.04.06-02.10.19:853][301]LogAudioMixer: Display: 	Max Channels (voices):				  32
[2026.04.06-02.10.19:853][301]LogAudioMixer: Display: 	Number of Async Source Workers:		  0
[2026.04.06-02.10.19:853][301]LogAudio: Display: AudioDevice MaxSources: 32
[2026.04.06-02.10.19:854][301]LogAudio: Display: Audio Spatialization Plugin: None (built-in).
[2026.04.06-02.10.19:854][301]LogAudio: Display: Audio Reverb Plugin: None (built-in).
[2026.04.06-02.10.19:854][301]LogAudio: Display: Audio Occlusion Plugin: None (built-in).
[2026.04.06-02.10.19:854][301]LogAudioMixer: Display: Initializing audio mixer.
[2026.04.06-02.10.19:857][301]LogAudioMixer: Display: 0: FrontLeft
[2026.04.06-02.10.19:857][301]LogAudioMixer: Display: 1: FrontRight
[2026.04.06-02.10.19:857][301]LogAudioMixer: Display: 2: FrontCenter
[2026.04.06-02.10.19:857][301]LogAudioMixer: Display: 3: LowFrequency
[2026.04.06-02.10.19:857][301]LogAudioMixer: Display: 4: BackLeft
[2026.04.06-02.10.19:857][301]LogAudioMixer: Display: 5: BackRight
[2026.04.06-02.10.19:857][301]LogAudioMixer: Display: 6: SideLeft
[2026.04.06-02.10.19:858][301]LogAudioMixer: Display: 7: SideRight
[2026.04.06-02.10.19:870][301]LogAudioMixer: Display: Using Audio Device Speakers (Logitech G733 Gaming Headset)
[2026.04.06-02.10.19:871][301]LogAudioMixer: Display: Initializing Sound Submixes...
[2026.04.06-02.10.19:871][301]LogAudioMixer: Display: Creating Master Submix 'MasterSubmixDefault'
[2026.04.06-02.10.19:871][301]LogAudioMixer: Display: Creating Master Submix 'MasterReverbSubmixDefault'
[2026.04.06-02.10.19:871][301]LogAudioMixer: Display: Creating Master Submix 'MasterEQSubmixDefault'
[2026.04.06-02.10.19:871][301]LogAudioMixer: FMixerPlatformXAudio2::StartAudioStream() called
[2026.04.06-02.10.19:871][301]LogAudioMixer: Display: Output buffers initialized: Frames=1024, Channels=8, Samples=8192
[2026.04.06-02.10.19:872][301]LogAudioMixer: Display: Starting AudioMixerPlatformInterface::RunInternal()
[2026.04.06-02.10.19:872][301]LogAudioMixer: Display: FMixerPlatformXAudio2::SubmitBuffer() called for the first time
[2026.04.06-02.10.19:872][301]LogInit: FAudioDevice initialized.
[2026.04.06-02.10.19:872][301]LogAudio: Display: Audio Device (ID: 9) registered with world 'Map1'.
[2026.04.06-02.10.19:878][301]LogLoad: Game class is 'ThirdPersonGameMode_C'
[2026.04.06-02.10.19:881][301]LogWorld: Bringing World /Game/ThirdPersonBP/Maps/UEDPIE_0_Map1.Map1 up for play (max tick rate 0) at 2026.04.05-20.10.19
[2026.04.06-02.10.19:882][301]LogWorld: Bringing up level for play took: 0.002532
[2026.04.06-02.10.19:882][301]LogOnline: OSS: Creating online subsystem instance for: :Context_18
[2026.04.06-02.10.19:885][301]PIE: Server logged in
[2026.04.06-02.10.19:886][301]PIE: Play in editor total start time 0.101 seconds.
[2026.04.06-02.10.25:661][979]LogSlate: Updating window title bar state: overlay mode, drag disabled, window buttons hidden, title bar hidden
[2026.04.06-02.10.25:661][979]LogWorld: BeginTearingDown for /Game/ThirdPersonBP/Maps/UEDPIE_0_Map1
[2026.04.06-02.10.25:661][979]LogWorld: UWorld::CleanupWorld for Map1, bSessionEnded=true, bCleanupResources=true
[2026.04.06-02.10.25:661][979]LogSlate: InvalidateAllWidgets triggered.  All widgets were invalidated
[2026.04.06-02.10.25:669][979]LogPlayLevel: Display: Shutting down PIE online subsystems
[2026.04.06-02.10.25:685][979]LogSlate: InvalidateAllWidgets triggered.  All widgets were invalidated
[2026.04.06-02.10.25:703][979]LogAudio: Display: Audio Device unregistered from world 'None'.
[2026.04.06-02.10.25:704][979]LogAudioMixer: FMixerPlatformXAudio2::StopAudioStream() called
[2026.04.06-02.10.25:705][979]LogAudioMixer: FMixerPlatformXAudio2::StopAudioStream() called
[2026.04.06-02.10.25:707][979]LogSlate: Updating window title bar state: overlay mode, drag disabled, window buttons hidden, title bar hidden
[2026.04.06-02.10.25:711][979]LogUObjectHash: Compacting FUObjectHashTables data took   2.36ms
[2026.04.06-02.10.25:748][980]LogPlayLevel: Display: Destroying online subsystem :Context_18
[2026.04.06-02.10.26:433][ 56]LogTemp: Repeating last play command: Selected Viewport
[2026.04.06-02.10.26:438][ 56]LogPlayLevel: PlayLevel: No blueprints needed recompiling
[2026.04.06-02.10.26:438][ 56]PIE: New page: PIE session: Map1 (Apr 5, 2026, 2:10:26 PM)
[2026.04.06-02.10.26:479][ 56]LogPlayLevel: Creating play world package: /Game/ThirdPersonBP/Maps/UEDPIE_0_Map1
[2026.04.06-02.10.26:484][ 56]LogPlayLevel: PIE: StaticDuplicateObject took: (0.005189s)
[2026.04.06-02.10.26:485][ 56]LogAIModule: Creating AISystem for world Map1
[2026.04.06-02.10.26:485][ 56]LogPlayLevel: PIE: World Init took: (0.000846s)
[2026.04.06-02.10.26:485][ 56]LogPlayLevel: PIE: Created PIE world by copying editor world from /Game/ThirdPersonBP/Maps/Map1.Map1 to /Game/ThirdPersonBP/Maps/UEDPIE_0_Map1.Map1 (0.006192s)
[2026.04.06-02.10.26:506][ 56]LogUObjectHash: Compacting FUObjectHashTables data took   2.14ms
[2026.04.06-02.10.26:507][ 56]LogAudio: Display: Creating Audio Device:                 Id: 10, Scope: Unique, Realtime: True
[2026.04.06-02.10.26:507][ 56]LogAudioMixer: Display: Audio Mixer Platform Settings:
[2026.04.06-02.10.26:507][ 56]LogAudioMixer: Display: 	Sample Rate:						  48000
[2026.04.06-02.10.26:507][ 56]LogAudioMixer: Display: 	Callback Buffer Frame Size Requested: 1024
[2026.04.06-02.10.26:507][ 56]LogAudioMixer: Display: 	Callback Buffer Frame Size To Use:	  1024
[2026.04.06-02.10.26:507][ 56]LogAudioMixer: Display: 	Number of buffers to queue:			  2
[2026.04.06-02.10.26:507][ 56]LogAudioMixer: Display: 	Max Channels (voices):				  32
[2026.04.06-02.10.26:507][ 56]LogAudioMixer: Display: 	Number of Async Source Workers:		  0
[2026.04.06-02.10.26:507][ 56]LogAudio: Display: AudioDevice MaxSources: 32
[2026.04.06-02.10.26:507][ 56]LogAudio: Display: Audio Spatialization Plugin: None (built-in).
[2026.04.06-02.10.26:507][ 56]LogAudio: Display: Audio Reverb Plugin: None (built-in).
[2026.04.06-02.10.26:507][ 56]LogAudio: Display: Audio Occlusion Plugin: None (built-in).
[2026.04.06-02.10.26:507][ 56]LogAudioMixer: Display: Initializing audio mixer.
[2026.04.06-02.10.26:511][ 56]LogAudioMixer: Display: 0: FrontLeft
[2026.04.06-02.10.26:511][ 56]LogAudioMixer: Display: 1: FrontRight
[2026.04.06-02.10.26:511][ 56]LogAudioMixer: Display: 2: FrontCenter
[2026.04.06-02.10.26:511][ 56]LogAudioMixer: Display: 3: LowFrequency
[2026.04.06-02.10.26:511][ 56]LogAudioMixer: Display: 4: BackLeft
[2026.04.06-02.10.26:511][ 56]LogAudioMixer: Display: 5: BackRight
[2026.04.06-02.10.26:511][ 56]LogAudioMixer: Display: 6: SideLeft
[2026.04.06-02.10.26:511][ 56]LogAudioMixer: Display: 7: SideRight
[2026.04.06-02.10.26:523][ 56]LogAudioMixer: Display: Using Audio Device Speakers (Logitech G733 Gaming Headset)
[2026.04.06-02.10.26:524][ 56]LogAudioMixer: Display: Initializing Sound Submixes...
[2026.04.06-02.10.26:524][ 56]LogAudioMixer: Display: Creating Master Submix 'MasterSubmixDefault'
[2026.04.06-02.10.26:524][ 56]LogAudioMixer: Display: Creating Master Submix 'MasterReverbSubmixDefault'
[2026.04.06-02.10.26:524][ 56]LogAudioMixer: Display: Creating Master Submix 'MasterEQSubmixDefault'
[2026.04.06-02.10.26:524][ 56]LogAudioMixer: FMixerPlatformXAudio2::StartAudioStream() called
[2026.04.06-02.10.26:524][ 56]LogAudioMixer: Display: Output buffers initialized: Frames=1024, Channels=8, Samples=8192
[2026.04.06-02.10.26:525][ 56]LogAudioMixer: Display: Starting AudioMixerPlatformInterface::RunInternal()
[2026.04.06-02.10.26:525][ 56]LogAudioMixer: Display: FMixerPlatformXAudio2::SubmitBuffer() called for the first time
[2026.04.06-02.10.26:525][ 56]LogInit: FAudioDevice initialized.
[2026.04.06-02.10.26:525][ 56]LogAudio: Display: Audio Device (ID: 10) registered with world 'Map1'.
[2026.04.06-02.10.26:534][ 56]LogLoad: Game class is 'ThirdPersonGameMode_C'
[2026.04.06-02.10.26:536][ 56]LogWorld: Bringing World /Game/ThirdPersonBP/Maps/UEDPIE_0_Map1.Map1 up for play (max tick rate 0) at 2026.04.05-20.10.26
[2026.04.06-02.10.26:536][ 56]LogWorld: Bringing up level for play took: 0.002023
[2026.04.06-02.10.26:537][ 56]LogOnline: OSS: Creating online subsystem instance for: :Context_19
[2026.04.06-02.10.26:539][ 56]PIE: Server logged in
[2026.04.06-02.10.26:540][ 56]PIE: Play in editor total start time 0.103 seconds.
[2026.04.06-02.10.30:881][570]LogSlate: Updating window title bar state: overlay mode, drag disabled, window buttons hidden, title bar hidden
[2026.04.06-02.10.30:881][570]LogWorld: BeginTearingDown for /Game/ThirdPersonBP/Maps/UEDPIE_0_Map1
[2026.04.06-02.10.30:882][570]LogWorld: UWorld::CleanupWorld for Map1, bSessionEnded=true, bCleanupResources=true
[2026.04.06-02.10.30:883][570]LogSlate: InvalidateAllWidgets triggered.  All widgets were invalidated
[2026.04.06-02.10.30:892][570]LogPlayLevel: Display: Shutting down PIE online subsystems
[2026.04.06-02.10.30:907][570]LogSlate: InvalidateAllWidgets triggered.  All widgets were invalidated
[2026.04.06-02.10.30:927][570]LogSlate: Updating window title bar state: overlay mode, drag disabled, window buttons hidden, title bar hidden
[2026.04.06-02.10.30:929][570]LogAudioMixer: FMixerPlatformXAudio2::StopAudioStream() called
[2026.04.06-02.10.30:930][570]LogAudioMixer: FMixerPlatformXAudio2::StopAudioStream() called
[2026.04.06-02.10.30:935][570]LogUObjectHash: Compacting FUObjectHashTables data took   2.05ms
[2026.04.06-02.10.30:969][571]LogPlayLevel: Display: Destroying online subsystem :Context_19
[2026.04.06-02.10.34:481][909]LogTemp: Repeating last play command: Selected Viewport
[2026.04.06-02.10.34:486][909]LogPlayLevel: PlayLevel: No blueprints needed recompiling
[2026.04.06-02.10.34:486][909]PIE: New page: PIE session: Map1 (Apr 5, 2026, 2:10:34 PM)
[2026.04.06-02.10.34:520][909]LogPlayLevel: Creating play world package: /Game/ThirdPersonBP/Maps/UEDPIE_0_Map1
[2026.04.06-02.10.34:525][909]LogPlayLevel: PIE: StaticDuplicateObject took: (0.004827s)
[2026.04.06-02.10.34:526][909]LogAIModule: Creating AISystem for world Map1
[2026.04.06-02.10.34:526][909]LogPlayLevel: PIE: World Init took: (0.001251s)
[2026.04.06-02.10.34:526][909]LogPlayLevel: PIE: Created PIE world by copying editor world from /Game/ThirdPersonBP/Maps/Map1.Map1 to /Game/ThirdPersonBP/Maps/UEDPIE_0_Map1.Map1 (0.006278s)
[2026.04.06-02.10.34:547][909]LogUObjectHash: Compacting FUObjectHashTables data took   2.19ms
[2026.04.06-02.10.34:551][909]LogAudio: Display: Creating Audio Device:                 Id: 11, Scope: Unique, Realtime: True
[2026.04.06-02.10.34:551][909]LogAudioMixer: Display: Audio Mixer Platform Settings:
[2026.04.06-02.10.34:551][909]LogAudioMixer: Display: 	Sample Rate:						  48000
[2026.04.06-02.10.34:551][909]LogAudioMixer: Display: 	Callback Buffer Frame Size Requested: 1024
[2026.04.06-02.10.34:551][909]LogAudioMixer: Display: 	Callback Buffer Frame Size To Use:	  1024
[2026.04.06-02.10.34:551][909]LogAudioMixer: Display: 	Number of buffers to queue:			  2
[2026.04.06-02.10.34:551][909]LogAudioMixer: Display: 	Max Channels (voices):				  32
[2026.04.06-02.10.34:551][909]LogAudioMixer: Display: 	Number of Async Source Workers:		  0
[2026.04.06-02.10.34:551][909]LogAudio: Display: AudioDevice MaxSources: 32
[2026.04.06-02.10.34:551][909]LogAudio: Display: Audio Spatialization Plugin: None (built-in).
[2026.04.06-02.10.34:551][909]LogAudio: Display: Audio Reverb Plugin: None (built-in).
[2026.04.06-02.10.34:551][909]LogAudio: Display: Audio Occlusion Plugin: None (built-in).
[2026.04.06-02.10.34:551][909]LogAudioMixer: Display: Initializing audio mixer.
[2026.04.06-02.10.34:555][909]LogAudioMixer: Display: 0: FrontLeft
[2026.04.06-02.10.34:555][909]LogAudioMixer: Display: 1: FrontRight
[2026.04.06-02.10.34:555][909]LogAudioMixer: Display: 2: FrontCenter
[2026.04.06-02.10.34:555][909]LogAudioMixer: Display: 3: LowFrequency
[2026.04.06-02.10.34:555][909]LogAudioMixer: Display: 4: BackLeft
[2026.04.06-02.10.34:555][909]LogAudioMixer: Display: 5: BackRight
[2026.04.06-02.10.34:555][909]LogAudioMixer: Display: 6: SideLeft
[2026.04.06-02.10.34:555][909]LogAudioMixer: Display: 7: SideRight
[2026.04.06-02.10.34:568][909]LogAudioMixer: Display: Using Audio Device Speakers (Logitech G733 Gaming Headset)
[2026.04.06-02.10.34:569][909]LogAudioMixer: Display: Initializing Sound Submixes...
[2026.04.06-02.10.34:569][909]LogAudioMixer: Display: Creating Master Submix 'MasterSubmixDefault'
[2026.04.06-02.10.34:569][909]LogAudioMixer: Display: Creating Master Submix 'MasterReverbSubmixDefault'
[2026.04.06-02.10.34:569][909]LogAudioMixer: Display: Creating Master Submix 'MasterEQSubmixDefault'
[2026.04.06-02.10.34:569][909]LogAudioMixer: FMixerPlatformXAudio2::StartAudioStream() called
[2026.04.06-02.10.34:569][909]LogAudioMixer: Display: Output buffers initialized: Frames=1024, Channels=8, Samples=8192
[2026.04.06-02.10.34:570][909]LogAudioMixer: Display: Starting AudioMixerPlatformInterface::RunInternal()
[2026.04.06-02.10.34:570][909]LogAudioMixer: Display: FMixerPlatformXAudio2::SubmitBuffer() called for the first time
[2026.04.06-02.10.34:570][909]LogInit: FAudioDevice initialized.
[2026.04.06-02.10.34:570][909]LogAudio: Display: Audio Device (ID: 11) registered with world 'Map1'.
[2026.04.06-02.10.34:582][909]LogLoad: Game class is 'ThirdPersonGameMode_C'
[2026.04.06-02.10.34:585][909]LogWorld: Bringing World /Game/ThirdPersonBP/Maps/UEDPIE_0_Map1.Map1 up for play (max tick rate 0) at 2026.04.05-20.10.34
[2026.04.06-02.10.34:585][909]LogWorld: Bringing up level for play took: 0.002070
[2026.04.06-02.10.34:585][909]LogOnline: OSS: Creating online subsystem instance for: :Context_20
[2026.04.06-02.10.34:588][909]PIE: Server logged in
[2026.04.06-02.10.34:589][909]PIE: Play in editor total start time 0.103 seconds.
[2026.04.06-02.10.39:890][539]LogSlate: Updating window title bar state: overlay mode, drag disabled, window buttons hidden, title bar hidden
[2026.04.06-02.10.39:890][539]LogWorld: BeginTearingDown for /Game/ThirdPersonBP/Maps/UEDPIE_0_Map1
[2026.04.06-02.10.39:891][539]LogWorld: UWorld::CleanupWorld for Map1, bSessionEnded=true, bCleanupResources=true
[2026.04.06-02.10.39:891][539]LogSlate: InvalidateAllWidgets triggered.  All widgets were invalidated
[2026.04.06-02.10.39:896][539]LogPlayLevel: Display: Shutting down PIE online subsystems
[2026.04.06-02.10.39:913][539]LogSlate: InvalidateAllWidgets triggered.  All widgets were invalidated
[2026.04.06-02.10.39:933][539]LogSlate: Updating window title bar state: overlay mode, drag disabled, window buttons hidden, title bar hidden
[2026.04.06-02.10.39:933][539]LogAudioMixer: FMixerPlatformXAudio2::StopAudioStream() called
[2026.04.06-02.10.39:934][539]LogAudioMixer: FMixerPlatformXAudio2::StopAudioStream() called
[2026.04.06-02.10.39:941][539]LogUObjectHash: Compacting FUObjectHashTables data took   2.08ms
[2026.04.06-02.10.39:975][540]LogPlayLevel: Display: Destroying online subsystem :Context_20
[2026.04.06-02.10.43:053][875]LogEditorViewport: Clicking on Actor (LMB): BP_TallPlatform_C (TallPlatform5)
[2026.04.06-02.10.52:695][890]Cmd: OBJ SAVEPACKAGE PACKAGE="/Game/ThirdPersonBP/Blueprints/ThirdPersonCharacter" FILE="C:/Github/Others/CPSC399_Game/CPSC399Game/Content/ThirdPersonBP/Blueprints/ThirdPersonCharacter.uasset" SILENT=true
[2026.04.06-02.10.52:728][890]LogSavePackage: Moving 'C:/Github/Others/CPSC399_Game/CPSC399Game/Saved/ThirdPersonCharacter2A96C599411E7D5CC102F483E1FAA419.tmp' to 'C:/Github/Others/CPSC399_Game/CPSC399Game/Content/ThirdPersonBP/Blueprints/ThirdPersonCharacter.uasset'
[2026.04.06-02.10.52:743][890]AssetCheck: New page: Asset Save: ThirdPersonCharacter
[2026.04.06-02.10.52:743][890]LogContentValidation: Display: Validating Blueprint /Game/ThirdPersonBP/Blueprints/ThirdPersonCharacter.ThirdPersonCharacter
[2026.04.06-02.11.14:517][541]Cmd: OBJ SAVEPACKAGE PACKAGE="/Game/ThirdPersonBP/Blueprints/ThirdPersonCharacter" FILE="C:/Github/Others/CPSC399_Game/CPSC399Game/Content/ThirdPersonBP/Blueprints/ThirdPersonCharacter.uasset" SILENT=true
[2026.04.06-02.11.14:553][541]LogSavePackage: Moving 'C:/Github/Others/CPSC399_Game/CPSC399Game/Saved/ThirdPersonCharacter45C7C5014ED5FA42A3FCA7BEBB322753.tmp' to 'C:/Github/Others/CPSC399_Game/CPSC399Game/Content/ThirdPersonBP/Blueprints/ThirdPersonCharacter.uasset'
[2026.04.06-02.11.14:568][541]AssetCheck: New page: Asset Save: ThirdPersonCharacter
[2026.04.06-02.11.14:568][541]LogContentValidation: Display: Validating Blueprint /Game/ThirdPersonBP/Blueprints/ThirdPersonCharacter.ThirdPersonCharacter
[2026.04.06-02.11.16:486][703]LogTemp: Repeating last play command: Selected Viewport
[2026.04.06-02.11.16:492][703]BlueprintLog: New page: Pre-Play auto-recompile
[2026.04.06-02.11.16:493][703]LogPlayLevel: [PlayLevel] Compiling ThirdPersonCharacter before play...
[2026.04.06-02.11.16:564][703]LogUObjectHash: Compacting FUObjectHashTables data took   2.92ms
[2026.04.06-02.11.16:572][703]LogPlayLevel: PlayLevel: Blueprint regeneration took 79 ms (1 blueprints)
[2026.04.06-02.11.16:572][703]PIE: New page: PIE session: Map1 (Apr 5, 2026, 2:11:16 PM)
[2026.04.06-02.11.16:609][703]LogPlayLevel: Creating play world package: /Game/ThirdPersonBP/Maps/UEDPIE_0_Map1
[2026.04.06-02.11.16:614][703]LogPlayLevel: PIE: StaticDuplicateObject took: (0.004859s)
[2026.04.06-02.11.16:616][703]LogAIModule: Creating AISystem for world Map1
[2026.04.06-02.11.16:618][703]LogPlayLevel: PIE: World Init took: (0.003725s)
[2026.04.06-02.11.16:618][703]LogPlayLevel: PIE: Created PIE world by copying editor world from /Game/ThirdPersonBP/Maps/Map1.Map1 to /Game/ThirdPersonBP/Maps/UEDPIE_0_Map1.Map1 (0.008768s)
[2026.04.06-02.11.16:639][703]LogUObjectHash: Compacting FUObjectHashTables data took   2.41ms
[2026.04.06-02.11.16:639][703]LogAudio: Display: Creating Audio Device:                 Id: 12, Scope: Unique, Realtime: True
[2026.04.06-02.11.16:639][703]LogAudioMixer: Display: Audio Mixer Platform Settings:
[2026.04.06-02.11.16:639][703]LogAudioMixer: Display: 	Sample Rate:						  48000
[2026.04.06-02.11.16:639][703]LogAudioMixer: Display: 	Callback Buffer Frame Size Requested: 1024
[2026.04.06-02.11.16:639][703]LogAudioMixer: Display: 	Callback Buffer Frame Size To Use:	  1024
[2026.04.06-02.11.16:639][703]LogAudioMixer: Display: 	Number of buffers to queue:			  2
[2026.04.06-02.11.16:639][703]LogAudioMixer: Display: 	Max Channels (voices):				  32
[2026.04.06-02.11.16:639][703]LogAudioMixer: Display: 	Number of Async Source Workers:		  0
[2026.04.06-02.11.16:639][703]LogAudio: Display: AudioDevice MaxSources: 32
[2026.04.06-02.11.16:639][703]LogAudio: Display: Audio Spatialization Plugin: None (built-in).
[2026.04.06-02.11.16:639][703]LogAudio: Display: Audio Reverb Plugin: None (built-in).
[2026.04.06-02.11.16:639][703]LogAudio: Display: Audio Occlusion Plugin: None (built-in).
[2026.04.06-02.11.16:639][703]LogAudioMixer: Display: Initializing audio mixer.
[2026.04.06-02.11.16:644][703]LogAudioMixer: Display: 0: FrontLeft
[2026.04.06-02.11.16:644][703]LogAudioMixer: Display: 1: FrontRight
[2026.04.06-02.11.16:644][703]LogAudioMixer: Display: 2: FrontCenter
[2026.04.06-02.11.16:644][703]LogAudioMixer: Display: 3: LowFrequency
[2026.04.06-02.11.16:644][703]LogAudioMixer: Display: 4: BackLeft
[2026.04.06-02.11.16:644][703]LogAudioMixer: Display: 5: BackRight
[2026.04.06-02.11.16:644][703]LogAudioMixer: Display: 6: SideLeft
[2026.04.06-02.11.16:644][703]LogAudioMixer: Display: 7: SideRight
[2026.04.06-02.11.16:657][703]LogAudioMixer: Display: Using Audio Device Speakers (Logitech G733 Gaming Headset)
[2026.04.06-02.11.16:657][703]LogAudioMixer: Display: Initializing Sound Submixes...
[2026.04.06-02.11.16:657][703]LogAudioMixer: Display: Creating Master Submix 'MasterSubmixDefault'
[2026.04.06-02.11.16:657][703]LogAudioMixer: Display: Creating Master Submix 'MasterReverbSubmixDefault'
[2026.04.06-02.11.16:658][703]LogAudioMixer: Display: Creating Master Submix 'MasterEQSubmixDefault'
[2026.04.06-02.11.16:658][703]LogAudioMixer: FMixerPlatformXAudio2::StartAudioStream() called
[2026.04.06-02.11.16:658][703]LogAudioMixer: Display: Output buffers initialized: Frames=1024, Channels=8, Samples=8192
[2026.04.06-02.11.16:659][703]LogAudioMixer: Display: Starting AudioMixerPlatformInterface::RunInternal()
[2026.04.06-02.11.16:659][703]LogAudioMixer: Display: FMixerPlatformXAudio2::SubmitBuffer() called for the first time
[2026.04.06-02.11.16:659][703]LogInit: FAudioDevice initialized.
[2026.04.06-02.11.16:659][703]LogAudio: Display: Audio Device (ID: 12) registered with world 'Map1'.
[2026.04.06-02.11.16:666][703]LogLoad: Game class is 'ThirdPersonGameMode_C'
[2026.04.06-02.11.16:670][703]LogWorld: Bringing World /Game/ThirdPersonBP/Maps/UEDPIE_0_Map1.Map1 up for play (max tick rate 0) at 2026.04.05-20.11.16
[2026.04.06-02.11.16:670][703]LogWorld: Bringing up level for play took: 0.002097
[2026.04.06-02.11.16:670][703]LogOnline: OSS: Creating online subsystem instance for: :Context_21
[2026.04.06-02.11.16:673][703]PIE: Server logged in
[2026.04.06-02.11.16:674][703]PIE: Play in editor total start time 0.183 seconds.
[2026.04.06-02.11.29:670][246]LogSlate: Updating window title bar state: overlay mode, drag disabled, window buttons hidden, title bar hidden
[2026.04.06-02.11.29:670][246]LogWorld: BeginTearingDown for /Game/ThirdPersonBP/Maps/UEDPIE_0_Map1
[2026.04.06-02.11.29:670][246]LogWorld: UWorld::CleanupWorld for Map1, bSessionEnded=true, bCleanupResources=true
[2026.04.06-02.11.29:671][246]LogSlate: InvalidateAllWidgets triggered.  All widgets were invalidated
[2026.04.06-02.11.29:675][246]LogPlayLevel: Display: Shutting down PIE online subsystems
[2026.04.06-02.11.29:685][246]LogSlate: InvalidateAllWidgets triggered.  All widgets were invalidated
[2026.04.06-02.11.29:705][246]LogSlate: Updating window title bar state: overlay mode, drag disabled, window buttons hidden, title bar hidden
[2026.04.06-02.11.29:706][246]LogAudioMixer: FMixerPlatformXAudio2::StopAudioStream() called
[2026.04.06-02.11.29:708][246]LogAudioMixer: FMixerPlatformXAudio2::StopAudioStream() called
[2026.04.06-02.11.29:713][246]LogUObjectHash: Compacting FUObjectHashTables data took   2.03ms
[2026.04.06-02.11.29:743][247]LogPlayLevel: Display: Destroying online subsystem :Context_21
[2026.04.06-02.11.32:359][547]LogTemp: Repeating last play command: Selected Viewport
[2026.04.06-02.11.32:364][547]LogPlayLevel: PlayLevel: No blueprints needed recompiling
[2026.04.06-02.11.32:364][547]PIE: New page: PIE session: Map1 (Apr 5, 2026, 2:11:32 PM)
[2026.04.06-02.11.32:399][547]LogPlayLevel: Creating play world package: /Game/ThirdPersonBP/Maps/UEDPIE_0_Map1
[2026.04.06-02.11.32:403][547]LogPlayLevel: PIE: StaticDuplicateObject took: (0.004510s)
[2026.04.06-02.11.32:404][547]LogAIModule: Creating AISystem for world Map1
[2026.04.06-02.11.32:404][547]LogPlayLevel: PIE: World Init took: (0.000797s)
[2026.04.06-02.11.32:404][547]LogPlayLevel: PIE: Created PIE world by copying editor world from /Game/ThirdPersonBP/Maps/Map1.Map1 to /Game/ThirdPersonBP/Maps/UEDPIE_0_Map1.Map1 (0.005460s)
[2026.04.06-02.11.32:426][547]LogUObjectHash: Compacting FUObjectHashTables data took   2.12ms
[2026.04.06-02.11.32:429][547]LogAudio: Display: Creating Audio Device:                 Id: 13, Scope: Unique, Realtime: True
[2026.04.06-02.11.32:429][547]LogAudioMixer: Display: Audio Mixer Platform Settings:
[2026.04.06-02.11.32:429][547]LogAudioMixer: Display: 	Sample Rate:						  48000
[2026.04.06-02.11.32:429][547]LogAudioMixer: Display: 	Callback Buffer Frame Size Requested: 1024
[2026.04.06-02.11.32:429][547]LogAudioMixer: Display: 	Callback Buffer Frame Size To Use:	  1024
[2026.04.06-02.11.32:429][547]LogAudioMixer: Display: 	Number of buffers to queue:			  2
[2026.04.06-02.11.32:429][547]LogAudioMixer: Display: 	Max Channels (voices):				  32
[2026.04.06-02.11.32:429][547]LogAudioMixer: Display: 	Number of Async Source Workers:		  0
[2026.04.06-02.11.32:429][547]LogAudio: Display: AudioDevice MaxSources: 32
[2026.04.06-02.11.32:430][547]LogAudio: Display: Audio Spatialization Plugin: None (built-in).
[2026.04.06-02.11.32:430][547]LogAudio: Display: Audio Reverb Plugin: None (built-in).
[2026.04.06-02.11.32:430][547]LogAudio: Display: Audio Occlusion Plugin: None (built-in).
[2026.04.06-02.11.32:430][547]LogAudioMixer: Display: Initializing audio mixer.
[2026.04.06-02.11.32:433][547]LogAudioMixer: Display: 0: FrontLeft
[2026.04.06-02.11.32:434][547]LogAudioMixer: Display: 1: FrontRight
[2026.04.06-02.11.32:434][547]LogAudioMixer: Display: 2: FrontCenter
[2026.04.06-02.11.32:434][547]LogAudioMixer: Display: 3: LowFrequency
[2026.04.06-02.11.32:434][547]LogAudioMixer: Display: 4: BackLeft
[2026.04.06-02.11.32:434][547]LogAudioMixer: Display: 5: BackRight
[2026.04.06-02.11.32:434][547]LogAudioMixer: Display: 6: SideLeft
[2026.04.06-02.11.32:434][547]LogAudioMixer: Display: 7: SideRight
[2026.04.06-02.11.32:445][547]LogAudioMixer: Display: Using Audio Device Speakers (Logitech G733 Gaming Headset)
[2026.04.06-02.11.32:445][547]LogAudioMixer: Display: Initializing Sound Submixes...
[2026.04.06-02.11.32:445][547]LogAudioMixer: Display: Creating Master Submix 'MasterSubmixDefault'
[2026.04.06-02.11.32:445][547]LogAudioMixer: Display: Creating Master Submix 'MasterReverbSubmixDefault'
[2026.04.06-02.11.32:446][547]LogAudioMixer: Display: Creating Master Submix 'MasterEQSubmixDefault'
[2026.04.06-02.11.32:446][547]LogAudioMixer: FMixerPlatformXAudio2::StartAudioStream() called
[2026.04.06-02.11.32:446][547]LogAudioMixer: Display: Output buffers initialized: Frames=1024, Channels=8, Samples=8192
[2026.04.06-02.11.32:449][547]LogAudioMixer: Display: Starting AudioMixerPlatformInterface::RunInternal()
[2026.04.06-02.11.32:449][547]LogAudioMixer: Display: FMixerPlatformXAudio2::SubmitBuffer() called for the first time
[2026.04.06-02.11.32:449][547]LogInit: FAudioDevice initialized.
[2026.04.06-02.11.32:449][547]LogAudio: Display: Audio Device (ID: 13) registered with world 'Map1'.
[2026.04.06-02.11.32:460][547]LogLoad: Game class is 'ThirdPersonGameMode_C'
[2026.04.06-02.11.32:462][547]LogWorld: Bringing World /Game/ThirdPersonBP/Maps/UEDPIE_0_Map1.Map1 up for play (max tick rate 0) at 2026.04.05-20.11.32
[2026.04.06-02.11.32:462][547]LogWorld: Bringing up level for play took: 0.001952
[2026.04.06-02.11.32:462][547]LogOnline: OSS: Creating online subsystem instance for: :Context_22
[2026.04.06-02.11.32:466][547]PIE: Server logged in
[2026.04.06-02.11.32:466][547]PIE: Play in editor total start time 0.104 seconds.
[2026.04.06-02.12.01:310][988]LogSlate: Updating window title bar state: overlay mode, drag disabled, window buttons hidden, title bar hidden
[2026.04.06-02.12.01:310][988]LogWorld: BeginTearingDown for /Game/ThirdPersonBP/Maps/UEDPIE_0_Map1
[2026.04.06-02.12.01:310][988]LogWorld: UWorld::CleanupWorld for Map1, bSessionEnded=true, bCleanupResources=true
[2026.04.06-02.12.01:310][988]LogSlate: InvalidateAllWidgets triggered.  All widgets were invalidated
[2026.04.06-02.12.01:320][988]LogPlayLevel: Display: Shutting down PIE online subsystems
[2026.04.06-02.12.01:330][988]LogSlate: InvalidateAllWidgets triggered.  All widgets were invalidated
[2026.04.06-02.12.01:353][988]LogSlate: Updating window title bar state: overlay mode, drag disabled, window buttons hidden, title bar hidden
[2026.04.06-02.12.01:353][988]LogAudioMixer: FMixerPlatformXAudio2::StopAudioStream() called
[2026.04.06-02.12.01:354][988]LogAudioMixer: FMixerPlatformXAudio2::StopAudioStream() called
[2026.04.06-02.12.01:361][988]LogUObjectHash: Compacting FUObjectHashTables data took   2.69ms
[2026.04.06-02.12.01:391][989]LogPlayLevel: Display: Destroying online subsystem :Context_22
[2026.04.06-02.12.11:651][ 73]LogTemp: Repeating last play command: Selected Viewport
[2026.04.06-02.12.11:656][ 73]LogPlayLevel: PlayLevel: No blueprints needed recompiling
[2026.04.06-02.12.11:656][ 73]PIE: New page: PIE session: Map1 (Apr 5, 2026, 2:12:11 PM)
[2026.04.06-02.12.11:688][ 73]LogPlayLevel: Creating play world package: /Game/ThirdPersonBP/Maps/UEDPIE_0_Map1
[2026.04.06-02.12.11:693][ 73]LogPlayLevel: PIE: StaticDuplicateObject took: (0.004614s)
[2026.04.06-02.12.11:694][ 73]LogAIModule: Creating AISystem for world Map1
[2026.04.06-02.12.11:694][ 73]LogPlayLevel: PIE: World Init took: (0.000930s)
[2026.04.06-02.12.11:694][ 73]LogPlayLevel: PIE: Created PIE world by copying editor world from /Game/ThirdPersonBP/Maps/Map1.Map1 to /Game/ThirdPersonBP/Maps/UEDPIE_0_Map1.Map1 (0.005690s)
[2026.04.06-02.12.11:716][ 73]LogUObjectHash: Compacting FUObjectHashTables data took   2.49ms
[2026.04.06-02.12.11:721][ 73]LogAudio: Display: Creating Audio Device:                 Id: 14, Scope: Unique, Realtime: True
[2026.04.06-02.12.11:721][ 73]LogAudioMixer: Display: Audio Mixer Platform Settings:
[2026.04.06-02.12.11:721][ 73]LogAudioMixer: Display: 	Sample Rate:						  48000
[2026.04.06-02.12.11:721][ 73]LogAudioMixer: Display: 	Callback Buffer Frame Size Requested: 1024
[2026.04.06-02.12.11:721][ 73]LogAudioMixer: Display: 	Callback Buffer Frame Size To Use:	  1024
[2026.04.06-02.12.11:721][ 73]LogAudioMixer: Display: 	Number of buffers to queue:			  2
[2026.04.06-02.12.11:721][ 73]LogAudioMixer: Display: 	Max Channels (voices):				  32
[2026.04.06-02.12.11:721][ 73]LogAudioMixer: Display: 	Number of Async Source Workers:		  0
[2026.04.06-02.12.11:721][ 73]LogAudio: Display: AudioDevice MaxSources: 32
[2026.04.06-02.12.11:721][ 73]LogAudio: Display: Audio Spatialization Plugin: None (built-in).
[2026.04.06-02.12.11:721][ 73]LogAudio: Display: Audio Reverb Plugin: None (built-in).
[2026.04.06-02.12.11:721][ 73]LogAudio: Display: Audio Occlusion Plugin: None (built-in).
[2026.04.06-02.12.11:721][ 73]LogAudioMixer: Display: Initializing audio mixer.
[2026.04.06-02.12.11:725][ 73]LogAudioMixer: Display: 0: FrontLeft
[2026.04.06-02.12.11:725][ 73]LogAudioMixer: Display: 1: FrontRight
[2026.04.06-02.12.11:725][ 73]LogAudioMixer: Display: 2: FrontCenter
[2026.04.06-02.12.11:725][ 73]LogAudioMixer: Display: 3: LowFrequency
[2026.04.06-02.12.11:725][ 73]LogAudioMixer: Display: 4: BackLeft
[2026.04.06-02.12.11:725][ 73]LogAudioMixer: Display: 5: BackRight
[2026.04.06-02.12.11:725][ 73]LogAudioMixer: Display: 6: SideLeft
[2026.04.06-02.12.11:725][ 73]LogAudioMixer: Display: 7: SideRight
[2026.04.06-02.12.11:737][ 73]LogAudioMixer: Display: Using Audio Device Speakers (Logitech G733 Gaming Headset)
[2026.04.06-02.12.11:737][ 73]LogAudioMixer: Display: Initializing Sound Submixes...
[2026.04.06-02.12.11:737][ 73]LogAudioMixer: Display: Creating Master Submix 'MasterSubmixDefault'
[2026.04.06-02.12.11:737][ 73]LogAudioMixer: Display: Creating Master Submix 'MasterReverbSubmixDefault'
[2026.04.06-02.12.11:737][ 73]LogAudioMixer: Display: Creating Master Submix 'MasterEQSubmixDefault'
[2026.04.06-02.12.11:737][ 73]LogAudioMixer: FMixerPlatformXAudio2::StartAudioStream() called
[2026.04.06-02.12.11:737][ 73]LogAudioMixer: Display: Output buffers initialized: Frames=1024, Channels=8, Samples=8192
[2026.04.06-02.12.11:738][ 73]LogAudioMixer: Display: Starting AudioMixerPlatformInterface::RunInternal()
[2026.04.06-02.12.11:738][ 73]LogAudioMixer: Display: FMixerPlatformXAudio2::SubmitBuffer() called for the first time
[2026.04.06-02.12.11:738][ 73]LogInit: FAudioDevice initialized.
[2026.04.06-02.12.11:738][ 73]LogAudio: Display: Audio Device (ID: 14) registered with world 'Map1'.
[2026.04.06-02.12.11:750][ 73]LogLoad: Game class is 'ThirdPersonGameMode_C'
[2026.04.06-02.12.11:752][ 73]LogWorld: Bringing World /Game/ThirdPersonBP/Maps/UEDPIE_0_Map1.Map1 up for play (max tick rate 0) at 2026.04.05-20.12.11
[2026.04.06-02.12.11:753][ 73]LogWorld: Bringing up level for play took: 0.001854
[2026.04.06-02.12.11:753][ 73]LogOnline: OSS: Creating online subsystem instance for: :Context_23
[2026.04.06-02.12.11:756][ 73]PIE: Server logged in
[2026.04.06-02.12.11:757][ 73]PIE: Play in editor total start time 0.101 seconds.
[2026.04.06-02.12.21:339][213]LogSlate: Updating window title bar state: overlay mode, drag disabled, window buttons hidden, title bar hidden
[2026.04.06-02.12.21:339][213]LogWorld: BeginTearingDown for /Game/ThirdPersonBP/Maps/UEDPIE_0_Map1
[2026.04.06-02.12.21:339][213]LogWorld: UWorld::CleanupWorld for Map1, bSessionEnded=true, bCleanupResources=true
[2026.04.06-02.12.21:339][213]LogSlate: InvalidateAllWidgets triggered.  All widgets were invalidated
[2026.04.06-02.12.21:349][213]LogPlayLevel: Display: Shutting down PIE online subsystems
[2026.04.06-02.12.21:364][213]LogSlate: InvalidateAllWidgets triggered.  All widgets were invalidated
[2026.04.06-02.12.21:384][213]LogAudio: Display: Audio Device unregistered from world 'None'.
[2026.04.06-02.12.21:385][213]LogAudioMixer: FMixerPlatformXAudio2::StopAudioStream() called
[2026.04.06-02.12.21:386][213]LogAudioMixer: FMixerPlatformXAudio2::StopAudioStream() called
[2026.04.06-02.12.21:389][213]LogSlate: Updating window title bar state: overlay mode, drag disabled, window buttons hidden, title bar hidden
[2026.04.06-02.12.21:393][213]LogUObjectHash: Compacting FUObjectHashTables data took   2.13ms
[2026.04.06-02.12.21:429][214]LogPlayLevel: Display: Destroying online subsystem :Context_23
[2026.04.06-02.12.54:128][895]LogAssetEditorSubsystem: Opening Asset editor for MaterialInstanceConstant /Game/Inferno_World_Free/Materials/MI_Water.MI_Water
[2026.04.06-02.12.54:153][895]LogTexture: Default maximum texture size for cubemaps generated from long-lat sources has been changed from 512 to unlimited. In order to preserve old behaiour for '/Engine/EditorMaterials/AssetViewer/EpicQuadPanorama_CC+EV1.EpicQuadPanorama_CC+EV1', its maximum texture size has been explicitly set to 512.
[2026.04.06-02.12.54:214][895]LogTexture: Default maximum texture size for cubemaps generated from long-lat sources has been changed from 512 to unlimited. In order to preserve old behaiour for '/Engine/MapTemplates/Sky/SunsetAmbientCubemap.SunsetAmbientCubemap', its maximum texture size has been explicitly set to 512.
[2026.04.06-02.12.54:464][895]LogRenderer: Reallocating scene render targets to support 1336x912 Format 10 NumSamples 1 (Frame:1).
[2026.04.06-02.13.49:714][918]Cmd: OBJ SAVEPACKAGE PACKAGE="/Game/Inferno_World_Free/Materials/MI_Water" FILE="C:/Github/Others/CPSC399_Game/CPSC399Game/Content/Inferno_World_Free/Materials/MI_Water.uasset" SILENT=true
[2026.04.06-02.13.49:735][918]LogUObjectHash: Compacting FUObjectHashTables data took   2.88ms
[2026.04.06-02.13.49:778][918]LogUObjectHash: Compacting FUObjectHashTables data took   0.57ms
[2026.04.06-02.13.49:785][918]LogSavePackage: Moving 'C:/Github/Others/CPSC399_Game/CPSC399Game/Saved/MI_WaterDD653363448C6CBA47672F9CBB73AF9D.tmp' to 'C:/Github/Others/CPSC399_Game/CPSC399Game/Content/Inferno_World_Free/Materials/MI_Water.uasset'
[2026.04.06-02.13.49:800][918]AssetCheck: New page: Asset Save: MI_Water
[2026.04.06-02.13.49:800][918]LogContentValidation: Display: Validating MaterialInstanceConstant /Game/Inferno_World_Free/Materials/MI_Water.MI_Water
[2026.04.06-02.13.51:749][101]LogTemp: Repeating last play command: Selected Viewport
[2026.04.06-02.13.51:756][101]LogPlayLevel: PlayLevel: No blueprints needed recompiling
[2026.04.06-02.13.51:756][101]PIE: New page: PIE session: Map1 (Apr 5, 2026, 2:13:51 PM)
[2026.04.06-02.13.51:787][101]LogPlayLevel: Creating play world package: /Game/ThirdPersonBP/Maps/UEDPIE_0_Map1
[2026.04.06-02.13.51:791][101]LogPlayLevel: PIE: StaticDuplicateObject took: (0.004576s)
[2026.04.06-02.13.51:792][101]LogAIModule: Creating AISystem for world Map1
[2026.04.06-02.13.51:792][101]LogPlayLevel: PIE: World Init took: (0.000816s)
[2026.04.06-02.13.51:792][101]LogPlayLevel: PIE: Created PIE world by copying editor world from /Game/ThirdPersonBP/Maps/Map1.Map1 to /Game/ThirdPersonBP/Maps/UEDPIE_0_Map1.Map1 (0.005540s)
[2026.04.06-02.13.51:816][101]LogUObjectHash: Compacting FUObjectHashTables data took   2.13ms
[2026.04.06-02.13.51:816][101]LogAudio: Display: Creating Audio Device:                 Id: 15, Scope: Unique, Realtime: True
[2026.04.06-02.13.51:816][101]LogAudioMixer: Display: Audio Mixer Platform Settings:
[2026.04.06-02.13.51:816][101]LogAudioMixer: Display: 	Sample Rate:						  48000
[2026.04.06-02.13.51:816][101]LogAudioMixer: Display: 	Callback Buffer Frame Size Requested: 1024
[2026.04.06-02.13.51:816][101]LogAudioMixer: Display: 	Callback Buffer Frame Size To Use:	  1024
[2026.04.06-02.13.51:816][101]LogAudioMixer: Display: 	Number of buffers to queue:			  2
[2026.04.06-02.13.51:816][101]LogAudioMixer: Display: 	Max Channels (voices):				  32
[2026.04.06-02.13.51:816][101]LogAudioMixer: Display: 	Number of Async Source Workers:		  0
[2026.04.06-02.13.51:818][101]LogAudio: Display: AudioDevice MaxSources: 32
[2026.04.06-02.13.51:818][101]LogAudio: Display: Audio Spatialization Plugin: None (built-in).
[2026.04.06-02.13.51:818][101]LogAudio: Display: Audio Reverb Plugin: None (built-in).
[2026.04.06-02.13.51:818][101]LogAudio: Display: Audio Occlusion Plugin: None (built-in).
[2026.04.06-02.13.51:818][101]LogAudioMixer: Display: Initializing audio mixer.
[2026.04.06-02.13.51:823][101]LogAudioMixer: Display: 0: FrontLeft
[2026.04.06-02.13.51:823][101]LogAudioMixer: Display: 1: FrontRight
[2026.04.06-02.13.51:823][101]LogAudioMixer: Display: 2: FrontCenter
[2026.04.06-02.13.51:823][101]LogAudioMixer: Display: 3: LowFrequency
[2026.04.06-02.13.51:823][101]LogAudioMixer: Display: 4: BackLeft
[2026.04.06-02.13.51:823][101]LogAudioMixer: Display: 5: BackRight
[2026.04.06-02.13.51:823][101]LogAudioMixer: Display: 6: SideLeft
[2026.04.06-02.13.51:823][101]LogAudioMixer: Display: 7: SideRight
[2026.04.06-02.13.51:833][101]LogAudioMixer: Display: Using Audio Device Speakers (Logitech G733 Gaming Headset)
[2026.04.06-02.13.51:833][101]LogAudioMixer: Display: Initializing Sound Submixes...
[2026.04.06-02.13.51:833][101]LogAudioMixer: Display: Creating Master Submix 'MasterSubmixDefault'
[2026.04.06-02.13.51:833][101]LogAudioMixer: Display: Creating Master Submix 'MasterReverbSubmixDefault'
[2026.04.06-02.13.51:835][101]LogAudioMixer: Display: Creating Master Submix 'MasterEQSubmixDefault'
[2026.04.06-02.13.51:835][101]LogAudioMixer: FMixerPlatformXAudio2::StartAudioStream() called
[2026.04.06-02.13.51:835][101]LogAudioMixer: Display: Output buffers initialized: Frames=1024, Channels=8, Samples=8192
[2026.04.06-02.13.51:836][101]LogAudioMixer: Display: Starting AudioMixerPlatformInterface::RunInternal()
[2026.04.06-02.13.51:836][101]LogAudioMixer: Display: FMixerPlatformXAudio2::SubmitBuffer() called for the first time
[2026.04.06-02.13.51:836][101]LogInit: FAudioDevice initialized.
[2026.04.06-02.13.51:836][101]LogAudio: Display: Audio Device (ID: 15) registered with world 'Map1'.
[2026.04.06-02.13.51:846][101]LogLoad: Game class is 'ThirdPersonGameMode_C'
[2026.04.06-02.13.51:849][101]LogWorld: Bringing World /Game/ThirdPersonBP/Maps/UEDPIE_0_Map1.Map1 up for play (max tick rate 0) at 2026.04.05-20.13.51
[2026.04.06-02.13.51:849][101]LogWorld: Bringing up level for play took: 0.002286
[2026.04.06-02.13.51:849][101]LogOnline: OSS: Creating online subsystem instance for: :Context_25
[2026.04.06-02.13.51:854][101]PIE: Server logged in
[2026.04.06-02.13.51:855][101]PIE: Play in editor total start time 0.1 seconds.
[2026.04.06-02.13.54:858][456]LogSlate: Updating window title bar state: overlay mode, drag disabled, window buttons hidden, title bar hidden
[2026.04.06-02.13.54:858][456]LogWorld: BeginTearingDown for /Game/ThirdPersonBP/Maps/UEDPIE_0_Map1
[2026.04.06-02.13.54:858][456]LogWorld: UWorld::CleanupWorld for Map1, bSessionEnded=true, bCleanupResources=true
[2026.04.06-02.13.54:859][456]LogSlate: InvalidateAllWidgets triggered.  All widgets were invalidated
[2026.04.06-02.13.54:864][456]LogPlayLevel: Display: Shutting down PIE online subsystems
[2026.04.06-02.13.54:880][456]LogSlate: InvalidateAllWidgets triggered.  All widgets were invalidated
[2026.04.06-02.13.54:899][456]LogSlate: Updating window title bar state: overlay mode, drag disabled, window buttons hidden, title bar hidden
[2026.04.06-02.13.54:900][456]LogAudioMixer: FMixerPlatformXAudio2::StopAudioStream() called
[2026.04.06-02.13.54:900][456]LogAudioMixer: FMixerPlatformXAudio2::StopAudioStream() called
[2026.04.06-02.13.54:907][456]LogUObjectHash: Compacting FUObjectHashTables data took   2.31ms
[2026.04.06-02.13.54:943][457]LogPlayLevel: Display: Destroying online subsystem :Context_25
[2026.04.06-02.13.57:578][656]Cmd: OBJ SAVEPACKAGE PACKAGE="/Game/Inferno_World_Free/Materials/MI_Water" FILE="C:/Github/Others/CPSC399_Game/CPSC399Game/Content/Inferno_World_Free/Materials/MI_Water.uasset" SILENT=true
[2026.04.06-02.13.57:600][656]LogUObjectHash: Compacting FUObjectHashTables data took   2.19ms
[2026.04.06-02.13.57:628][656]LogUObjectHash: Compacting FUObjectHashTables data took   0.60ms
[2026.04.06-02.13.57:634][656]LogSavePackage: Moving 'C:/Github/Others/CPSC399_Game/CPSC399Game/Saved/MI_Water4E4933024680C02BFD3763A4740BFC5B.tmp' to 'C:/Github/Others/CPSC399_Game/CPSC399Game/Content/Inferno_World_Free/Materials/MI_Water.uasset'
[2026.04.06-02.13.57:653][656]AssetCheck: New page: Asset Save: MI_Water
[2026.04.06-02.13.57:653][656]LogContentValidation: Display: Validating MaterialInstanceConstant /Game/Inferno_World_Free/Materials/MI_Water.MI_Water
[2026.04.06-02.14.05:711][348]Cmd: OBJ SAVEPACKAGE PACKAGE="/Game/Inferno_World_Free/Materials/MI_Water" FILE="C:/Github/Others/CPSC399_Game/CPSC399Game/Content/Inferno_World_Free/Materials/MI_Water.uasset" SILENT=true
[2026.04.06-02.14.05:730][348]LogUObjectHash: Compacting FUObjectHashTables data took   0.57ms
[2026.04.06-02.14.05:757][348]LogUObjectHash: Compacting FUObjectHashTables data took   0.57ms
[2026.04.06-02.14.05:762][348]LogSavePackage: Moving 'C:/Github/Others/CPSC399_Game/CPSC399Game/Saved/MI_WaterF45BC77C4837683E44AB6CBD08E5151C.tmp' to 'C:/Github/Others/CPSC399_Game/CPSC399Game/Content/Inferno_World_Free/Materials/MI_Water.uasset'
[2026.04.06-02.14.05:779][348]AssetCheck: New page: Asset Save: MI_Water
[2026.04.06-02.14.05:780][348]LogContentValidation: Display: Validating MaterialInstanceConstant /Game/Inferno_World_Free/Materials/MI_Water.MI_Water
[2026.04.06-02.14.08:620][600]Cmd: OBJ SAVEPACKAGE PACKAGE="/Game/Inferno_World_Free/Materials/MI_Water" FILE="C:/Github/Others/CPSC399_Game/CPSC399Game/Content/Inferno_World_Free/Materials/MI_Water.uasset" SILENT=true
[2026.04.06-02.14.08:639][600]LogUObjectHash: Compacting FUObjectHashTables data took   0.58ms
[2026.04.06-02.14.08:664][600]LogUObjectHash: Compacting FUObjectHashTables data took   0.60ms
[2026.04.06-02.14.08:670][600]LogSavePackage: Moving 'C:/Github/Others/CPSC399_Game/CPSC399Game/Saved/MI_WaterFA5DCA0147106B6476EE149CD038115F.tmp' to 'C:/Github/Others/CPSC399_Game/CPSC399Game/Content/Inferno_World_Free/Materials/MI_Water.uasset'
[2026.04.06-02.14.08:689][600]AssetCheck: New page: Asset Save: MI_Water
[2026.04.06-02.14.08:689][600]LogContentValidation: Display: Validating MaterialInstanceConstant /Game/Inferno_World_Free/Materials/MI_Water.MI_Water
[2026.04.06-02.14.10:519][767]LogTemp: Repeating last play command: Selected Viewport
[2026.04.06-02.14.10:524][767]LogPlayLevel: PlayLevel: No blueprints needed recompiling
[2026.04.06-02.14.10:524][767]PIE: New page: PIE session: Map1 (Apr 5, 2026, 2:14:10 PM)
[2026.04.06-02.14.10:557][767]LogPlayLevel: Creating play world package: /Game/ThirdPersonBP/Maps/UEDPIE_0_Map1
[2026.04.06-02.14.10:562][767]LogPlayLevel: PIE: StaticDuplicateObject took: (0.004841s)
[2026.04.06-02.14.10:563][767]LogAIModule: Creating AISystem for world Map1
[2026.04.06-02.14.10:563][767]LogPlayLevel: PIE: World Init took: (0.000905s)
[2026.04.06-02.14.10:563][767]LogPlayLevel: PIE: Created PIE world by copying editor world from /Game/ThirdPersonBP/Maps/Map1.Map1 to /Game/ThirdPersonBP/Maps/UEDPIE_0_Map1.Map1 (0.005920s)
[2026.04.06-02.14.10:584][767]LogUObjectHash: Compacting FUObjectHashTables data took   2.15ms
[2026.04.06-02.14.10:586][767]LogAudio: Display: Creating Audio Device:                 Id: 16, Scope: Unique, Realtime: True
[2026.04.06-02.14.10:586][767]LogAudioMixer: Display: Audio Mixer Platform Settings:
[2026.04.06-02.14.10:586][767]LogAudioMixer: Display: 	Sample Rate:						  48000
[2026.04.06-02.14.10:586][767]LogAudioMixer: Display: 	Callback Buffer Frame Size Requested: 1024
[2026.04.06-02.14.10:586][767]LogAudioMixer: Display: 	Callback Buffer Frame Size To Use:	  1024
[2026.04.06-02.14.10:586][767]LogAudioMixer: Display: 	Number of buffers to queue:			  2
[2026.04.06-02.14.10:586][767]LogAudioMixer: Display: 	Max Channels (voices):				  32
[2026.04.06-02.14.10:586][767]LogAudioMixer: Display: 	Number of Async Source Workers:		  0
[2026.04.06-02.14.10:586][767]LogAudio: Display: AudioDevice MaxSources: 32
[2026.04.06-02.14.10:586][767]LogAudio: Display: Audio Spatialization Plugin: None (built-in).
[2026.04.06-02.14.10:586][767]LogAudio: Display: Audio Reverb Plugin: None (built-in).
[2026.04.06-02.14.10:586][767]LogAudio: Display: Audio Occlusion Plugin: None (built-in).
[2026.04.06-02.14.10:586][767]LogAudioMixer: Display: Initializing audio mixer.
[2026.04.06-02.14.10:591][767]LogAudioMixer: Display: 0: FrontLeft
[2026.04.06-02.14.10:591][767]LogAudioMixer: Display: 1: FrontRight
[2026.04.06-02.14.10:591][767]LogAudioMixer: Display: 2: FrontCenter
[2026.04.06-02.14.10:591][767]LogAudioMixer: Display: 3: LowFrequency
[2026.04.06-02.14.10:591][767]LogAudioMixer: Display: 4: BackLeft
[2026.04.06-02.14.10:591][767]LogAudioMixer: Display: 5: BackRight
[2026.04.06-02.14.10:591][767]LogAudioMixer: Display: 6: SideLeft
[2026.04.06-02.14.10:591][767]LogAudioMixer: Display: 7: SideRight
[2026.04.06-02.14.10:603][767]LogAudioMixer: Display: Using Audio Device Speakers (Logitech G733 Gaming Headset)
[2026.04.06-02.14.10:603][767]LogAudioMixer: Display: Initializing Sound Submixes...
[2026.04.06-02.14.10:603][767]LogAudioMixer: Display: Creating Master Submix 'MasterSubmixDefault'
[2026.04.06-02.14.10:603][767]LogAudioMixer: Display: Creating Master Submix 'MasterReverbSubmixDefault'
[2026.04.06-02.14.10:604][767]LogAudioMixer: Display: Creating Master Submix 'MasterEQSubmixDefault'
[2026.04.06-02.14.10:604][767]LogAudioMixer: FMixerPlatformXAudio2::StartAudioStream() called
[2026.04.06-02.14.10:604][767]LogAudioMixer: Display: Output buffers initialized: Frames=1024, Channels=8, Samples=8192
[2026.04.06-02.14.10:605][767]LogAudioMixer: Display: Starting AudioMixerPlatformInterface::RunInternal()
[2026.04.06-02.14.10:605][767]LogAudioMixer: Display: FMixerPlatformXAudio2::SubmitBuffer() called for the first time
[2026.04.06-02.14.10:605][767]LogInit: FAudioDevice initialized.
[2026.04.06-02.14.10:605][767]LogAudio: Display: Audio Device (ID: 16) registered with world 'Map1'.
[2026.04.06-02.14.10:616][767]LogLoad: Game class is 'ThirdPersonGameMode_C'
[2026.04.06-02.14.10:619][767]LogWorld: Bringing World /Game/ThirdPersonBP/Maps/UEDPIE_0_Map1.Map1 up for play (max tick rate 0) at 2026.04.05-20.14.10
[2026.04.06-02.14.10:619][767]LogWorld: Bringing up level for play took: 0.002149
[2026.04.06-02.14.10:619][767]LogOnline: OSS: Creating online subsystem instance for: :Context_26
[2026.04.06-02.14.10:622][767]PIE: Server logged in
[2026.04.06-02.14.10:624][767]PIE: Play in editor total start time 0.101 seconds.
[2026.04.06-02.14.14:908][276]LogSlate: Updating window title bar state: overlay mode, drag disabled, window buttons hidden, title bar hidden
[2026.04.06-02.14.14:908][276]LogWorld: BeginTearingDown for /Game/ThirdPersonBP/Maps/UEDPIE_0_Map1
[2026.04.06-02.14.14:908][276]LogWorld: UWorld::CleanupWorld for Map1, bSessionEnded=true, bCleanupResources=true
[2026.04.06-02.14.14:909][276]LogSlate: InvalidateAllWidgets triggered.  All widgets were invalidated
[2026.04.06-02.14.14:914][276]LogPlayLevel: Display: Shutting down PIE online subsystems
[2026.04.06-02.14.14:933][276]LogSlate: InvalidateAllWidgets triggered.  All widgets were invalidated
[2026.04.06-02.14.14:955][276]LogSlate: Updating window title bar state: overlay mode, drag disabled, window buttons hidden, title bar hidden
[2026.04.06-02.14.14:955][276]LogAudioMixer: FMixerPlatformXAudio2::StopAudioStream() called
[2026.04.06-02.14.14:957][276]LogAudioMixer: FMixerPlatformXAudio2::StopAudioStream() called
[2026.04.06-02.14.14:962][276]LogUObjectHash: Compacting FUObjectHashTables data took   2.18ms
[2026.04.06-02.14.15:000][277]LogPlayLevel: Display: Destroying online subsystem :Context_26
[2026.04.06-02.14.16:063][385]LogTemp: Repeating last play command: Selected Viewport
[2026.04.06-02.14.16:068][385]LogPlayLevel: PlayLevel: No blueprints needed recompiling
[2026.04.06-02.14.16:068][385]PIE: New page: PIE session: Map1 (Apr 5, 2026, 2:14:16 PM)
[2026.04.06-02.14.16:106][385]LogPlayLevel: Creating play world package: /Game/ThirdPersonBP/Maps/UEDPIE_0_Map1
[2026.04.06-02.14.16:111][385]LogPlayLevel: PIE: StaticDuplicateObject took: (0.004787s)
[2026.04.06-02.14.16:113][385]LogAIModule: Creating AISystem for world Map1
[2026.04.06-02.14.16:113][385]LogPlayLevel: PIE: World Init took: (0.000837s)
[2026.04.06-02.14.16:113][385]LogPlayLevel: PIE: Created PIE world by copying editor world from /Game/ThirdPersonBP/Maps/Map1.Map1 to /Game/ThirdPersonBP/Maps/UEDPIE_0_Map1.Map1 (0.005790s)
[2026.04.06-02.14.16:136][385]LogUObjectHash: Compacting FUObjectHashTables data took   2.27ms
[2026.04.06-02.14.16:137][385]LogAudio: Display: Creating Audio Device:                 Id: 17, Scope: Unique, Realtime: True
[2026.04.06-02.14.16:137][385]LogAudioMixer: Display: Audio Mixer Platform Settings:
[2026.04.06-02.14.16:137][385]LogAudioMixer: Display: 	Sample Rate:						  48000
[2026.04.06-02.14.16:137][385]LogAudioMixer: Display: 	Callback Buffer Frame Size Requested: 1024
[2026.04.06-02.14.16:137][385]LogAudioMixer: Display: 	Callback Buffer Frame Size To Use:	  1024
[2026.04.06-02.14.16:137][385]LogAudioMixer: Display: 	Number of buffers to queue:			  2
[2026.04.06-02.14.16:137][385]LogAudioMixer: Display: 	Max Channels (voices):				  32
[2026.04.06-02.14.16:137][385]LogAudioMixer: Display: 	Number of Async Source Workers:		  0
[2026.04.06-02.14.16:138][385]LogAudio: Display: AudioDevice MaxSources: 32
[2026.04.06-02.14.16:138][385]LogAudio: Display: Audio Spatialization Plugin: None (built-in).
[2026.04.06-02.14.16:138][385]LogAudio: Display: Audio Reverb Plugin: None (built-in).
[2026.04.06-02.14.16:138][385]LogAudio: Display: Audio Occlusion Plugin: None (built-in).
[2026.04.06-02.14.16:138][385]LogAudioMixer: Display: Initializing audio mixer.
[2026.04.06-02.14.16:142][385]LogAudioMixer: Display: 0: FrontLeft
[2026.04.06-02.14.16:142][385]LogAudioMixer: Display: 1: FrontRight
[2026.04.06-02.14.16:142][385]LogAudioMixer: Display: 2: FrontCenter
[2026.04.06-02.14.16:142][385]LogAudioMixer: Display: 3: LowFrequency
[2026.04.06-02.14.16:142][385]LogAudioMixer: Display: 4: BackLeft
[2026.04.06-02.14.16:142][385]LogAudioMixer: Display: 5: BackRight
[2026.04.06-02.14.16:142][385]LogAudioMixer: Display: 6: SideLeft
[2026.04.06-02.14.16:142][385]LogAudioMixer: Display: 7: SideRight
[2026.04.06-02.14.16:154][385]LogAudioMixer: Display: Using Audio Device Speakers (Logitech G733 Gaming Headset)
[2026.04.06-02.14.16:154][385]LogAudioMixer: Display: Initializing Sound Submixes...
[2026.04.06-02.14.16:154][385]LogAudioMixer: Display: Creating Master Submix 'MasterSubmixDefault'
[2026.04.06-02.14.16:155][385]LogAudioMixer: Display: Creating Master Submix 'MasterReverbSubmixDefault'
[2026.04.06-02.14.16:155][385]LogAudioMixer: Display: Creating Master Submix 'MasterEQSubmixDefault'
[2026.04.06-02.14.16:155][385]LogAudioMixer: FMixerPlatformXAudio2::StartAudioStream() called
[2026.04.06-02.14.16:155][385]LogAudioMixer: Display: Output buffers initialized: Frames=1024, Channels=8, Samples=8192
[2026.04.06-02.14.16:156][385]LogAudioMixer: Display: Starting AudioMixerPlatformInterface::RunInternal()
[2026.04.06-02.14.16:156][385]LogAudioMixer: Display: FMixerPlatformXAudio2::SubmitBuffer() called for the first time
[2026.04.06-02.14.16:156][385]LogInit: FAudioDevice initialized.
[2026.04.06-02.14.16:156][385]LogAudio: Display: Audio Device (ID: 17) registered with world 'Map1'.
[2026.04.06-02.14.16:165][385]LogLoad: Game class is 'ThirdPersonGameMode_C'
[2026.04.06-02.14.16:166][385]LogWorld: Bringing World /Game/ThirdPersonBP/Maps/UEDPIE_0_Map1.Map1 up for play (max tick rate 0) at 2026.04.05-20.14.16
[2026.04.06-02.14.16:166][385]LogWorld: Bringing up level for play took: 0.001891
[2026.04.06-02.14.16:166][385]LogOnline: OSS: Creating online subsystem instance for: :Context_27
[2026.04.06-02.14.16:171][385]PIE: Server logged in
[2026.04.06-02.14.16:172][385]PIE: Play in editor total start time 0.105 seconds.
[2026.04.06-02.14.17:558][546]LogSlate: Updating window title bar state: overlay mode, drag disabled, window buttons hidden, title bar hidden
[2026.04.06-02.14.17:558][546]LogWorld: BeginTearingDown for /Game/ThirdPersonBP/Maps/UEDPIE_0_Map1
[2026.04.06-02.14.17:558][546]LogWorld: UWorld::CleanupWorld for Map1, bSessionEnded=true, bCleanupResources=true
[2026.04.06-02.14.17:559][546]LogSlate: InvalidateAllWidgets triggered.  All widgets were invalidated
[2026.04.06-02.14.17:569][546]LogPlayLevel: Display: Shutting down PIE online subsystems
[2026.04.06-02.14.17:584][546]LogSlate: InvalidateAllWidgets triggered.  All widgets were invalidated
[2026.04.06-02.14.17:606][546]LogSlate: Updating window title bar state: overlay mode, drag disabled, window buttons hidden, title bar hidden
[2026.04.06-02.14.17:606][546]LogAudioMixer: FMixerPlatformXAudio2::StopAudioStream() called
[2026.04.06-02.14.17:607][546]LogAudioMixer: FMixerPlatformXAudio2::StopAudioStream() called
[2026.04.06-02.14.17:613][546]LogUObjectHash: Compacting FUObjectHashTables data took   2.05ms
[2026.04.06-02.14.17:650][547]LogPlayLevel: Display: Destroying online subsystem :Context_27
[2026.04.06-02.14.25:810][394]LogTexture: Display: Building textures: T_Lava_Base_Color (OODLE_AutoDXT, 2048X2048)
[2026.04.06-02.14.25:810][394]LogTextureFormatOodle: Display: non-RDO encode 2048 x 2048 x 1 to format OODLE_AutoDXT (Oodle OodleTex_BC1_WithTransparency) lambda=0 effort=20 
[2026.04.06-02.14.25:810][394]LogTextureFormatOodle: Display: non-RDO encode 1024 x 1024 x 1 to format OODLE_AutoDXT (Oodle OodleTex_BC1_WithTransparency) lambda=0 effort=20 
[2026.04.06-02.14.25:810][394]LogMaterial: Display: Missing cached shadermap for M_Lava in PCD3D_SM5, Default, SM5 (DDC key hash: 71D9E749ED6586F9FD3D3031785D7F1371039F43), compiling. 
[2026.04.06-02.14.25:849][394]LogShaderCompilers: Display: Submitted 16 shader compile jobs with 'Low' priority
[2026.04.06-02.14.25:866][394]LogShaderCompilers: Display: Worker (1/9): shaders left to compile 2
[2026.04.06-02.14.25:866][394]LogShaderCompilers: Display: Worker (2/9): shaders left to compile 1
[2026.04.06-02.14.25:866][394]LogShaderCompilers: Display: Worker (3/9): shaders left to compile 14
[2026.04.06-02.14.25:866][394]LogShaderCompilers: Display: Worker (4/9): shaders left to compile 12
[2026.04.06-02.14.25:866][394]LogShaderCompilers: Display: Worker (5/9): shaders left to compile 10
[2026.04.06-02.14.25:866][394]LogShaderCompilers: Display: Worker (6/9): shaders left to compile 8
[2026.04.06-02.14.25:866][394]LogShaderCompilers: Display: Worker (7/9): shaders left to compile 6
[2026.04.06-02.14.25:866][394]LogShaderCompilers: Display: Worker (8/9): shaders left to compile 4
[2026.04.06-02.14.25:866][394]LogShaderCompilers: Display: Started 12 'Local' shader compile jobs with 'Normal' priority
[2026.04.06-02.14.25:866][394]LogShaderCompilers: Display: Started 2 'Local' shader compile jobs with 'ForceLocal' priority
[2026.04.06-02.14.26:770][446]LogShaderCompilers: Display: Worker (2/9): shaders left to compile 2
[2026.04.06-02.14.26:770][446]LogShaderCompilers: Display: Started 1 'Local' shader compile jobs with 'Normal' priority
[2026.04.06-02.14.26:774][446]LogShaderCompilers: Display: === FShaderJobCache stats ===
[2026.04.06-02.14.26:774][446]LogShaderCompilers: Display: Total job queries 16, among them cache hits 0 (0.00%)
[2026.04.06-02.14.26:774][446]LogShaderCompilers: Display: Tracking 1 distinct input hashes that result in 1 distinct outputs (100.00%)
[2026.04.06-02.14.26:774][446]LogShaderCompilers: Display: RAM used: 0.00 MB (0.00 GB) of 819.20 MB (0.80 GB) budget. Usage: 0.00%
[2026.04.06-02.14.26:774][446]LogShaderCompilers: Display: ================================================
[2026.04.06-02.14.26:927][454]LogShaderCompilers: Display: Worker (3/9): shaders left to compile 1
[2026.04.06-02.14.26:927][454]LogShaderCompilers: Display: Started 1 'Local' shader compile jobs with 'Normal' priority
[2026.04.06-02.14.27:157][467]LogEditorViewport: Clicking on Actor (LMB): StaticMeshActor (Plane)
[2026.04.06-02.14.34:014][209]LogTemp: Repeating last play command: Selected Viewport
[2026.04.06-02.14.34:019][209]LogPlayLevel: PlayLevel: No blueprints needed recompiling
[2026.04.06-02.14.34:019][209]PIE: New page: PIE session: Map1 (Apr 5, 2026, 2:14:34 PM)
[2026.04.06-02.14.34:046][209]LogPlayLevel: Creating play world package: /Game/ThirdPersonBP/Maps/UEDPIE_0_Map1
[2026.04.06-02.14.34:051][209]LogPlayLevel: PIE: StaticDuplicateObject took: (0.004722s)
[2026.04.06-02.14.34:052][209]LogAIModule: Creating AISystem for world Map1
[2026.04.06-02.14.34:052][209]LogPlayLevel: PIE: World Init took: (0.001104s)
[2026.04.06-02.14.34:052][209]LogPlayLevel: PIE: Created PIE world by copying editor world from /Game/ThirdPersonBP/Maps/Map1.Map1 to /Game/ThirdPersonBP/Maps/UEDPIE_0_Map1.Map1 (0.006002s)
[2026.04.06-02.14.34:074][209]LogUObjectHash: Compacting FUObjectHashTables data took   2.11ms
[2026.04.06-02.14.34:078][209]LogAudio: Display: Creating Audio Device:                 Id: 18, Scope: Unique, Realtime: True
[2026.04.06-02.14.34:078][209]LogAudioMixer: Display: Audio Mixer Platform Settings:
[2026.04.06-02.14.34:078][209]LogAudioMixer: Display: 	Sample Rate:						  48000
[2026.04.06-02.14.34:078][209]LogAudioMixer: Display: 	Callback Buffer Frame Size Requested: 1024
[2026.04.06-02.14.34:078][209]LogAudioMixer: Display: 	Callback Buffer Frame Size To Use:	  1024
[2026.04.06-02.14.34:078][209]LogAudioMixer: Display: 	Number of buffers to queue:			  2
[2026.04.06-02.14.34:078][209]LogAudioMixer: Display: 	Max Channels (voices):				  32
[2026.04.06-02.14.34:078][209]LogAudioMixer: Display: 	Number of Async Source Workers:		  0
[2026.04.06-02.14.34:078][209]LogAudio: Display: AudioDevice MaxSources: 32
[2026.04.06-02.14.34:079][209]LogAudio: Display: Audio Spatialization Plugin: None (built-in).
[2026.04.06-02.14.34:079][209]LogAudio: Display: Audio Reverb Plugin: None (built-in).
[2026.04.06-02.14.34:079][209]LogAudio: Display: Audio Occlusion Plugin: None (built-in).
[2026.04.06-02.14.34:079][209]LogAudioMixer: Display: Initializing audio mixer.
[2026.04.06-02.14.34:083][209]LogAudioMixer: Display: 0: FrontLeft
[2026.04.06-02.14.34:083][209]LogAudioMixer: Display: 1: FrontRight
[2026.04.06-02.14.34:083][209]LogAudioMixer: Display: 2: FrontCenter
[2026.04.06-02.14.34:083][209]LogAudioMixer: Display: 3: LowFrequency
[2026.04.06-02.14.34:083][209]LogAudioMixer: Display: 4: BackLeft
[2026.04.06-02.14.34:083][209]LogAudioMixer: Display: 5: BackRight
[2026.04.06-02.14.34:083][209]LogAudioMixer: Display: 6: SideLeft
[2026.04.06-02.14.34:083][209]LogAudioMixer: Display: 7: SideRight
[2026.04.06-02.14.34:094][209]LogAudioMixer: Display: Using Audio Device Speakers (Logitech G733 Gaming Headset)
[2026.04.06-02.14.34:094][209]LogAudioMixer: Display: Initializing Sound Submixes...
[2026.04.06-02.14.34:094][209]LogAudioMixer: Display: Creating Master Submix 'MasterSubmixDefault'
[2026.04.06-02.14.34:094][209]LogAudioMixer: Display: Creating Master Submix 'MasterReverbSubmixDefault'
[2026.04.06-02.14.34:095][209]LogAudioMixer: Display: Creating Master Submix 'MasterEQSubmixDefault'
[2026.04.06-02.14.34:095][209]LogAudioMixer: FMixerPlatformXAudio2::StartAudioStream() called
[2026.04.06-02.14.34:095][209]LogAudioMixer: Display: Output buffers initialized: Frames=1024, Channels=8, Samples=8192
[2026.04.06-02.14.34:096][209]LogAudioMixer: Display: Starting AudioMixerPlatformInterface::RunInternal()
[2026.04.06-02.14.34:096][209]LogAudioMixer: Display: FMixerPlatformXAudio2::SubmitBuffer() called for the first time
[2026.04.06-02.14.34:096][209]LogInit: FAudioDevice initialized.
[2026.04.06-02.14.34:096][209]LogAudio: Display: Audio Device (ID: 18) registered with world 'Map1'.
[2026.04.06-02.14.34:101][209]LogLoad: Game class is 'ThirdPersonGameMode_C'
[2026.04.06-02.14.34:106][209]LogWorld: Bringing World /Game/ThirdPersonBP/Maps/UEDPIE_0_Map1.Map1 up for play (max tick rate 0) at 2026.04.05-20.14.34
[2026.04.06-02.14.34:106][209]LogWorld: Bringing up level for play took: 0.003132
[2026.04.06-02.14.34:106][209]LogOnline: OSS: Creating online subsystem instance for: :Context_28
[2026.04.06-02.14.34:109][209]PIE: Server logged in
[2026.04.06-02.14.34:110][209]PIE: Play in editor total start time 0.091 seconds.
[2026.04.06-02.14.37:827][639]LogSlate: Updating window title bar state: overlay mode, drag disabled, window buttons hidden, title bar hidden
[2026.04.06-02.14.37:827][639]LogWorld: BeginTearingDown for /Game/ThirdPersonBP/Maps/UEDPIE_0_Map1
[2026.04.06-02.14.37:828][639]LogWorld: UWorld::CleanupWorld for Map1, bSessionEnded=true, bCleanupResources=true
[2026.04.06-02.14.37:828][639]LogSlate: InvalidateAllWidgets triggered.  All widgets were invalidated
[2026.04.06-02.14.37:836][639]LogPlayLevel: Display: Shutting down PIE online subsystems
[2026.04.06-02.14.37:853][639]LogSlate: InvalidateAllWidgets triggered.  All widgets were invalidated
[2026.04.06-02.14.37:872][639]LogAudio: Display: Audio Device unregistered from world 'None'.
[2026.04.06-02.14.37:872][639]LogAudioMixer: FMixerPlatformXAudio2::StopAudioStream() called
[2026.04.06-02.14.37:873][639]LogAudioMixer: FMixerPlatformXAudio2::StopAudioStream() called
[2026.04.06-02.14.37:875][639]LogSlate: Updating window title bar state: overlay mode, drag disabled, window buttons hidden, title bar hidden
[2026.04.06-02.14.37:879][639]LogUObjectHash: Compacting FUObjectHashTables data took   2.18ms
[2026.04.06-02.14.37:914][640]LogPlayLevel: Display: Destroying online subsystem :Context_28
[2026.04.06-02.14.39:322][785]LogAssetEditorSubsystem: Opening Asset editor for Material /Game/Inferno_World_Free/Materials/M_Lava.M_Lava
[2026.04.06-02.14.39:323][785]LogMaterial: Display: Missing cached shadermap for M_Lava in PCD3D_SM5, Default, SM5 (DDC key hash: 7DE743E8890243781B05EB17D15D39DAA27F0EA2), compiling. 
[2026.04.06-02.14.39:412][785]LogMaterial: Display: Missing cached shadermap for M_Lava in PCD3D_SM5, Default, SM5 (DDC key hash: D2E22566CA7BF6C08FF01AA0DA9E0B139A4F7084), compiling. 
[2026.04.06-02.14.39:414][785]LogMaterial: Display: Missing cached shadermap for M_Lava in PCD3D_SM5, Default, SM5 (DDC key hash: AFB10C3D2289F6C6AD77738F8121A9EC826092DF), compiling. 
[2026.04.06-02.14.39:416][785]LogMaterial: Display: Missing cached shadermap for FMatExpressionPreview MaterialExpressionTextureSample_0 in PCD3D_SM5, Default, SM5 (DDC key hash: C84B8FD5CF01AE32258A36848DDAA553CF1CE502), compiling. 
[2026.04.06-02.14.39:437][785]MaterialEditorStats: Texture samplers: 0/16
[2026.04.06-02.14.39:437][785]MaterialEditorStats: Texture Lookups (Est.): VS(0), PS(1)
[2026.04.06-02.14.39:437][785]MaterialEditorStats: User interpolators: 2/4 Scalars (1/4 Vectors) (TexCoords: 2, Custom: 0)
[2026.04.06-02.14.39:566][787]MaterialEditorStats: Base pass shader: 122 instructions
[2026.04.06-02.14.39:566][787]MaterialEditorStats: Base pass shader with Volumetric Lightmap: 196 instructions
[2026.04.06-02.14.39:566][787]MaterialEditorStats: Base pass vertex shader: 46 instructions
[2026.04.06-02.14.39:566][787]MaterialEditorStats: Texture samplers: 3/16
[2026.04.06-02.14.39:566][787]MaterialEditorStats: Texture Lookups (Est.): VS(0), PS(1)
[2026.04.06-02.14.39:566][787]MaterialEditorStats: User interpolators: 2/4 Scalars (1/4 Vectors) (TexCoords: 2, Custom: 0)
[2026.04.06-02.14.39:626][791]LogShaderCompilers: Display: Submitted 2 shader compile jobs with 'ForceLocal' priority
[2026.04.06-02.14.39:626][791]LogShaderCompilers: Display: Worker (1/9): shaders left to compile 2
[2026.04.06-02.14.39:626][791]LogShaderCompilers: Display: Worker (2/9): shaders left to compile 1
[2026.04.06-02.14.39:626][791]LogShaderCompilers: Display: Started 2 'Local' shader compile jobs with 'ForceLocal' priority
[2026.04.06-02.14.48:927][516]LogRenderer: Reallocating scene render targets to support 1340x912 Format 10 NumSamples 1 (Frame:86).
[2026.04.06-02.15.00:520][398]Cmd: OBJ SAVEPACKAGE PACKAGE="/Game/Inferno_World_Free/Materials/MI_Water" FILE="C:/Github/Others/CPSC399_Game/CPSC399Game/Content/Inferno_World_Free/Materials/MI_Water.uasset" SILENT=true
[2026.04.06-02.15.00:542][398]LogUObjectHash: Compacting FUObjectHashTables data took   2.03ms
[2026.04.06-02.15.00:564][398]LogUObjectHash: Compacting FUObjectHashTables data took   0.55ms
[2026.04.06-02.15.00:570][398]LogSavePackage: Moving 'C:/Github/Others/CPSC399_Game/CPSC399Game/Saved/MI_Water3CC46FC84200E0C4563371BF035CA127.tmp' to 'C:/Github/Others/CPSC399_Game/CPSC399Game/Content/Inferno_World_Free/Materials/MI_Water.uasset'
[2026.04.06-02.15.00:582][398]AssetCheck: New page: Asset Save: MI_Water
[2026.04.06-02.15.00:582][398]LogContentValidation: Display: Validating MaterialInstanceConstant /Game/Inferno_World_Free/Materials/MI_Water.MI_Water
[2026.04.06-02.15.07:178][ 77]LogEditorViewport: Clicking on Actor (LMB): StaticMeshActor (Plane)
[2026.04.06-02.15.08:543][211]LogTemp: Repeating last play command: Selected Viewport
[2026.04.06-02.15.08:549][211]LogPlayLevel: PlayLevel: No blueprints needed recompiling
[2026.04.06-02.15.08:549][211]PIE: New page: PIE session: Map1 (Apr 5, 2026, 2:15:08 PM)
[2026.04.06-02.15.08:586][211]LogPlayLevel: Creating play world package: /Game/ThirdPersonBP/Maps/UEDPIE_0_Map1
[2026.04.06-02.15.08:590][211]LogPlayLevel: PIE: StaticDuplicateObject took: (0.004630s)
[2026.04.06-02.15.08:591][211]LogAIModule: Creating AISystem for world Map1
[2026.04.06-02.15.08:591][211]LogPlayLevel: PIE: World Init took: (0.000813s)
[2026.04.06-02.15.08:591][211]LogPlayLevel: PIE: Created PIE world by copying editor world from /Game/ThirdPersonBP/Maps/Map1.Map1 to /Game/ThirdPersonBP/Maps/UEDPIE_0_Map1.Map1 (0.005585s)
[2026.04.06-02.15.08:612][211]LogUObjectHash: Compacting FUObjectHashTables data took   2.14ms
[2026.04.06-02.15.08:614][211]LogAudio: Display: Creating Audio Device:                 Id: 19, Scope: Unique, Realtime: True
[2026.04.06-02.15.08:614][211]LogAudioMixer: Display: Audio Mixer Platform Settings:
[2026.04.06-02.15.08:614][211]LogAudioMixer: Display: 	Sample Rate:						  48000
[2026.04.06-02.15.08:614][211]LogAudioMixer: Display: 	Callback Buffer Frame Size Requested: 1024
[2026.04.06-02.15.08:614][211]LogAudioMixer: Display: 	Callback Buffer Frame Size To Use:	  1024
[2026.04.06-02.15.08:614][211]LogAudioMixer: Display: 	Number of buffers to queue:			  2
[2026.04.06-02.15.08:614][211]LogAudioMixer: Display: 	Max Channels (voices):				  32
[2026.04.06-02.15.08:614][211]LogAudioMixer: Display: 	Number of Async Source Workers:		  0
[2026.04.06-02.15.08:614][211]LogAudio: Display: AudioDevice MaxSources: 32
[2026.04.06-02.15.08:615][211]LogAudio: Display: Audio Spatialization Plugin: None (built-in).
[2026.04.06-02.15.08:615][211]LogAudio: Display: Audio Reverb Plugin: None (built-in).
[2026.04.06-02.15.08:615][211]LogAudio: Display: Audio Occlusion Plugin: None (built-in).
[2026.04.06-02.15.08:615][211]LogAudioMixer: Display: Initializing audio mixer.
[2026.04.06-02.15.08:619][211]LogAudioMixer: Display: 0: FrontLeft
[2026.04.06-02.15.08:619][211]LogAudioMixer: Display: 1: FrontRight
[2026.04.06-02.15.08:619][211]LogAudioMixer: Display: 2: FrontCenter
[2026.04.06-02.15.08:619][211]LogAudioMixer: Display: 3: LowFrequency
[2026.04.06-02.15.08:619][211]LogAudioMixer: Display: 4: BackLeft
[2026.04.06-02.15.08:619][211]LogAudioMixer: Display: 5: BackRight
[2026.04.06-02.15.08:619][211]LogAudioMixer: Display: 6: SideLeft
[2026.04.06-02.15.08:619][211]LogAudioMixer: Display: 7: SideRight
[2026.04.06-02.15.08:631][211]LogAudioMixer: Display: Using Audio Device Speakers (Logitech G733 Gaming Headset)
[2026.04.06-02.15.08:632][211]LogAudioMixer: Display: Initializing Sound Submixes...
[2026.04.06-02.15.08:632][211]LogAudioMixer: Display: Creating Master Submix 'MasterSubmixDefault'
[2026.04.06-02.15.08:632][211]LogAudioMixer: Display: Creating Master Submix 'MasterReverbSubmixDefault'
[2026.04.06-02.15.08:632][211]LogAudioMixer: Display: Creating Master Submix 'MasterEQSubmixDefault'
[2026.04.06-02.15.08:632][211]LogAudioMixer: FMixerPlatformXAudio2::StartAudioStream() called
[2026.04.06-02.15.08:632][211]LogAudioMixer: Display: Output buffers initialized: Frames=1024, Channels=8, Samples=8192
[2026.04.06-02.15.08:633][211]LogAudioMixer: Display: Starting AudioMixerPlatformInterface::RunInternal()
[2026.04.06-02.15.08:633][211]LogAudioMixer: Display: FMixerPlatformXAudio2::SubmitBuffer() called for the first time
[2026.04.06-02.15.08:633][211]LogInit: FAudioDevice initialized.
[2026.04.06-02.15.08:633][211]LogAudio: Display: Audio Device (ID: 19) registered with world 'Map1'.
[2026.04.06-02.15.08:644][211]LogLoad: Game class is 'ThirdPersonGameMode_C'
[2026.04.06-02.15.08:647][211]LogWorld: Bringing World /Game/ThirdPersonBP/Maps/UEDPIE_0_Map1.Map1 up for play (max tick rate 0) at 2026.04.05-20.15.08
[2026.04.06-02.15.08:647][211]LogWorld: Bringing up level for play took: 0.001890
[2026.04.06-02.15.08:648][211]LogOnline: OSS: Creating online subsystem instance for: :Context_30
[2026.04.06-02.15.08:649][211]PIE: Server logged in
[2026.04.06-02.15.08:650][211]PIE: Play in editor total start time 0.103 seconds.
[2026.04.06-02.15.13:457][772]LogSlate: Updating window title bar state: overlay mode, drag disabled, window buttons hidden, title bar hidden
[2026.04.06-02.15.13:457][772]LogWorld: BeginTearingDown for /Game/ThirdPersonBP/Maps/UEDPIE_0_Map1
[2026.04.06-02.15.13:458][772]LogWorld: UWorld::CleanupWorld for Map1, bSessionEnded=true, bCleanupResources=true
[2026.04.06-02.15.13:458][772]LogSlate: InvalidateAllWidgets triggered.  All widgets were invalidated
[2026.04.06-02.15.13:470][772]LogPlayLevel: Display: Shutting down PIE online subsystems
[2026.04.06-02.15.13:486][772]LogSlate: InvalidateAllWidgets triggered.  All widgets were invalidated
[2026.04.06-02.15.13:509][772]LogSlate: Updating window title bar state: overlay mode, drag disabled, window buttons hidden, title bar hidden
[2026.04.06-02.15.13:509][772]LogAudioMixer: FMixerPlatformXAudio2::StopAudioStream() called
[2026.04.06-02.15.13:510][772]LogAudioMixer: FMixerPlatformXAudio2::StopAudioStream() called
[2026.04.06-02.15.13:515][772]LogUObjectHash: Compacting FUObjectHashTables data took   1.96ms
[2026.04.06-02.15.13:551][773]LogPlayLevel: Display: Destroying online subsystem :Context_30
[2026.04.06-02.15.33:777][505]Cmd: OBJ SAVEPACKAGE PACKAGE="/Game/Inferno_World_Free/Materials/MI_Water" FILE="C:/Github/Others/CPSC399_Game/CPSC399Game/Content/Inferno_World_Free/Materials/MI_Water.uasset" SILENT=true
[2026.04.06-02.15.33:798][505]LogUObjectHash: Compacting FUObjectHashTables data took   2.81ms
[2026.04.06-02.15.33:830][505]LogUObjectHash: Compacting FUObjectHashTables data took   0.85ms
[2026.04.06-02.15.33:836][505]LogSavePackage: Moving 'C:/Github/Others/CPSC399_Game/CPSC399Game/Saved/MI_WaterF1F8B0954DE62DF4B107C3891E1B1757.tmp' to 'C:/Github/Others/CPSC399_Game/CPSC399Game/Content/Inferno_World_Free/Materials/MI_Water.uasset'
[2026.04.06-02.15.33:851][505]AssetCheck: New page: Asset Save: MI_Water
[2026.04.06-02.15.33:853][505]LogContentValidation: Display: Validating MaterialInstanceConstant /Game/Inferno_World_Free/Materials/MI_Water.MI_Water
[2026.04.06-02.15.37:046][834]LogTemp: Repeating last play command: Selected Viewport
[2026.04.06-02.15.37:050][834]LogPlayLevel: PlayLevel: No blueprints needed recompiling
[2026.04.06-02.15.37:050][834]PIE: New page: PIE session: Map1 (Apr 5, 2026, 2:15:37 PM)
[2026.04.06-02.15.37:086][834]LogPlayLevel: Creating play world package: /Game/ThirdPersonBP/Maps/UEDPIE_0_Map1
[2026.04.06-02.15.37:091][834]LogPlayLevel: PIE: StaticDuplicateObject took: (0.004731s)
[2026.04.06-02.15.37:091][834]LogAIModule: Creating AISystem for world Map1
[2026.04.06-02.15.37:091][834]LogPlayLevel: PIE: World Init took: (0.000800s)
[2026.04.06-02.15.37:091][834]LogPlayLevel: PIE: Created PIE world by copying editor world from /Game/ThirdPersonBP/Maps/Map1.Map1 to /Game/ThirdPersonBP/Maps/UEDPIE_0_Map1.Map1 (0.005692s)
[2026.04.06-02.15.37:112][834]LogUObjectHash: Compacting FUObjectHashTables data took   2.00ms
[2026.04.06-02.15.37:114][834]LogAudio: Display: Creating Audio Device:                 Id: 20, Scope: Unique, Realtime: True
[2026.04.06-02.15.37:114][834]LogAudioMixer: Display: Audio Mixer Platform Settings:
[2026.04.06-02.15.37:114][834]LogAudioMixer: Display: 	Sample Rate:						  48000
[2026.04.06-02.15.37:114][834]LogAudioMixer: Display: 	Callback Buffer Frame Size Requested: 1024
[2026.04.06-02.15.37:114][834]LogAudioMixer: Display: 	Callback Buffer Frame Size To Use:	  1024
[2026.04.06-02.15.37:114][834]LogAudioMixer: Display: 	Number of buffers to queue:			  2
[2026.04.06-02.15.37:114][834]LogAudioMixer: Display: 	Max Channels (voices):				  32
[2026.04.06-02.15.37:114][834]LogAudioMixer: Display: 	Number of Async Source Workers:		  0
[2026.04.06-02.15.37:114][834]LogAudio: Display: AudioDevice MaxSources: 32
[2026.04.06-02.15.37:114][834]LogAudio: Display: Audio Spatialization Plugin: None (built-in).
[2026.04.06-02.15.37:114][834]LogAudio: Display: Audio Reverb Plugin: None (built-in).
[2026.04.06-02.15.37:114][834]LogAudio: Display: Audio Occlusion Plugin: None (built-in).
[2026.04.06-02.15.37:114][834]LogAudioMixer: Display: Initializing audio mixer.
[2026.04.06-02.15.37:119][834]LogAudioMixer: Display: 0: FrontLeft
[2026.04.06-02.15.37:119][834]LogAudioMixer: Display: 1: FrontRight
[2026.04.06-02.15.37:119][834]LogAudioMixer: Display: 2: FrontCenter
[2026.04.06-02.15.37:119][834]LogAudioMixer: Display: 3: LowFrequency
[2026.04.06-02.15.37:119][834]LogAudioMixer: Display: 4: BackLeft
[2026.04.06-02.15.37:119][834]LogAudioMixer: Display: 5: BackRight
[2026.04.06-02.15.37:119][834]LogAudioMixer: Display: 6: SideLeft
[2026.04.06-02.15.37:119][834]LogAudioMixer: Display: 7: SideRight
[2026.04.06-02.15.37:131][834]LogAudioMixer: Display: Using Audio Device Speakers (Logitech G733 Gaming Headset)
[2026.04.06-02.15.37:131][834]LogAudioMixer: Display: Initializing Sound Submixes...
[2026.04.06-02.15.37:131][834]LogAudioMixer: Display: Creating Master Submix 'MasterSubmixDefault'
[2026.04.06-02.15.37:131][834]LogAudioMixer: Display: Creating Master Submix 'MasterReverbSubmixDefault'
[2026.04.06-02.15.37:131][834]LogAudioMixer: Display: Creating Master Submix 'MasterEQSubmixDefault'
[2026.04.06-02.15.37:131][834]LogAudioMixer: FMixerPlatformXAudio2::StartAudioStream() called
[2026.04.06-02.15.37:131][834]LogAudioMixer: Display: Output buffers initialized: Frames=1024, Channels=8, Samples=8192
[2026.04.06-02.15.37:132][834]LogAudioMixer: Display: Starting AudioMixerPlatformInterface::RunInternal()
[2026.04.06-02.15.37:133][834]LogAudioMixer: Display: FMixerPlatformXAudio2::SubmitBuffer() called for the first time
[2026.04.06-02.15.37:133][834]LogInit: FAudioDevice initialized.
[2026.04.06-02.15.37:133][834]LogAudio: Display: Audio Device (ID: 20) registered with world 'Map1'.
[2026.04.06-02.15.37:139][834]LogLoad: Game class is 'ThirdPersonGameMode_C'
[2026.04.06-02.15.37:142][834]LogWorld: Bringing World /Game/ThirdPersonBP/Maps/UEDPIE_0_Map1.Map1 up for play (max tick rate 0) at 2026.04.05-20.15.37
[2026.04.06-02.15.37:143][834]LogWorld: Bringing up level for play took: 0.002489
[2026.04.06-02.15.37:143][834]LogOnline: OSS: Creating online subsystem instance for: :Context_31
[2026.04.06-02.15.37:146][834]PIE: Server logged in
[2026.04.06-02.15.37:146][834]PIE: Play in editor total start time 0.097 seconds.
[2026.04.06-02.15.38:327][970]LogSlate: Updating window title bar state: overlay mode, drag disabled, window buttons hidden, title bar hidden
[2026.04.06-02.15.38:328][970]LogWorld: BeginTearingDown for /Game/ThirdPersonBP/Maps/UEDPIE_0_Map1
[2026.04.06-02.15.38:328][970]LogWorld: UWorld::CleanupWorld for Map1, bSessionEnded=true, bCleanupResources=true
[2026.04.06-02.15.38:328][970]LogSlate: InvalidateAllWidgets triggered.  All widgets were invalidated
[2026.04.06-02.15.38:338][970]LogPlayLevel: Display: Shutting down PIE online subsystems
[2026.04.06-02.15.38:353][970]LogSlate: InvalidateAllWidgets triggered.  All widgets were invalidated
[2026.04.06-02.15.38:373][970]LogSlate: Updating window title bar state: overlay mode, drag disabled, window buttons hidden, title bar hidden
[2026.04.06-02.15.38:374][970]LogAudioMixer: FMixerPlatformXAudio2::StopAudioStream() called
[2026.04.06-02.15.38:375][970]LogAudioMixer: FMixerPlatformXAudio2::StopAudioStream() called
[2026.04.06-02.15.38:381][970]LogUObjectHash: Compacting FUObjectHashTables data took   2.07ms
[2026.04.06-02.15.38:419][971]LogPlayLevel: Display: Destroying online subsystem :Context_31
[2026.04.06-02.15.44:297][597]Cmd: OBJ SAVEPACKAGE PACKAGE="/Game/Inferno_World_Free/Materials/MI_Water" FILE="C:/Github/Others/CPSC399_Game/CPSC399Game/Content/Inferno_World_Free/Materials/MI_Water.uasset" SILENT=true
[2026.04.06-02.15.44:299][597]LogSavePackage: Moving 'C:/Github/Others/CPSC399_Game/CPSC399Game/Saved/MI_Water66F823E14C3AAACFB2270F962FD04BE7.tmp' to 'C:/Github/Others/CPSC399_Game/CPSC399Game/Content/Inferno_World_Free/Materials/MI_Water.uasset'
[2026.04.06-02.15.44:312][597]AssetCheck: New page: Asset Save: MI_Water
[2026.04.06-02.15.44:312][597]LogContentValidation: Display: Validating MaterialInstanceConstant /Game/Inferno_World_Free/Materials/MI_Water.MI_Water
[2026.04.06-02.15.44:789][654]LogEditorViewport: Clicking on Actor (LMB): StaticMeshActor (Plane)
[2026.04.06-02.15.47:073][905]LogTemp: Repeating last play command: Selected Viewport
[2026.04.06-02.15.47:078][905]LogPlayLevel: PlayLevel: No blueprints needed recompiling
[2026.04.06-02.15.47:078][905]PIE: New page: PIE session: Map1 (Apr 5, 2026, 2:15:47 PM)
[2026.04.06-02.15.47:116][905]LogPlayLevel: Creating play world package: /Game/ThirdPersonBP/Maps/UEDPIE_0_Map1
[2026.04.06-02.15.47:122][905]LogPlayLevel: PIE: StaticDuplicateObject took: (0.005934s)
[2026.04.06-02.15.47:123][905]LogAIModule: Creating AISystem for world Map1
[2026.04.06-02.15.47:123][905]LogPlayLevel: PIE: World Init took: (0.001014s)
[2026.04.06-02.15.47:123][905]LogPlayLevel: PIE: Created PIE world by copying editor world from /Game/ThirdPersonBP/Maps/Map1.Map1 to /Game/ThirdPersonBP/Maps/UEDPIE_0_Map1.Map1 (0.007124s)
[2026.04.06-02.15.47:148][905]LogUObjectHash: Compacting FUObjectHashTables data took   4.30ms
[2026.04.06-02.15.47:153][905]LogAudio: Display: Creating Audio Device:                 Id: 21, Scope: Unique, Realtime: True
[2026.04.06-02.15.47:153][905]LogAudioMixer: Display: Audio Mixer Platform Settings:
[2026.04.06-02.15.47:153][905]LogAudioMixer: Display: 	Sample Rate:						  48000
[2026.04.06-02.15.47:153][905]LogAudioMixer: Display: 	Callback Buffer Frame Size Requested: 1024
[2026.04.06-02.15.47:153][905]LogAudioMixer: Display: 	Callback Buffer Frame Size To Use:	  1024
[2026.04.06-02.15.47:153][905]LogAudioMixer: Display: 	Number of buffers to queue:			  2
[2026.04.06-02.15.47:153][905]LogAudioMixer: Display: 	Max Channels (voices):				  32
[2026.04.06-02.15.47:153][905]LogAudioMixer: Display: 	Number of Async Source Workers:		  0
[2026.04.06-02.15.47:153][905]LogAudio: Display: AudioDevice MaxSources: 32
[2026.04.06-02.15.47:154][905]LogAudio: Display: Audio Spatialization Plugin: None (built-in).
[2026.04.06-02.15.47:154][905]LogAudio: Display: Audio Reverb Plugin: None (built-in).
[2026.04.06-02.15.47:154][905]LogAudio: Display: Audio Occlusion Plugin: None (built-in).
[2026.04.06-02.15.47:154][905]LogAudioMixer: Display: Initializing audio mixer.
[2026.04.06-02.15.47:158][905]LogAudioMixer: Display: 0: FrontLeft
[2026.04.06-02.15.47:158][905]LogAudioMixer: Display: 1: FrontRight
[2026.04.06-02.15.47:158][905]LogAudioMixer: Display: 2: FrontCenter
[2026.04.06-02.15.47:158][905]LogAudioMixer: Display: 3: LowFrequency
[2026.04.06-02.15.47:158][905]LogAudioMixer: Display: 4: BackLeft
[2026.04.06-02.15.47:158][905]LogAudioMixer: Display: 5: BackRight
[2026.04.06-02.15.47:158][905]LogAudioMixer: Display: 6: SideLeft
[2026.04.06-02.15.47:158][905]LogAudioMixer: Display: 7: SideRight
[2026.04.06-02.15.47:171][905]LogAudioMixer: Display: Using Audio Device Speakers (Logitech G733 Gaming Headset)
[2026.04.06-02.15.47:171][905]LogAudioMixer: Display: Initializing Sound Submixes...
[2026.04.06-02.15.47:171][905]LogAudioMixer: Display: Creating Master Submix 'MasterSubmixDefault'
[2026.04.06-02.15.47:171][905]LogAudioMixer: Display: Creating Master Submix 'MasterReverbSubmixDefault'
[2026.04.06-02.15.47:172][905]LogAudioMixer: Display: Creating Master Submix 'MasterEQSubmixDefault'
[2026.04.06-02.15.47:172][905]LogAudioMixer: FMixerPlatformXAudio2::StartAudioStream() called
[2026.04.06-02.15.47:172][905]LogAudioMixer: Display: Output buffers initialized: Frames=1024, Channels=8, Samples=8192
[2026.04.06-02.15.47:173][905]LogAudioMixer: Display: Starting AudioMixerPlatformInterface::RunInternal()
[2026.04.06-02.15.47:173][905]LogAudioMixer: Display: FMixerPlatformXAudio2::SubmitBuffer() called for the first time
[2026.04.06-02.15.47:173][905]LogInit: FAudioDevice initialized.
[2026.04.06-02.15.47:173][905]LogAudio: Display: Audio Device (ID: 21) registered with world 'Map1'.
[2026.04.06-02.15.47:182][905]LogLoad: Game class is 'ThirdPersonGameMode_C'
[2026.04.06-02.15.47:185][905]LogWorld: Bringing World /Game/ThirdPersonBP/Maps/UEDPIE_0_Map1.Map1 up for play (max tick rate 0) at 2026.04.05-20.15.47
[2026.04.06-02.15.47:185][905]LogWorld: Bringing up level for play took: 0.002238
[2026.04.06-02.15.47:185][905]LogOnline: OSS: Creating online subsystem instance for: :Context_32
[2026.04.06-02.15.47:189][905]PIE: Server logged in
[2026.04.06-02.15.47:190][905]PIE: Play in editor total start time 0.112 seconds.
[2026.04.06-02.15.48:876][101]LogSlate: Updating window title bar state: overlay mode, drag disabled, window buttons hidden, title bar hidden
[2026.04.06-02.15.48:876][101]LogWorld: BeginTearingDown for /Game/ThirdPersonBP/Maps/UEDPIE_0_Map1
[2026.04.06-02.15.48:876][101]LogWorld: UWorld::CleanupWorld for Map1, bSessionEnded=true, bCleanupResources=true
[2026.04.06-02.15.48:878][101]LogSlate: InvalidateAllWidgets triggered.  All widgets were invalidated
[2026.04.06-02.15.48:889][101]LogPlayLevel: Display: Shutting down PIE online subsystems
[2026.04.06-02.15.48:905][101]LogSlate: InvalidateAllWidgets triggered.  All widgets were invalidated
[2026.04.06-02.15.48:924][101]LogAudio: Display: Audio Device unregistered from world 'None'.
[2026.04.06-02.15.48:924][101]LogAudioMixer: FMixerPlatformXAudio2::StopAudioStream() called
[2026.04.06-02.15.48:925][101]LogAudioMixer: FMixerPlatformXAudio2::StopAudioStream() called
[2026.04.06-02.15.48:928][101]LogSlate: Updating window title bar state: overlay mode, drag disabled, window buttons hidden, title bar hidden
[2026.04.06-02.15.48:931][101]LogUObjectHash: Compacting FUObjectHashTables data took   2.08ms
[2026.04.06-02.15.48:967][102]LogPlayLevel: Display: Destroying online subsystem :Context_32
[2026.04.06-02.15.58:695][151]LogAssetEditorSubsystem: Opening Asset editor for Material /Game/Inferno_World_Free/Materials/M_Water.M_Water
[2026.04.06-02.15.58:697][151]LogMaterial: Display: Missing cached shadermap for M_Water in PCD3D_SM5, Default, SM5 (DDC key hash: F626D47C3D754B0D538524D34E5D9A9388B9897E), compiling. 
[2026.04.06-02.15.58:785][151]LogShaderCompilers: Display: Submitted 41 shader compile jobs with 'Normal' priority
[2026.04.06-02.15.58:859][151]LogMaterial: Display: Missing cached shadermap for M_Water in PCD3D_SM5, Default, SM5 (DDC key hash: 0C17875AEFDC056E5B22AD440B7CE4E9FB8D6181), compiling. 
[2026.04.06-02.15.58:862][151]LogMaterial: Display: Missing cached shadermap for M_Water in PCD3D_SM5, Default, SM5 (DDC key hash: 129CDBDFDC2763F9A244A7B1B5BB5FE1690EF834), compiling. 
[2026.04.06-02.15.58:865][151]LogMaterial: Display: Missing cached shadermap for FMatExpressionPreview MaterialExpressionDepthFade_0 in PCD3D_SM5, Default, SM5 (DDC key hash: DC46A1FEE88DF85280E3AC2299C0F1100406E404), compiling. 
[2026.04.06-02.15.58:866][151]LogMaterial: Display: Missing cached shadermap for FMatExpressionPreview MaterialExpressionVectorParameter_0 in PCD3D_SM5, Default, SM5 (DDC key hash: 0465575AD555930D8B1F09F7B1E476F57CC0BF10), compiling. 
[2026.04.06-02.15.58:867][151]LogMaterial: Display: Missing cached shadermap for FMatExpressionPreview MaterialExpressionVectorParameter_1 in PCD3D_SM5, Default, SM5 (DDC key hash: D79185FABA7EA5213D7E0375FBF249C9A650AD6B), compiling. 
[2026.04.06-02.15.58:867][151]LogMaterial: Display: Missing cached shadermap for FMatExpressionPreview MaterialExpressionDepthFade_1 in PCD3D_SM5, Default, SM5 (DDC key hash: 974EA2FBEE11BA4B6B69FD911A4938353DA6D110), compiling. 
[2026.04.06-02.15.58:868][151]LogMaterial: Display: Missing cached shadermap for FMatExpressionPreview MaterialExpressionTextureSample_0 in PCD3D_SM5, Default, SM5 (DDC key hash: DF910A112194CE0B8CE2078CAC1872384CEAA66E), compiling. 
[2026.04.06-02.15.58:869][151]LogMaterial: Display: Missing cached shadermap for FMatExpressionPreview MaterialExpressionTextureSample_1 in PCD3D_SM5, Default, SM5 (DDC key hash: FD65C793E45748A8CB84D7439F486FC8A195C176), compiling. 
[2026.04.06-02.15.58:870][151]LogMaterial: Display: Missing cached shadermap for FMatExpressionPreview MaterialExpressionConstant3Vector_0 in PCD3D_SM5, Default, SM5 (DDC key hash: 6E97AFE35D77A81ADA85E57786D6A5DCADE7DEB1), compiling. 
[2026.04.06-02.15.58:871][151]LogMaterial: Display: Missing cached shadermap for FMatExpressionPreview MaterialExpressionTextureSample_2 in PCD3D_SM5, Default, SM5 (DDC key hash: 8013797D591BA895382555CF57ABCA7DF546E320), compiling. 
[2026.04.06-02.15.58:896][151]MaterialEditorStats: Texture samplers: 0/16
[2026.04.06-02.15.58:896][151]MaterialEditorStats: Texture Lookups (Est.): VS(0), PS(5)
[2026.04.06-02.15.58:896][151]MaterialEditorStats: User interpolators: 2/4 Scalars (1/4 Vectors) (TexCoords: 2, Custom: 0)
[2026.04.06-02.15.59:000][152]LogShaderCompilers: Display: Submitted 41 shader compile jobs with 'Normal' priority
[2026.04.06-02.15.59:000][152]LogShaderCompilers: Display: Worker (1/9): shaders left to compile 8
[2026.04.06-02.15.59:000][152]LogShaderCompilers: Display: Worker (2/9): shaders left to compile 6
[2026.04.06-02.15.59:000][152]LogShaderCompilers: Display: Worker (3/9): shaders left to compile 4
[2026.04.06-02.15.59:000][152]LogShaderCompilers: Display: Worker (4/9): shaders left to compile 2
[2026.04.06-02.15.59:000][152]LogShaderCompilers: Display: Worker (5/9): shaders left to compile 33
[2026.04.06-02.15.59:001][152]LogShaderCompilers: Display: Worker (6/9): shaders left to compile 28
[2026.04.06-02.15.59:001][152]LogShaderCompilers: Display: Worker (7/9): shaders left to compile 23
[2026.04.06-02.15.59:001][152]LogShaderCompilers: Display: Worker (8/9): shaders left to compile 18
[2026.04.06-02.15.59:001][152]LogShaderCompilers: Display: Started 20 'Local' shader compile jobs with 'Normal' priority
[2026.04.06-02.15.59:001][152]LogShaderCompilers: Display: Started 8 'Local' shader compile jobs with 'ForceLocal' priority
[2026.04.06-02.15.59:052][153]LogShaderCompilers: Display: Submitted 2 shader compile jobs with 'ForceLocal' priority
[2026.04.06-02.15.59:052][153]LogShaderCompilers: Display: Submitted 2 shader compile jobs with 'ForceLocal' priority
[2026.04.06-02.15.59:052][153]LogShaderCompilers: Display: Submitted 2 shader compile jobs with 'ForceLocal' priority
[2026.04.06-02.15.59:093][154]LogShaderCompilers: Display: Submitted 2 shader compile jobs with 'ForceLocal' priority
[2026.04.06-02.15.59:818][180]LogShaderCompilers: Display: Worker (3/9): shaders left to compile 8
[2026.04.06-02.15.59:818][180]LogShaderCompilers: Display: Started 2 'Local' shader compile jobs with 'ForceLocal' priority
[2026.04.06-02.16.00:555][203]LogShaderCompilers: Display: Worker (4/9): shaders left to compile 6
[2026.04.06-02.16.00:556][203]LogShaderCompilers: Display: Started 1 'Local' shader compile jobs with 'ForceLocal' priority
[2026.04.06-02.16.00:833][211]LogShaderCompilers: Display: Worker (2/9): shaders left to compile 5
[2026.04.06-02.16.00:833][211]LogShaderCompilers: Display: Started 1 'Local' shader compile jobs with 'ForceLocal' priority
[2026.04.06-02.16.00:880][212]MaterialEditorStats: Texture samplers: 2/16
[2026.04.06-02.16.00:880][212]MaterialEditorStats: Texture Lookups (Est.): VS(0), PS(5)
[2026.04.06-02.16.00:880][212]MaterialEditorStats: User interpolators: 2/4 Scalars (1/4 Vectors) (TexCoords: 2, Custom: 0)
[2026.04.06-02.16.01:189][220]LogShaderCompilers: Display: Worker (4/9): shaders left to compile 4
[2026.04.06-02.16.01:189][220]LogShaderCompilers: Display: Started 1 'Local' shader compile jobs with 'ForceLocal' priority
[2026.04.06-02.16.01:220][221]LogShaderCompilers: Display: Worker (3/9): shaders left to compile 3
[2026.04.06-02.16.01:220][221]LogShaderCompilers: Display: Started 1 'Local' shader compile jobs with 'ForceLocal' priority
[2026.04.06-02.16.01:712][235]LogShaderCompilers: Display: Worker (4/9): shaders left to compile 2
[2026.04.06-02.16.01:712][235]LogShaderCompilers: Display: Started 1 'Local' shader compile jobs with 'ForceLocal' priority
[2026.04.06-02.16.01:760][236]LogShaderCompilers: Display: Worker (2/9): shaders left to compile 1
[2026.04.06-02.16.01:760][236]LogShaderCompilers: Display: Started 1 'Local' shader compile jobs with 'ForceLocal' priority
[2026.04.06-02.16.01:997][241]LogShaderCompilers: Display: Worker (3/9): shaders left to compile 13
[2026.04.06-02.16.01:998][241]LogShaderCompilers: Display: Started 2 'Local' shader compile jobs with 'Normal' priority
[2026.04.06-02.16.02:443][251]LogShaderCompilers: Display: Submitted 2 shader compile jobs with 'ForceLocal' priority
[2026.04.06-02.16.02:443][251]LogShaderCompilers: Display: Submitted 2 shader compile jobs with 'ForceLocal' priority
[2026.04.06-02.16.02:485][252]LogShaderCompilers: Display: Worker (4/9): shaders left to compile 4
[2026.04.06-02.16.02:485][252]LogShaderCompilers: Display: Started 1 'Local' shader compile jobs with 'ForceLocal' priority
[2026.04.06-02.16.02:485][252]LogShaderCompilers: Display: Worker (2/9): shaders left to compile 3
[2026.04.06-02.16.02:485][252]LogShaderCompilers: Display: Started 1 'Local' shader compile jobs with 'ForceLocal' priority
[2026.04.06-02.16.02:828][259]LogShaderCompilers: Display: Submitted 2 shader compile jobs with 'ForceLocal' priority
[2026.04.06-02.16.02:828][259]LogShaderCompilers: Display: Submitted 2 shader compile jobs with 'ForceLocal' priority
[2026.04.06-02.16.03:235][268]LogShaderCompilers: Display: Worker (2/9): shaders left to compile 6
[2026.04.06-02.16.03:235][268]LogShaderCompilers: Display: Started 1 'Local' shader compile jobs with 'ForceLocal' priority
[2026.04.06-02.16.03:347][270]LogShaderCompilers: Display: Worker (4/9): shaders left to compile 5
[2026.04.06-02.16.03:347][270]LogShaderCompilers: Display: Started 1 'Local' shader compile jobs with 'ForceLocal' priority
[2026.04.06-02.16.03:639][277]LogShaderCompilers: Display: Worker (1/9): shaders left to compile 4
[2026.04.06-02.16.03:639][277]LogShaderCompilers: Display: Started 1 'Local' shader compile jobs with 'ForceLocal' priority
[2026.04.06-02.16.03:709][278]MaterialEditorStats: Texture samplers: 9/16
[2026.04.06-02.16.03:709][278]MaterialEditorStats: Texture Lookups (Est.): VS(0), PS(5)
[2026.04.06-02.16.03:709][278]MaterialEditorStats: User interpolators: 2/4 Scalars (1/4 Vectors) (TexCoords: 2, Custom: 0)
[2026.04.06-02.16.04:064][286]LogShaderCompilers: Display: Worker (2/9): shaders left to compile 3
[2026.04.06-02.16.04:064][286]LogShaderCompilers: Display: Started 1 'Local' shader compile jobs with 'ForceLocal' priority
[2026.04.06-02.16.04:110][287]LogShaderCompilers: Display: Worker (4/9): shaders left to compile 2
[2026.04.06-02.16.04:110][287]LogShaderCompilers: Display: Started 1 'Local' shader compile jobs with 'ForceLocal' priority
[2026.04.06-02.16.04:851][304]LogShaderCompilers: Display: Worker (2/9): shaders left to compile 1
[2026.04.06-02.16.04:851][304]LogShaderCompilers: Display: Started 1 'Local' shader compile jobs with 'ForceLocal' priority
[2026.04.06-02.16.04:891][305]LogShaderCompilers: Display: Worker (1/9): shaders left to compile 11
[2026.04.06-02.16.04:892][305]LogShaderCompilers: Display: Started 2 'Local' shader compile jobs with 'Normal' priority
[2026.04.06-02.16.04:982][307]LogShaderCompilers: Display: Worker (4/9): shaders left to compile 9
[2026.04.06-02.16.04:982][307]LogShaderCompilers: Display: Started 2 'Local' shader compile jobs with 'Normal' priority
[2026.04.06-02.16.05:591][320]LogShaderCompilers: Display: Worker (2/9): shaders left to compile 7
[2026.04.06-02.16.05:591][320]LogShaderCompilers: Display: Worker (6/9): shaders left to compile 6
[2026.04.06-02.16.05:591][320]LogShaderCompilers: Display: Started 2 'Local' shader compile jobs with 'Normal' priority
[2026.04.06-02.16.06:819][361]LogShaderCompilers: Display: Worker (5/9): shaders left to compile 5
[2026.04.06-02.16.06:820][361]LogShaderCompilers: Display: Started 1 'Local' shader compile jobs with 'Normal' priority
[2026.04.06-02.16.06:889][363]LogShaderCompilers: Display: Worker (6/9): shaders left to compile 4
[2026.04.06-02.16.06:889][363]LogShaderCompilers: Display: Started 1 'Local' shader compile jobs with 'Normal' priority
[2026.04.06-02.16.07:611][387]LogShaderCompilers: Display: Worker (3/9): shaders left to compile 3
[2026.04.06-02.16.07:611][387]LogShaderCompilers: Display: Started 1 'Local' shader compile jobs with 'Normal' priority
[2026.04.06-02.16.07:722][391]LogShaderCompilers: Display: Worker (6/9): shaders left to compile 2
[2026.04.06-02.16.07:722][391]LogShaderCompilers: Display: Started 1 'Local' shader compile jobs with 'Normal' priority
[2026.04.06-02.16.07:895][396]LogShaderCompilers: Display: Worker (5/9): shaders left to compile 1
[2026.04.06-02.16.07:895][396]LogShaderCompilers: Display: Started 1 'Local' shader compile jobs with 'Normal' priority
[2026.04.06-02.16.10:102][495]LogTemp: Repeating last play command: Selected Viewport
[2026.04.06-02.16.10:112][495]LogPlayLevel: PlayLevel: No blueprints needed recompiling
[2026.04.06-02.16.10:112][495]PIE: New page: PIE session: Map1 (Apr 5, 2026, 2:16:10 PM)
[2026.04.06-02.16.10:112][495]LogPlayLevel: Creating play world package: /Game/ThirdPersonBP/Maps/UEDPIE_0_Map1
[2026.04.06-02.16.10:122][495]LogPlayLevel: PIE: StaticDuplicateObject took: (0.010114s)
[2026.04.06-02.16.10:124][495]LogAIModule: Creating AISystem for world Map1
[2026.04.06-02.16.10:124][495]LogPlayLevel: PIE: World Init took: (0.001532s)
[2026.04.06-02.16.10:124][495]LogPlayLevel: PIE: Created PIE world by copying editor world from /Game/ThirdPersonBP/Maps/Map1.Map1 to /Game/ThirdPersonBP/Maps/UEDPIE_0_Map1.Map1 (0.011877s)
[2026.04.06-02.16.10:157][495]LogUObjectHash: Compacting FUObjectHashTables data took   4.30ms
[2026.04.06-02.16.10:162][495]LogAudio: Display: Creating Audio Device:                 Id: 22, Scope: Unique, Realtime: True
[2026.04.06-02.16.10:162][495]LogAudioMixer: Display: Audio Mixer Platform Settings:
[2026.04.06-02.16.10:162][495]LogAudioMixer: Display: 	Sample Rate:						  48000
[2026.04.06-02.16.10:162][495]LogAudioMixer: Display: 	Callback Buffer Frame Size Requested: 1024
[2026.04.06-02.16.10:162][495]LogAudioMixer: Display: 	Callback Buffer Frame Size To Use:	  1024
[2026.04.06-02.16.10:162][495]LogAudioMixer: Display: 	Number of buffers to queue:			  2
[2026.04.06-02.16.10:162][495]LogAudioMixer: Display: 	Max Channels (voices):				  32
[2026.04.06-02.16.10:162][495]LogAudioMixer: Display: 	Number of Async Source Workers:		  0
[2026.04.06-02.16.10:162][495]LogAudio: Display: AudioDevice MaxSources: 32
[2026.04.06-02.16.10:162][495]LogAudio: Display: Audio Spatialization Plugin: None (built-in).
[2026.04.06-02.16.10:163][495]LogAudio: Display: Audio Reverb Plugin: None (built-in).
[2026.04.06-02.16.10:163][495]LogAudio: Display: Audio Occlusion Plugin: None (built-in).
[2026.04.06-02.16.10:163][495]LogAudioMixer: Display: Initializing audio mixer.
[2026.04.06-02.16.10:170][495]LogAudioMixer: Display: 0: FrontLeft
[2026.04.06-02.16.10:170][495]LogAudioMixer: Display: 1: FrontRight
[2026.04.06-02.16.10:170][495]LogAudioMixer: Display: 2: FrontCenter
[2026.04.06-02.16.10:170][495]LogAudioMixer: Display: 3: LowFrequency
[2026.04.06-02.16.10:170][495]LogAudioMixer: Display: 4: BackLeft
[2026.04.06-02.16.10:170][495]LogAudioMixer: Display: 5: BackRight
[2026.04.06-02.16.10:170][495]LogAudioMixer: Display: 6: SideLeft
[2026.04.06-02.16.10:170][495]LogAudioMixer: Display: 7: SideRight
[2026.04.06-02.16.10:190][495]LogAudioMixer: Display: Using Audio Device Speakers (Logitech G733 Gaming Headset)
[2026.04.06-02.16.10:191][495]LogAudioMixer: Display: Initializing Sound Submixes...
[2026.04.06-02.16.10:191][495]LogAudioMixer: Display: Creating Master Submix 'MasterSubmixDefault'
[2026.04.06-02.16.10:191][495]LogAudioMixer: Display: Creating Master Submix 'MasterReverbSubmixDefault'
[2026.04.06-02.16.10:192][495]LogAudioMixer: Display: Creating Master Submix 'MasterEQSubmixDefault'
[2026.04.06-02.16.10:192][495]LogAudioMixer: FMixerPlatformXAudio2::StartAudioStream() called
[2026.04.06-02.16.10:192][495]LogAudioMixer: Display: Output buffers initialized: Frames=1024, Channels=8, Samples=8192
[2026.04.06-02.16.10:193][495]LogAudioMixer: Display: Starting AudioMixerPlatformInterface::RunInternal()
[2026.04.06-02.16.10:193][495]LogAudioMixer: Display: FMixerPlatformXAudio2::SubmitBuffer() called for the first time
[2026.04.06-02.16.10:193][495]LogInit: FAudioDevice initialized.
[2026.04.06-02.16.10:193][495]LogAudio: Display: Audio Device (ID: 22) registered with world 'Map1'.
[2026.04.06-02.16.10:207][495]LogLoad: Game class is 'ThirdPersonGameMode_C'
[2026.04.06-02.16.10:213][495]LogWorld: Bringing World /Game/ThirdPersonBP/Maps/UEDPIE_0_Map1.Map1 up for play (max tick rate 0) at 2026.04.05-20.16.10
[2026.04.06-02.16.10:213][495]LogWorld: Bringing up level for play took: 0.005738
[2026.04.06-02.16.10:214][495]LogOnline: OSS: Creating online subsystem instance for: :Context_34
[2026.04.06-02.16.10:219][495]PIE: Server logged in
[2026.04.06-02.16.10:221][495]PIE: Play in editor total start time 0.11 seconds.
[2026.04.06-02.16.10:326][502]MaterialEditorStats: Texture samplers: 10/16
[2026.04.06-02.16.10:327][502]MaterialEditorStats: Texture Lookups (Est.): VS(0), PS(5)
[2026.04.06-02.16.10:327][502]MaterialEditorStats: User interpolators: 2/4 Scalars (1/4 Vectors) (TexCoords: 2, Custom: 0)
[2026.04.06-02.16.11:093][584]MaterialEditorStats: Base pass shader: 589 instructions
[2026.04.06-02.16.11:093][584]MaterialEditorStats: Base pass shader with Surface Lightmap: 631 instructions
[2026.04.06-02.16.11:093][584]MaterialEditorStats: Base pass shader with Volumetric Lightmap: 677 instructions
[2026.04.06-02.16.11:093][584]MaterialEditorStats: Base pass vertex shader: 194 instructions
[2026.04.06-02.16.11:093][584]MaterialEditorStats: Texture samplers: 10/16
[2026.04.06-02.16.11:093][584]MaterialEditorStats: Texture Lookups (Est.): VS(0), PS(5)
[2026.04.06-02.16.11:093][584]MaterialEditorStats: User interpolators: 2/4 Scalars (1/4 Vectors) (TexCoords: 2, Custom: 0)
[2026.04.06-02.16.12:777][781]LogSlate: Updating window title bar state: overlay mode, drag disabled, window buttons hidden, title bar hidden
[2026.04.06-02.16.12:777][781]LogWorld: BeginTearingDown for /Game/ThirdPersonBP/Maps/UEDPIE_0_Map1
[2026.04.06-02.16.12:777][781]LogWorld: UWorld::CleanupWorld for Map1, bSessionEnded=true, bCleanupResources=true
[2026.04.06-02.16.12:778][781]LogSlate: InvalidateAllWidgets triggered.  All widgets were invalidated
[2026.04.06-02.16.12:787][781]LogPlayLevel: Display: Shutting down PIE online subsystems
[2026.04.06-02.16.12:805][781]LogSlate: InvalidateAllWidgets triggered.  All widgets were invalidated
[2026.04.06-02.16.12:824][781]LogAudio: Display: Audio Device unregistered from world 'None'.
[2026.04.06-02.16.12:824][781]LogAudioMixer: FMixerPlatformXAudio2::StopAudioStream() called
[2026.04.06-02.16.12:825][781]LogAudioMixer: FMixerPlatformXAudio2::StopAudioStream() called
[2026.04.06-02.16.12:827][781]LogSlate: Updating window title bar state: overlay mode, drag disabled, window buttons hidden, title bar hidden
[2026.04.06-02.16.12:831][781]LogUObjectHash: Compacting FUObjectHashTables data took   2.26ms
[2026.04.06-02.16.12:871][782]LogPlayLevel: Display: Destroying online subsystem :Context_34
[2026.04.06-02.16.41:376][814]Cmd: OBJ SAVEPACKAGE PACKAGE="/Game/Inferno_World_Free/Materials/MI_Water" FILE="C:/Github/Others/CPSC399_Game/CPSC399Game/Content/Inferno_World_Free/Materials/MI_Water.uasset" SILENT=true
[2026.04.06-02.16.41:377][814]LogSavePackage: Moving 'C:/Github/Others/CPSC399_Game/CPSC399Game/Saved/MI_Water2D8A3B334F3DDD0F8EE5BA90520BDC03.tmp' to 'C:/Github/Others/CPSC399_Game/CPSC399Game/Content/Inferno_World_Free/Materials/MI_Water.uasset'
[2026.04.06-02.16.41:392][814]AssetCheck: New page: Asset Save: MI_Water
[2026.04.06-02.16.41:392][814]LogContentValidation: Display: Validating MaterialInstanceConstant /Game/Inferno_World_Free/Materials/MI_Water.MI_Water
[2026.04.06-02.16.58:304][489]Cmd: OBJ SAVEPACKAGE PACKAGE="/Game/Inferno_World_Free/Materials/MI_Water" FILE="C:/Github/Others/CPSC399_Game/CPSC399Game/Content/Inferno_World_Free/Materials/MI_Water.uasset" SILENT=true
[2026.04.06-02.16.58:325][489]LogUObjectHash: Compacting FUObjectHashTables data took   2.28ms
[2026.04.06-02.16.58:347][489]LogUObjectHash: Compacting FUObjectHashTables data took   0.58ms
[2026.04.06-02.16.58:352][489]LogSavePackage: Moving 'C:/Github/Others/CPSC399_Game/CPSC399Game/Saved/MI_Water17C0EC244EAC6811C59F07A86D20DE4B.tmp' to 'C:/Github/Others/CPSC399_Game/CPSC399Game/Content/Inferno_World_Free/Materials/MI_Water.uasset'
[2026.04.06-02.16.58:366][489]AssetCheck: New page: Asset Save: MI_Water
[2026.04.06-02.16.58:366][489]LogContentValidation: Display: Validating MaterialInstanceConstant /Game/Inferno_World_Free/Materials/MI_Water.MI_Water
[2026.04.06-02.17.00:882][726]LogEditorViewport: Clicking on Actor (LMB): StaticMeshActor (Plane)
[2026.04.06-02.17.08:639][623]LogEditorViewport: Clicking on Actor (LMB): StaticMeshActor (Plane)
[2026.04.06-02.17.08:895][651]Cmd: TRANSACTION UNDO
[2026.04.06-02.17.08:895][651]LogEditorTransaction: Undo Edit Parent
[2026.04.06-02.17.08:928][651]LogMaterial: Display: Missing cached shadermap for M_Lava in PCD3D_SM5, Default, SM5 (DDC key hash: D642297AB061CFBDC49D4275767458BFF8D88B23), compiling. 
[2026.04.06-02.17.08:938][651]LogMaterial: Display: Missing cached shadermap for M_Water in PCD3D_SM5, Default, SM5 (DDC key hash: 93B879990A5F6312E3BA975DC7D89A711A4C3205), compiling. 
[2026.04.06-02.17.08:964][651]MaterialEditorStats: Texture samplers: 0/16
[2026.04.06-02.17.08:964][651]MaterialEditorStats: Texture Lookups (Est.): VS(0), PS(1)
[2026.04.06-02.17.08:964][651]MaterialEditorStats: User interpolators: 2/4 Scalars (1/4 Vectors) (TexCoords: 2, Custom: 0)
[2026.04.06-02.17.08:964][651]MaterialEditorStats: Texture samplers: 0/16
[2026.04.06-02.17.08:964][651]MaterialEditorStats: Texture Lookups (Est.): VS(0), PS(5)
[2026.04.06-02.17.08:964][651]MaterialEditorStats: User interpolators: 2/4 Scalars (1/4 Vectors) (TexCoords: 2, Custom: 0)
[2026.04.06-02.17.09:083][653]MaterialEditorStats: Base pass shader: 122 instructions
[2026.04.06-02.17.09:083][653]MaterialEditorStats: Base pass shader with Volumetric Lightmap: 196 instructions
[2026.04.06-02.17.09:083][653]MaterialEditorStats: Base pass vertex shader: 46 instructions
[2026.04.06-02.17.09:083][653]MaterialEditorStats: Texture samplers: 3/16
[2026.04.06-02.17.09:083][653]MaterialEditorStats: Texture Lookups (Est.): VS(0), PS(1)
[2026.04.06-02.17.09:083][653]MaterialEditorStats: User interpolators: 2/4 Scalars (1/4 Vectors) (TexCoords: 2, Custom: 0)
[2026.04.06-02.17.09:083][653]MaterialEditorStats: Base pass shader: 589 instructions
[2026.04.06-02.17.09:083][653]MaterialEditorStats: Base pass shader with Surface Lightmap: 631 instructions
[2026.04.06-02.17.09:083][653]MaterialEditorStats: Base pass shader with Volumetric Lightmap: 677 instructions
[2026.04.06-02.17.09:083][653]MaterialEditorStats: Base pass vertex shader: 194 instructions
[2026.04.06-02.17.09:083][653]MaterialEditorStats: Texture samplers: 10/16
[2026.04.06-02.17.09:083][653]MaterialEditorStats: Texture Lookups (Est.): VS(0), PS(5)
[2026.04.06-02.17.09:083][653]MaterialEditorStats: User interpolators: 2/4 Scalars (1/4 Vectors) (TexCoords: 2, Custom: 0)
[2026.04.06-02.17.09:263][659]Cmd: TRANSACTION UNDO
[2026.04.06-02.17.09:263][659]LogEditorTransaction: Undo Replace component used material
[2026.04.06-02.17.09:280][659]LogMaterial: Display: Missing cached shadermap for M_Lava in PCD3D_SM5, Default, SM5 (DDC key hash: 1B4B240D2F29C153B2F15E0147370A39C713C43E), compiling. 
[2026.04.06-02.17.09:283][659]LogMaterial: Display: Missing cached shadermap for M_Water in PCD3D_SM5, Default, SM5 (DDC key hash: EAAA7B639A004D83A6255172742BF7D1F1E4DB04), compiling. 
[2026.04.06-02.17.09:290][659]MaterialEditorStats: Texture samplers: 0/16
[2026.04.06-02.17.09:290][659]MaterialEditorStats: Texture Lookups (Est.): VS(0), PS(1)
[2026.04.06-02.17.09:290][659]MaterialEditorStats: User interpolators: 2/4 Scalars (1/4 Vectors) (TexCoords: 2, Custom: 0)
[2026.04.06-02.17.09:290][659]MaterialEditorStats: Texture samplers: 0/16
[2026.04.06-02.17.09:290][659]MaterialEditorStats: Texture Lookups (Est.): VS(0), PS(5)
[2026.04.06-02.17.09:290][659]MaterialEditorStats: User interpolators: 2/4 Scalars (1/4 Vectors) (TexCoords: 2, Custom: 0)
[2026.04.06-02.17.09:417][661]MaterialEditorStats: Texture samplers: 3/16
[2026.04.06-02.17.09:417][661]MaterialEditorStats: Texture Lookups (Est.): VS(0), PS(1)
[2026.04.06-02.17.09:417][661]MaterialEditorStats: User interpolators: 2/4 Scalars (1/4 Vectors) (TexCoords: 2, Custom: 0)
[2026.04.06-02.17.09:442][662]MaterialEditorStats: Base pass shader: 122 instructions
[2026.04.06-02.17.09:442][662]MaterialEditorStats: Base pass shader with Volumetric Lightmap: 196 instructions
[2026.04.06-02.17.09:442][662]MaterialEditorStats: Base pass vertex shader: 46 instructions
[2026.04.06-02.17.09:442][662]MaterialEditorStats: Texture samplers: 3/16
[2026.04.06-02.17.09:442][662]MaterialEditorStats: Texture Lookups (Est.): VS(0), PS(1)
[2026.04.06-02.17.09:442][662]MaterialEditorStats: User interpolators: 2/4 Scalars (1/4 Vectors) (TexCoords: 2, Custom: 0)
[2026.04.06-02.17.09:442][662]MaterialEditorStats: Texture samplers: 9/16
[2026.04.06-02.17.09:442][662]MaterialEditorStats: Texture Lookups (Est.): VS(0), PS(5)
[2026.04.06-02.17.09:442][662]MaterialEditorStats: User interpolators: 2/4 Scalars (1/4 Vectors) (TexCoords: 2, Custom: 0)
[2026.04.06-02.17.09:460][663]MaterialEditorStats: Texture samplers: 10/16
[2026.04.06-02.17.09:460][663]MaterialEditorStats: Texture Lookups (Est.): VS(0), PS(5)
[2026.04.06-02.17.09:460][663]MaterialEditorStats: User interpolators: 2/4 Scalars (1/4 Vectors) (TexCoords: 2, Custom: 0)
[2026.04.06-02.17.09:496][665]MaterialEditorStats: Base pass shader: 589 instructions
[2026.04.06-02.17.09:496][665]MaterialEditorStats: Base pass shader with Surface Lightmap: 631 instructions
[2026.04.06-02.17.09:496][665]MaterialEditorStats: Base pass shader with Volumetric Lightmap: 677 instructions
[2026.04.06-02.17.09:496][665]MaterialEditorStats: Base pass vertex shader: 194 instructions
[2026.04.06-02.17.09:496][665]MaterialEditorStats: Texture samplers: 10/16
[2026.04.06-02.17.09:496][665]MaterialEditorStats: Texture Lookups (Est.): VS(0), PS(5)
[2026.04.06-02.17.09:496][665]MaterialEditorStats: User interpolators: 2/4 Scalars (1/4 Vectors) (TexCoords: 2, Custom: 0)
[2026.04.06-02.17.09:579][674]Cmd: TRANSACTION UNDO
[2026.04.06-02.17.09:579][674]LogEditorTransaction: Undo Replace component used material
[2026.04.06-02.17.09:594][674]LogMaterial: Display: Missing cached shadermap for M_Lava in PCD3D_SM5, Default, SM5 (DDC key hash: 8A8E2CA40CD604668A6A18F63964BDA7BD79B7A2), compiling. 
[2026.04.06-02.17.09:597][674]LogMaterial: Display: Missing cached shadermap for M_Water in PCD3D_SM5, Default, SM5 (DDC key hash: DF3997AB8155AD1C5247EC4C1AC957E3AA29127F), compiling. 
[2026.04.06-02.17.09:606][674]MaterialEditorStats: Texture samplers: 0/16
[2026.04.06-02.17.09:606][674]MaterialEditorStats: Texture Lookups (Est.): VS(0), PS(1)
[2026.04.06-02.17.09:606][674]MaterialEditorStats: User interpolators: 2/4 Scalars (1/4 Vectors) (TexCoords: 2, Custom: 0)
[2026.04.06-02.17.09:606][674]MaterialEditorStats: Texture samplers: 0/16
[2026.04.06-02.17.09:606][674]MaterialEditorStats: Texture Lookups (Est.): VS(0), PS(5)
[2026.04.06-02.17.09:606][674]MaterialEditorStats: User interpolators: 2/4 Scalars (1/4 Vectors) (TexCoords: 2, Custom: 0)
[2026.04.06-02.17.09:669][677]MaterialEditorStats: Base pass shader: 122 instructions
[2026.04.06-02.17.09:669][677]MaterialEditorStats: Base pass shader with Volumetric Lightmap: 196 instructions
[2026.04.06-02.17.09:669][677]MaterialEditorStats: Base pass vertex shader: 46 instructions
[2026.04.06-02.17.09:669][677]MaterialEditorStats: Texture samplers: 3/16
[2026.04.06-02.17.09:669][677]MaterialEditorStats: Texture Lookups (Est.): VS(0), PS(1)
[2026.04.06-02.17.09:669][677]MaterialEditorStats: User interpolators: 2/4 Scalars (1/4 Vectors) (TexCoords: 2, Custom: 0)
[2026.04.06-02.17.09:691][678]MaterialEditorStats: Texture samplers: 10/16
[2026.04.06-02.17.09:691][678]MaterialEditorStats: Texture Lookups (Est.): VS(0), PS(5)
[2026.04.06-02.17.09:691][678]MaterialEditorStats: User interpolators: 2/4 Scalars (1/4 Vectors) (TexCoords: 2, Custom: 0)
[2026.04.06-02.17.09:730][680]MaterialEditorStats: Base pass shader: 589 instructions
[2026.04.06-02.17.09:730][680]MaterialEditorStats: Base pass shader with Surface Lightmap: 631 instructions
[2026.04.06-02.17.09:730][680]MaterialEditorStats: Base pass shader with Volumetric Lightmap: 677 instructions
[2026.04.06-02.17.09:730][680]MaterialEditorStats: Base pass vertex shader: 194 instructions
[2026.04.06-02.17.09:730][680]MaterialEditorStats: Texture samplers: 10/16
[2026.04.06-02.17.09:730][680]MaterialEditorStats: Texture Lookups (Est.): VS(0), PS(5)
[2026.04.06-02.17.09:730][680]MaterialEditorStats: User interpolators: 2/4 Scalars (1/4 Vectors) (TexCoords: 2, Custom: 0)
[2026.04.06-02.17.09:911][700]Cmd: TRANSACTION UNDO
[2026.04.06-02.17.09:911][700]LogEditorTransaction: Undo Replace component used material
[2026.04.06-02.17.09:929][700]LogMaterial: Display: Missing cached shadermap for M_Lava in PCD3D_SM5, Default, SM5 (DDC key hash: 1FBC5809FC5614AB684495DB39EAA170FCF6B3AD), compiling. 
[2026.04.06-02.17.09:932][700]LogMaterial: Display: Missing cached shadermap for M_Water in PCD3D_SM5, Default, SM5 (DDC key hash: CBA396888AA09FD8A77167B835CA322B63AB8D60), compiling. 
[2026.04.06-02.17.09:939][700]MaterialEditorStats: Texture samplers: 0/16
[2026.04.06-02.17.09:939][700]MaterialEditorStats: Texture Lookups (Est.): VS(0), PS(1)
[2026.04.06-02.17.09:939][700]MaterialEditorStats: User interpolators: 2/4 Scalars (1/4 Vectors) (TexCoords: 2, Custom: 0)
[2026.04.06-02.17.09:939][700]MaterialEditorStats: Texture samplers: 0/16
[2026.04.06-02.17.09:939][700]MaterialEditorStats: Texture Lookups (Est.): VS(0), PS(5)
[2026.04.06-02.17.09:939][700]MaterialEditorStats: User interpolators: 2/4 Scalars (1/4 Vectors) (TexCoords: 2, Custom: 0)
[2026.04.06-02.17.10:010][703]MaterialEditorStats: Base pass shader: 122 instructions
[2026.04.06-02.17.10:010][703]MaterialEditorStats: Base pass shader with Volumetric Lightmap: 196 instructions
[2026.04.06-02.17.10:010][703]MaterialEditorStats: Base pass vertex shader: 46 instructions
[2026.04.06-02.17.10:010][703]MaterialEditorStats: Texture samplers: 3/16
[2026.04.06-02.17.10:010][703]MaterialEditorStats: Texture Lookups (Est.): VS(0), PS(1)
[2026.04.06-02.17.10:010][703]MaterialEditorStats: User interpolators: 2/4 Scalars (1/4 Vectors) (TexCoords: 2, Custom: 0)
[2026.04.06-02.17.10:028][704]MaterialEditorStats: Texture samplers: 10/16
[2026.04.06-02.17.10:028][704]MaterialEditorStats: Texture Lookups (Est.): VS(0), PS(5)
[2026.04.06-02.17.10:028][704]MaterialEditorStats: User interpolators: 2/4 Scalars (1/4 Vectors) (TexCoords: 2, Custom: 0)
[2026.04.06-02.17.10:067][706]MaterialEditorStats: Base pass shader: 589 instructions
[2026.04.06-02.17.10:067][706]MaterialEditorStats: Base pass shader with Surface Lightmap: 631 instructions
[2026.04.06-02.17.10:067][706]MaterialEditorStats: Base pass shader with Volumetric Lightmap: 677 instructions
[2026.04.06-02.17.10:067][706]MaterialEditorStats: Base pass vertex shader: 194 instructions
[2026.04.06-02.17.10:067][706]MaterialEditorStats: Texture samplers: 10/16
[2026.04.06-02.17.10:067][706]MaterialEditorStats: Texture Lookups (Est.): VS(0), PS(5)
[2026.04.06-02.17.10:067][706]MaterialEditorStats: User interpolators: 2/4 Scalars (1/4 Vectors) (TexCoords: 2, Custom: 0)
[2026.04.06-02.17.10:260][727]Cmd: TRANSACTION UNDO
[2026.04.06-02.17.10:260][727]LogEditorTransaction: Undo Edit Parent
[2026.04.06-02.17.10:295][727]LogMaterial: Display: Missing cached shadermap for M_Lava in PCD3D_SM5, Default, SM5 (DDC key hash: FB708D5189EB8EE5413C5678F6D65BA8AD918310), compiling. 
[2026.04.06-02.17.10:298][727]LogMaterial: Display: Missing cached shadermap for M_Water in PCD3D_SM5, Default, SM5 (DDC key hash: 298AFEB1A2A53311EB5BB9D644D97A3047147D78), compiling. 
[2026.04.06-02.17.10:307][727]MaterialEditorStats: Texture samplers: 0/16
[2026.04.06-02.17.10:307][727]MaterialEditorStats: Texture Lookups (Est.): VS(0), PS(1)
[2026.04.06-02.17.10:307][727]MaterialEditorStats: User interpolators: 2/4 Scalars (1/4 Vectors) (TexCoords: 2, Custom: 0)
[2026.04.06-02.17.10:307][727]MaterialEditorStats: Texture samplers: 0/16
[2026.04.06-02.17.10:307][727]MaterialEditorStats: Texture Lookups (Est.): VS(0), PS(5)
[2026.04.06-02.17.10:307][727]MaterialEditorStats: User interpolators: 2/4 Scalars (1/4 Vectors) (TexCoords: 2, Custom: 0)
[2026.04.06-02.17.10:421][729]MaterialEditorStats: Base pass shader: 122 instructions
[2026.04.06-02.17.10:421][729]MaterialEditorStats: Base pass shader with Volumetric Lightmap: 196 instructions
[2026.04.06-02.17.10:421][729]MaterialEditorStats: Base pass vertex shader: 46 instructions
[2026.04.06-02.17.10:421][729]MaterialEditorStats: Texture samplers: 3/16
[2026.04.06-02.17.10:421][729]MaterialEditorStats: Texture Lookups (Est.): VS(0), PS(1)
[2026.04.06-02.17.10:421][729]MaterialEditorStats: User interpolators: 2/4 Scalars (1/4 Vectors) (TexCoords: 2, Custom: 0)
[2026.04.06-02.17.10:421][729]MaterialEditorStats: Base pass shader: 589 instructions
[2026.04.06-02.17.10:421][729]MaterialEditorStats: Base pass shader with Surface Lightmap: 631 instructions
[2026.04.06-02.17.10:421][729]MaterialEditorStats: Base pass shader with Volumetric Lightmap: 677 instructions
[2026.04.06-02.17.10:421][729]MaterialEditorStats: Base pass vertex shader: 194 instructions
[2026.04.06-02.17.10:421][729]MaterialEditorStats: Texture samplers: 10/16
[2026.04.06-02.17.10:421][729]MaterialEditorStats: Texture Lookups (Est.): VS(0), PS(5)
[2026.04.06-02.17.10:421][729]MaterialEditorStats: User interpolators: 2/4 Scalars (1/4 Vectors) (TexCoords: 2, Custom: 0)
[2026.04.06-02.17.10:677][758]Cmd: TRANSACTION UNDO
[2026.04.06-02.17.10:677][758]LogEditorTransaction: Undo Cast Shadow as Masked Edit Condition Changed
[2026.04.06-02.17.10:698][758]LogMaterial: Display: Missing cached shadermap for M_Lava in PCD3D_SM5, Default, SM5 (DDC key hash: 05BF9EB2CCE5D8870EF9287E6EE9EF18A182B9DB), compiling. 
[2026.04.06-02.17.10:700][758]LogMaterial: Display: Missing cached shadermap for M_Water in PCD3D_SM5, Default, SM5 (DDC key hash: F7EE8FA71B31EEB45C2F0D961D99773057A6FE4C), compiling. 
[2026.04.06-02.17.10:708][758]MaterialEditorStats: Texture samplers: 0/16
[2026.04.06-02.17.10:708][758]MaterialEditorStats: Texture Lookups (Est.): VS(0), PS(1)
[2026.04.06-02.17.10:708][758]MaterialEditorStats: User interpolators: 2/4 Scalars (1/4 Vectors) (TexCoords: 2, Custom: 0)
[2026.04.06-02.17.10:708][758]MaterialEditorStats: Texture samplers: 0/16
[2026.04.06-02.17.10:708][758]MaterialEditorStats: Texture Lookups (Est.): VS(0), PS(5)
[2026.04.06-02.17.10:708][758]MaterialEditorStats: User interpolators: 2/4 Scalars (1/4 Vectors) (TexCoords: 2, Custom: 0)
[2026.04.06-02.17.10:812][761]MaterialEditorStats: Base pass shader: 122 instructions
[2026.04.06-02.17.10:812][761]MaterialEditorStats: Base pass shader with Volumetric Lightmap: 196 instructions
[2026.04.06-02.17.10:812][761]MaterialEditorStats: Base pass vertex shader: 46 instructions
[2026.04.06-02.17.10:812][761]MaterialEditorStats: Texture samplers: 3/16
[2026.04.06-02.17.10:812][761]MaterialEditorStats: Texture Lookups (Est.): VS(0), PS(1)
[2026.04.06-02.17.10:812][761]MaterialEditorStats: User interpolators: 2/4 Scalars (1/4 Vectors) (TexCoords: 2, Custom: 0)
[2026.04.06-02.17.10:812][761]MaterialEditorStats: Texture samplers: 9/16
[2026.04.06-02.17.10:812][761]MaterialEditorStats: Texture Lookups (Est.): VS(0), PS(5)
[2026.04.06-02.17.10:812][761]MaterialEditorStats: User interpolators: 2/4 Scalars (1/4 Vectors) (TexCoords: 2, Custom: 0)
[2026.04.06-02.17.10:829][762]MaterialEditorStats: Texture samplers: 10/16
[2026.04.06-02.17.10:831][762]MaterialEditorStats: Texture Lookups (Est.): VS(0), PS(5)
[2026.04.06-02.17.10:831][762]MaterialEditorStats: User interpolators: 2/4 Scalars (1/4 Vectors) (TexCoords: 2, Custom: 0)
[2026.04.06-02.17.10:866][764]MaterialEditorStats: Base pass shader: 589 instructions
[2026.04.06-02.17.10:866][764]MaterialEditorStats: Base pass shader with Surface Lightmap: 631 instructions
[2026.04.06-02.17.10:866][764]MaterialEditorStats: Base pass shader with Volumetric Lightmap: 677 instructions
[2026.04.06-02.17.10:866][764]MaterialEditorStats: Base pass vertex shader: 194 instructions
[2026.04.06-02.17.10:866][764]MaterialEditorStats: Texture samplers: 10/16
[2026.04.06-02.17.10:866][764]MaterialEditorStats: Texture Lookups (Est.): VS(0), PS(5)
[2026.04.06-02.17.10:866][764]MaterialEditorStats: User interpolators: 2/4 Scalars (1/4 Vectors) (TexCoords: 2, Custom: 0)
[2026.04.06-02.17.11:058][785]Cmd: TRANSACTION UNDO
[2026.04.06-02.17.11:058][785]LogEditorTransaction: Undo Replace component used material
[2026.04.06-02.17.11:082][785]LogMaterial: Display: Missing cached shadermap for M_Lava in PCD3D_SM5, Default, SM5 (DDC key hash: B10F359DC671A8ADADFA8B9D1884DA950030FBAE), compiling. 
[2026.04.06-02.17.11:083][785]LogMaterial: Display: Missing cached shadermap for M_Water in PCD3D_SM5, Default, SM5 (DDC key hash: 79781225AAB300E854687EE2973316A8826C0B5B), compiling. 
[2026.04.06-02.17.11:092][785]MaterialEditorStats: Texture samplers: 0/16
[2026.04.06-02.17.11:092][785]MaterialEditorStats: Texture Lookups (Est.): VS(0), PS(1)
[2026.04.06-02.17.11:092][785]MaterialEditorStats: User interpolators: 2/4 Scalars (1/4 Vectors) (TexCoords: 2, Custom: 0)
[2026.04.06-02.17.11:092][785]MaterialEditorStats: Texture samplers: 0/16
[2026.04.06-02.17.11:092][785]MaterialEditorStats: Texture Lookups (Est.): VS(0), PS(5)
[2026.04.06-02.17.11:092][785]MaterialEditorStats: User interpolators: 2/4 Scalars (1/4 Vectors) (TexCoords: 2, Custom: 0)
[2026.04.06-02.17.11:186][788]MaterialEditorStats: Base pass shader: 122 instructions
[2026.04.06-02.17.11:186][788]MaterialEditorStats: Base pass shader with Volumetric Lightmap: 196 instructions
[2026.04.06-02.17.11:186][788]MaterialEditorStats: Base pass vertex shader: 46 instructions
[2026.04.06-02.17.11:186][788]MaterialEditorStats: Texture samplers: 3/16
[2026.04.06-02.17.11:186][788]MaterialEditorStats: Texture Lookups (Est.): VS(0), PS(1)
[2026.04.06-02.17.11:186][788]MaterialEditorStats: User interpolators: 2/4 Scalars (1/4 Vectors) (TexCoords: 2, Custom: 0)
[2026.04.06-02.17.11:186][788]MaterialEditorStats: Texture samplers: 9/16
[2026.04.06-02.17.11:186][788]MaterialEditorStats: Texture Lookups (Est.): VS(0), PS(5)
[2026.04.06-02.17.11:186][788]MaterialEditorStats: User interpolators: 2/4 Scalars (1/4 Vectors) (TexCoords: 2, Custom: 0)
[2026.04.06-02.17.11:206][789]MaterialEditorStats: Texture samplers: 10/16
[2026.04.06-02.17.11:206][789]MaterialEditorStats: Texture Lookups (Est.): VS(0), PS(5)
[2026.04.06-02.17.11:206][789]MaterialEditorStats: User interpolators: 2/4 Scalars (1/4 Vectors) (TexCoords: 2, Custom: 0)
[2026.04.06-02.17.11:243][791]MaterialEditorStats: Base pass shader: 589 instructions
[2026.04.06-02.17.11:243][791]MaterialEditorStats: Base pass shader with Surface Lightmap: 631 instructions
[2026.04.06-02.17.11:243][791]MaterialEditorStats: Base pass shader with Volumetric Lightmap: 677 instructions
[2026.04.06-02.17.11:243][791]MaterialEditorStats: Base pass vertex shader: 194 instructions
[2026.04.06-02.17.11:243][791]MaterialEditorStats: Texture samplers: 10/16
[2026.04.06-02.17.11:243][791]MaterialEditorStats: Texture Lookups (Est.): VS(0), PS(5)
[2026.04.06-02.17.11:243][791]MaterialEditorStats: User interpolators: 2/4 Scalars (1/4 Vectors) (TexCoords: 2, Custom: 0)
[2026.04.06-02.17.18:757][499]LogEditorViewport: Clicking on Actor (LMB): StaticMeshActor (Plane)
[2026.04.06-02.17.19:078][530]Cmd: OBJ SAVEPACKAGE PACKAGE="/Game/ThirdPersonBP/Maps/Map1" FILE="C:/Github/Others/CPSC399_Game/CPSC399Game/Content/ThirdPersonBP/Maps/Map1.umap" SILENT=true AUTOSAVING=false KEEPDIRTY=false
[2026.04.06-02.17.19:104][530]LogUObjectHash: Compacting FUObjectHashTables data took   3.41ms
[2026.04.06-02.17.19:127][530]LogSavePackage: Moving 'C:/Github/Others/CPSC399_Game/CPSC399Game/Saved/Map18FB7CE4C41853D41F81E7FB854F2D8D6.tmp' to 'C:/Github/Others/CPSC399_Game/CPSC399Game/Content/ThirdPersonBP/Maps/Map1.umap'
[2026.04.06-02.17.19:158][530]AssetCheck: New page: Asset Save: Map1
[2026.04.06-02.17.19:158][530]LogContentValidation: Display: Validating World /Game/ThirdPersonBP/Maps/Map1.Map1
[2026.04.06-02.17.35:014][ 33]LogSlate: Window 'Color Picker' being destroyed
[2026.04.06-02.17.56:180][420]LogMaterial: Display: Missing cached shadermap for M_Water in PCD3D_SM5, Default, SM5 (DDC key hash: 2BDFD46B2A7DBCA19D658049089CD423C8826D8E), compiling. 
[2026.04.06-02.17.56:195][420]MaterialEditorStats: Texture samplers: 0/16
[2026.04.06-02.17.56:195][420]MaterialEditorStats: Texture Lookups (Est.): VS(0), PS(5)
[2026.04.06-02.17.56:195][420]MaterialEditorStats: User interpolators: 2/4 Scalars (1/4 Vectors) (TexCoords: 2, Custom: 0)
[2026.04.06-02.17.56:259][422]LogShaderCompilers: Display: === FShaderJobCache stats ===
[2026.04.06-02.17.56:259][422]LogShaderCompilers: Display: Total job queries 549, among them cache hits 433 (78.87%)
[2026.04.06-02.17.56:259][422]LogShaderCompilers: Display: Tracking 75 distinct input hashes that result in 50 distinct outputs (66.67%)
[2026.04.06-02.17.56:259][422]LogShaderCompilers: Display: RAM used: 0.44 MB (0.00 GB) of 819.20 MB (0.80 GB) budget. Usage: 0.05%
[2026.04.06-02.17.56:259][422]LogShaderCompilers: Display: ================================================
[2026.04.06-02.17.56:283][423]MaterialEditorStats: Texture samplers: 9/16
[2026.04.06-02.17.56:283][423]MaterialEditorStats: Texture Lookups (Est.): VS(0), PS(5)
[2026.04.06-02.17.56:283][423]MaterialEditorStats: User interpolators: 2/4 Scalars (1/4 Vectors) (TexCoords: 2, Custom: 0)
[2026.04.06-02.17.56:309][424]MaterialEditorStats: Texture samplers: 10/16
[2026.04.06-02.17.56:309][424]MaterialEditorStats: Texture Lookups (Est.): VS(0), PS(5)
[2026.04.06-02.17.56:309][424]MaterialEditorStats: User interpolators: 2/4 Scalars (1/4 Vectors) (TexCoords: 2, Custom: 0)
[2026.04.06-02.17.56:362][426]MaterialEditorStats: Base pass shader: 589 instructions
[2026.04.06-02.17.56:362][426]MaterialEditorStats: Base pass shader with Surface Lightmap: 631 instructions
[2026.04.06-02.17.56:362][426]MaterialEditorStats: Base pass shader with Volumetric Lightmap: 677 instructions
[2026.04.06-02.17.56:362][426]MaterialEditorStats: Base pass vertex shader: 194 instructions
[2026.04.06-02.17.56:362][426]MaterialEditorStats: Texture samplers: 10/16
[2026.04.06-02.17.56:362][426]MaterialEditorStats: Texture Lookups (Est.): VS(0), PS(5)
[2026.04.06-02.17.56:362][426]MaterialEditorStats: User interpolators: 2/4 Scalars (1/4 Vectors) (TexCoords: 2, Custom: 0)
[2026.04.06-02.18.32:446][937]LogMaterial: Display: Missing cached shadermap for M_Water in PCD3D_SM5, Default, SM5 (DDC key hash: 0487ACF74EEC486922BBA52CA38A38E067AB387C), compiling. 
[2026.04.06-02.18.32:458][937]MaterialEditorStats: Texture samplers: 0/16
[2026.04.06-02.18.32:459][937]MaterialEditorStats: Texture Lookups (Est.): VS(0), PS(5)
[2026.04.06-02.18.32:459][937]MaterialEditorStats: User interpolators: 2/4 Scalars (1/4 Vectors) (TexCoords: 2, Custom: 0)
[2026.04.06-02.18.32:535][940]MaterialEditorStats: Texture samplers: 10/16
[2026.04.06-02.18.32:535][940]MaterialEditorStats: Texture Lookups (Est.): VS(0), PS(5)
[2026.04.06-02.18.32:535][940]MaterialEditorStats: User interpolators: 2/4 Scalars (1/4 Vectors) (TexCoords: 2, Custom: 0)
[2026.04.06-02.18.32:595][942]MaterialEditorStats: Base pass shader: 589 instructions
[2026.04.06-02.18.32:595][942]MaterialEditorStats: Base pass shader with Surface Lightmap: 631 instructions
[2026.04.06-02.18.32:595][942]MaterialEditorStats: Base pass shader with Volumetric Lightmap: 677 instructions
[2026.04.06-02.18.32:595][942]MaterialEditorStats: Base pass vertex shader: 194 instructions
[2026.04.06-02.18.32:595][942]MaterialEditorStats: Texture samplers: 10/16
[2026.04.06-02.18.32:595][942]MaterialEditorStats: Texture Lookups (Est.): VS(0), PS(5)
[2026.04.06-02.18.32:595][942]MaterialEditorStats: User interpolators: 2/4 Scalars (1/4 Vectors) (TexCoords: 2, Custom: 0)
[2026.04.06-02.18.34:115][ 24]LogMaterial: Display: Missing cached shadermap for M_Water in PCD3D_SM5, Default, SM5 (DDC key hash: 7F25127AA3466D98770A4A88B303FC2EDE98F54E), compiling. 
[2026.04.06-02.18.34:127][ 24]MaterialEditorStats: Texture samplers: 0/16
[2026.04.06-02.18.34:127][ 24]MaterialEditorStats: Texture Lookups (Est.): VS(0), PS(5)
[2026.04.06-02.18.34:127][ 24]MaterialEditorStats: User interpolators: 2/4 Scalars (1/4 Vectors) (TexCoords: 2, Custom: 0)
[2026.04.06-02.18.34:200][ 27]MaterialEditorStats: Texture samplers: 10/16
[2026.04.06-02.18.34:200][ 27]MaterialEditorStats: Texture Lookups (Est.): VS(0), PS(5)
[2026.04.06-02.18.34:200][ 27]MaterialEditorStats: User interpolators: 2/4 Scalars (1/4 Vectors) (TexCoords: 2, Custom: 0)
[2026.04.06-02.18.34:258][ 29]MaterialEditorStats: Base pass shader: 589 instructions
[2026.04.06-02.18.34:258][ 29]MaterialEditorStats: Base pass shader with Surface Lightmap: 631 instructions
[2026.04.06-02.18.34:258][ 29]MaterialEditorStats: Base pass shader with Volumetric Lightmap: 677 instructions
[2026.04.06-02.18.34:258][ 29]MaterialEditorStats: Base pass vertex shader: 194 instructions
[2026.04.06-02.18.34:258][ 29]MaterialEditorStats: Texture samplers: 10/16
[2026.04.06-02.18.34:258][ 29]MaterialEditorStats: Texture Lookups (Est.): VS(0), PS(5)
[2026.04.06-02.18.34:258][ 29]MaterialEditorStats: User interpolators: 2/4 Scalars (1/4 Vectors) (TexCoords: 2, Custom: 0)
[2026.04.06-02.18.44:510][595]LogMaterial: Display: Missing cached shadermap for M_Water in PCD3D_SM5, Default, SM5 (DDC key hash: C12CBCD9CA62FA17BC4066D677C9FE7CDAC32767), compiling. 
[2026.04.06-02.18.44:521][595]MaterialEditorStats: Texture samplers: 0/16
[2026.04.06-02.18.44:521][595]MaterialEditorStats: Texture Lookups (Est.): VS(0), PS(5)
[2026.04.06-02.18.44:521][595]MaterialEditorStats: User interpolators: 2/4 Scalars (1/4 Vectors) (TexCoords: 2, Custom: 0)
[2026.04.06-02.18.44:585][598]MaterialEditorStats: Texture samplers: 9/16
[2026.04.06-02.18.44:585][598]MaterialEditorStats: Texture Lookups (Est.): VS(0), PS(5)
[2026.04.06-02.18.44:585][598]MaterialEditorStats: User interpolators: 2/4 Scalars (1/4 Vectors) (TexCoords: 2, Custom: 0)
[2026.04.06-02.18.44:613][599]MaterialEditorStats: Texture samplers: 10/16
[2026.04.06-02.18.44:613][599]MaterialEditorStats: Texture Lookups (Est.): VS(0), PS(5)
[2026.04.06-02.18.44:613][599]MaterialEditorStats: User interpolators: 2/4 Scalars (1/4 Vectors) (TexCoords: 2, Custom: 0)
[2026.04.06-02.18.44:678][601]MaterialEditorStats: Base pass shader: 589 instructions
[2026.04.06-02.18.44:678][601]MaterialEditorStats: Base pass shader with Surface Lightmap: 631 instructions
[2026.04.06-02.18.44:678][601]MaterialEditorStats: Base pass shader with Volumetric Lightmap: 677 instructions
[2026.04.06-02.18.44:678][601]MaterialEditorStats: Base pass vertex shader: 194 instructions
[2026.04.06-02.18.44:678][601]MaterialEditorStats: Texture samplers: 10/16
[2026.04.06-02.18.44:678][601]MaterialEditorStats: Texture Lookups (Est.): VS(0), PS(5)
[2026.04.06-02.18.44:678][601]MaterialEditorStats: User interpolators: 2/4 Scalars (1/4 Vectors) (TexCoords: 2, Custom: 0)
[2026.04.06-02.18.59:183][ 78]LogUObjectHash: Compacting FUObjectHashTables data took   2.18ms
[2026.04.06-02.19.00:482][ 78]LogSlate: Window 'Delete Assets' being destroyed
[2026.04.06-02.19.11:757][166]Cmd: SELECT NONE
[2026.04.06-02.19.12:658][255]Cmd: OBJ SAVEPACKAGE PACKAGE="/Game/ThirdPersonBP/Maps/Map1" FILE="C:/Github/Others/CPSC399_Game/CPSC399Game/Content/ThirdPersonBP/Maps/Map1.umap" SILENT=true AUTOSAVING=false KEEPDIRTY=false
[2026.04.06-02.19.12:678][255]LogUObjectHash: Compacting FUObjectHashTables data took   0.60ms
[2026.04.06-02.19.12:697][255]LogSavePackage: Moving 'C:/Github/Others/CPSC399_Game/CPSC399Game/Saved/Map13FFA8D3E425D9B0787825A842C514B0E.tmp' to 'C:/Github/Others/CPSC399_Game/CPSC399Game/Content/ThirdPersonBP/Maps/Map1.umap'
[2026.04.06-02.19.12:729][255]AssetCheck: New page: Asset Save: Map1
[2026.04.06-02.19.12:729][255]LogContentValidation: Display: Validating World /Game/ThirdPersonBP/Maps/Map1.Map1
[2026.04.06-02.19.21:095][433]LogSlate: Window 'Message' being destroyed
[2026.04.06-02.19.21:105][433]Message dialog closed, result: No, title: Message, text: Would you like to apply the changes of the modified material to the original material?
/Game/Inferno_World_Free/Materials/M_Lava.M_Lava
(Selecting 'No' will cause all changes to be lost!)
[2026.04.06-02.19.22:078][433]LogSlate: Window 'Message' being destroyed
[2026.04.06-02.19.22:085][433]Message dialog closed, result: No, title: Message, text: Would you like to apply the changes of the modified material to the original material?
/Game/Inferno_World_Free/Materials/M_Water.M_Water
(Selecting 'No' will cause all changes to be lost!)
[2026.04.06-02.19.22:106][433]LogUObjectHash: Compacting FUObjectHashTables data took   0.71ms
[2026.04.06-02.19.23:657][433]LogSlate: Window 'Save Content' being destroyed
[2026.04.06-02.19.23:724][433]LogWorld: UWorld::CleanupWorld for World_7, bSessionEnded=true, bCleanupResources=true
[2026.04.06-02.19.23:724][433]LogSlate: InvalidateAllWidgets triggered.  All widgets were invalidated
[2026.04.06-02.19.23:831][433]LogUObjectHash: Compacting FUObjectHashTables data took   3.27ms
[2026.04.06-02.19.23:909][433]LogUObjectHash: Compacting FUObjectHashTables data took   2.30ms
[2026.04.06-02.19.23:934][433]LogWorld: UWorld::CleanupWorld for World_10, bSessionEnded=true, bCleanupResources=true
[2026.04.06-02.19.23:934][433]LogSlate: InvalidateAllWidgets triggered.  All widgets were invalidated
[2026.04.06-02.19.23:965][433]LogWorld: UWorld::CleanupWorld for World_11, bSessionEnded=true, bCleanupResources=true
[2026.04.06-02.19.23:966][433]LogSlate: InvalidateAllWidgets triggered.  All widgets were invalidated
[2026.04.06-02.19.23:978][433]LogSlate: Window 'M_Water' being destroyed
[2026.04.06-02.19.23:994][433]LogWorld: UWorld::CleanupWorld for World_12, bSessionEnded=true, bCleanupResources=true
[2026.04.06-02.19.23:994][433]LogSlate: InvalidateAllWidgets triggered.  All widgets were invalidated
[2026.04.06-02.19.24:048][433]LogSlate: Window 'CPSC399Game - Unreal Editor' being destroyed
[2026.04.06-02.19.24:158][434]Cmd: QUIT_EDITOR
[2026.04.06-02.19.24:158][434]LogCore: Engine exit requested (reason: UUnrealEdEngine::CloseEditor())
[2026.04.06-02.19.24:160][434]LogCore: Engine exit requested (reason: EngineExit() was called; note: exit was already requested)
[2026.04.06-02.19.24:513][434]LogAudio: Display: Beginning Audio Device Manager Shutdown (Module: AudioMixerXAudio2)...
[2026.04.06-02.19.24:513][434]LogAudio: Display: Destroying 1 Remaining Audio Device(s)...
[2026.04.06-02.19.24:513][434]LogAudio: Display: Audio Device unregistered from world 'Map1'.
[2026.04.06-02.19.24:513][434]LogAudioMixer: FMixerPlatformXAudio2::StopAudioStream() called
[2026.04.06-02.19.24:514][434]LogAudioMixer: FMixerPlatformXAudio2::StopAudioStream() called
[2026.04.06-02.19.24:517][434]LogAudio: Display: Audio Device Manager Shutdown
[2026.04.06-02.19.24:517][434]LogWindowsTextInputMethodSystem: Display: IME system deactivated.
[2026.04.06-02.19.24:525][434]LogExit: Preparing to exit.
[2026.04.06-02.19.25:308][434]LogUObjectHash: Compacting FUObjectHashTables data took   1.57ms
[2026.04.06-02.19.25:414][434]LogWorld: UWorld::CleanupWorld for World_9, bSessionEnded=true, bCleanupResources=true
[2026.04.06-02.19.25:416][434]LogWorld: UWorld::CleanupWorld for World_2, bSessionEnded=true, bCleanupResources=true
[2026.04.06-02.19.25:417][434]LogWorld: UWorld::CleanupWorld for World_3, bSessionEnded=true, bCleanupResources=true
[2026.04.06-02.19.25:421][434]LogWorld: UWorld::CleanupWorld for World_4, bSessionEnded=true, bCleanupResources=true
[2026.04.06-02.19.25:423][434]LogWorld: UWorld::CleanupWorld for World_5, bSessionEnded=true, bCleanupResources=true
[2026.04.06-02.19.25:425][434]LogWorld: UWorld::CleanupWorld for World_6, bSessionEnded=true, bCleanupResources=true
[2026.04.06-02.19.25:426][434]LogWorld: UWorld::CleanupWorld for World_13, bSessionEnded=true, bCleanupResources=true
[2026.04.06-02.19.25:428][434]LogWorld: UWorld::CleanupWorld for World_1, bSessionEnded=true, bCleanupResources=true
[2026.04.06-02.19.25:430][434]LogWorld: UWorld::CleanupWorld for World_0, bSessionEnded=true, bCleanupResources=true
[2026.04.06-02.19.25:431][434]LogWorld: UWorld::CleanupWorld for World_8, bSessionEnded=true, bCleanupResources=true
[2026.04.06-02.19.25:479][434]LogDemo: Cleaned up 0 splitscreen connections with owner deletion
[2026.04.06-02.19.25:493][434]LogWorld: UWorld::CleanupWorld for None, bSessionEnded=true, bCleanupResources=true
[2026.04.06-02.19.25:493][434]LogExit: Editor shut down
[2026.04.06-02.19.25:493][434]LogExit: Transaction tracking system shut down
[2026.04.06-02.19.25:846][434]LogExit: Object subsystem successfully closed.
[2026.04.06-02.19.25:861][434]LogShaderCompilers: Display: === FShaderJobCache stats ===
[2026.04.06-02.19.25:861][434]LogShaderCompilers: Display: Total job queries 692, among them cache hits 576 (83.24%)
[2026.04.06-02.19.25:862][434]LogShaderCompilers: Display: Tracking 75 distinct input hashes that result in 50 distinct outputs (66.67%)
[2026.04.06-02.19.25:862][434]LogShaderCompilers: Display: RAM used: 0.44 MB (0.00 GB) of 819.20 MB (0.80 GB) budget. Usage: 0.05%
[2026.04.06-02.19.25:862][434]LogShaderCompilers: Display: ================================================
[2026.04.06-02.19.25:873][434]LogShaderCompilers: Display: Shaders left to compile 0
[2026.04.06-02.19.25:883][434]LogModuleManager: Shutting down and abandoning module HierarchicalLODUtilities (878)
[2026.04.06-02.19.25:887][434]LogModuleManager: Shutting down and abandoning module BlueprintGraph (876)
[2026.04.06-02.19.25:887][434]LogModuleManager: Shutting down and abandoning module MovieSceneCapture (874)
[2026.04.06-02.19.25:887][434]LogModuleManager: Shutting down and abandoning module Voice (872)
[2026.04.06-02.19.25:887][434]LogModuleManager: Shutting down and abandoning module HierarchicalLODOutliner (870)
[2026.04.06-02.19.25:887][434]LogModuleManager: Shutting down and abandoning module SceneOutliner (868)
[2026.04.06-02.19.25:887][434]LogModuleManager: Shutting down and abandoning module AddContentDialog (866)
[2026.04.06-02.19.25:888][434]LogModuleManager: Shutting down and abandoning module WidgetCarousel (865)
[2026.04.06-02.19.25:888][434]LogModuleManager: Shutting down and abandoning module EditorWidgets (862)
[2026.04.06-02.19.25:888][434]LogModuleManager: Shutting down and abandoning module StatsViewer (860)
[2026.04.06-02.19.25:888][434]LogModuleManager: Shutting down and abandoning module PIEPreviewDeviceProfileSelector (858)
[2026.04.06-02.19.25:888][434]LogModuleManager: Shutting down and abandoning module SequenceRecorderSections (856)
[2026.04.06-02.19.25:888][434]LogModuleManager: Shutting down and abandoning module AutomationWorker (854)
[2026.04.06-02.19.25:888][434]LogModuleManager: Shutting down and abandoning module SteamVREditor (852)
[2026.04.06-02.19.25:888][434]LogModuleManager: Shutting down and abandoning module OculusMR (850)
[2026.04.06-02.19.25:888][434]LogModuleManager: Shutting down and abandoning module TakeRecorderSources (848)
[2026.04.06-02.19.25:888][434]LogModuleManager: Shutting down and abandoning module TakeRecorder (847)
[2026.04.06-02.19.25:889][434]LogModuleManager: Shutting down and abandoning module TakeTrackRecorders (844)
[2026.04.06-02.19.25:889][434]LogModuleManager: Shutting down and abandoning module TakesCore (842)
[2026.04.06-02.19.25:889][434]LogModuleManager: Shutting down and abandoning module OpenXRInput (840)
[2026.04.06-02.19.25:889][434]LogModuleManager: Shutting down and abandoning module GooglePADEditor (838)
[2026.04.06-02.19.25:889][434]LogModuleManager: Shutting down and abandoning module AudioCaptureEditor (836)
[2026.04.06-02.19.25:889][434]LogModuleManager: Shutting down and abandoning module TemplateSequenceEditor (834)
[2026.04.06-02.19.25:889][434]LogModuleManager: Shutting down and abandoning module MatineeToLevelSequence (832)
[2026.04.06-02.19.25:889][434]LogModuleManager: Shutting down and abandoning module LevelSequenceEditor (830)
[2026.04.06-02.19.25:889][434]LogModuleManager: Shutting down and abandoning module WmfMediaFactory (828)
[2026.04.06-02.19.25:889][434]LogModuleManager: Shutting down and abandoning module WmfMediaEditor (826)
[2026.04.06-02.19.25:889][434]LogModuleManager: Shutting down and abandoning module WebMMediaFactory (824)
[2026.04.06-02.19.25:889][434]LogModuleManager: Shutting down and abandoning module WebMMediaEditor (822)
[2026.04.06-02.19.25:889][434]LogModuleManager: Shutting down and abandoning module WebMMedia (820)
[2026.04.06-02.19.25:889][434]LogModuleManager: Shutting down and abandoning module ActorSequenceEditor (818)
[2026.04.06-02.19.25:889][434]LogModuleManager: Shutting down and abandoning module MediaPlayerEditor (816)
[2026.04.06-02.19.25:889][434]LogModuleManager: Shutting down and abandoning module MediaCompositingEditor (814)
[2026.04.06-02.19.25:889][434]LogModuleManager: Shutting down and abandoning module SequenceRecorder (813)
[2026.04.06-02.19.25:889][434]LogModuleManager: Shutting down and abandoning module OpenExrWrapper (810)
[2026.04.06-02.19.25:889][434]LogModuleManager: Shutting down and abandoning module ImgMediaFactory (808)
[2026.04.06-02.19.25:889][434]LogModuleManager: Shutting down and abandoning module ImgMediaEditor (806)
[2026.04.06-02.19.25:889][434]LogModuleManager: Shutting down and abandoning module AvfMediaFactory (804)
[2026.04.06-02.19.25:889][434]LogModuleManager: Shutting down and abandoning module AvfMediaEditor (802)
[2026.04.06-02.19.25:889][434]LogModuleManager: Shutting down and abandoning module AndroidMediaFactory (800)
[2026.04.06-02.19.25:889][434]LogModuleManager: Shutting down and abandoning module AndroidMediaEditor (798)
[2026.04.06-02.19.25:889][434]LogModuleManager: Shutting down and abandoning module MagicLeapMediaCodecFactory (796)
[2026.04.06-02.19.25:889][434]LogModuleManager: Shutting down and abandoning module MagicLeapMediaFactory (794)
[2026.04.06-02.19.25:889][434]LogModuleManager: Shutting down and abandoning module MagicLeapMediaEditor (792)
[2026.04.06-02.19.25:889][434]LogModuleManager: Shutting down and abandoning module PlanarCut (790)
[2026.04.06-02.19.25:889][434]LogModuleManager: Shutting down and abandoning module CharacterAI (788)
[2026.04.06-02.19.25:889][434]LogModuleManager: Shutting down and abandoning module TextureAlignMode (786)
[2026.04.06-02.19.25:889][434]LogModuleManager: Shutting down and abandoning module BspMode (784)
[2026.04.06-02.19.25:889][434]LogModuleManager: Shutting down and abandoning module GeometryMode (782)
[2026.04.06-02.19.25:889][434]LogModuleManager: Shutting down and abandoning module CameraShakePreviewer (780)
[2026.04.06-02.19.25:889][434]LogModuleManager: Shutting down and abandoning module SmartSnapping (778)
[2026.04.06-02.19.25:889][434]LogModuleManager: Shutting down and abandoning module SessionServices (776)
[2026.04.06-02.19.25:889][434]LogModuleManager: Shutting down and abandoning module MeshPaint (774)
[2026.04.06-02.19.25:889][434]LogModuleManager: Shutting down and abandoning module VirtualTexturingEditor (772)
[2026.04.06-02.19.25:889][434]LogModuleManager: Shutting down and abandoning module FoliageEdit (770)
[2026.04.06-02.19.25:889][434]LogModuleManager: Shutting down and abandoning module LandscapeEditor (768)
[2026.04.06-02.19.25:889][434]LogModuleManager: Shutting down and abandoning module MeshPaintMode (766)
[2026.04.06-02.19.25:889][434]LogModuleManager: Shutting down and abandoning module SceneDepthPickerMode (764)
[2026.04.06-02.19.25:889][434]LogModuleManager: Shutting down and abandoning module ActorPickerMode (762)
[2026.04.06-02.19.25:889][434]LogModuleManager: Shutting down and abandoning module PlacementMode (760)
[2026.04.06-02.19.25:889][434]LogModuleManager: Shutting down and abandoning module ViewportSnapping (758)
[2026.04.06-02.19.25:889][434]LogModuleManager: Shutting down and abandoning module ViewportInteraction (756)
[2026.04.06-02.19.25:889][434]LogModuleManager: Shutting down and abandoning module ClothPainter (754)
[2026.04.06-02.19.25:889][434]LogModuleManager: Shutting down and abandoning module SkeletalMeshEditor (753)
[2026.04.06-02.19.25:890][434]LogModuleManager: Shutting down and abandoning module LogVisualizer (750)
[2026.04.06-02.19.25:890][434]LogModuleManager: Shutting down and abandoning module IntroTutorials (748)
[2026.04.06-02.19.25:890][434]LogModuleManager: Shutting down and abandoning module GameProjectGeneration (747)
[2026.04.06-02.19.25:890][434]LogModuleManager: Shutting down and abandoning module LuminPlatformEditor (744)
[2026.04.06-02.19.25:890][434]LogModuleManager: Shutting down and abandoning module IOSPlatformEditor (742)
[2026.04.06-02.19.25:890][434]LogModuleManager: Shutting down and abandoning module AndroidPlatformEditor (740)
[2026.04.06-02.19.25:890][434]LogModuleManager: Shutting down and abandoning module AndroidDeviceDetection (739)
[2026.04.06-02.19.26:347][434]LogModuleManager: Shutting down and abandoning module WindowsPlatformEditor (736)
[2026.04.06-02.19.26:347][434]LogModuleManager: Shutting down and abandoning module LuminRuntimeSettings (734)
[2026.04.06-02.19.26:347][434]LogModuleManager: Shutting down and abandoning module IOSRuntimeSettings (732)
[2026.04.06-02.19.26:347][434]LogModuleManager: Shutting down and abandoning module AndroidRuntimeSettings (730)
[2026.04.06-02.19.26:347][434]LogModuleManager: Shutting down and abandoning module TraceInsights (728)
[2026.04.06-02.19.26:347][434]MemoryProfiler: Shutdown
[2026.04.06-02.19.26:347][434]NetworkingProfiler: Shutdown
[2026.04.06-02.19.26:347][434]LoadingProfiler: Shutdown
[2026.04.06-02.19.26:347][434]TimingProfiler: Shutdown
[2026.04.06-02.19.26:347][434]LogModuleManager: Shutting down and abandoning module TraceServices (727)
[2026.04.06-02.19.26:347][434]LogModuleManager: Shutting down and abandoning module EditorInteractiveToolsFramework (724)
[2026.04.06-02.19.26:347][434]LogModuleManager: Shutting down and abandoning module TimeManagementEditor (722)
[2026.04.06-02.19.26:347][434]LogModuleManager: Shutting down and abandoning module InputBindingEditor (720)
[2026.04.06-02.19.26:347][434]LogModuleManager: Shutting down and abandoning module MergeActors (718)
[2026.04.06-02.19.26:347][434]LogModuleManager: Shutting down and abandoning module LocalizationDashboard (716)
[2026.04.06-02.19.26:347][434]LogModuleManager: Shutting down and abandoning module LocalizationService (715)
[2026.04.06-02.19.26:347][434]LogModuleManager: Shutting down and abandoning module HardwareTargeting (712)
[2026.04.06-02.19.26:347][434]LogModuleManager: Shutting down and abandoning module DeviceProfileEditor (710)
[2026.04.06-02.19.26:347][434]LogModuleManager: Shutting down and abandoning module UndoHistory (708)
[2026.04.06-02.19.26:347][434]LogModuleManager: Shutting down and abandoning module XmlParser (706)
[2026.04.06-02.19.26:347][434]LogModuleManager: Shutting down and abandoning module Blutility (704)
[2026.04.06-02.19.26:347][434]LogModuleManager: Shutting down and abandoning module ProjectSettingsViewer (702)
[2026.04.06-02.19.26:347][434]LogModuleManager: Shutting down and abandoning module ProjectTargetPlatformEditor (701)
[2026.04.06-02.19.26:347][434]LogModuleManager: Shutting down and abandoning module EditorSettingsViewer (698)
[2026.04.06-02.19.26:347][434]LogModuleManager: Shutting down and abandoning module InternationalizationSettings (697)
[2026.04.06-02.19.26:347][434]LogModuleManager: Shutting down and abandoning module SettingsEditor (694)
[2026.04.06-02.19.26:347][434]LogModuleManager: Shutting down and abandoning module ProjectLauncher (692)
[2026.04.06-02.19.26:347][434]LogModuleManager: Shutting down and abandoning module SessionFrontend (690)
[2026.04.06-02.19.26:347][434]LogModuleManager: Shutting down and abandoning module ProfilerClient (688)
[2026.04.06-02.19.26:347][434]LogModuleManager: Shutting down and abandoning module DeviceManager (686)
[2026.04.06-02.19.26:347][434]LogModuleManager: Shutting down and abandoning module TargetDeviceServices (685)
[2026.04.06-02.19.26:381][434]LogModuleManager: Shutting down and abandoning module AutomationController (682)
[2026.04.06-02.19.26:381][434]LogModuleManager: Shutting down and abandoning module AutomationWindow (680)
[2026.04.06-02.19.26:381][434]LogModuleManager: Shutting down and abandoning module Layers (678)
[2026.04.06-02.19.26:381][434]LogModuleManager: Shutting down and abandoning module ComponentVisualizers (676)
[2026.04.06-02.19.26:381][434]LogModuleManager: Shutting down and abandoning module DetailCustomizations (674)
[2026.04.06-02.19.26:381][434]LogModuleManager: Shutting down and abandoning module PackagesDialog (672)
[2026.04.06-02.19.26:381][434]LogModuleManager: Shutting down and abandoning module AnimationBlueprintEditor (670)
[2026.04.06-02.19.26:381][434]LogModuleManager: Shutting down and abandoning module Persona (668)
[2026.04.06-02.19.26:381][434]LogModuleManager: Shutting down and abandoning module AdvancedPreviewScene (667)
[2026.04.06-02.19.26:381][434]LogModuleManager: Shutting down and abandoning module AnimGraph (665)
[2026.04.06-02.19.26:381][434]LogModuleManager: Shutting down and abandoning module Kismet (662)
[2026.04.06-02.19.26:390][434]LogModuleManager: Shutting down and abandoning module KismetWidgets (661)
[2026.04.06-02.19.26:390][434]LogModuleManager: Shutting down and abandoning module GraphEditor (658)
[2026.04.06-02.19.26:390][434]LogModuleManager: Shutting down and abandoning module StructViewer (656)
[2026.04.06-02.19.26:390][434]LogModuleManager: Shutting down and abandoning module ClassViewer (654)
[2026.04.06-02.19.26:391][434]LogModuleManager: Shutting down and abandoning module Toolbox (652)
[2026.04.06-02.19.26:391][434]LogModuleManager: Shutting down and abandoning module ModuleUI (650)
[2026.04.06-02.19.26:391][434]LogModuleManager: Shutting down and abandoning module OutputLog (648)
[2026.04.06-02.19.26:391][434]LogModuleManager: Shutting down and abandoning module GammaUI (646)
[2026.04.06-02.19.26:391][434]LogModuleManager: Shutting down and abandoning module Documentation (644)
[2026.04.06-02.19.26:391][434]LogModuleManager: Shutting down and abandoning module LiveCoding (642)
[2026.04.06-02.19.26:391][434]LogModuleManager: Shutting down and abandoning module LevelSequence (640)
[2026.04.06-02.19.26:391][434]LogModuleManager: Shutting down and abandoning module MovieSceneTracks (638)
[2026.04.06-02.19.26:391][434]LogModuleManager: Shutting down and abandoning module MovieScene (636)
[2026.04.06-02.19.26:391][434]LogModuleManager: Shutting down and abandoning module StreamingPauseRendering (634)
[2026.04.06-02.19.26:391][434]LogModuleManager: Shutting down and abandoning module LauncherPlatform (632)
[2026.04.06-02.19.26:391][434]LogModuleManager: Shutting down and abandoning module AnalyticsET (630)
[2026.04.06-02.19.26:391][434]LogModuleManager: Shutting down and abandoning module PortalServices (628)
[2026.04.06-02.19.26:391][434]LogModuleManager: Shutting down and abandoning module PortalRpc (626)
[2026.04.06-02.19.26:391][434]LogModuleManager: Shutting down and abandoning module MessagingRpc (624)
[2026.04.06-02.19.26:391][434]LogModuleManager: Shutting down and abandoning module AudioMixerXAudio2 (622)
[2026.04.06-02.19.26:391][434]LogModuleManager: Shutting down and abandoning module AudioMixerCore (621)
[2026.04.06-02.19.26:391][434]LogModuleManager: Shutting down and abandoning module AIModule (618)
[2026.04.06-02.19.26:391][434]LogModuleManager: Shutting down and abandoning module GameplayDebugger (617)
[2026.04.06-02.19.26:391][434]LogModuleManager: Shutting down and abandoning module AITestSuite (615)
[2026.04.06-02.19.26:393][434]LogModuleManager: Shutting down and abandoning module NavigationSystem (613)
[2026.04.06-02.19.26:393][434]LogModuleManager: Shutting down and abandoning module ImageWriteQueue (610)
[2026.04.06-02.19.26:396][434]LogModuleManager: Shutting down and abandoning module ProfilerService (608)
[2026.04.06-02.19.26:439][434]LogModuleManager: Shutting down and abandoning module TaskGraph (606)
[2026.04.06-02.19.26:439][434]LogModuleManager: Shutting down and abandoning module AudioSynesthesiaEditor (604)
[2026.04.06-02.19.26:439][434]LogModuleManager: Shutting down and abandoning module OculusEditor (602)
[2026.04.06-02.19.26:439][434]LogModuleManager: Shutting down and abandoning module OculusInput (600)
[2026.04.06-02.19.26:439][434]LogModuleManager: Shutting down and abandoning module ContentBrowserFileDataSource (598)
[2026.04.06-02.19.26:439][434]LogModuleManager: Shutting down and abandoning module ContentBrowserClassDataSource (596)
[2026.04.06-02.19.26:439][434]LogModuleManager: Shutting down and abandoning module ContentBrowserAssetDataSource (594)
[2026.04.06-02.19.26:439][434]LogModuleManager: Shutting down and abandoning module CollectionManager (593)
[2026.04.06-02.19.26:439][434]LogModuleManager: Shutting down and abandoning module TakeSequencer (590)
[2026.04.06-02.19.26:439][434]LogModuleManager: Shutting down and abandoning module TakeMovieScene (588)
[2026.04.06-02.19.26:439][434]LogModuleManager: Shutting down and abandoning module ScreenshotTools (586)
[2026.04.06-02.19.26:439][434]LogModuleManager: Shutting down and abandoning module SynthesisEditor (584)
[2026.04.06-02.19.26:439][434]LogModuleManager: Shutting down and abandoning module Synthesis (582)
[2026.04.06-02.19.26:439][434]LogModuleManager: Shutting down and abandoning module ProceduralMeshComponentEditor (580)
[2026.04.06-02.19.26:439][434]LogModuleManager: Shutting down and abandoning module ProceduralMeshComponent (578)
[2026.04.06-02.19.26:439][434]LogModuleManager: Shutting down and abandoning module OpenXREditor (576)
[2026.04.06-02.19.26:439][434]LogModuleManager: Shutting down and abandoning module MobilePatchingUtils (574)
[2026.04.06-02.19.26:439][434]LogModuleManager: Shutting down and abandoning module GooglePAD (572)
[2026.04.06-02.19.26:439][434]LogModuleManager: Shutting down and abandoning module EditableMesh (570)
[2026.04.06-02.19.26:439][434]LogModuleManager: Shutting down and abandoning module CustomMeshComponent (568)
[2026.04.06-02.19.26:439][434]LogModuleManager: Shutting down and abandoning module CableComponent (566)
[2026.04.06-02.19.26:439][434]LogModuleManager: Shutting down and abandoning module AudioCapture (564)
[2026.04.06-02.19.26:439][434]LogModuleManager: Shutting down and abandoning module AudioCaptureRtAudio (563)
[2026.04.06-02.19.26:439][434]LogModuleManager: Shutting down and abandoning module AssetTags (560)
[2026.04.06-02.19.26:439][434]LogModuleManager: Shutting down and abandoning module ArchVisCharacter (558)
[2026.04.06-02.19.26:439][434]LogModuleManager: Shutting down and abandoning module AppleImageUtilsBlueprintSupport (556)
[2026.04.06-02.19.26:439][434]LogModuleManager: Shutting down and abandoning module AppleImageUtils (554)
[2026.04.06-02.19.26:439][434]LogModuleManager: Shutting down and abandoning module AndroidPermission (552)
[2026.04.06-02.19.26:439][434]LogModuleManager: Shutting down and abandoning module ActorLayerUtilitiesEditor (550)
[2026.04.06-02.19.26:439][434]LogModuleManager: Shutting down and abandoning module ActorLayerUtilities (548)
[2026.04.06-02.19.26:439][434]LogModuleManager: Shutting down and abandoning module TemplateSequence (546)
[2026.04.06-02.19.26:439][434]LogModuleManager: Shutting down and abandoning module MediaCompositing (544)
[2026.04.06-02.19.26:439][434]LogModuleManager: Shutting down and abandoning module ImgMedia (542)
[2026.04.06-02.19.26:439][434]LogModuleManager: Shutting down and abandoning module MagicLeapSharedWorld (540)
[2026.04.06-02.19.26:439][434]LogModuleManager: Shutting down and abandoning module MagicLeapLightEstimation (538)
[2026.04.06-02.19.26:439][434]LogModuleManager: Shutting down and abandoning module OpenImageDenoise (536)
[2026.04.06-02.19.26:439][434]LogOpenImageDenoise: OIDN shutting down
[2026.04.06-02.19.26:439][434]LogModuleManager: Shutting down and abandoning module MotoSynthEditor (534)
[2026.04.06-02.19.26:439][434]LogModuleManager: Shutting down and abandoning module MotoSynth (532)
[2026.04.06-02.19.26:439][434]LogModuleManager: Shutting down and abandoning module MagicLeapHelperVulkan (530)
[2026.04.06-02.19.26:439][434]LogModuleManager: Shutting down and abandoning module MagicLeapHelperOpenGL (528)
[2026.04.06-02.19.26:439][434]LogModuleManager: Shutting down and abandoning module MagicLeapAudio (526)
[2026.04.06-02.19.26:439][434]LogModuleManager: Shutting down and abandoning module MeshConversion (524)
[2026.04.06-02.19.26:439][434]LogModuleManager: Shutting down and abandoning module DynamicMesh (522)
[2026.04.06-02.19.26:439][434]LogModuleManager: Shutting down and abandoning module GeometryAlgorithms (520)
[2026.04.06-02.19.26:439][434]LogModuleManager: Shutting down and abandoning module GeometricObjects (518)
[2026.04.06-02.19.26:439][434]LogModuleManager: Shutting down and abandoning module GeometryCollectionTracks (516)
[2026.04.06-02.19.26:439][434]LogModuleManager: Shutting down and abandoning module GeometryCollectionSequencer (515)
[2026.04.06-02.19.26:439][434]LogModuleManager: Shutting down and abandoning module GeometryCollectionEditor (512)
[2026.04.06-02.19.26:439][434]LogModuleManager: Shutting down and abandoning module GeometryCacheTracks (510)
[2026.04.06-02.19.26:439][434]LogModuleManager: Shutting down and abandoning module GeometryCacheStreamer (508)
[2026.04.06-02.19.26:439][434]LogModuleManager: Shutting down and abandoning module GeometryCacheSequencer (506)
[2026.04.06-02.19.26:439][434]LogModuleManager: Shutting down and abandoning module ChaosSolverEditor (504)
[2026.04.06-02.19.26:439][434]LogModuleManager: Shutting down and abandoning module ChaosNiagara (502)
[2026.04.06-02.19.26:439][434]LogModuleManager: Shutting down and abandoning module FractureEditor (500)
[2026.04.06-02.19.26:439][434]LogModuleManager: Shutting down and abandoning module FieldSystemEngine (499)
[2026.04.06-02.19.26:439][434]LogModuleManager: Shutting down and abandoning module ChaosClothEditor (496)
[2026.04.06-02.19.26:439][434]LogModuleManager: Shutting down and abandoning module VariantManagerContentEditor (494)
[2026.04.06-02.19.26:439][434]LogModuleManager: Shutting down and abandoning module BackChannel (492)
[2026.04.06-02.19.26:439][434]LogModuleManager: Shutting down and abandoning module AutomationUtilsEditor (490)
[2026.04.06-02.19.26:439][434]LogModuleManager: Shutting down and abandoning module AutomationUtils (488)
[2026.04.06-02.19.26:439][434]LogModuleManager: Shutting down and abandoning module AlembicImporter (486)
[2026.04.06-02.19.26:439][434]LogModuleManager: Shutting down and abandoning module AlembicLibrary (485)
[2026.04.06-02.19.26:439][434]LogModuleManager: Shutting down and abandoning module GeometryCache (484)
[2026.04.06-02.19.26:439][434]LogModuleManager: Shutting down and abandoning module GeometryCacheEd (483)
[2026.04.06-02.19.26:439][434]LogModuleManager: Shutting down and abandoning module NiagaraEditorWidgets (478)
[2026.04.06-02.19.26:440][434]LogModuleManager: Shutting down and abandoning module DatasmithContentEditor (476)
[2026.04.06-02.19.26:440][434]LogModuleManager: Shutting down and abandoning module SpeedTreeImporter (474)
[2026.04.06-02.19.26:440][434]LogModuleManager: Shutting down and abandoning module PluginBrowser (472)
[2026.04.06-02.19.26:440][434]LogModuleManager: Shutting down and abandoning module MobileLauncherProfileWizard (470)
[2026.04.06-02.19.26:440][434]LogModuleManager: Shutting down and abandoning module MaterialAnalyzer (468)
[2026.04.06-02.19.26:440][434]LogModuleManager: Shutting down and abandoning module CurveEditorTools (466)
[2026.04.06-02.19.26:440][434]LogModuleManager: Shutting down and abandoning module CryptoKeysOpenSSL (464)
[2026.04.06-02.19.26:440][434]LogModuleManager: Shutting down and abandoning module CryptoKeys (462)
[2026.04.06-02.19.26:440][434]LogModuleManager: Shutting down and abandoning module VisualStudioSourceCodeAccess (460)
[2026.04.06-02.19.26:440][434]LogModuleManager: Shutting down and abandoning module VisualStudioCodeSourceCodeAccess (458)
[2026.04.06-02.19.26:440][434]LogModuleManager: Shutting down and abandoning module UObjectPlugin (456)
[2026.04.06-02.19.26:440][434]LogModuleManager: Shutting down and abandoning module SubversionSourceControl (454)
[2026.04.06-02.19.26:440][434]LogModuleManager: Shutting down and abandoning module RiderSourceCodeAccess (452)
[2026.04.06-02.19.26:440][434]LogModuleManager: Shutting down and abandoning module PluginUtils (450)
[2026.04.06-02.19.26:440][434]LogModuleManager: Shutting down and abandoning module PlasticSourceControl (448)
[2026.04.06-02.19.26:440][434]LogModuleManager: Shutting down and abandoning module PerforceSourceControl (446)
[2026.04.06-02.19.26:440][434]LogModuleManager: Shutting down and abandoning module GitSourceControl (444)
[2026.04.06-02.19.26:440][434]LogModuleManager: Shutting down and abandoning module SourceControl (443)
[2026.04.06-02.19.26:440][434]LogModuleManager: Shutting down and abandoning module CLionSourceCodeAccess (440)
[2026.04.06-02.19.26:440][434]LogModuleManager: Shutting down and abandoning module OodleNetworkHandlerComponent (438)
[2026.04.06-02.19.26:440][434]LogModuleManager: Shutting down and abandoning module AnimationSharingEd (436)
[2026.04.06-02.19.26:440][434]LogModuleManager: Shutting down and abandoning module LiveLinkSequencer (434)
[2026.04.06-02.19.26:440][434]LogModuleManager: Shutting down and abandoning module LiveLinkMovieScene (432)
[2026.04.06-02.19.26:440][434]LogModuleManager: Shutting down and abandoning module LiveLinkGraphNode (430)
[2026.04.06-02.19.26:440][434]LogModuleManager: Shutting down and abandoning module LiveLinkEditor (428)
[2026.04.06-02.19.26:440][434]LogModuleManager: Shutting down and abandoning module LiveLinkComponents (426)
[2026.04.06-02.19.26:440][434]LogModuleManager: Shutting down and abandoning module LiveLink (424)
[2026.04.06-02.19.27:403][434]LogModuleManager: Shutting down and abandoning module LightPropagationVolumeEditor (422)
[2026.04.06-02.19.27:403][434]LogModuleManager: Shutting down and abandoning module PaperTiledImporter (420)
[2026.04.06-02.19.27:403][434]LogModuleManager: Shutting down and abandoning module PaperSpriteSheetImporter (418)
[2026.04.06-02.19.27:403][434]LogModuleManager: Shutting down and abandoning module Paper2DEditor (416)
[2026.04.06-02.19.27:403][434]LogModuleManager: Shutting down and abandoning module MeshPaintingToolset (414)
[2026.04.06-02.19.27:403][434]LogModuleManager: Shutting down and abandoning module MeshPaintEditorMode (412)
[2026.04.06-02.19.27:403][434]LogModuleManager: Shutting down and abandoning module SoundFields (410)
[2026.04.06-02.19.27:403][434]LogModuleManager: Shutting down and abandoning module SignificanceManager (408)
[2026.04.06-02.19.27:403][434]LogModuleManager: Shutting down and abandoning module RuntimePhysXCooking (406)
[2026.04.06-02.19.27:403][434]LogModuleManager: Shutting down and abandoning module PropertyAccessEditor (404)
[2026.04.06-02.19.27:403][434]LogModuleManager: Shutting down and abandoning module PhysXVehiclesEditor (402)
[2026.04.06-02.19.27:403][434]LogModuleManager: Shutting down and abandoning module LocationServicesBPLibrary (398)
[2026.04.06-02.19.27:404][434]LogModuleManager: Shutting down and abandoning module AudioSynesthesia (396)
[2026.04.06-02.19.27:404][434]LogModuleManager: Shutting down and abandoning module AudioSynesthesiaCore (394)
[2026.04.06-02.19.27:404][434]LogModuleManager: Shutting down and abandoning module TcpMessaging (392)
[2026.04.06-02.19.27:505][434]LogModuleManager: Shutting down and abandoning module UdpMessaging (390)
[2026.04.06-02.19.27:606][434]LogModuleManager: Shutting down and abandoning module ActorSequence (388)
[2026.04.06-02.19.27:606][434]LogModuleManager: Shutting down and abandoning module ImgMediaEngine (386)
[2026.04.06-02.19.27:606][434]LogModuleManager: Shutting down and abandoning module PythonScriptPlugin (384)
[2026.04.06-02.19.27:606][434]LogModuleManager: Shutting down and abandoning module MagicLeapARPin (382)
[2026.04.06-02.19.27:606][434]LogModuleManager: Shutting down and abandoning module MagicLeapHandMeshing (380)
[2026.04.06-02.19.27:606][434]LogModuleManager: Shutting down and abandoning module MagicLeapSecureStorage (378)
[2026.04.06-02.19.27:606][434]LogModuleManager: Shutting down and abandoning module MagicLeapPrivileges (376)
[2026.04.06-02.19.27:606][434]LogModuleManager: Shutting down and abandoning module MagicLeapPlanes (374)
[2026.04.06-02.19.27:606][434]LogMagicLeapPlanes: Planes tracker already destroyed.
[2026.04.06-02.19.27:606][434]LogModuleManager: Shutting down and abandoning module MagicLeapImageTracker (372)
[2026.04.06-02.19.27:606][434]LogModuleManager: Shutting down and abandoning module MagicLeapIdentity (370)
[2026.04.06-02.19.27:606][434]LogModuleManager: Shutting down and abandoning module MagicLeapHandTracking (368)
[2026.04.06-02.19.27:606][434]LogModuleManager: Shutting down and abandoning module MagicLeapEyeTracker (366)
[2026.04.06-02.19.27:606][434]LogModuleManager: Shutting down and abandoning module MagicLeapController (364)
[2026.04.06-02.19.27:606][434]LogModuleManager: Shutting down and abandoning module MagicLeapARPinImpl (362)
[2026.04.06-02.19.27:606][434]LogModuleManager: Shutting down and abandoning module MagicLeapAR (360)
[2026.04.06-02.19.27:606][434]LogModuleManager: Shutting down and abandoning module NiagaraAnimNotifies (358)
[2026.04.06-02.19.27:606][434]LogModuleManager: Shutting down and abandoning module Niagara (356)
[2026.04.06-02.19.27:606][434]LogModuleManager: Shutting down and abandoning module SignalProcessing (355)
[2026.04.06-02.19.27:606][434]LogModuleManager: Shutting down and abandoning module NiagaraEditor (353)
[2026.04.06-02.19.27:606][434]LogModuleManager: Shutting down and abandoning module NiagaraCore (350)
[2026.04.06-02.19.27:606][434]LogModuleManager: Shutting down and abandoning module FacialAnimationEditor (348)
[2026.04.06-02.19.27:606][434]LogModuleManager: Shutting down and abandoning module FacialAnimation (346)
[2026.04.06-02.19.27:606][434]LogModuleManager: Shutting down and abandoning module GameplayTagsEditor (344)
[2026.04.06-02.19.27:606][434]LogModuleManager: Shutting down and abandoning module DataValidation (342)
[2026.04.06-02.19.27:606][434]LogModuleManager: Shutting down and abandoning module AssetManagerEditor (340)
[2026.04.06-02.19.27:606][434]LogModuleManager: Shutting down and abandoning module LevelEditor (339)
[2026.04.06-02.19.27:607][434]LogModuleManager: Shutting down and abandoning module PixelInspectorModule (338)
[2026.04.06-02.19.27:608][434]LogModuleManager: Shutting down and abandoning module CommonMenuExtensions (336)
[2026.04.06-02.19.27:608][434]LogModuleManager: Shutting down and abandoning module MainFrame (334)
[2026.04.06-02.19.27:608][434]LogModuleManager: Shutting down and abandoning module HotReload (333)
[2026.04.06-02.19.27:608][434]LogModuleManager: Shutting down and abandoning module ToolMenus (329)
[2026.04.06-02.19.27:608][434]LogModuleManager: Shutting down and abandoning module ContentBrowser (327)
[2026.04.06-02.19.27:608][434]LogModuleManager: Shutting down and abandoning module ContentBrowserData (326)
[2026.04.06-02.19.27:608][434]LogModuleManager: Shutting down and abandoning module TreeMap (323)
[2026.04.06-02.19.27:608][434]LogModuleManager: Shutting down and abandoning module PropertyAccessNode (320)
[2026.04.06-02.19.27:608][434]LogModuleManager: Shutting down and abandoning module AnimationSharing (318)
[2026.04.06-02.19.27:608][434]LogModuleManager: Shutting down and abandoning module GameplayCameras (316)
[2026.04.06-02.19.27:608][434]LogModuleManager: Shutting down and abandoning module EnvironmentQueryEditor (314)
[2026.04.06-02.19.27:608][434]LogModuleManager: Shutting down and abandoning module LightPropagationVolumeRuntime (312)
[2026.04.06-02.19.27:608][434]LogModuleManager: Shutting down and abandoning module Paper2D (310)
[2026.04.06-02.19.27:608][434]LogModuleManager: Shutting down and abandoning module WebMMoviePlayer (308)
[2026.04.06-02.19.27:608][434]LogModuleManager: Shutting down and abandoning module WindowsMoviePlayer (306)
[2026.04.06-02.19.27:609][434]LogModuleManager: Shutting down and abandoning module NetworkReplayStreaming (304)
[2026.04.06-02.19.27:609][434]LogModuleManager: Shutting down and abandoning module PacketHandler (302)
[2026.04.06-02.19.27:609][434]LogModuleManager: Shutting down and abandoning module ClothingSystemEditor (300)
[2026.04.06-02.19.27:609][434]LogModuleManager: Shutting down and abandoning module ClothingSystemRuntimeNv (298)
[2026.04.06-02.19.27:609][434]LogModuleManager: Shutting down and abandoning module MediaAssets (296)
[2026.04.06-02.19.27:609][434]LogModuleManager: Shutting down and abandoning module Overlay (294)
[2026.04.06-02.19.27:609][434]LogModuleManager: Shutting down and abandoning module OverlayEditor (293)
[2026.04.06-02.19.27:609][434]LogModuleManager: Shutting down and abandoning module VREditor (290)
[2026.04.06-02.19.27:609][434]LogModuleManager: Shutting down and abandoning module StringTableEditor (288)
[2026.04.06-02.19.27:609][434]LogModuleManager: Shutting down and abandoning module GameplayTasksEditor (286)
[2026.04.06-02.19.27:609][434]LogModuleManager: Shutting down and abandoning module BehaviorTreeEditor (284)
[2026.04.06-02.19.27:609][434]LogModuleManager: Shutting down and abandoning module FunctionalTesting (282)
[2026.04.06-02.19.27:609][434]LogModuleManager: Shutting down and abandoning module CollisionAnalyzer (280)
[2026.04.06-02.19.27:609][434]LogModuleManager: Shutting down and abandoning module WorkspaceMenuStructure (279)
[2026.04.06-02.19.27:609][434]LogModuleManager: Shutting down and abandoning module UMG (276)
[2026.04.06-02.19.27:609][434]LogModuleManager: Shutting down and abandoning module UMGEditor (275)
[2026.04.06-02.19.27:609][434]LogModuleManager: Shutting down and abandoning module MessageLog (273)
[2026.04.06-02.19.27:609][434]LogModuleManager: Shutting down and abandoning module SlateReflector (268)
[2026.04.06-02.19.27:609][434]LogModuleManager: Shutting down and abandoning module Slate (266)
[2026.04.06-02.19.27:610][434]LogModuleManager: Shutting down and abandoning module SlateCore (264)
[2026.04.06-02.19.27:610][434]LogModuleManager: Shutting down and abandoning module LandscapeEditorUtilities (262)
[2026.04.06-02.19.27:610][434]LogModuleManager: Shutting down and abandoning module UnrealEd (260)
[2026.04.06-02.19.27:610][434]LogModuleManager: Shutting down and abandoning module MRMesh (258)
[2026.04.06-02.19.27:610][434]LogModuleManager: Shutting down and abandoning module SourceCodeAccess (256)
[2026.04.06-02.19.27:610][434]LogModuleManager: Shutting down and abandoning module HeadMountedDisplay (254)
[2026.04.06-02.19.27:610][434]LogModuleManager: Shutting down and abandoning module XAudio2 (252)
[2026.04.06-02.19.27:610][434]LogModuleManager: Shutting down and abandoning module Networking (250)
[2026.04.06-02.19.27:610][434]LogModuleManager: Shutting down and abandoning module Core (248)
[2026.04.06-02.19.27:610][434]LogModuleManager: Shutting down and abandoning module MaterialEditor (246)
[2026.04.06-02.19.27:610][434]LogModuleManager: Shutting down and abandoning module MovieSceneTools (244)
[2026.04.06-02.19.27:610][434]LogModuleManager: Shutting down and abandoning module CurveEditor (243)
[2026.04.06-02.19.27:610][434]LogModuleManager: Shutting down and abandoning module Sequencer (241)
[2026.04.06-02.19.27:610][434]LogModuleManager: Shutting down and abandoning module EditorStyle (240)
[2026.04.06-02.19.27:611][434]LogModuleManager: Shutting down and abandoning module KismetCompiler (236)
[2026.04.06-02.19.27:611][434]LogModuleManager: Shutting down and abandoning module MeshBuilder (234)
[2026.04.06-02.19.27:611][434]LogModuleManager: Shutting down and abandoning module MeshUtilities (232)
[2026.04.06-02.19.27:611][434]LogModuleManager: Shutting down and abandoning module MeshMergeUtilities (231)
[2026.04.06-02.19.27:611][434]LogModuleManager: Shutting down and abandoning module MeshReductionInterface (230)
[2026.04.06-02.19.27:611][434]LogModuleManager: Shutting down and abandoning module MeshBoneReduction (229)
[2026.04.06-02.19.27:611][434]LogModuleManager: Shutting down and abandoning module SkeletalMeshReduction (227)
[2026.04.06-02.19.27:611][434]LogModuleManager: Shutting down and abandoning module ProxyLODMeshReduction (225)
[2026.04.06-02.19.27:611][434]LogModuleManager: Shutting down and abandoning module QuadricMeshReduction (223)
[2026.04.06-02.19.27:611][434]LogModuleManager: Shutting down and abandoning module MaterialBaking (219)
[2026.04.06-02.19.27:611][434]LogModuleManager: Shutting down and abandoning module NullInstallBundleManager (214)
[2026.04.06-02.19.27:611][434]LogModuleManager: Shutting down and abandoning module DerivedDataCache (212)
[2026.04.06-02.19.27:611][434]LogModuleManager: Shutting down and abandoning module TargetPlatform (210)
[2026.04.06-02.19.27:611][434]LogModuleManager: Shutting down and abandoning module VulkanShaderFormat (209)
[2026.04.06-02.19.27:611][434]LogModuleManager: Shutting down and abandoning module ShaderFormatVectorVM (207)
[2026.04.06-02.19.27:611][434]LogModuleManager: Shutting down and abandoning module ShaderFormatOpenGL (205)
[2026.04.06-02.19.27:611][434]LogModuleManager: Shutting down and abandoning module ShaderFormatD3D (203)
[2026.04.06-02.19.27:611][434]LogModuleManager: Shutting down and abandoning module MetalShaderFormat (201)
[2026.04.06-02.19.27:611][434]LogModuleManager: Shutting down and abandoning module TextureFormatOodle (199)
[2026.04.06-02.19.27:611][434]LogModuleManager: Shutting down and abandoning module TextureFormatUncompressed (197)
[2026.04.06-02.19.27:611][434]LogModuleManager: Shutting down and abandoning module TextureFormatPVR (195)
[2026.04.06-02.19.27:611][434]LogModuleManager: Shutting down and abandoning module TextureFormatETC2 (193)
[2026.04.06-02.19.27:611][434]LogModuleManager: Shutting down and abandoning module TextureFormatDXT (191)
[2026.04.06-02.19.27:611][434]LogModuleManager: Shutting down and abandoning module TextureFormatIntelISPCTexComp (189)
[2026.04.06-02.19.27:611][434]LogModuleManager: Shutting down and abandoning module TextureFormatASTC (187)
[2026.04.06-02.19.27:611][434]LogModuleManager: Shutting down and abandoning module ImageWrapper (186)
[2026.04.06-02.19.27:611][434]LogModuleManager: Shutting down and abandoning module AudioFormatOpus (183)
[2026.04.06-02.19.27:611][434]LogModuleManager: Shutting down and abandoning module AudioFormatOgg (181)
[2026.04.06-02.19.27:611][434]LogModuleManager: Shutting down and abandoning module AudioFormatADPCM (179)
[2026.04.06-02.19.27:611][434]LogModuleManager: Shutting down and abandoning module WindowsServerTargetPlatform (177)
[2026.04.06-02.19.27:611][434]LogModuleManager: Shutting down and abandoning module WindowsClientTargetPlatform (175)
[2026.04.06-02.19.27:611][434]LogModuleManager: Shutting down and abandoning module WindowsTargetPlatform (173)
[2026.04.06-02.19.27:611][434]LogModuleManager: Shutting down and abandoning module WindowsNoEditorTargetPlatform (171)
[2026.04.06-02.19.27:611][434]LogModuleManager: Shutting down and abandoning module TVOSTargetPlatform (169)
[2026.04.06-02.19.27:613][434]LogModuleManager: Shutting down and abandoning module MacServerTargetPlatform (167)
[2026.04.06-02.19.27:613][434]LogModuleManager: Shutting down and abandoning module MacClientTargetPlatform (165)
[2026.04.06-02.19.27:613][434]LogModuleManager: Shutting down and abandoning module MacTargetPlatform (163)
[2026.04.06-02.19.27:613][434]LogModuleManager: Shutting down and abandoning module MacNoEditorTargetPlatform (161)
[2026.04.06-02.19.27:613][434]LogModuleManager: Shutting down and abandoning module LuminTargetPlatform (159)
[2026.04.06-02.19.27:614][434]LogModuleManager: Shutting down and abandoning module LinuxAArch64ServerTargetPlatform (157)
[2026.04.06-02.19.27:614][434]LogModuleManager: Shutting down and abandoning module LinuxAArch64ClientTargetPlatform (155)
[2026.04.06-02.19.27:614][434]LogModuleManager: Shutting down and abandoning module LinuxAArch64NoEditorTargetPlatform (153)
[2026.04.06-02.19.27:614][434]LogModuleManager: Shutting down and abandoning module LinuxServerTargetPlatform (151)
[2026.04.06-02.19.27:614][434]LogModuleManager: Shutting down and abandoning module LinuxClientTargetPlatform (149)
[2026.04.06-02.19.27:614][434]LogModuleManager: Shutting down and abandoning module LinuxNoEditorTargetPlatform (147)
[2026.04.06-02.19.27:614][434]LogModuleManager: Shutting down and abandoning module LinuxTargetPlatform (145)
[2026.04.06-02.19.27:614][434]LogModuleManager: Shutting down and abandoning module Messaging (143)
[2026.04.06-02.19.27:614][434]LogModuleManager: Shutting down and abandoning module IOSTargetPlatform (141)
[2026.04.06-02.19.27:615][434]LogModuleManager: Shutting down and abandoning module AndroidTargetPlatform (139)
[2026.04.06-02.19.27:618][434]LogModuleManager: Shutting down and abandoning module AllDesktopTargetPlatform (137)
[2026.04.06-02.19.27:618][434]LogModuleManager: Shutting down and abandoning module D3D11RHI (134)
[2026.04.06-02.19.27:618][434]LogModuleManager: Shutting down and abandoning module InputCore (132)
[2026.04.06-02.19.27:618][434]LogModuleManager: Shutting down and abandoning module Settings (130)
[2026.04.06-02.19.27:618][434]LogModuleManager: Shutting down and abandoning module DirectoryWatcher (128)
[2026.04.06-02.19.27:619][434]LogModuleManager: Shutting down and abandoning module PhysXCooking (126)
[2026.04.06-02.19.27:619][434]LogModuleManager: Shutting down and abandoning module Chaos (124)
[2026.04.06-02.19.27:619][434]LogModuleManager: Shutting down and abandoning module WindowsPlatformFeatures (122)
[2026.04.06-02.19.27:619][434]LogModuleManager: Shutting down and abandoning module GameplayMediaEncoder (121)
[2026.04.06-02.19.27:619][434]LogModuleManager: Shutting down and abandoning module AVEncoder (120)
[2026.04.06-02.19.27:619][434]LogModuleManager: Shutting down and abandoning module SteamVRInputDevice (116)
[2026.04.06-02.19.27:619][434]LogModuleManager: Shutting down and abandoning module SteamVRInput (114)
[2026.04.06-02.19.27:619][434]LogModuleManager: Shutting down and abandoning module SteamVR (112)
[2026.04.06-02.19.27:619][434]LogHMD: Freeing OpenVRDLLHandle.
[2026.04.06-02.19.27:619][434]LogModuleManager: Shutting down and abandoning module OculusHMD (110)
[2026.04.06-02.19.27:619][434]LogModuleManager: Shutting down and abandoning module OpenXRHandTracking (108)
[2026.04.06-02.19.27:619][434]LogSlate: Slate User Destroyed.  User Index 0, Is Virtual User: 0
[2026.04.06-02.19.27:619][434]LogModuleManager: Shutting down and abandoning module OpenXREyeTracker (106)
[2026.04.06-02.19.27:619][434]LogModuleManager: Shutting down and abandoning module OpenXRAR (104)
[2026.04.06-02.19.27:619][434]LogModuleManager: Shutting down and abandoning module AugmentedReality (103)
[2026.04.06-02.19.27:619][434]LogModuleManager: Shutting down and abandoning module OpenXRHMD (100)
[2026.04.06-02.19.27:620][434]LogModuleManager: Shutting down and abandoning module ExampleDeviceProfileSelector (98)
[2026.04.06-02.19.27:620][434]LogModuleManager: Shutting down and abandoning module ChunkDownloader (96)
[2026.04.06-02.19.27:620][434]LogModuleManager: Shutting down and abandoning module OnlineBlueprintSupport (94)
[2026.04.06-02.19.27:620][434]LogModuleManager: Shutting down and abandoning module LauncherChunkInstaller (90)
[2026.04.06-02.19.27:620][434]LogModuleManager: Shutting down and abandoning module OnlineSubsystem (88)
[2026.04.06-02.19.27:621][434]LogModuleManager: Shutting down and abandoning module XMPP (83)
[2026.04.06-02.19.27:621][434]LogModuleManager: Shutting down and abandoning module WebSockets (82)
[2026.04.06-02.19.27:649][434]LogModuleManager: Shutting down and abandoning module HTTP (79)
[2026.04.06-02.19.27:649][434]LogHttp: Display: Http module shutting down, but needs to wait on 2 outstanding Http requests:
[2026.04.06-02.19.27:649][434]LogHttp: Display: 	verb=[POST] url=[https://datarouter.ol.epicgames.com/datarouter/api/v1/public/data?SessionID=%7B1DBC255D-4FE2-2538-126E-2C82D4C60BBC%7D&AppID=UEEditor.Rocket.Release&AppVersion=4.27.2-18319896%2B%2B%2BUE4%2BRelease-4.27&UserID=8fcc38ac48a66c8769f65980695484d0%7C6166004a434a48438f2a089efd603187%7C76f2bdca-bd28-4f11-b47b-d1fed44a7397&AppEnvironment=datacollector-binary&UploadType=eteventstream] refs=[1] status=Processing
[2026.04.06-02.19.27:649][434]LogHttp: Display: 	verb=[POST] url=[https://datarouter.ol.epicgames.com/datarouter/api/v1/public/data?SessionID=%7B1DBC255D-4FE2-2538-126E-2C82D4C60BBC%7D&AppID=UEEditor.Rocket.Release&AppVersion=4.27.2-18319896%2B%2B%2BUE4%2BRelease-4.27&UserID=8fcc38ac48a66c8769f65980695484d0%7C6166004a434a48438f2a089efd603187%7C76f2bdca-bd28-4f11-b47b-d1fed44a7397&AppEnvironment=datacollector-binary&UploadType=eteventstream] refs=[1] status=Processing
[2026.04.06-02.19.27:649][434]LogHttp: Display: cleaning up 2 outstanding Http requests.
[2026.04.06-02.19.27:652][434]LogModuleManager: Shutting down and abandoning module SSL (78)
[2026.04.06-02.19.27:653][434]LogModuleManager: Shutting down and abandoning module WmfMedia (74)
[2026.04.06-02.19.27:654][434]LogModuleManager: Shutting down and abandoning module Media (73)
[2026.04.06-02.19.27:655][434]LogModuleManager: Shutting down and abandoning module MediaInfo (72)
[2026.04.06-02.19.27:655][434]LogModuleManager: Shutting down and abandoning module ExrReaderGpu (68)
[2026.04.06-02.19.27:655][434]LogModuleManager: Shutting down and abandoning module MLSDK (66)
[2026.04.06-02.19.27:655][434]LogModuleManager: Shutting down and abandoning module MagicLeap (64)
[2026.04.06-02.19.27:655][434]LogModuleManager: Shutting down and abandoning module ChaosCloth (62)
[2026.04.06-02.19.27:655][434]LogModuleManager: Shutting down and abandoning module VariantManagerContent (60)
[2026.04.06-02.19.27:655][434]LogModuleManager: Shutting down and abandoning module NiagaraVertexFactories (58)
[2026.04.06-02.19.27:655][434]LogModuleManager: Shutting down and abandoning module NiagaraShader (56)
[2026.04.06-02.19.27:655][434]LogModuleManager: Shutting down and abandoning module DatasmithContent (54)
[2026.04.06-02.19.27:655][434]LogModuleManager: Shutting down and abandoning module PixWinPlugin (52)
[2026.04.06-02.19.27:655][434]LogModuleManager: Shutting down and abandoning module AISupportModule (50)
[2026.04.06-02.19.27:655][434]LogModuleManager: Shutting down and abandoning module DesktopPlatform (48)
[2026.04.06-02.19.27:655][434]LogModuleManager: Shutting down and abandoning module PythonScriptPluginPreload (46)
[2026.04.06-02.19.27:655][434]LogModuleManager: Shutting down and abandoning module PlatformCryptoOpenSSL (44)
[2026.04.06-02.19.27:655][434]LogModuleManager: Shutting down and abandoning module PlatformCryptoTypes (42)
[2026.04.06-02.19.27:655][434]LogModuleManager: Shutting down and abandoning module PlatformCrypto (40)
[2026.04.06-02.19.27:655][434]LogModuleManager: Shutting down and abandoning module OodleDataCompressionFormat (38)
[2026.04.06-02.19.27:655][434]LogModuleManager: Shutting down and abandoning module XGEController (36)
[2026.04.06-02.19.27:655][434]LogModuleManager: Shutting down and abandoning module AnimationModifiers (34)
[2026.04.06-02.19.27:655][434]LogModuleManager: Shutting down and abandoning module AudioEditor (32)
[2026.04.06-02.19.27:656][434]LogModuleManager: Shutting down and abandoning module PropertyEditor (31)
[2026.04.06-02.19.27:656][434]LogModuleManager: Shutting down and abandoning module TextureCompressor (28)
[2026.04.06-02.19.27:656][434]LogModuleManager: Shutting down and abandoning module RenderCore (26)
[2026.04.06-02.19.27:656][434]LogModuleManager: Shutting down and abandoning module Landscape (24)
[2026.04.06-02.19.27:656][434]LogModuleManager: Shutting down and abandoning module SlateRHIRenderer (22)
[2026.04.06-02.19.27:657][434]LogModuleManager: Shutting down and abandoning module AnimGraphRuntime (20)
[2026.04.06-02.19.27:657][434]LogModuleManager: Shutting down and abandoning module Renderer (18)
[2026.04.06-02.19.27:657][434]LogModuleManager: Shutting down and abandoning module Engine (16)
[2026.04.06-02.19.27:657][434]LogModuleManager: Shutting down and abandoning module CoreUObject (14)
[2026.04.06-02.19.27:657][434]LogModuleManager: Shutting down and abandoning module NetworkFile (12)
[2026.04.06-02.19.27:657][434]LogModuleManager: Shutting down and abandoning module CookedIterativeFile (10)
[2026.04.06-02.19.27:657][434]LogModuleManager: Shutting down and abandoning module StreamingFile (8)
[2026.04.06-02.19.27:657][434]LogModuleManager: Shutting down and abandoning module SandboxFile (6)
[2026.04.06-02.19.27:657][434]LogModuleManager: Shutting down and abandoning module PakFile (4)
[2026.04.06-02.19.27:657][434]LogModuleManager: Shutting down and abandoning module RSA (3)
[2026.04.06-02.19.27:657][434]LogContentStreaming: Display: There are 1 unreleased StreamingManagers
[2026.04.06-02.19.27:675][434]LogD3D11RHI: Shutdown
[2026.04.06-02.19.27:675][434]LogD3D11RHI: CleanupD3DDevice
[2026.04.06-02.19.27:679][434]LogExit: Exiting.
[2026.04.06-02.19.27:690][434]Log file closed, 04/05/26 20:19:27
