Log file open, 03/27/26 09:47:36
LogWindows: Failed to load 'aqProf.dll' (GetLastError=126)
LogWindows: File 'aqProf.dll' does not exist
LogWindows: Failed to load 'VtuneApi.dll' (GetLastError=126)
LogWindows: File 'VtuneApi.dll' does not exist
LogWindows: Failed to load 'VtuneApi32e.dll' (GetLastError=126)
LogWindows: File 'VtuneApi32e.dll' does not exist
LogConsoleResponse: Display: Failed to find resolution value strings in scalability ini. Falling back to default.
LogConsoleResponse: Display: Failed to find resolution value strings in scalability ini. Falling back to default.
LogInit: Display: Running engine for game: CPSC399Game
LogPlatformFile: Not using cached read wrapper
LogTaskGraph: Started task graph with 5 named threads and 47 total threads with 3 sets of task threads.
LogStats: Stats thread started at 0.638762
LogICUInternationalization: ICU TimeZone Detection - Raw Offset: -7:00, Platform Override: ''
LogInit: Display: Loading text-based GConfig....
LogPluginManager: Mounting plugin MeshPainting
LogPluginManager: Mounting plugin XGEController
LogPluginManager: Mounting plugin AISupport
LogPluginManager: Mounting plugin CameraShakePreviewer
LogPluginManager: Mounting plugin Paper2D
LogPluginManager: Mounting plugin LightPropagationVolume
LogPluginManager: Mounting plugin EnvironmentQueryEditor
LogPluginManager: Mounting plugin GameplayCameras
LogPluginManager: Mounting plugin OodleData
LogPluginManager: Mounting plugin AnimationSharing
LogPluginManager: Mounting plugin LiveLink
LogPluginManager: Mounting plugin OodleNetwork
LogPluginManager: Mounting plugin CLionSourceCodeAccess
LogPluginManager: Mounting plugin CodeLiteSourceCodeAccess
LogPluginManager: Mounting plugin GitSourceControl
LogPluginManager: Mounting plugin KDevelopSourceCodeAccess
LogPluginManager: Mounting plugin NullSourceCodeAccess
LogPluginManager: Mounting plugin PerforceSourceControl
LogPluginManager: Mounting plugin AssetManagerEditor
LogPluginManager: Mounting plugin PlasticSourceControl
LogPluginManager: Mounting plugin PluginUtils
LogPluginManager: Mounting plugin PixWinPlugin
LogPluginManager: Mounting plugin PropertyAccessNode
LogPluginManager: Mounting plugin RiderSourceCodeAccess
LogPluginManager: Mounting plugin CurveEditorTools
LogPluginManager: Mounting plugin CryptoKeys
LogPluginManager: Mounting plugin DataValidation
LogPluginManager: Mounting plugin SubversionSourceControl
LogPluginManager: Mounting plugin TextureFormatOodle
LogPluginManager: Mounting plugin XCodeSourceCodeAccess
LogPluginManager: Mounting plugin VisualStudioCodeSourceCodeAccess
LogPluginManager: Mounting plugin VisualStudioSourceCodeAccess
LogPluginManager: Mounting plugin UObjectPlugin
LogPluginManager: Mounting plugin GameplayTagsEditor
LogPluginManager: Mounting plugin FacialAnimation
LogPluginManager: Mounting plugin AlembicImporter
LogPluginManager: Mounting plugin GeometryMode
LogPluginManager: Mounting plugin MacGraphicsSwitching
LogPluginManager: Mounting plugin AutomationUtils
LogPluginManager: Mounting plugin BackChannel
LogPluginManager: Mounting plugin MobileLauncherProfileWizard
LogPluginManager: Mounting plugin MaterialAnalyzer
LogPluginManager: Mounting plugin ChaosCloth
LogPluginManager: Mounting plugin PluginBrowser
LogPluginManager: Mounting plugin SpeedTreeImporter
LogPluginManager: Mounting plugin ChaosClothEditor
LogPluginManager: Mounting plugin ChaosEditor
LogPluginManager: Mounting plugin ChaosNiagara
LogPluginManager: Mounting plugin ChaosSolverPlugin
LogPluginManager: Mounting plugin CharacterAI
LogPluginManager: Mounting plugin GeometryCache
LogPluginManager: Mounting plugin GeometryCollectionPlugin
LogPluginManager: Mounting plugin GeometryProcessing
LogPluginManager: Mounting plugin MotoSynth
LogPluginManager: Mounting plugin OpenImageDenoise
LogPluginManager: Mounting plugin PlanarCut
LogPluginManager: Mounting plugin PlatformCrypto
LogPluginManager: Mounting plugin ProxyLODPlugin
LogPluginManager: Mounting plugin PythonScriptPlugin
LogPluginManager: Mounting plugin Niagara
LogPluginManager: Mounting plugin DatasmithContent
LogPluginManager: Mounting plugin SkeletalReduction
LogPluginManager: Mounting plugin LuminPlatformFeatures
LogPluginManager: Mounting plugin MagicLeap
LogPluginManager: Mounting plugin VariantManagerContent
LogPluginManager: Mounting plugin AndroidMedia
LogPluginManager: Mounting plugin MagicLeapLightEstimation
LogPluginManager: Mounting plugin MagicLeapMedia
LogPluginManager: Mounting plugin AvfMedia
LogPluginManager: Mounting plugin MagicLeapPassableWorld
LogPluginManager: Mounting plugin MLSDK
LogPluginManager: Mounting plugin ActorSequence
LogPluginManager: Mounting plugin TcpMessaging
LogPluginManager: Mounting plugin ImgMedia
LogPluginManager: Mounting plugin MediaCompositing
LogPluginManager: Mounting plugin UdpMessaging
LogPluginManager: Mounting plugin MediaPlayerEditor
LogPluginManager: Mounting plugin LauncherChunkInstaller
LogPluginManager: Mounting plugin ActorLayerUtilities
LogPluginManager: Mounting plugin WmfMedia
LogPluginManager: Mounting plugin WebMMedia
LogPluginManager: Mounting plugin MatineeToLevelSequence
LogPluginManager: Mounting plugin LevelSequenceEditor
LogPluginManager: Mounting plugin TemplateSequence
LogPluginManager: Mounting plugin AndroidPermission
LogPluginManager: Mounting plugin AndroidDeviceProfileSelector
LogPluginManager: Mounting plugin AndroidMoviePlayer
LogPluginManager: Mounting plugin AppleImageUtils
LogPluginManager: Mounting plugin AppleMoviePlayer
LogPluginManager: Mounting plugin ArchVisCharacter
LogPluginManager: Mounting plugin AssetTags
LogPluginManager: Mounting plugin AudioCapture
LogPluginManager: Mounting plugin AudioSynesthesia
LogPluginManager: Mounting plugin CableComponent
LogPluginManager: Mounting plugin ChunkDownloader
LogPluginManager: Mounting plugin CustomMeshComponent
LogPluginManager: Mounting plugin EditableMesh
LogPluginManager: Mounting plugin ExampleDeviceProfileSelector
LogPluginManager: Mounting plugin GoogleCloudMessaging
LogPluginManager: Mounting plugin GooglePAD
LogPluginManager: Mounting plugin IOSDeviceProfileSelector
LogPluginManager: Mounting plugin LinuxDeviceProfileSelector
LogPluginManager: Mounting plugin LocationServicesBPLibrary
LogPluginManager: Mounting plugin MobilePatchingUtils
LogPluginManager: Mounting plugin OpenXR
LogPluginManager: Mounting plugin OpenXREyeTracker
LogPluginManager: Mounting plugin OpenXRHandTracking
LogPluginManager: Mounting plugin PostSplashScreen
LogPluginManager: Mounting plugin PhysXVehicles
LogPluginManager: Mounting plugin ProceduralMeshComponent
LogPluginManager: Mounting plugin PropertyAccessEditor
LogPluginManager: Mounting plugin RuntimePhysXCooking
LogPluginManager: Mounting plugin SignificanceManager
LogPluginManager: Mounting plugin SoundFields
LogPluginManager: Mounting plugin Synthesis
LogPluginManager: Mounting plugin OnlineSubsystem
LogPluginManager: Mounting plugin WebMMoviePlayer
LogPluginManager: Mounting plugin WindowsMoviePlayer
LogPluginManager: Mounting plugin OnlineSubsystemNull
LogPluginManager: Mounting plugin ScreenshotTools
LogPluginManager: Mounting plugin OnlineSubsystemUtils
LogPluginManager: Mounting plugin Takes
LogPluginManager: Mounting plugin ContentBrowserAssetDataSource
LogPluginManager: Mounting plugin ContentBrowserClassDataSource
LogPluginManager: Mounting plugin ContentBrowserFileDataSource
LogPluginManager: Mounting plugin OculusVR
LogPluginManager: Mounting plugin OnlineSubsystemGooglePlay
LogPluginManager: Mounting plugin SteamVR
LogPluginManager: Mounting plugin OnlineSubsystemIOS
PixWinPlugin: PIX capture plugin failed to initialize! Check that the process is launched from PIX.
LogInit: Using libcurl 7.55.1-DEV
LogInit:  - built for x86_64-pc-win32
LogInit:  - supports SSL with OpenSSL/1.1.1
LogInit:  - supports HTTP deflate (compression) using libz 1.2.8
LogInit:  - other features:
LogInit:      CURL_VERSION_SSL
LogInit:      CURL_VERSION_LIBZ
LogInit:      CURL_VERSION_IPV6
LogInit:      CURL_VERSION_ASYNCHDNS
LogInit:      CURL_VERSION_LARGEFILE
LogInit:      CURL_VERSION_IDN
LogInit:  CurlRequestOptions (configurable via config and command line):
LogInit:  - bVerifyPeer = true  - Libcurl will verify peer certificate
LogInit:  - bUseHttpProxy = false  - Libcurl will NOT use HTTP proxy
LogInit:  - bDontReuseConnections = false  - Libcurl will reuse connections
LogInit:  - MaxHostConnections = 16  - Libcurl will limit the number of connections to a host
LogInit:  - LocalHostAddr = Default
LogInit:  - BufferSize = 65536
LogOnline: OSS: Creating online subsystem instance for: NULL
LogInit: WinSock: version 1.1 (2.2), MaxSocks=32767, MaxUdp=65467
LogOnline: OSS: TryLoadSubsystemAndSetDefault: Loaded subsystem for module [NULL]
LogOculusPluginWrapper: OculusPlugin initialized successfully
LogHMD: Failed initializing OVRPlugin 1.59.0
LogInit: Build: ++UE4+Release-4.27-CL-18319896
LogInit: Engine Version: 4.27.2-18319896+++UE4+Release-4.27
LogInit: Compatible Engine Version: 4.27.0-17155196+++UE4+Release-4.27
LogInit: Net CL: 17155196
LogInit: OS: Windows 10 (Release 2009) (), CPU: 12th Gen Intel(R) Core(TM) i5-12600K, GPU: NVIDIA GeForce RTX 3080
LogInit: Compiled (64-bit): Nov 30 2021 07:12:08
LogInit: Compiled with Visual C++: 19.24.28315.00
LogInit: Build Configuration: Development
LogInit: Branch Name: ++UE4+Release-4.27
LogInit: Command Line: 
LogInit: Base Directory: D:/Epic Games/UE_4.27/Engine/Binaries/Win64/
LogInit: Allocator: TBB
LogInit: Installed Engine Build: 1
LogDevObjectVersion: Number of dev versions registered: 29
LogDevObjectVersion:   Dev-Blueprints (B0D832E4-1F89-4F0D-ACCF-7EB736FD4AA2): 10
LogDevObjectVersion:   Dev-Build (E1C64328-A22C-4D53-A36C-8E866417BD8C): 0
LogDevObjectVersion:   Dev-Core (375EC13C-06E4-48FB-B500-84F0262A717E): 4
LogDevObjectVersion:   Dev-Editor (E4B068ED-F494-42E9-A231-DA0B2E46BB41): 40
LogDevObjectVersion:   Dev-Framework (CFFC743F-43B0-4480-9391-14DF171D2073): 37
LogDevObjectVersion:   Dev-Mobile (B02B49B5-BB20-44E9-A304-32B752E40360): 3
LogDevObjectVersion:   Dev-Networking (A4E4105C-59A1-49B5-A7C5-40C4547EDFEE): 0
LogDevObjectVersion:   Dev-Online (39C831C9-5AE6-47DC-9A44-9C173E1C8E7C): 0
LogDevObjectVersion:   Dev-Physics (78F01B33-EBEA-4F98-B9B4-84EACCB95AA2): 14
LogDevObjectVersion:   Dev-Platform (6631380F-2D4D-43E0-8009-CF276956A95A): 0
LogDevObjectVersion:   Dev-Rendering (12F88B9F-8875-4AFC-A67C-D90C383ABD29): 45
LogDevObjectVersion:   Dev-Sequencer (7B5AE74C-D270-4C10-A958-57980B212A5A): 13
LogDevObjectVersion:   Dev-VR (D7296918-1DD6-4BDD-9DE2-64A83CC13884): 3
LogDevObjectVersion:   Dev-LoadTimes (C2A15278-BFE7-4AFE-6C17-90FF531DF755): 1
LogDevObjectVersion:   Private-Geometry (6EACA3D4-40EC-4CC1-B786-8BED09428FC5): 3
LogDevObjectVersion:   Dev-AnimPhys (29E575DD-E0A3-4627-9D10-D276232CDCEA): 17
LogDevObjectVersion:   Dev-Anim (AF43A65D-7FD3-4947-9873-3E8ED9C1BB05): 15
LogDevObjectVersion:   Dev-ReflectionCapture (6B266CEC-1EC7-4B8F-A30B-E4D90942FC07): 1
LogDevObjectVersion:   Dev-Automation (0DF73D61-A23F-47EA-B727-89E90C41499A): 1
LogDevObjectVersion:   FortniteMain (601D1886-AC64-4F84-AA16-D3DE0DEAC7D6): 47
LogDevObjectVersion:   FortniteRelease (E7086368-6B23-4C58-8439-1B7016265E91): 1
LogDevObjectVersion:   Dev-Enterprise (9DFFBCD6-494F-0158-E221-12823C92A888): 10
LogDevObjectVersion:   Dev-Niagara (F2AED0AC-9AFE-416F-8664-AA7FFA26D6FC): 1
LogDevObjectVersion:   Dev-Destruction (174F1F0B-B4C6-45A5-B13F-2EE8D0FB917D): 10
LogDevObjectVersion:   Dev-Physics-Ext (35F94A83-E258-406C-A318-09F59610247C): 41
LogDevObjectVersion:   Dev-PhysicsMaterial-Chaos (B68FC16E-8B1B-42E2-B453-215C058844FE): 1
LogDevObjectVersion:   Dev-CineCamera (B2E18506-4273-CFC2-A54E-F4BB758BBA07): 1
LogDevObjectVersion:   Dev-VirtualProduction (64F58936-FD1B-42BA-BA96-7289D5D0FA4E): 1
LogDevObjectVersion:   Dev-MediaFramework (6F0ED827-A609-4895-9C91-998D90180EA4): 2
LogInit: Presizing for max 25165824 objects, including 0 objects not considered by GC, pre-allocating 0 bytes for permanent pool.
LogConfig: Applying CVar settings from Section [/Script/Engine.StreamingSettings] File [C:/Users/titan/Desktop/CPSC399_Game/CPSC399Game/Saved/Config/Windows/Engine.ini]
LogConfig: Setting CVar [[s.MinBulkDataSizeForAsyncLoading:131072]]
LogConfig: Setting CVar [[s.AsyncLoadingThreadEnabled:0]]
LogConfig: Setting CVar [[s.EventDrivenLoaderEnabled:1]]
LogConfig: Setting CVar [[s.WarnIfTimeLimitExceeded:0]]
LogConfig: Setting CVar [[s.TimeLimitExceededMultiplier:1.5]]
LogConfig: Setting CVar [[s.TimeLimitExceededMinTime:0.005]]
LogConfig: Setting CVar [[s.UseBackgroundLevelStreaming:1]]
LogConfig: Setting CVar [[s.PriorityAsyncLoadingExtraTime:15.0]]
LogConfig: Setting CVar [[s.LevelStreamingActorsUpdateTimeLimit:5.0]]
LogConfig: Setting CVar [[s.PriorityLevelStreamingActorsUpdateExtraTime:5.0]]
LogConfig: Setting CVar [[s.LevelStreamingComponentsRegistrationGranularity:10]]
LogConfig: Setting CVar [[s.UnregisterComponentsTimeLimit:1.0]]
LogConfig: Setting CVar [[s.LevelStreamingComponentsUnregistrationGranularity:5]]
LogConfig: Setting CVar [[s.FlushStreamingOnExit:1]]
LogInit: Object subsystem initialized
LogConfig: Setting CVar [[con.DebugEarlyDefault:1]]
LogConfig: Setting CVar [[r.setres:1280x720]]
[2026.03.27-15.47.39:390][  0]LogConfig: Setting CVar [[r.VSync:0]]
[2026.03.27-15.47.39:390][  0]LogConfig: Setting CVar [[r.RHICmdBypass:0]]
[2026.03.27-15.47.39:391][  0]LogConfig: Applying CVar settings from Section [/Script/Engine.RendererSettings] File [C:/Users/titan/Desktop/CPSC399_Game/CPSC399Game/Saved/Config/Windows/Engine.ini]
[2026.03.27-15.47.39:391][  0]LogConfig: Setting CVar [[r.GPUCrashDebugging:0]]
[2026.03.27-15.47.39:391][  0]LogConfig: Setting CVar [[r.Mobile.DisableVertexFog:1]]
[2026.03.27-15.47.39:391][  0]LogConfig: Setting CVar [[r.Shadow.CSM.MaxMobileCascades:2]]
[2026.03.27-15.47.39:391][  0]LogConfig: Setting CVar [[r.MobileMSAA:1]]
[2026.03.27-15.47.39:391][  0]LogConfig: Setting CVar [[r.Mobile.AllowDitheredLODTransition:0]]
[2026.03.27-15.47.39:391][  0]LogConfig: Setting CVar [[r.Mobile.AllowSoftwareOcclusion:0]]
[2026.03.27-15.47.39:391][  0]LogConfig: Setting CVar [[r.Mobile.VirtualTextures:0]]
[2026.03.27-15.47.39:391][  0]LogConfig: Setting CVar [[r.DiscardUnusedQuality:0]]
[2026.03.27-15.47.39:391][  0]LogConfig: Setting CVar [[r.AllowOcclusionQueries:1]]
[2026.03.27-15.47.39:391][  0]LogConfig: Setting CVar [[r.MinScreenRadiusForLights:0.030000]]
[2026.03.27-15.47.39:391][  0]LogConfig: Setting CVar [[r.MinScreenRadiusForDepthPrepass:0.030000]]
[2026.03.27-15.47.39:391][  0]LogConfig: Setting CVar [[r.MinScreenRadiusForCSMDepth:0.010000]]
[2026.03.27-15.47.39:391][  0]LogConfig: Setting CVar [[r.PrecomputedVisibilityWarning:0]]
[2026.03.27-15.47.39:391][  0]LogConfig: Setting CVar [[r.TextureStreaming:1]]
[2026.03.27-15.47.39:391][  0]LogConfig: Setting CVar [[Compat.UseDXT5NormalMaps:0]]
[2026.03.27-15.47.39:391][  0]LogConfig: Setting CVar [[r.VirtualTextures:0]]
[2026.03.27-15.47.39:391][  0]LogConfig: Setting CVar [[r.VT.EnableAutoImport:1]]
[2026.03.27-15.47.39:391][  0]LogConfig: Setting CVar [[r.VirtualTexturedLightmaps:0]]
[2026.03.27-15.47.39:391][  0]LogConfig: Setting CVar [[r.VT.TileSize:128]]
[2026.03.27-15.47.39:391][  0]LogConfig: Setting CVar [[r.VT.TileBorderSize:4]]
[2026.03.27-15.47.39:391][  0]LogConfig: Setting CVar [[r.vt.FeedbackFactor:16]]
[2026.03.27-15.47.39:391][  0]LogConfig: Setting CVar [[r.VT.EnableCompressZlib:1]]
[2026.03.27-15.47.39:391][  0]LogConfig: Setting CVar [[r.VT.EnableCompressCrunch:0]]
[2026.03.27-15.47.39:391][  0]LogConfig: Setting CVar [[r.ClearCoatNormal:0]]
[2026.03.27-15.47.39:391][  0]LogConfig: Setting CVar [[r.ReflectionCaptureResolution:128]]
[2026.03.27-15.47.39:391][  0]LogConfig: Setting CVar [[r.Mobile.ReflectionCaptureCompression:0]]
[2026.03.27-15.47.39:391][  0]LogConfig: Setting CVar [[r.ReflectionEnvironmentLightmapMixBasedOnRoughness:1]]
[2026.03.27-15.47.39:391][  0]LogConfig: Setting CVar [[r.ForwardShading:0]]
[2026.03.27-15.47.39:391][  0]LogConfig: Setting CVar [[r.VertexFoggingForOpaque:1]]
[2026.03.27-15.47.39:391][  0]LogConfig: Setting CVar [[r.AllowStaticLighting:1]]
[2026.03.27-15.47.39:391][  0]LogConfig: Setting CVar [[r.NormalMapsForStaticLighting:0]]
[2026.03.27-15.47.39:391][  0]LogConfig: Setting CVar [[r.GenerateMeshDistanceFields:0]]
[2026.03.27-15.47.39:391][  0]LogConfig: Setting CVar [[r.DistanceFieldBuild.EightBit:0]]
[2026.03.27-15.47.39:391][  0]LogConfig: Setting CVar [[r.GenerateLandscapeGIData:0]]
[2026.03.27-15.47.39:391][  0]LogConfig: Setting CVar [[r.DistanceFieldBuild.Compress:0]]
[2026.03.27-15.47.39:391][  0]LogConfig: Setting CVar [[r.TessellationAdaptivePixelsPerTriangle:48.000000]]
[2026.03.27-15.47.39:391][  0]LogConfig: Setting CVar [[r.SeparateTranslucency:1]]
[2026.03.27-15.47.39:391][  0]LogConfig: Setting CVar [[r.TranslucentSortPolicy:0]]
[2026.03.27-15.47.39:391][  0]LogConfig: Setting CVar [[vr.VRS.HMDFixedFoveationLevel:0]]
[2026.03.27-15.47.39:391][  0]LogConfig: Setting CVar [[r.CustomDepth:1]]
[2026.03.27-15.47.39:391][  0]LogConfig: Setting CVar [[r.CustomDepthTemporalAAJitter:1]]
[2026.03.27-15.47.39:391][  0]LogConfig: Setting CVar [[r.PostProcessing.PropagateAlpha:0]]
[2026.03.27-15.47.39:391][  0]LogConfig: Setting CVar [[r.DefaultFeature.Bloom:1]]
[2026.03.27-15.47.39:391][  0]LogConfig: Setting CVar [[r.DefaultFeature.AmbientOcclusion:1]]
[2026.03.27-15.47.39:391][  0]LogConfig: Setting CVar [[r.DefaultFeature.AmbientOcclusionStaticFraction:1]]
[2026.03.27-15.47.39:391][  0]LogConfig: Setting CVar [[r.DefaultFeature.AutoExposure:0]]
[2026.03.27-15.47.39:391][  0]LogConfig: Setting CVar [[r.DefaultFeature.AutoExposure.Method:0]]
[2026.03.27-15.47.39:391][  0]LogConfig: Setting CVar [[r.DefaultFeature.AutoExposure.Bias:1.000000]]
[2026.03.27-15.47.39:391][  0]LogConfig: Setting CVar [[r.DefaultFeature.AutoExposure.ExtendDefaultLuminanceRange:0]]
[2026.03.27-15.47.39:391][  0]LogConfig: Setting CVar [[r.UsePreExposure:1]]
[2026.03.27-15.47.39:391][  0]LogConfig: Setting CVar [[r.EyeAdaptation.EditorOnly:0]]
[2026.03.27-15.47.39:391][  0]LogConfig: Setting CVar [[r.DefaultFeature.MotionBlur:0]]
[2026.03.27-15.47.39:391][  0]LogConfig: Setting CVar [[r.DefaultFeature.LensFlare:0]]
[2026.03.27-15.47.39:391][  0]LogConfig: Setting CVar [[r.TemporalAA.Upsampling:0]]
[2026.03.27-15.47.39:391][  0]LogConfig: Setting CVar [[r.SSGI.Enable:0]]
[2026.03.27-15.47.39:391][  0]LogConfig: Setting CVar [[r.DefaultFeature.AntiAliasing:0]]
[2026.03.27-15.47.39:391][  0]LogConfig: Setting CVar [[r.DefaultFeature.LightUnits:1]]
[2026.03.27-15.47.39:391][  0]LogConfig: Setting CVar [[r.DefaultBackBufferPixelFormat:4]]
[2026.03.27-15.47.39:391][  0]LogConfig: Setting CVar [[r.Shadow.UnbuiltPreviewInGame:1]]
[2026.03.27-15.47.39:391][  0]LogConfig: Setting CVar [[r.StencilForLODDither:0]]
[2026.03.27-15.47.39:391][  0]LogConfig: Setting CVar [[r.EarlyZPass:3]]
[2026.03.27-15.47.39:392][  0]LogConfig: Setting CVar [[r.EarlyZPassOnlyMaterialMasking:0]]
[2026.03.27-15.47.39:392][  0]LogConfig: Setting CVar [[r.DBuffer:1]]
[2026.03.27-15.47.39:392][  0]LogConfig: Setting CVar [[r.ClearSceneMethod:1]]
[2026.03.27-15.47.39:392][  0]LogConfig: Setting CVar [[r.BasePassOutputsVelocity:0]]
[2026.03.27-15.47.39:392][  0]LogConfig: Setting CVar [[r.VertexDeformationOutputsVelocity:0]]
[2026.03.27-15.47.39:392][  0]LogConfig: Setting CVar [[r.SelectiveBasePassOutputs:0]]
[2026.03.27-15.47.39:392][  0]LogConfig: Setting CVar [[fx.GPUSimulationTextureSizeX:1024]]
[2026.03.27-15.47.39:392][  0]LogConfig: Setting CVar [[fx.GPUSimulationTextureSizeY:1024]]
[2026.03.27-15.47.39:392][  0]LogConfig: Setting CVar [[r.AllowGlobalClipPlane:0]]
[2026.03.27-15.47.39:392][  0]LogConfig: Setting CVar [[r.GBufferFormat:1]]
[2026.03.27-15.47.39:392][  0]LogConfig: Setting CVar [[r.MorphTarget.Mode:1]]
[2026.03.27-15.47.39:392][  0]LogConfig: Setting CVar [[vr.InstancedStereo:0]]
[2026.03.27-15.47.39:392][  0]LogConfig: Setting CVar [[r.MobileHDR:1]]
[2026.03.27-15.47.39:392][  0]LogConfig: Setting CVar [[vr.MobileMultiView:0]]
[2026.03.27-15.47.39:392][  0]LogConfig: Setting CVar [[r.Mobile.UseHWsRGBEncoding:0]]
[2026.03.27-15.47.39:392][  0]LogConfig: Setting CVar [[vr.RoundRobinOcclusion:0]]
[2026.03.27-15.47.39:392][  0]LogConfig: Setting CVar [[vr.ODSCapture:0]]
[2026.03.27-15.47.39:392][  0]LogConfig: Setting CVar [[r.MeshStreaming:0]]
[2026.03.27-15.47.39:392][  0]LogConfig: Setting CVar [[r.WireframeCullThreshold:5.000000]]
[2026.03.27-15.47.39:392][  0]LogConfig: Setting CVar [[r.RayTracing:0]]
[2026.03.27-15.47.39:392][  0]LogConfig: Setting CVar [[r.RayTracing.UseTextureLod:0]]
[2026.03.27-15.47.39:392][  0]LogConfig: Setting CVar [[r.SupportStationarySkylight:1]]
[2026.03.27-15.47.39:392][  0]LogConfig: Setting CVar [[r.SupportLowQualityLightmaps:1]]
[2026.03.27-15.47.39:392][  0]LogConfig: Setting CVar [[r.SupportPointLightWholeSceneShadows:1]]
[2026.03.27-15.47.39:392][  0]LogConfig: Setting CVar [[r.SupportAtmosphericFog:1]]
[2026.03.27-15.47.39:392][  0]LogConfig: Setting CVar [[r.SupportSkyAtmosphere:1]]
[2026.03.27-15.47.39:392][  0]LogConfig: Setting CVar [[r.SupportSkyAtmosphereAffectsHeightFog:0]]
[2026.03.27-15.47.39:392][  0]LogConfig: Setting CVar [[r.SkinCache.CompileShaders:0]]
[2026.03.27-15.47.39:392][  0]LogConfig: Setting CVar [[r.SkinCache.DefaultBehavior:1]]
[2026.03.27-15.47.39:392][  0]LogConfig: Setting CVar [[r.SkinCache.SceneMemoryLimitInMB:128.000000]]
[2026.03.27-15.47.39:392][  0]LogConfig: Setting CVar [[r.Mobile.EnableStaticAndCSMShadowReceivers:1]]
[2026.03.27-15.47.39:392][  0]LogConfig: Setting CVar [[r.Mobile.EnableMovableLightCSMShaderCulling:1]]
[2026.03.27-15.47.39:392][  0]LogConfig: Setting CVar [[r.Mobile.AllowDistanceFieldShadows:1]]
[2026.03.27-15.47.39:392][  0]LogConfig: Setting CVar [[r.Mobile.AllowMovableDirectionalLights:1]]
[2026.03.27-15.47.39:392][  0]LogConfig: Setting CVar [[r.MobileNumDynamicPointLights:4]]
[2026.03.27-15.47.39:392][  0]LogConfig: Setting CVar [[r.MobileDynamicPointLightsUseStaticBranch:1]]
[2026.03.27-15.47.39:392][  0]LogConfig: Setting CVar [[r.Mobile.EnableMovableSpotlights:0]]
[2026.03.27-15.47.39:392][  0]LogConfig: Setting CVar [[r.Mobile.EnableMovableSpotlightsShadow:0]]
[2026.03.27-15.47.39:392][  0]LogConfig: Setting CVar [[r.GPUSkin.Support16BitBoneIndex:0]]
[2026.03.27-15.47.39:392][  0]LogConfig: Setting CVar [[r.GPUSkin.Limit2BoneInfluences:0]]
[2026.03.27-15.47.39:392][  0]LogConfig: Setting CVar [[r.SupportDepthOnlyIndexBuffers:1]]
[2026.03.27-15.47.39:392][  0]LogConfig: Setting CVar [[r.SupportReversedIndexBuffers:1]]
[2026.03.27-15.47.39:392][  0]LogConfig: Setting CVar [[r.LightPropagationVolume:0]]
[2026.03.27-15.47.39:392][  0]LogConfig: Setting CVar [[r.Mobile.AmbientOcclusion:0]]
[2026.03.27-15.47.39:392][  0]LogConfig: Setting CVar [[r.GPUSkin.UnlimitedBoneInfluences:0]]
[2026.03.27-15.47.39:392][  0]LogConfig: Setting CVar [[r.GPUSkin.UnlimitedBoneInfluencesThreshold:8]]
[2026.03.27-15.47.39:392][  0]LogConfig: Setting CVar [[r.Mobile.PlanarReflectionMode:0]]
[2026.03.27-15.47.39:392][  0]LogConfig: Setting CVar [[r.Mobile.SupportsGen4TAA:0]]
[2026.03.27-15.47.39:392][  0]LogConfig: Applying CVar settings from Section [/Script/Engine.RendererOverrideSettings] File [C:/Users/titan/Desktop/CPSC399_Game/CPSC399Game/Saved/Config/Windows/Engine.ini]
[2026.03.27-15.47.39:392][  0]LogConfig: Applying CVar settings from Section [/Script/Engine.StreamingSettings] File [C:/Users/titan/Desktop/CPSC399_Game/CPSC399Game/Saved/Config/Windows/Engine.ini]
[2026.03.27-15.47.39:392][  0]LogConfig: Setting CVar [[s.MinBulkDataSizeForAsyncLoading:131072]]
[2026.03.27-15.47.39:392][  0]LogConfig: Setting CVar [[s.AsyncLoadingThreadEnabled:0]]
[2026.03.27-15.47.39:392][  0]LogConfig: Setting CVar [[s.EventDrivenLoaderEnabled:1]]
[2026.03.27-15.47.39:392][  0]LogConfig: Setting CVar [[s.WarnIfTimeLimitExceeded:0]]
[2026.03.27-15.47.39:392][  0]LogConfig: Setting CVar [[s.TimeLimitExceededMultiplier:1.5]]
[2026.03.27-15.47.39:392][  0]LogConfig: Setting CVar [[s.TimeLimitExceededMinTime:0.005]]
[2026.03.27-15.47.39:392][  0]LogConfig: Setting CVar [[s.UseBackgroundLevelStreaming:1]]
[2026.03.27-15.47.39:392][  0]LogConfig: Setting CVar [[s.PriorityAsyncLoadingExtraTime:15.0]]
[2026.03.27-15.47.39:392][  0]LogConfig: Setting CVar [[s.LevelStreamingActorsUpdateTimeLimit:5.0]]
[2026.03.27-15.47.39:392][  0]LogConfig: Setting CVar [[s.PriorityLevelStreamingActorsUpdateExtraTime:5.0]]
[2026.03.27-15.47.39:392][  0]LogConfig: Setting CVar [[s.LevelStreamingComponentsRegistrationGranularity:10]]
[2026.03.27-15.47.39:392][  0]LogConfig: Setting CVar [[s.UnregisterComponentsTimeLimit:1.0]]
[2026.03.27-15.47.39:392][  0]LogConfig: Setting CVar [[s.LevelStreamingComponentsUnregistrationGranularity:5]]
[2026.03.27-15.47.39:392][  0]LogConfig: Setting CVar [[s.FlushStreamingOnExit:1]]
[2026.03.27-15.47.39:392][  0]LogConfig: Applying CVar settings from Section [/Script/Engine.GarbageCollectionSettings] File [C:/Users/titan/Desktop/CPSC399_Game/CPSC399Game/Saved/Config/Windows/Engine.ini]
[2026.03.27-15.47.39:392][  0]LogConfig: Setting CVar [[gc.MaxObjectsNotConsideredByGC:1]]
[2026.03.27-15.47.39:392][  0]LogConfig: Setting CVar [[gc.SizeOfPermanentObjectPool:0]]
[2026.03.27-15.47.39:392][  0]LogConfig: Setting CVar [[gc.FlushStreamingOnGC:0]]
[2026.03.27-15.47.39:392][  0]LogConfig: Setting CVar [[gc.NumRetriesBeforeForcingGC:10]]
[2026.03.27-15.47.39:392][  0]LogConfig: Setting CVar [[gc.AllowParallelGC:1]]
[2026.03.27-15.47.39:392][  0]LogConfig: Setting CVar [[gc.TimeBetweenPurgingPendingKillObjects:61.1]]
[2026.03.27-15.47.39:392][  0]LogConfig: Setting CVar [[gc.MaxObjectsInEditor:25165824]]
[2026.03.27-15.47.39:392][  0]LogConfig: Setting CVar [[gc.IncrementalBeginDestroyEnabled:1]]
[2026.03.27-15.47.39:392][  0]LogConfig: Setting CVar [[gc.CreateGCClusters:1]]
[2026.03.27-15.47.39:392][  0]LogConfig: Setting CVar [[gc.MinGCClusterSize:5]]
[2026.03.27-15.47.39:392][  0]LogConfig: Setting CVar [[gc.ActorClusteringEnabled:0]]
[2026.03.27-15.47.39:392][  0]LogConfig: Setting CVar [[gc.BlueprintClusteringEnabled:0]]
[2026.03.27-15.47.39:392][  0]LogConfig: Setting CVar [[gc.UseDisregardForGCOnDedicatedServers:0]]
[2026.03.27-15.47.39:392][  0]LogConfig: Setting CVar [[gc.MultithreadedDestructionEnabled:1]]
[2026.03.27-15.47.39:392][  0]LogConfig: Applying CVar settings from Section [/Script/Engine.NetworkSettings] File [C:/Users/titan/Desktop/CPSC399_Game/CPSC399Game/Saved/Config/Windows/Engine.ini]
[2026.03.27-15.47.39:392][  0]LogConfig: Applying CVar settings from Section [/Script/UnrealEd.CookerSettings] File [C:/Users/titan/Desktop/CPSC399_Game/CPSC399Game/Saved/Config/Windows/Engine.ini]
[2026.03.27-15.47.39:418][  0]LogConfig: Applying CVar settings from Section [ViewDistanceQuality@3] File [C:/Users/titan/Desktop/CPSC399_Game/CPSC399Game/Saved/Config/Windows/Scalability.ini]
[2026.03.27-15.47.39:418][  0]LogConfig: Setting CVar [[r.SkeletalMeshLODBias:0]]
[2026.03.27-15.47.39:418][  0]LogConfig: Setting CVar [[r.ViewDistanceScale:1.0]]
[2026.03.27-15.47.39:418][  0]LogConfig: Applying CVar settings from Section [AntiAliasingQuality@3] File [C:/Users/titan/Desktop/CPSC399_Game/CPSC399Game/Saved/Config/Windows/Scalability.ini]
[2026.03.27-15.47.39:418][  0]LogConfig: Setting CVar [[r.PostProcessAAQuality:4]]
[2026.03.27-15.47.39:418][  0]LogConfig: Applying CVar settings from Section [ShadowQuality@3] File [C:/Users/titan/Desktop/CPSC399_Game/CPSC399Game/Saved/Config/Windows/Scalability.ini]
[2026.03.27-15.47.39:418][  0]LogConfig: Setting CVar [[r.LightFunctionQuality:1]]
[2026.03.27-15.47.39:418][  0]LogConfig: Setting CVar [[r.ShadowQuality:5]]
[2026.03.27-15.47.39:418][  0]LogConfig: Setting CVar [[r.Shadow.CSM.MaxCascades:10]]
[2026.03.27-15.47.39:418][  0]LogConfig: Setting CVar [[r.Shadow.MaxResolution:2048]]
[2026.03.27-15.47.39:418][  0]LogConfig: Setting CVar [[r.Shadow.MaxCSMResolution:2048]]
[2026.03.27-15.47.39:418][  0]LogConfig: Setting CVar [[r.Shadow.RadiusThreshold:0.01]]
[2026.03.27-15.47.39:418][  0]LogConfig: Setting CVar [[r.Shadow.DistanceScale:1.0]]
[2026.03.27-15.47.39:418][  0]LogConfig: Setting CVar [[r.Shadow.CSM.TransitionScale:1.0]]
[2026.03.27-15.47.39:418][  0]LogConfig: Setting CVar [[r.Shadow.PreShadowResolutionFactor:1.0]]
[2026.03.27-15.47.39:418][  0]LogConfig: Setting CVar [[r.DistanceFieldShadowing:1]]
[2026.03.27-15.47.39:418][  0]LogConfig: Setting CVar [[r.DistanceFieldAO:1]]
[2026.03.27-15.47.39:418][  0]LogConfig: Setting CVar [[r.AOQuality:2]]
[2026.03.27-15.47.39:418][  0]LogConfig: Setting CVar [[r.VolumetricFog:1]]
[2026.03.27-15.47.39:418][  0]LogConfig: Setting CVar [[r.VolumetricFog.GridPixelSize:8]]
[2026.03.27-15.47.39:418][  0]LogConfig: Setting CVar [[r.VolumetricFog.GridSizeZ:128]]
[2026.03.27-15.47.39:418][  0]LogConfig: Setting CVar [[r.VolumetricFog.HistoryMissSupersampleCount:4]]
[2026.03.27-15.47.39:418][  0]LogConfig: Setting CVar [[r.LightMaxDrawDistanceScale:1]]
[2026.03.27-15.47.39:418][  0]LogConfig: Setting CVar [[r.CapsuleShadows:1]]
[2026.03.27-15.47.39:418][  0]LogConfig: Applying CVar settings from Section [PostProcessQuality@3] File [C:/Users/titan/Desktop/CPSC399_Game/CPSC399Game/Saved/Config/Windows/Scalability.ini]
[2026.03.27-15.47.39:418][  0]LogConfig: Setting CVar [[r.MotionBlurQuality:4]]
[2026.03.27-15.47.39:418][  0]LogConfig: Setting CVar [[r.AmbientOcclusionMipLevelFactor:0.4]]
[2026.03.27-15.47.39:418][  0]LogConfig: Setting CVar [[r.AmbientOcclusionMaxQuality:100]]
[2026.03.27-15.47.39:418][  0]LogConfig: Setting CVar [[r.AmbientOcclusionLevels:-1]]
[2026.03.27-15.47.39:418][  0]LogConfig: Setting CVar [[r.AmbientOcclusionRadiusScale:1.0]]
[2026.03.27-15.47.39:418][  0]LogConfig: Setting CVar [[r.DepthOfFieldQuality:2]]
[2026.03.27-15.47.39:418][  0]LogConfig: Setting CVar [[r.RenderTargetPoolMin:400]]
[2026.03.27-15.47.39:418][  0]LogConfig: Setting CVar [[r.LensFlareQuality:2]]
[2026.03.27-15.47.39:418][  0]LogConfig: Setting CVar [[r.SceneColorFringeQuality:1]]
[2026.03.27-15.47.39:418][  0]LogConfig: Setting CVar [[r.EyeAdaptationQuality:2]]
[2026.03.27-15.47.39:418][  0]LogConfig: Setting CVar [[r.BloomQuality:5]]
[2026.03.27-15.47.39:418][  0]LogConfig: Setting CVar [[r.FastBlurThreshold:100]]
[2026.03.27-15.47.39:418][  0]LogConfig: Setting CVar [[r.Upscale.Quality:3]]
[2026.03.27-15.47.39:418][  0]LogConfig: Setting CVar [[r.Tonemapper.GrainQuantization:1]]
[2026.03.27-15.47.39:418][  0]LogConfig: Setting CVar [[r.LightShaftQuality:1]]
[2026.03.27-15.47.39:418][  0]LogConfig: Setting CVar [[r.Filter.SizeScale:1]]
[2026.03.27-15.47.39:418][  0]LogConfig: Setting CVar [[r.Tonemapper.Quality:5]]
[2026.03.27-15.47.39:418][  0]LogConfig: Setting CVar [[r.DOF.Gather.AccumulatorQuality:1        ; higher gathering accumulator quality]]
[2026.03.27-15.47.39:418][  0]LogConfig: Setting CVar [[r.DOF.Gather.PostfilterMethod:1          ; Median3x3 postfilering method]]
[2026.03.27-15.47.39:418][  0]LogConfig: Setting CVar [[r.DOF.Gather.EnableBokehSettings:0       ; no bokeh simulation when gathering]]
[2026.03.27-15.47.39:418][  0]LogConfig: Setting CVar [[r.DOF.Gather.RingCount:4                 ; medium number of samples when gathering]]
[2026.03.27-15.47.39:418][  0]LogConfig: Setting CVar [[r.DOF.Scatter.ForegroundCompositing:1    ; additive foreground scattering]]
[2026.03.27-15.47.39:418][  0]LogConfig: Setting CVar [[r.DOF.Scatter.BackgroundCompositing:2    ; additive background scattering]]
[2026.03.27-15.47.39:418][  0]LogConfig: Setting CVar [[r.DOF.Scatter.EnableBokehSettings:1      ; bokeh simulation when scattering]]
[2026.03.27-15.47.39:418][  0]LogConfig: Setting CVar [[r.DOF.Scatter.MaxSpriteRatio:0.1         ; only a maximum of 10% of scattered bokeh]]
[2026.03.27-15.47.39:418][  0]LogConfig: Setting CVar [[r.DOF.Recombine.Quality:1                ; cheap slight out of focus]]
[2026.03.27-15.47.39:418][  0]LogConfig: Setting CVar [[r.DOF.Recombine.EnableBokehSettings:0    ; no bokeh simulation on slight out of focus]]
[2026.03.27-15.47.39:418][  0]LogConfig: Setting CVar [[r.DOF.TemporalAAQuality:1                ; more stable temporal accumulation]]
[2026.03.27-15.47.39:418][  0]LogConfig: Setting CVar [[r.DOF.Kernel.MaxForegroundRadius:0.025]]
[2026.03.27-15.47.39:418][  0]LogConfig: Setting CVar [[r.DOF.Kernel.MaxBackgroundRadius:0.025]]
[2026.03.27-15.47.39:418][  0]LogConfig: Applying CVar settings from Section [TextureQuality@3] File [C:/Users/titan/Desktop/CPSC399_Game/CPSC399Game/Saved/Config/Windows/Scalability.ini]
[2026.03.27-15.47.39:418][  0]LogConfig: Setting CVar [[r.Streaming.MipBias:0]]
[2026.03.27-15.47.39:418][  0]LogConfig: Setting CVar [[r.Streaming.AmortizeCPUToGPUCopy:0]]
[2026.03.27-15.47.39:418][  0]LogConfig: Setting CVar [[r.Streaming.MaxNumTexturesToStreamPerFrame:0]]
[2026.03.27-15.47.39:418][  0]LogConfig: Setting CVar [[r.Streaming.Boost:1]]
[2026.03.27-15.47.39:418][  0]LogConfig: Setting CVar [[r.MaxAnisotropy:8]]
[2026.03.27-15.47.39:418][  0]LogConfig: Setting CVar [[r.VT.MaxAnisotropy:8]]
[2026.03.27-15.47.39:418][  0]LogConfig: Setting CVar [[r.Streaming.LimitPoolSizeToVRAM:0]]
[2026.03.27-15.47.39:418][  0]LogConfig: Setting CVar [[r.Streaming.PoolSize:1000]]
[2026.03.27-15.47.39:418][  0]LogConfig: Setting CVar [[r.Streaming.MaxEffectiveScreenSize:0]]
[2026.03.27-15.47.39:418][  0]LogConfig: Applying CVar settings from Section [EffectsQuality@3] File [C:/Users/titan/Desktop/CPSC399_Game/CPSC399Game/Saved/Config/Windows/Scalability.ini]
[2026.03.27-15.47.39:418][  0]LogConfig: Setting CVar [[r.TranslucencyLightingVolumeDim:64]]
[2026.03.27-15.47.39:418][  0]LogConfig: Setting CVar [[r.RefractionQuality:2]]
[2026.03.27-15.47.39:419][  0]LogConfig: Setting CVar [[r.SSR.Quality:3]]
[2026.03.27-15.47.39:419][  0]LogConfig: Setting CVar [[r.SSR.HalfResSceneColor:0]]
[2026.03.27-15.47.39:419][  0]LogConfig: Setting CVar [[r.SceneColorFormat:4]]
[2026.03.27-15.47.39:419][  0]LogConfig: Setting CVar [[r.DetailMode:2]]
[2026.03.27-15.47.39:419][  0]LogConfig: Setting CVar [[r.TranslucencyVolumeBlur:1]]
[2026.03.27-15.47.39:419][  0]LogConfig: Setting CVar [[r.MaterialQualityLevel:1 ; High quality]]
[2026.03.27-15.47.39:419][  0]LogConfig: Setting CVar [[r.AnisotropicMaterials:1]]
[2026.03.27-15.47.39:419][  0]LogConfig: Setting CVar [[r.SSS.Scale:1]]
[2026.03.27-15.47.39:419][  0]LogConfig: Setting CVar [[r.SSS.SampleSet:2]]
[2026.03.27-15.47.39:419][  0]LogConfig: Setting CVar [[r.SSS.Quality:1]]
[2026.03.27-15.47.39:419][  0]LogConfig: Setting CVar [[r.SSS.HalfRes:0]]
[2026.03.27-15.47.39:419][  0]LogConfig: Setting CVar [[r.SSGI.Quality:3]]
[2026.03.27-15.47.39:419][  0]LogConfig: Setting CVar [[r.EmitterSpawnRateScale:1.0]]
[2026.03.27-15.47.39:419][  0]LogConfig: Setting CVar [[r.ParticleLightQuality:2]]
[2026.03.27-15.47.39:419][  0]LogConfig: Setting CVar [[r.SkyAtmosphere.AerialPerspectiveLUT.FastApplyOnOpaque:1 ; Always have FastSkyLUT 1 in this case to avoid wrong sky]]
[2026.03.27-15.47.39:419][  0]LogConfig: Setting CVar [[r.SkyAtmosphere.AerialPerspectiveLUT.SampleCountMaxPerSlice:4]]
[2026.03.27-15.47.39:419][  0]LogConfig: Setting CVar [[r.SkyAtmosphere.AerialPerspectiveLUT.DepthResolution:16.0]]
[2026.03.27-15.47.39:419][  0]LogConfig: Setting CVar [[r.SkyAtmosphere.FastSkyLUT:1]]
[2026.03.27-15.47.39:419][  0]LogConfig: Setting CVar [[r.SkyAtmosphere.FastSkyLUT.SampleCountMin:4.0]]
[2026.03.27-15.47.39:419][  0]LogConfig: Setting CVar [[r.SkyAtmosphere.FastSkyLUT.SampleCountMax:128.0]]
[2026.03.27-15.47.39:419][  0]LogConfig: Setting CVar [[r.SkyAtmosphere.SampleCountMin:4.0]]
[2026.03.27-15.47.39:419][  0]LogConfig: Setting CVar [[r.SkyAtmosphere.SampleCountMax:128.0]]
[2026.03.27-15.47.39:419][  0]LogConfig: Setting CVar [[r.SkyAtmosphere.TransmittanceLUT.UseSmallFormat:0]]
[2026.03.27-15.47.39:419][  0]LogConfig: Setting CVar [[r.SkyAtmosphere.TransmittanceLUT.SampleCount:10.0]]
[2026.03.27-15.47.39:419][  0]LogConfig: Setting CVar [[r.SkyAtmosphere.MultiScatteringLUT.SampleCount:15.0]]
[2026.03.27-15.47.39:419][  0]LogConfig: Setting CVar [[r.SkyLight.RealTimeReflectionCapture:1]]
[2026.03.27-15.47.39:419][  0]LogConfig: Applying CVar settings from Section [FoliageQuality@3] File [C:/Users/titan/Desktop/CPSC399_Game/CPSC399Game/Saved/Config/Windows/Scalability.ini]
[2026.03.27-15.47.39:419][  0]LogConfig: Setting CVar [[foliage.DensityScale:1.0]]
[2026.03.27-15.47.39:419][  0]LogConfig: Setting CVar [[grass.DensityScale:1.0]]
[2026.03.27-15.47.39:419][  0]LogConfig: Applying CVar settings from Section [ShadingQuality@3] File [C:/Users/titan/Desktop/CPSC399_Game/CPSC399Game/Saved/Config/Windows/Scalability.ini]
[2026.03.27-15.47.39:419][  0]LogConfig: Setting CVar [[r.HairStrands.SkyLighting.IntegrationType:2]]
[2026.03.27-15.47.39:419][  0]LogConfig: Setting CVar [[r.HairStrands.SkyAO.SampleCount:4]]
[2026.03.27-15.47.39:419][  0]LogConfig: Setting CVar [[r.HairStrands.Visibility.MSAA.SamplePerPixel:4]]
[2026.03.27-15.47.39:419][  0]LogInit: Selected Device Profile: [Windows]
[2026.03.27-15.47.39:420][  0]LogInit: Applying CVar settings loaded from the selected device profile: [Windows]
[2026.03.27-15.47.39:420][  0]LogHAL: Display: Platform has ~ 32 GB [34088599552 / 34359738368 / 32], which maps to Largest [LargestMinGB=32, LargerMinGB=12, DefaultMinGB=8, SmallerMinGB=6, SmallestMinGB=0)
[2026.03.27-15.47.39:420][  0]LogInit: Going up to parent DeviceProfile []
[2026.03.27-15.47.39:421][  0]LogConfig: Applying CVar settings from Section [ViewDistanceQuality@3] File [C:/Users/titan/Desktop/CPSC399_Game/CPSC399Game/Saved/Config/Windows/Scalability.ini]
[2026.03.27-15.47.39:421][  0]LogConfig: Setting CVar [[r.SkeletalMeshLODBias:0]]
[2026.03.27-15.47.39:421][  0]LogConfig: Setting CVar [[r.ViewDistanceScale:1.0]]
[2026.03.27-15.47.39:421][  0]LogConfig: Applying CVar settings from Section [AntiAliasingQuality@3] File [C:/Users/titan/Desktop/CPSC399_Game/CPSC399Game/Saved/Config/Windows/Scalability.ini]
[2026.03.27-15.47.39:421][  0]LogConfig: Setting CVar [[r.PostProcessAAQuality:4]]
[2026.03.27-15.47.39:421][  0]LogConfig: Applying CVar settings from Section [ShadowQuality@3] File [C:/Users/titan/Desktop/CPSC399_Game/CPSC399Game/Saved/Config/Windows/Scalability.ini]
[2026.03.27-15.47.39:421][  0]LogConfig: Setting CVar [[r.LightFunctionQuality:1]]
[2026.03.27-15.47.39:421][  0]LogConfig: Setting CVar [[r.ShadowQuality:5]]
[2026.03.27-15.47.39:421][  0]LogConfig: Setting CVar [[r.Shadow.CSM.MaxCascades:10]]
[2026.03.27-15.47.39:421][  0]LogConfig: Setting CVar [[r.Shadow.MaxResolution:2048]]
[2026.03.27-15.47.39:421][  0]LogConfig: Setting CVar [[r.Shadow.MaxCSMResolution:2048]]
[2026.03.27-15.47.39:421][  0]LogConfig: Setting CVar [[r.Shadow.RadiusThreshold:0.01]]
[2026.03.27-15.47.39:421][  0]LogConfig: Setting CVar [[r.Shadow.DistanceScale:1.0]]
[2026.03.27-15.47.39:421][  0]LogConfig: Setting CVar [[r.Shadow.CSM.TransitionScale:1.0]]
[2026.03.27-15.47.39:421][  0]LogConfig: Setting CVar [[r.Shadow.PreShadowResolutionFactor:1.0]]
[2026.03.27-15.47.39:421][  0]LogConfig: Setting CVar [[r.DistanceFieldShadowing:1]]
[2026.03.27-15.47.39:421][  0]LogConfig: Setting CVar [[r.DistanceFieldAO:1]]
[2026.03.27-15.47.39:421][  0]LogConfig: Setting CVar [[r.AOQuality:2]]
[2026.03.27-15.47.39:421][  0]LogConfig: Setting CVar [[r.VolumetricFog:1]]
[2026.03.27-15.47.39:421][  0]LogConfig: Setting CVar [[r.VolumetricFog.GridPixelSize:8]]
[2026.03.27-15.47.39:421][  0]LogConfig: Setting CVar [[r.VolumetricFog.GridSizeZ:128]]
[2026.03.27-15.47.39:421][  0]LogConfig: Setting CVar [[r.VolumetricFog.HistoryMissSupersampleCount:4]]
[2026.03.27-15.47.39:421][  0]LogConfig: Setting CVar [[r.LightMaxDrawDistanceScale:1]]
[2026.03.27-15.47.39:421][  0]LogConfig: Setting CVar [[r.CapsuleShadows:1]]
[2026.03.27-15.47.39:421][  0]LogConfig: Applying CVar settings from Section [PostProcessQuality@3] File [C:/Users/titan/Desktop/CPSC399_Game/CPSC399Game/Saved/Config/Windows/Scalability.ini]
[2026.03.27-15.47.39:421][  0]LogConfig: Setting CVar [[r.MotionBlurQuality:4]]
[2026.03.27-15.47.39:421][  0]LogConfig: Setting CVar [[r.AmbientOcclusionMipLevelFactor:0.4]]
[2026.03.27-15.47.39:421][  0]LogConfig: Setting CVar [[r.AmbientOcclusionMaxQuality:100]]
[2026.03.27-15.47.39:421][  0]LogConfig: Setting CVar [[r.AmbientOcclusionLevels:-1]]
[2026.03.27-15.47.39:421][  0]LogConfig: Setting CVar [[r.AmbientOcclusionRadiusScale:1.0]]
[2026.03.27-15.47.39:421][  0]LogConfig: Setting CVar [[r.DepthOfFieldQuality:2]]
[2026.03.27-15.47.39:421][  0]LogConfig: Setting CVar [[r.RenderTargetPoolMin:400]]
[2026.03.27-15.47.39:421][  0]LogConfig: Setting CVar [[r.LensFlareQuality:2]]
[2026.03.27-15.47.39:421][  0]LogConfig: Setting CVar [[r.SceneColorFringeQuality:1]]
[2026.03.27-15.47.39:421][  0]LogConfig: Setting CVar [[r.EyeAdaptationQuality:2]]
[2026.03.27-15.47.39:421][  0]LogConfig: Setting CVar [[r.BloomQuality:5]]
[2026.03.27-15.47.39:421][  0]LogConfig: Setting CVar [[r.FastBlurThreshold:100]]
[2026.03.27-15.47.39:421][  0]LogConfig: Setting CVar [[r.Upscale.Quality:3]]
[2026.03.27-15.47.39:421][  0]LogConfig: Setting CVar [[r.Tonemapper.GrainQuantization:1]]
[2026.03.27-15.47.39:421][  0]LogConfig: Setting CVar [[r.LightShaftQuality:1]]
[2026.03.27-15.47.39:421][  0]LogConfig: Setting CVar [[r.Filter.SizeScale:1]]
[2026.03.27-15.47.39:421][  0]LogConfig: Setting CVar [[r.Tonemapper.Quality:5]]
[2026.03.27-15.47.39:421][  0]LogConfig: Setting CVar [[r.DOF.Gather.AccumulatorQuality:1        ; higher gathering accumulator quality]]
[2026.03.27-15.47.39:421][  0]LogConfig: Setting CVar [[r.DOF.Gather.PostfilterMethod:1          ; Median3x3 postfilering method]]
[2026.03.27-15.47.39:421][  0]LogConfig: Setting CVar [[r.DOF.Gather.EnableBokehSettings:0       ; no bokeh simulation when gathering]]
[2026.03.27-15.47.39:421][  0]LogConfig: Setting CVar [[r.DOF.Gather.RingCount:4                 ; medium number of samples when gathering]]
[2026.03.27-15.47.39:421][  0]LogConfig: Setting CVar [[r.DOF.Scatter.ForegroundCompositing:1    ; additive foreground scattering]]
[2026.03.27-15.47.39:421][  0]LogConfig: Setting CVar [[r.DOF.Scatter.BackgroundCompositing:2    ; additive background scattering]]
[2026.03.27-15.47.39:421][  0]LogConfig: Setting CVar [[r.DOF.Scatter.EnableBokehSettings:1      ; bokeh simulation when scattering]]
[2026.03.27-15.47.39:421][  0]LogConfig: Setting CVar [[r.DOF.Scatter.MaxSpriteRatio:0.1         ; only a maximum of 10% of scattered bokeh]]
[2026.03.27-15.47.39:421][  0]LogConfig: Setting CVar [[r.DOF.Recombine.Quality:1                ; cheap slight out of focus]]
[2026.03.27-15.47.39:421][  0]LogConfig: Setting CVar [[r.DOF.Recombine.EnableBokehSettings:0    ; no bokeh simulation on slight out of focus]]
[2026.03.27-15.47.39:421][  0]LogConfig: Setting CVar [[r.DOF.TemporalAAQuality:1                ; more stable temporal accumulation]]
[2026.03.27-15.47.39:421][  0]LogConfig: Setting CVar [[r.DOF.Kernel.MaxForegroundRadius:0.025]]
[2026.03.27-15.47.39:421][  0]LogConfig: Setting CVar [[r.DOF.Kernel.MaxBackgroundRadius:0.025]]
[2026.03.27-15.47.39:421][  0]LogConfig: Applying CVar settings from Section [TextureQuality@3] File [C:/Users/titan/Desktop/CPSC399_Game/CPSC399Game/Saved/Config/Windows/Scalability.ini]
[2026.03.27-15.47.39:421][  0]LogConfig: Setting CVar [[r.Streaming.MipBias:0]]
[2026.03.27-15.47.39:421][  0]LogConfig: Setting CVar [[r.Streaming.AmortizeCPUToGPUCopy:0]]
[2026.03.27-15.47.39:421][  0]LogConfig: Setting CVar [[r.Streaming.MaxNumTexturesToStreamPerFrame:0]]
[2026.03.27-15.47.39:421][  0]LogConfig: Setting CVar [[r.Streaming.Boost:1]]
[2026.03.27-15.47.39:421][  0]LogConfig: Setting CVar [[r.MaxAnisotropy:8]]
[2026.03.27-15.47.39:421][  0]LogConfig: Setting CVar [[r.VT.MaxAnisotropy:8]]
[2026.03.27-15.47.39:421][  0]LogConfig: Setting CVar [[r.Streaming.LimitPoolSizeToVRAM:0]]
[2026.03.27-15.47.39:421][  0]LogConfig: Setting CVar [[r.Streaming.PoolSize:1000]]
[2026.03.27-15.47.39:421][  0]LogConfig: Setting CVar [[r.Streaming.MaxEffectiveScreenSize:0]]
[2026.03.27-15.47.39:421][  0]LogConfig: Applying CVar settings from Section [EffectsQuality@3] File [C:/Users/titan/Desktop/CPSC399_Game/CPSC399Game/Saved/Config/Windows/Scalability.ini]
[2026.03.27-15.47.39:421][  0]LogConfig: Setting CVar [[r.TranslucencyLightingVolumeDim:64]]
[2026.03.27-15.47.39:421][  0]LogConfig: Setting CVar [[r.RefractionQuality:2]]
[2026.03.27-15.47.39:421][  0]LogConfig: Setting CVar [[r.SSR.Quality:3]]
[2026.03.27-15.47.39:422][  0]LogConfig: Setting CVar [[r.SSR.HalfResSceneColor:0]]
[2026.03.27-15.47.39:422][  0]LogConfig: Setting CVar [[r.SceneColorFormat:4]]
[2026.03.27-15.47.39:422][  0]LogConfig: Setting CVar [[r.DetailMode:2]]
[2026.03.27-15.47.39:422][  0]LogConfig: Setting CVar [[r.TranslucencyVolumeBlur:1]]
[2026.03.27-15.47.39:422][  0]LogConfig: Setting CVar [[r.MaterialQualityLevel:1 ; High quality]]
[2026.03.27-15.47.39:422][  0]LogConfig: Setting CVar [[r.AnisotropicMaterials:1]]
[2026.03.27-15.47.39:422][  0]LogConfig: Setting CVar [[r.SSS.Scale:1]]
[2026.03.27-15.47.39:422][  0]LogConfig: Setting CVar [[r.SSS.SampleSet:2]]
[2026.03.27-15.47.39:422][  0]LogConfig: Setting CVar [[r.SSS.Quality:1]]
[2026.03.27-15.47.39:422][  0]LogConfig: Setting CVar [[r.SSS.HalfRes:0]]
[2026.03.27-15.47.39:422][  0]LogConfig: Setting CVar [[r.SSGI.Quality:3]]
[2026.03.27-15.47.39:422][  0]LogConfig: Setting CVar [[r.EmitterSpawnRateScale:1.0]]
[2026.03.27-15.47.39:422][  0]LogConfig: Setting CVar [[r.ParticleLightQuality:2]]
[2026.03.27-15.47.39:422][  0]LogConfig: Setting CVar [[r.SkyAtmosphere.AerialPerspectiveLUT.FastApplyOnOpaque:1 ; Always have FastSkyLUT 1 in this case to avoid wrong sky]]
[2026.03.27-15.47.39:422][  0]LogConfig: Setting CVar [[r.SkyAtmosphere.AerialPerspectiveLUT.SampleCountMaxPerSlice:4]]
[2026.03.27-15.47.39:422][  0]LogConfig: Setting CVar [[r.SkyAtmosphere.AerialPerspectiveLUT.DepthResolution:16.0]]
[2026.03.27-15.47.39:422][  0]LogConfig: Setting CVar [[r.SkyAtmosphere.FastSkyLUT:1]]
[2026.03.27-15.47.39:422][  0]LogConfig: Setting CVar [[r.SkyAtmosphere.FastSkyLUT.SampleCountMin:4.0]]
[2026.03.27-15.47.39:422][  0]LogConfig: Setting CVar [[r.SkyAtmosphere.FastSkyLUT.SampleCountMax:128.0]]
[2026.03.27-15.47.39:422][  0]LogConfig: Setting CVar [[r.SkyAtmosphere.SampleCountMin:4.0]]
[2026.03.27-15.47.39:422][  0]LogConfig: Setting CVar [[r.SkyAtmosphere.SampleCountMax:128.0]]
[2026.03.27-15.47.39:422][  0]LogConfig: Setting CVar [[r.SkyAtmosphere.TransmittanceLUT.UseSmallFormat:0]]
[2026.03.27-15.47.39:422][  0]LogConfig: Setting CVar [[r.SkyAtmosphere.TransmittanceLUT.SampleCount:10.0]]
[2026.03.27-15.47.39:422][  0]LogConfig: Setting CVar [[r.SkyAtmosphere.MultiScatteringLUT.SampleCount:15.0]]
[2026.03.27-15.47.39:422][  0]LogConfig: Setting CVar [[r.SkyLight.RealTimeReflectionCapture:1]]
[2026.03.27-15.47.39:422][  0]LogConfig: Applying CVar settings from Section [FoliageQuality@3] File [C:/Users/titan/Desktop/CPSC399_Game/CPSC399Game/Saved/Config/Windows/Scalability.ini]
[2026.03.27-15.47.39:422][  0]LogConfig: Setting CVar [[foliage.DensityScale:1.0]]
[2026.03.27-15.47.39:422][  0]LogConfig: Setting CVar [[grass.DensityScale:1.0]]
[2026.03.27-15.47.39:422][  0]LogConfig: Applying CVar settings from Section [ShadingQuality@3] File [C:/Users/titan/Desktop/CPSC399_Game/CPSC399Game/Saved/Config/Windows/Scalability.ini]
[2026.03.27-15.47.39:422][  0]LogConfig: Setting CVar [[r.HairStrands.SkyLighting.IntegrationType:2]]
[2026.03.27-15.47.39:422][  0]LogConfig: Setting CVar [[r.HairStrands.SkyAO.SampleCount:4]]
[2026.03.27-15.47.39:422][  0]LogConfig: Setting CVar [[r.HairStrands.Visibility.MSAA.SamplePerPixel:4]]
[2026.03.27-15.47.39:422][  0]LogConfig: Applying CVar settings from Section [Startup] File [../../../Engine/Config/ConsoleVariables.ini]
[2026.03.27-15.47.39:431][  0]LogConfig: Setting CVar [[net.UseAdaptiveNetUpdateFrequency:0]]
[2026.03.27-15.47.39:431][  0]LogConfig: Setting CVar [[p.chaos.AllowCreatePhysxBodies:1]]
[2026.03.27-15.47.39:431][  0]LogConfig: Setting CVar [[fx.SkipVectorVMBackendOptimizations:1]]
[2026.03.27-15.47.39:431][  0]LogConfig: Applying CVar settings from Section [ConsoleVariables] File [C:/Users/titan/Desktop/CPSC399_Game/CPSC399Game/Saved/Config/Windows/Engine.ini]
[2026.03.27-15.47.39:431][  0]LogConfig: Applying CVar settings from Section [ConsoleVariables] File [C:/Users/titan/Desktop/CPSC399_Game/CPSC399Game/Saved/Config/Windows/Editor.ini]
[2026.03.27-15.47.39:431][  0]LogInit: Computer: TITANPC
[2026.03.27-15.47.39:431][  0]LogInit: User: titan
[2026.03.27-15.47.39:431][  0]LogInit: CPU Page size=4096, Cores=10
[2026.03.27-15.47.39:431][  0]LogInit: High frequency timer resolution =10.000000 MHz
[2026.03.27-15.47.39:431][  0]LogMemory: Memory total: Physical=31.7GB (32GB approx)
[2026.03.27-15.47.39:431][  0]LogMemory: Platform Memory Stats for Windows
[2026.03.27-15.47.39:432][  0]LogMemory: Process Physical Memory: 151.52 MB used, 151.52 MB peak
[2026.03.27-15.47.39:432][  0]LogMemory: Process Virtual Memory: 131.58 MB used, 131.58 MB peak
[2026.03.27-15.47.39:432][  0]LogMemory: Physical Memory: 12792.55 MB used,  19716.88 MB free, 32509.42 MB total
[2026.03.27-15.47.39:432][  0]LogMemory: Virtual Memory: 134198304.00 MB used,  19427.05 MB free, 134217728.00 MB total
[2026.03.27-15.47.39:438][  0]LogWindows: WindowsPlatformFeatures enabled
[2026.03.27-15.47.39:770][  0]LogInit: Physics initialised using underlying interface: PhysX
[2026.03.27-15.47.39:771][  0]LogInit: Using OS detected language (en-US).
[2026.03.27-15.47.39:771][  0]LogInit: Using OS detected locale (en-CA).
[2026.03.27-15.47.39:780][  0]LogTextLocalizationManager: No specific localization for 'en-US' exists, so the 'en' localization will be used.
[2026.03.27-15.47.40:005][  0]LogInit: Setting process to per monitor DPI aware
[2026.03.27-15.47.40:031][  0]LogWindowsTextInputMethodSystem: Display: IME system deactivated.
[2026.03.27-15.47.40:110][  0]LogSlate: New Slate User Created.  User Index 0, Is Virtual User: 0
[2026.03.27-15.47.40:110][  0]LogSlate: Slate User Registered.  User Index 0, Is Virtual User: 0
[2026.03.27-15.47.42:991][  0]LogD3D11RHI: Loaded GFSDK_Aftermath_Lib.x64.dll
[2026.03.27-15.47.43:000][  0]LogHMD: Failed to initialize OpenVR with code 110
[2026.03.27-15.47.43:000][  0]LogD3D11RHI: D3D11 min allowed feature level: 11_0
[2026.03.27-15.47.43:000][  0]LogD3D11RHI: D3D11 max allowed feature level: 11_0
[2026.03.27-15.47.43:000][  0]LogD3D11RHI: D3D11 adapters:
[2026.03.27-15.47.43:176][  0]LogD3D11RHI:    0. 'NVIDIA GeForce RTX 3080' (Feature Level 11_0)
[2026.03.27-15.47.43:176][  0]LogD3D11RHI:       12093/0/16254 MB DedicatedVideo/DedicatedSystem/SharedSystem, Outputs:3, VendorId:0x10de
[2026.03.27-15.47.43:179][  0]LogD3D11RHI:    1. 'Microsoft Basic Render Driver' (Feature Level 11_0)
[2026.03.27-15.47.43:179][  0]LogD3D11RHI:       0/0/16254 MB DedicatedVideo/DedicatedSystem/SharedSystem, Outputs:0, VendorId:0x1414
[2026.03.27-15.47.43:179][  0]LogD3D11RHI: Chosen D3D11 Adapter:
[2026.03.27-15.47.43:179][  0]LogD3D11RHI:     Description : NVIDIA GeForce RTX 3080
[2026.03.27-15.47.43:179][  0]LogD3D11RHI:     VendorId    : 10de
[2026.03.27-15.47.43:179][  0]LogD3D11RHI:     DeviceId    : 220a
[2026.03.27-15.47.43:179][  0]LogD3D11RHI:     SubSysId    : 48773842
[2026.03.27-15.47.43:179][  0]LogD3D11RHI:     Revision    : 00a1
[2026.03.27-15.47.43:179][  0]LogD3D11RHI:     DedicatedVideoMemory : 12680429568 bytes
[2026.03.27-15.47.43:179][  0]LogD3D11RHI:     DedicatedSystemMemory : 0 bytes
[2026.03.27-15.47.43:179][  0]LogD3D11RHI:     SharedSystemMemory : 17044299776 bytes
[2026.03.27-15.47.43:179][  0]LogD3D11RHI:     AdapterLuid : 0 56078
[2026.03.27-15.47.43:185][  0]LogD3D11RHI: Creating new Direct3DDevice
[2026.03.27-15.47.43:185][  0]LogD3D11RHI:     GPU DeviceId: 0x220a (for the marketing name, search the web for "GPU Device Id")
[2026.03.27-15.47.43:185][  0]LogWindows: EnumDisplayDevices:
[2026.03.27-15.47.43:185][  0]LogWindows:    0. 'NVIDIA GeForce RTX 3080' (P:1 D:1)
[2026.03.27-15.47.43:185][  0]LogWindows:    1. 'NVIDIA GeForce RTX 3080' (P:0 D:1)
[2026.03.27-15.47.43:185][  0]LogWindows:    2. 'NVIDIA GeForce RTX 3080' (P:0 D:1)
[2026.03.27-15.47.43:185][  0]LogWindows:    3. 'NVIDIA GeForce RTX 3080' (P:0 D:0)
[2026.03.27-15.47.43:185][  0]LogWindows: DebugString: FoundDriverCount:4 
[2026.03.27-15.47.43:185][  0]LogD3D11RHI:     Adapter Name: NVIDIA GeForce RTX 3080
[2026.03.27-15.47.43:185][  0]LogD3D11RHI:   Driver Version: 595.97 (internal:32.0.15.9597, unified:595.97)
[2026.03.27-15.47.43:185][  0]LogD3D11RHI:      Driver Date: 3-17-2026
[2026.03.27-15.47.43:185][  0]LogRHI: Texture pool is 8465 MB (70% of 12093 MB)
[2026.03.27-15.47.43:185][  0]LogD3D11RHI: Creating D3DDevice using adapter:
[2026.03.27-15.47.43:185][  0]LogD3D11RHI:     Description : NVIDIA GeForce RTX 3080
[2026.03.27-15.47.43:185][  0]LogD3D11RHI:     VendorId    : 10de
[2026.03.27-15.47.43:185][  0]LogD3D11RHI:     DeviceId    : 220a
[2026.03.27-15.47.43:185][  0]LogD3D11RHI:     SubSysId    : 48773842
[2026.03.27-15.47.43:185][  0]LogD3D11RHI:     Revision    : 00a1
[2026.03.27-15.47.43:185][  0]LogD3D11RHI:     DedicatedVideoMemory : 12680429568 bytes
[2026.03.27-15.47.43:185][  0]LogD3D11RHI:     DedicatedSystemMemory : 0 bytes
[2026.03.27-15.47.43:186][  0]LogD3D11RHI:     SharedSystemMemory : 17044299776 bytes
[2026.03.27-15.47.43:186][  0]LogD3D11RHI:     AdapterLuid : 0 56078
[2026.03.27-15.47.43:292][  0]LogD3D11RHI: RHI has support for 64 bit atomics
[2026.03.27-15.47.43:293][  0]LogD3D11RHI: Async texture creation enabled
[2026.03.27-15.47.43:293][  0]LogD3D11RHI: Array index from any shader is supported
[2026.03.27-15.47.43:294][  0]LogD3D11RHI: HDR output is supported on display 0 (NvId: 0x80061082).
[2026.03.27-15.47.43:312][  0]LogD3D11RHI: GPU Timing Frequency: 1000.000000 (Debug: 2 1)
[2026.03.27-15.47.43:384][  0]LogRHI: GeForceNow SDK initialized: 1
[2026.03.27-15.47.44:074][  0]LogTargetPlatformManager: Display: Loaded TargetPlatform 'AllDesktop'
[2026.03.27-15.47.44:116][  0]LogTargetPlatformManager: Display: Loaded TargetPlatform 'Android'
[2026.03.27-15.47.44:116][  0]LogTargetPlatformManager: Display: Loaded TargetPlatform 'Android_ASTC'
[2026.03.27-15.47.44:116][  0]LogTargetPlatformManager: Display: Loaded TargetPlatform 'Android_DXT'
[2026.03.27-15.47.44:116][  0]LogTargetPlatformManager: Display: Loaded TargetPlatform 'Android_ETC2'
[2026.03.27-15.47.44:116][  0]LogTargetPlatformManager: Display: Loaded TargetPlatform 'AndroidClient'
[2026.03.27-15.47.44:116][  0]LogTargetPlatformManager: Display: Loaded TargetPlatform 'Android_ASTCClient'
[2026.03.27-15.47.44:116][  0]LogTargetPlatformManager: Display: Loaded TargetPlatform 'Android_DXTClient'
[2026.03.27-15.47.44:116][  0]LogTargetPlatformManager: Display: Loaded TargetPlatform 'Android_ETC2Client'
[2026.03.27-15.47.44:116][  0]LogTargetPlatformManager: Display: Loaded TargetPlatform 'Android_Multi'
[2026.03.27-15.47.44:116][  0]LogTargetPlatformManager: Display: Loaded TargetPlatform 'Android_MultiClient'
[2026.03.27-15.47.44:196][  0]LogTargetPlatformManager: Display: Loaded TargetPlatform 'IOSClient'
[2026.03.27-15.47.44:196][  0]LogTargetPlatformManager: Display: Loaded TargetPlatform 'IOS'
[2026.03.27-15.47.44:234][  0]LogTargetPlatformManager: Display: Loaded TargetPlatform 'Linux'
[2026.03.27-15.47.44:257][  0]LogTargetPlatformManager: Display: Loaded TargetPlatform 'LinuxNoEditor'
[2026.03.27-15.47.44:281][  0]LogTargetPlatformManager: Display: Loaded TargetPlatform 'LinuxClient'
[2026.03.27-15.47.44:305][  0]LogTargetPlatformManager: Display: Loaded TargetPlatform 'LinuxServer'
[2026.03.27-15.47.44:335][  0]LogTargetPlatformManager: Display: Loaded TargetPlatform 'LinuxAArch64NoEditor'
[2026.03.27-15.47.44:358][  0]LogTargetPlatformManager: Display: Loaded TargetPlatform 'LinuxAArch64Client'
[2026.03.27-15.47.44:381][  0]LogTargetPlatformManager: Display: Loaded TargetPlatform 'LinuxAArch64Server'
[2026.03.27-15.47.44:423][  0]LogTargetPlatformManager: Display: Loaded TargetPlatform 'Lumin'
[2026.03.27-15.47.44:423][  0]LogTargetPlatformManager: Display: Loaded TargetPlatform 'LuminClient'
[2026.03.27-15.47.44:459][  0]LogTargetPlatformManager: Display: Loaded TargetPlatform 'MacNoEditor'
[2026.03.27-15.47.44:484][  0]LogTargetPlatformManager: Display: Loaded TargetPlatform 'Mac'
[2026.03.27-15.47.44:507][  0]LogTargetPlatformManager: Display: Loaded TargetPlatform 'MacClient'
[2026.03.27-15.47.44:529][  0]LogTargetPlatformManager: Display: Loaded TargetPlatform 'MacServer'
[2026.03.27-15.47.44:554][  0]LogTargetPlatformManager: Display: Loaded TargetPlatform 'TVOSClient'
[2026.03.27-15.47.44:554][  0]LogTargetPlatformManager: Display: Loaded TargetPlatform 'TVOS'
[2026.03.27-15.47.44:582][  0]LogTargetPlatformManager: Display: Loaded TargetPlatform 'WindowsNoEditor'
[2026.03.27-15.47.44:609][  0]LogTargetPlatformManager: Display: Loaded TargetPlatform 'Windows'
[2026.03.27-15.47.44:633][  0]LogTargetPlatformManager: Display: Loaded TargetPlatform 'WindowsClient'
[2026.03.27-15.47.44:660][  0]LogTargetPlatformManager: Display: Loaded TargetPlatform 'WindowsServer'
[2026.03.27-15.47.44:660][  0]LogTargetPlatformManager: Display: Building Assets For Windows
[2026.03.27-15.47.44:754][  0]LogAudioDebug: Display: Lib vorbis DLL was dynamically loaded.
[2026.03.27-15.47.45:042][  0]LogTextureFormatOodle: Display: Oodle Texture 2.9.0 init RDO Off
[2026.03.27-15.47.45:361][  0]LogRendererCore: Ray tracing is disabled. Reason: r.RayTracing=0.
[2026.03.27-15.47.45:362][  0]LogShaderCompilers: Guid format shader working directory is -1 characters bigger than the processId version (C:/Users/titan/Desktop/CPSC399_Game/CPSC399Game/Intermediate/Shaders/WorkingDirectory/4624/).
[2026.03.27-15.47.45:362][  0]LogShaderCompilers: Cleaned the shader compiler working directory 'C:/Users/titan/AppData/Local/Temp/UnrealShaderWorkingDir/9D58393846BCDDB91A5385865A8D276D/'.
[2026.03.27-15.47.45:362][  0]LogXGEController: Cannot use XGE Controller as Incredibuild is not installed on this machine.
[2026.03.27-15.47.45:362][  0]LogShaderCompilers: Cannot use XGE Shader Compiler as Incredibuild is not installed on this machine.
[2026.03.27-15.47.45:362][  0]LogShaderCompilers: Display: Using Local Shader Compiler.
[2026.03.27-15.47.49:067][  0]LogDerivedDataCache: Display: Max Cache Size: 512 MB
[2026.03.27-15.47.49:166][  0]LogDerivedDataCache: Loaded boot cache 0.10s 94MB C:/Users/titan/AppData/Local/UnrealEngine/4.27/DerivedDataCache/Boot.ddc.
[2026.03.27-15.47.49:166][  0]LogDerivedDataCache: Display: Loaded Boot cache: C:/Users/titan/AppData/Local/UnrealEngine/4.27/DerivedDataCache/Boot.ddc
[2026.03.27-15.47.49:166][  0]LogDerivedDataCache: FDerivedDataBackendGraph:  Pak pak cache file C:/Users/titan/Desktop/CPSC399_Game/CPSC399Game/DerivedDataCache/DDC.ddp not found, will not use a pak cache.
[2026.03.27-15.47.49:166][  0]LogDerivedDataCache: Unable to find inner node Pak for hierarchical cache Hierarchy.
[2026.03.27-15.47.49:166][  0]LogDerivedDataCache: FDerivedDataBackendGraph:  CompressedPak pak cache file C:/Users/titan/Desktop/CPSC399_Game/CPSC399Game/DerivedDataCache/Compressed.ddp not found, will not use a pak cache.
[2026.03.27-15.47.49:166][  0]LogDerivedDataCache: Unable to find inner node CompressedPak for hierarchical cache Hierarchy.
[2026.03.27-15.47.49:191][  0]LogDerivedDataCache: Display: Pak cache opened for reading ../../../Engine/DerivedDataCache/Compressed.ddp.
[2026.03.27-15.47.49:191][  0]LogDerivedDataCache: FDerivedDataBackendGraph:  EnterprisePak pak cache file ../../../Enterprise/DerivedDataCache/Compressed.ddp not found, will not use a pak cache.
[2026.03.27-15.47.49:191][  0]LogDerivedDataCache: Unable to find inner node EnterprisePak for hierarchical cache Hierarchy.
[2026.03.27-15.47.49:246][  0]LogDerivedDataCache: Speed tests for C:/Users/titan/AppData/Local/UnrealEngine/Common/DerivedDataCache took 0.05 seconds
[2026.03.27-15.47.49:246][  0]LogDerivedDataCache: Display: Performance to C:/Users/titan/AppData/Local/UnrealEngine/Common/DerivedDataCache: Latency=0.20ms. RandomReadSpeed=20.40MBs, RandomWriteSpeed=161.72MBs. Assigned SpeedClass 'Local'
[2026.03.27-15.47.49:246][  0]LogDerivedDataCache: Using Local data cache path C:/Users/titan/AppData/Local/UnrealEngine/Common/DerivedDataCache: Writable
[2026.03.27-15.47.49:247][  0]LogDerivedDataCache: Shared data cache path not found in *engine.ini, will not use an Shared cache.
[2026.03.27-15.47.49:247][  0]LogDerivedDataCache: Unable to find inner node Shared for hierarchical cache Hierarchy.
[2026.03.27-15.47.49:281][  0]LogSlate: Using FreeType 2.10.0
[2026.03.27-15.47.49:298][  0]LogSlate: SlateFontServices - WITH_FREETYPE: 1, WITH_HARFBUZZ: 1
[2026.03.27-15.47.49:441][  0]LogAssetRegistry: FAssetRegistry took 0.0040 seconds to start up
[2026.03.27-15.47.49:648][  0]LogInit: Selected Device Profile: [Windows]
[2026.03.27-15.47.49:648][  0]LogInit: Active device profile: [00000245D5870B00][00000245CE7C5580 49] Windows
[2026.03.27-15.47.49:648][  0]LogInit: Profiles: [00000245D5870B00][00000245CE7C5580 49] Windows, [00000245D583A200][00000245D52C9700 49] WindowsNoEditor, [00000245D5871900][00000245D52CD880 49] WindowsServer, [00000245D583AF00][00000245D52D1A00 49] WindowsClient, [00000245D5873C00][00000245D52D5B80 49] IOS, [00000245D5838F00][00000245D52D8180 49] iPadAir, [00000245D5873E00][00000245D52DC300 49] iPadAir2, [00000245D57D8C00][00000245D52E45C0 49] IPadPro, [00000245D57D8D00][00000245D52E0600 49] iPadAir3, [00000245D583BC00][00000245CEC2A740 49] iPadAir4, [00000245D57DB600][00000245D52E8880 49] iPadMini2, [00000245D583B300][00000245D52EC9C0 49] iPadMini3, [00000245D57DB800][00000245D52F0B00 49] iPadMini4, [00000245D583B900][00000245D52F8C80 49] iPadMini5, [00000245D57E0600][00000245D5300F40 49] iPhone6, [00000245D57E0700][00000245D52FCF80 49] iPodTouch6, [00000245D5872900][00000245D5309240 49] iPhone7, [00000245D5872800][00000245D5305280 49] iPodTouch7, [00000245D57E0100][00000245D530D400 49] iPhone5S, [00000245D57D8700][00000245D6573580 49] iPhone6Plus, [00000245D57E2500][00000245D6577700 49] iPhone6S, [00000245D57D9300][00000245D657B880 49] iPhone6SPlus, [00000245D57E3B00][00000245D657FA00 49] iPhone7Plus, [00000245D57DB500][00000245D6583B80 49] iPhoneSE, [00000245D5872600][00000245D6586180 49] iPhone8, [00000245D57D8600][00000245D658A300 49] iPhone8Plus, [00000245D5872200][00000245D658E480 49] iPhoneX, [00000245D57DB300][00000245D6592600 49] iPhoneXS, [00000245D5873400][00000245D6596780 49] iPhoneXSMax, [00000245D57DAD00][00000245D659A900 49] iPhoneXR, [00000245D5870200][00000245D52F4A40 49] iPhone11, [00000245D57D9E00][00000245D659EB80 49] iPhone11Pro, [00000245D5872A00][00000245D65A2CC0 49] iPhone11ProMax, [00000245D57DB700][00000245D65AAE40 49] iPhoneSE2, [00000245D5870D00][00000245D65AEFC0 49] iPhone12Mini, [00000245D57D9F00][00000245D65B3140 49] iPhone12, [00000245D5870700][00000245D65B72C0 49] iPhone12Pro, [00000245D57D9400][00000245D65BB440 49] iPhone12ProMax, [00000245D5870C00][00000245D65BF5C0 49] iPadPro105, [00000245D57D9700][00000245D65C3740 49] iPadPro129, [00000245D5870100][00000245D65C78C0 49] iPadPro97, [00000245D57DBC00][00000245D65CBA40 49] iPadPro2_129, [00000245D5870800][00000245D65CFBC0 49] iPad5, [00000245D57DB100][00000245D65D21C0 49] iPad6, [00000245D5870500][00000245D65D6340 49] iPad7, [00000245D57DA800][00000245D65DA4C0 49] iPad8, [00000245D5871500][00000245D65DE640 49] iPadPro11, [00000245D57D9500][00000245D65E27C0 49] iPadPro2_11, [00000245D5870F00][00000245D65E6940 49] iPadPro3_129, [00000245D57DAC00][00000245D65EAAC0 49] iPadPro4_129, [00000245D5872500][00000245D65A6C00 49] AppleTV, [00000245D57D9100][00000245D65EED40 49] AppleTV4K, [00000245D5870400][00000245D65F2E80 49] TVOS, [00000245D57DA600][00000245D65F6FC0 49] Mac, [00000245D5873D00][00000245D65FF140 49] MacClient, [00000245D57D9800][00000245D66032C0 49] MacNoEditor, [00000245D5873100][00000245D6607440 49] MacServer, [00000245D57DB900][00000245D660B5C0 49] Linux, [00000245D5870900][00000245D660F740 49] LinuxAArch64, [00000245D57DBF00][00000245D66138C0 49] LinuxNoEditor, [00000245D5871B00][00000245D6617A40 49] LinuxAArch64NoEditor, [00000245D57DB400][00000245D661BBC0 49] LinuxClient, [00000245D5871C00][00000245D661E1C0 49] LinuxAArch64Client, [00000245D57D9D00][00000245D6622340 49] LinuxServer, [00000245D5872F00][00000245D66264C0 49] LinuxAArch64Server, [00000245D57D8500][00000245D662A640 49] Android, [00000245D5871E00][00000245D662E7C0 49] Android_Low, [00000245D57DB000][00000245D6632940 49] Android_Mid, [00000245D5872400][00000245D6636AC0 49] Android_High, [00000245D57D8800][00000245D663AC40 49] Android_Default, [00000245D5873200][00000245D65FAD80 49] Android_Adreno4xx, [00000245D583A500][00000245D663EEC0 49] Android_Adreno5xx_Low, [00000245D57E1C00][00000245D6643000 49] Android_Adreno5xx, [00000245D583BE00][00000245D6647140 49] Android_Adreno6xx, [00000245D57E2B00][00000245D664F2C0 49] Android_Adreno6xx_Vulkan, [00000245D583BF00][00000245D6653440 49] Android_Mali_T6xx, [00000245D57E0F00][00000245D66575C0 49] Android_Mali_T7xx, [00000245D5839400][00000245D665B740 49] Android_Mali_T8xx, [00000245D57E1F00][00000245D665F8C0 49] Android_Mali_G71, [00000245D5839D00][00000245D6663A40 49] Android_Mali_G72, [00000245D57E2400][00000245D6667BC0 49] Android_Mali_G72_Vulkan, [00000245D583B700][00000245D666A1C0 49] Android_Mali_G76, [00000245D57E2100][00000245D666E340 49] Android_Mali_G76_Vulkan, [00000245D5839C00][00000245D66724C0 49] Android_Mali_G77, [00000245D57E0A00][00000245D6676640 49] Android_Mali_G77_Vulkan, [00000245D583B500][00000245D667A7C0 49] Android_Mali_G78, [00000245D57E1300][00000245D667E940 49] Android_Mali_G78_Vulkan, [00000245D583AA00][00000245D6682AC0 49] Android_Mali_G710, [00000245D57E3D00][00000245D6686C40 49] Android_Mali_G710_Vulkan, [00000245D5839F00][00000245D668ADC0 49] Android_Vulkan_SM5, [00000245D57E0900][00000245D668EF40 49] Android_PowerVR_G6xxx, [00000245D583A000][00000245D664B080 49] Android_PowerVR_GT7xxx, [00000245D57E2700][00000245D66931C0 49] Android_PowerVR_GE8xxx, [00000245D583A400][00000245D6697300 49] Android_PowerVR_GM9xxx, [00000245D57E3200][00000245D669F480 49] Android_PowerVR_GM9xxx_Vulkan, [00000245D583B100][00000245D66A3600 49] Android_TegraK1, [00000245D57E1700][00000245D66A7780 49] Android_Unknown_Vulkan, [00000245D583B800][00000245D66AB900 49] Lumin, [00000245D57E0200][00000245D66AFA80 49] Lumin_Desktop, [00000245D583A300][00000245D66B3C00 49] HoloLens, 
[2026.03.27-15.47.50:136][  0]LogMeshReduction: Using QuadricMeshReduction for automatic static mesh reduction
[2026.03.27-15.47.50:136][  0]LogMeshReduction: Using SimplygonMeshReduction for automatic skeletal mesh reduction
[2026.03.27-15.47.50:136][  0]LogMeshReduction: Using ProxyLODMeshReduction for automatic mesh merging
[2026.03.27-15.47.50:136][  0]LogMeshReduction: No distributed automatic mesh merging module available
[2026.03.27-15.47.50:136][  0]LogMeshMerging: No distributed automatic mesh merging module available
[2026.03.27-15.47.50:215][  0]LogNetVersion: CPSC399Game 1.0.0, NetCL: 17155196, EngineNetVer: 17, GameNetVer: 0 (Checksum: 2010562307)
[2026.03.27-15.47.52:036][  0]LogTexture: Default maximum texture size for cubemaps generated from long-lat sources has been changed from 512 to unlimited. In order to preserve old behaiour for '/Engine/MapTemplates/Sky/DaylightAmbientCubemap.DaylightAmbientCubemap', its maximum texture size has been explicitly set to 512.
[2026.03.27-15.47.52:151][  0]LogHMD: PokeAHoleMaterial loaded successfully
[2026.03.27-15.47.52:155][  0]LogUObjectArray: 17178 objects as part of root set at end of initial load.
[2026.03.27-15.47.52:155][  0]LogUObjectAllocator: 4302048 out of 0 bytes used by permanent object pool.
[2026.03.27-15.47.52:155][  0]LogUObjectArray: CloseDisregardForGC: 0/0 objects in disregard for GC pool
[2026.03.27-15.47.53:848][  0]LogPython: Using Python 3.7.7
[2026.03.27-15.47.54:472][  0]LogNiagaraDebuggerClient: Niagara Debugger Client Initialized | Session: DA645CC94781EE848C5748982967AD69 | Instance: BBEA594F4E04D43DE32A33999B0B29E0 (TITANPC-4624).
[2026.03.27-15.47.55:128][  0]LogTcpMessaging: Initializing TcpMessaging bridge
[2026.03.27-15.47.55:180][  0]LogUdpMessaging: Initializing bridge on interface 0.0.0.0:0 to multicast group 230.0.0.1:6666.
[2026.03.27-15.47.56:101][  0]SourceControl: Source control is disabled
[2026.03.27-15.47.56:101][  0]SourceControl: Source control is disabled
[2026.03.27-15.47.56:143][  0]SourceControl: Source control is disabled
[2026.03.27-15.47.56:168][  0]SourceControl: Source control is disabled
[2026.03.27-15.47.56:336][  0]SourceControl: Source control is disabled
[2026.03.27-15.47.56:357][  0]LogUProjectInfo: Found projects:
[2026.03.27-15.47.56:384][  0]LogVSAccessor: Display: Unable to create Visual Studio setup instance: 80040154
[2026.03.27-15.47.56:384][  0]LogVSAccessor: Display: Unable to create Visual Studio setup instance: 80040154
[2026.03.27-15.47.56:385][  0]LogVSAccessor: Display: Unable to create Visual Studio setup instance: 80040154
[2026.03.27-15.47.57:441][  0]LogOpenImageDenoise: OIDN starting up
[2026.03.27-15.47.57:831][  0]LogAndroidPermission: UAndroidPermissionCallbackProxy::GetInstance
[2026.03.27-15.47.57:973][  0]LogAudioCaptureCore: Display: No Audio Capture implementations found. Audio input will be silent.
[2026.03.27-15.47.57:973][  0]LogAudioCaptureCore: Display: No Audio Capture implementations found. Audio input will be silent.
[2026.03.27-15.47.58:602][  0]LogCollectionManager: Loaded 0 collections in 0.000459 seconds
[2026.03.27-15.47.58:699][  0]LogFileCache: Scanning file cache for directory 'C:/Users/titan/Desktop/CPSC399_Game/CPSC399Game/Saved/Collections/' took 0.00s
[2026.03.27-15.47.58:699][  0]LogFileCache: Scanning file cache for directory 'C:/Users/titan/Desktop/CPSC399_Game/CPSC399Game/Content/Developers/titan/Collections/' took 0.00s
[2026.03.27-15.47.58:699][  0]LogFileCache: Scanning file cache for directory 'C:/Users/titan/Desktop/CPSC399_Game/CPSC399Game/Content/Collections/' took 0.00s
[2026.03.27-15.47.58:710][  0]LogOcInput: OculusInput pre-init called
[2026.03.27-15.47.59:190][  0]LogEngine: Initializing Engine...
[2026.03.27-15.47.59:238][  0]LogHMD: Failed to enumerate extensions. Please check that you have a valid OpenXR runtime installed.
[2026.03.27-15.47.59:238][  0]LogHMD: Failed to initialize OpenVR with code 110
[2026.03.27-15.47.59:239][  0]LogMagicLeap: Warning: VR disabled because ZI is not enabled.  To enable, in the editor, Edit -> Project Settings -> Plugins -> Magic Leap Plugin -> Enable Zero Iteration
[2026.03.27-15.47.59:242][  0]LogStats: UGameplayTagsManager::InitializeManager -  0.001 s
[2026.03.27-15.47.59:525][  0]LogInit: Initializing FReadOnlyCVARCache
[2026.03.27-15.47.59:586][  0]LogAIModule: Creating AISystem for world Untitled
[2026.03.27-15.47.59:594][  0]LogAudio: Display: Initializing Audio Device Manager...
[2026.03.27-15.47.59:620][  0]LogAudio: Display: Loading Default Audio Settings Objects...
[2026.03.27-15.47.59:626][  0]LogAudio: Display: No default SoundConcurrencyObject specified (or failed to load).
[2026.03.27-15.47.59:628][  0]LogAudio: Display: Audio Device Manager Initialized
[2026.03.27-15.47.59:628][  0]LogAudio: Display: Creating Audio Device:                 Id: 1, Scope: Shared, Realtime: True
[2026.03.27-15.47.59:629][  0]LogAudioMixer: Display: Audio Mixer Platform Settings:
[2026.03.27-15.47.59:629][  0]LogAudioMixer: Display: 	Sample Rate:						  48000
[2026.03.27-15.47.59:629][  0]LogAudioMixer: Display: 	Callback Buffer Frame Size Requested: 1024
[2026.03.27-15.47.59:629][  0]LogAudioMixer: Display: 	Callback Buffer Frame Size To Use:	  1024
[2026.03.27-15.47.59:629][  0]LogAudioMixer: Display: 	Number of buffers to queue:			  2
[2026.03.27-15.47.59:629][  0]LogAudioMixer: Display: 	Max Channels (voices):				  32
[2026.03.27-15.47.59:629][  0]LogAudioMixer: Display: 	Number of Async Source Workers:		  0
[2026.03.27-15.47.59:629][  0]LogAudio: Display: AudioDevice MaxSources: 32
[2026.03.27-15.47.59:630][  0]LogAudio: Display: Audio Spatialization Plugin: None (built-in).
[2026.03.27-15.47.59:630][  0]LogAudio: Display: Audio Reverb Plugin: None (built-in).
[2026.03.27-15.47.59:630][  0]LogAudio: Display: Audio Occlusion Plugin: None (built-in).
[2026.03.27-15.47.59:630][  0]LogAudioMixer: Display: Initializing audio mixer.
[2026.03.27-15.47.59:679][  0]LogAudioMixer: Display: 0: FrontLeft
[2026.03.27-15.47.59:679][  0]LogAudioMixer: Display: 1: FrontRight
[2026.03.27-15.47.59:679][  0]LogAudioMixer: Display: 2: FrontCenter
[2026.03.27-15.47.59:679][  0]LogAudioMixer: Display: 3: LowFrequency
[2026.03.27-15.47.59:679][  0]LogAudioMixer: Display: 4: BackLeft
[2026.03.27-15.47.59:679][  0]LogAudioMixer: Display: 5: BackRight
[2026.03.27-15.47.59:679][  0]LogAudioMixer: Display: 6: SideLeft
[2026.03.27-15.47.59:679][  0]LogAudioMixer: Display: 7: SideRight
[2026.03.27-15.47.59:696][  0]LogAudioMixer: Display: Using Audio Device Headset Earphone (CORSAIR VOID PRO Wireless Gaming Headset)
[2026.03.27-15.47.59:698][  0]LogAudioMixer: Display: Initializing Sound Submixes...
[2026.03.27-15.47.59:723][  0]LogAudioMixer: Display: Creating Master Submix 'MasterSubmixDefault'
[2026.03.27-15.47.59:723][  0]LogAudioMixer: Display: Creating Master Submix 'MasterReverbSubmixDefault'
[2026.03.27-15.47.59:725][  0]LogAudioMixer: Display: Creating Master Submix 'MasterEQSubmixDefault'
[2026.03.27-15.47.59:725][  0]LogAudioMixer: FMixerPlatformXAudio2::StartAudioStream() called
[2026.03.27-15.47.59:725][  0]LogAudioMixer: Display: Output buffers initialized: Frames=1024, Channels=8, Samples=8192
[2026.03.27-15.47.59:726][  0]LogAudioMixer: Display: Starting AudioMixerPlatformInterface::RunInternal()
[2026.03.27-15.47.59:726][  0]LogAudioMixer: Display: FMixerPlatformXAudio2::SubmitBuffer() called for the first time
[2026.03.27-15.47.59:726][  0]LogInit: FAudioDevice initialized.
[2026.03.27-15.47.59:727][  0]LogAudio: Display: Audio Device (ID: 1) registered with world 'Untitled'.
[2026.03.27-15.47.59:728][  0]LogNetVersion: Set ProjectVersion to 1.0.0.0. Version Checksum will be recalculated on next use.
[2026.03.27-15.47.59:815][  0]LogDerivedDataCache: Saved boot cache 0.09s 94MB C:/Users/titan/AppData/Local/UnrealEngine/4.27/DerivedDataCache/Boot.ddc.
[2026.03.27-15.47.59:816][  0]LogInit: Texture streaming: Enabled
[2026.03.27-15.47.59:893][  0]LogAnalytics: Display: [UEEditor.Rocket.Release] APIServer = https://datarouter.ol.epicgames.com/. AppVersion = 4.27.2-18319896+++UE4+Release-4.27
[2026.03.27-15.47.59:916][  0]LogEngineSessionManager: EngineSessionManager initialized
[2026.03.27-15.47.59:917][  0]LogEditorSessionSummary: Verbose: Initializing EditorSessionSummaryWriter for editor session tracking
[2026.03.27-15.47.59:918][  0]LogEditorSessionSummary: EditorSessionSummaryWriter initialized
[2026.03.27-15.47.59:995][  0]LogInit: Transaction tracking system initialized
[2026.03.27-15.48.00:158][  0]BlueprintLog: New page: Editor Load
[2026.03.27-15.48.00:615][  0]LocalizationService: Localization service is disabled
[2026.03.27-15.48.00:808][  0]TimingProfiler: Initialize
[2026.03.27-15.48.00:809][  0]TimingProfiler: OnSessionChanged
[2026.03.27-15.48.00:809][  0]LoadingProfiler: Initialize
[2026.03.27-15.48.00:809][  0]LoadingProfiler: OnSessionChanged
[2026.03.27-15.48.00:810][  0]NetworkingProfiler: Initialize
[2026.03.27-15.48.00:811][  0]NetworkingProfiler: OnSessionChanged
[2026.03.27-15.48.00:811][  0]MemoryProfiler: Initialize
[2026.03.27-15.48.00:811][  0]MemoryProfiler: OnSessionChanged
[2026.03.27-15.48.01:118][  0]LogVSAccessor: Display: Unable to create Visual Studio setup instance: 80040154
[2026.03.27-15.48.01:118][  0]LogVSAccessor: Display: Unable to create Visual Studio setup instance: 80040154
[2026.03.27-15.48.01:118][  0]LogVSAccessor: Display: Unable to create Visual Studio setup instance: 80040154
[2026.03.27-15.48.01:440][  0]LogCook: Display: CookSettings for Memory: MemoryMaxUsedVirtual 0MiB, MemoryMaxUsedPhysical 16384MiB, MemoryMinFreeVirtual 0MiB, MemoryMinFreePhysical 1024MiB
[2026.03.27-15.48.01:440][  0]LogCook: Display: Mobile HDR setting 1
[2026.03.27-15.48.02:163][  0]LogFileCache: Scanning file cache for directory 'C:/Users/titan/Desktop/CPSC399_Game/CPSC399Game/Content/' took 0.01s
[2026.03.27-15.48.02:751][  0]LogInit: Display: Engine is initialized. Leaving FEngineLoop::Init()
[2026.03.27-15.48.02:757][  0]SourceControl: Source control is disabled
[2026.03.27-15.48.02:758][  0]LogUnrealEdMisc: Loading editor; pre map load, took 27.440
[2026.03.27-15.48.02:758][  0]Cmd: MAP LOAD FILE="C:/Users/titan/Desktop/CPSC399_Game/CPSC399Game/Content/ThirdPersonBP/Maps/ThirdPersonExampleMap.umap" TEMPLATE=0 SHOWPROGRESS=1 FEATURELEVEL=3
[2026.03.27-15.48.02:760][  0]LightingResults: New page: Lighting Build
[2026.03.27-15.48.02:767][  0]LogWorld: UWorld::CleanupWorld for Untitled, bSessionEnded=true, bCleanupResources=true
[2026.03.27-15.48.02:770][  0]LogSlate: InvalidateAllWidgets triggered.  All widgets were invalidated
[2026.03.27-15.48.02:773][  0]MapCheck: New page: Map Check
[2026.03.27-15.48.02:773][  0]LightingResults: New page: Lighting Build
[2026.03.27-15.48.02:786][  0]LogAudio: Display: Audio Device unregistered from world 'None'.
[2026.03.27-15.48.02:800][  0]LogUObjectHash: Compacting FUObjectHashTables data took   0.62ms
[2026.03.27-15.48.03:294][  0]LogAudio: Display: Audio Device (ID: 1) registered with world 'ThirdPersonExampleMap'.
[2026.03.27-15.48.03:295][  0]LogAIModule: Creating AISystem for world ThirdPersonExampleMap
[2026.03.27-15.48.03:336][  0]LogEditorServer: Finished looking for orphan Actors (0.000 secs)
[2026.03.27-15.48.03:351][  0]LogUObjectHash: Compacting FUObjectHashTables data took   0.67ms
[2026.03.27-15.48.03:353][  0]Cmd: MAP CHECKDEP NOCLEARLOG
[2026.03.27-15.48.03:354][  0]MapCheck: Map check complete: 0 Error(s), 0 Warning(s), took 0.271ms to complete.
[2026.03.27-15.48.03:354][  0]LogFileHelpers: Loading map 'ThirdPersonExampleMap' took 0.596
[2026.03.27-15.48.03:381][  0]LogUnrealEdMisc: Total Editor Startup Time, took 28.063
[2026.03.27-15.48.03:526][  0]LogSlate: Updating window title bar state: overlay mode, drag disabled, window buttons hidden, title bar hidden
[2026.03.27-15.48.03:531][  0]LogSlate: Updating window title bar state: overlay mode, drag disabled, window buttons hidden, title bar hidden
[2026.03.27-15.48.03:537][  0]LogSlate: Updating window title bar state: overlay mode, drag disabled, window buttons hidden, title bar hidden
[2026.03.27-15.48.03:541][  0]LogSlate: Updating window title bar state: overlay mode, drag disabled, window buttons hidden, title bar hidden
[2026.03.27-15.48.03:573][  0]LogNativeClassHierarchy: Verbose: Native class hierarchy populated in 0.0070 seconds. Added 3822 classes and 928 folders.
[2026.03.27-15.48.03:578][  0]LogNativeClassHierarchy: Verbose: Native class hierarchy updated for 'WidgetCarousel' in 0.0002 seconds. Added 0 classes and 0 folders.
[2026.03.27-15.48.03:604][  0]LogPakFile: PakFile PrimaryIndexSize=187
[2026.03.27-15.48.03:604][  0]LogPakFile: PakFile PathHashIndexSize=101
[2026.03.27-15.48.03:604][  0]LogPakFile: PakFile FullDirectoryIndexSize=148
[2026.03.27-15.48.03:605][  0]LogShaderLibrary: Display: ShaderCodeLibraryPakFileMountedCallback: PakFile 'D:/Epic Games/UE_4.27/FeaturePacks/FP_FirstPerson.upack' (chunk index -1, root 'root:/') mounted
[2026.03.27-15.48.03:605][  0]LogShaderLibrary: Display: ShaderCodeLibraryPakFileMountedCallback: pending pak file info (ChunkID:-1 Root:root:/ File:D:/Epic Games/UE_4.27/FeaturePacks/FP_FirstPerson.upack)
[2026.03.27-15.48.03:605][  0]LogPakFile: OnPakFileMounted2Time == 0.000880
[2026.03.27-15.48.03:615][  0]LogPakFile: PakFile PrimaryIndexSize=189
[2026.03.27-15.48.03:615][  0]LogPakFile: PakFile PathHashIndexSize=101
[2026.03.27-15.48.03:615][  0]LogPakFile: PakFile FullDirectoryIndexSize=152
[2026.03.27-15.48.03:615][  0]LogShaderLibrary: Display: ShaderCodeLibraryPakFileMountedCallback: PakFile 'D:/Epic Games/UE_4.27/FeaturePacks/FP_FirstPersonBP.upack' (chunk index -1, root 'root:/') mounted
[2026.03.27-15.48.03:615][  0]LogShaderLibrary: Display: ShaderCodeLibraryPakFileMountedCallback: pending pak file info (ChunkID:-1 Root:root:/ File:D:/Epic Games/UE_4.27/FeaturePacks/FP_FirstPersonBP.upack)
[2026.03.27-15.48.03:616][  0]LogPakFile: OnPakFileMounted2Time == 0.000032
[2026.03.27-15.48.03:622][  0]LogPakFile: PakFile PrimaryIndexSize=191
[2026.03.27-15.48.03:622][  0]LogPakFile: PakFile PathHashIndexSize=101
[2026.03.27-15.48.03:622][  0]LogPakFile: PakFile FullDirectoryIndexSize=160
[2026.03.27-15.48.03:622][  0]LogShaderLibrary: Display: ShaderCodeLibraryPakFileMountedCallback: PakFile 'D:/Epic Games/UE_4.27/FeaturePacks/MobileStarterContent.upack' (chunk index -1, root 'root:/') mounted
[2026.03.27-15.48.03:623][  0]LogShaderLibrary: Display: ShaderCodeLibraryPakFileMountedCallback: pending pak file info (ChunkID:-1 Root:root:/ File:D:/Epic Games/UE_4.27/FeaturePacks/MobileStarterContent.upack)
[2026.03.27-15.48.03:623][  0]LogPakFile: OnPakFileMounted2Time == 0.000050
[2026.03.27-15.48.03:629][  0]LogPakFile: PakFile PrimaryIndexSize=185
[2026.03.27-15.48.03:629][  0]LogPakFile: PakFile PathHashIndexSize=101
[2026.03.27-15.48.03:629][  0]LogPakFile: PakFile FullDirectoryIndexSize=148
[2026.03.27-15.48.03:629][  0]LogShaderLibrary: Display: ShaderCodeLibraryPakFileMountedCallback: PakFile 'D:/Epic Games/UE_4.27/FeaturePacks/StarterContent.upack' (chunk index -1, root 'root:/') mounted
[2026.03.27-15.48.03:629][  0]LogShaderLibrary: Display: ShaderCodeLibraryPakFileMountedCallback: pending pak file info (ChunkID:-1 Root:root:/ File:D:/Epic Games/UE_4.27/FeaturePacks/StarterContent.upack)
[2026.03.27-15.48.03:629][  0]LogPakFile: OnPakFileMounted2Time == 0.000028
[2026.03.27-15.48.03:637][  0]LogPakFile: PakFile PrimaryIndexSize=190
[2026.03.27-15.48.03:637][  0]LogPakFile: PakFile PathHashIndexSize=101
[2026.03.27-15.48.03:637][  0]LogPakFile: PakFile FullDirectoryIndexSize=154
[2026.03.27-15.48.03:637][  0]LogShaderLibrary: Display: ShaderCodeLibraryPakFileMountedCallback: PakFile 'D:/Epic Games/UE_4.27/FeaturePacks/TP_2DSideScroller.upack' (chunk index -1, root 'root:/') mounted
[2026.03.27-15.48.03:637][  0]LogShaderLibrary: Display: ShaderCodeLibraryPakFileMountedCallback: pending pak file info (ChunkID:-1 Root:root:/ File:D:/Epic Games/UE_4.27/FeaturePacks/TP_2DSideScroller.upack)
[2026.03.27-15.48.03:637][  0]LogPakFile: OnPakFileMounted2Time == 0.000027
[2026.03.27-15.48.03:643][  0]LogPakFile: PakFile PrimaryIndexSize=192
[2026.03.27-15.48.03:643][  0]LogPakFile: PakFile PathHashIndexSize=101
[2026.03.27-15.48.03:643][  0]LogPakFile: PakFile FullDirectoryIndexSize=158
[2026.03.27-15.48.03:643][  0]LogShaderLibrary: Display: ShaderCodeLibraryPakFileMountedCallback: PakFile 'D:/Epic Games/UE_4.27/FeaturePacks/TP_2DSideScrollerBP.upack' (chunk index -1, root 'root:/') mounted
[2026.03.27-15.48.03:643][  0]LogShaderLibrary: Display: ShaderCodeLibraryPakFileMountedCallback: pending pak file info (ChunkID:-1 Root:root:/ File:D:/Epic Games/UE_4.27/FeaturePacks/TP_2DSideScrollerBP.upack)
[2026.03.27-15.48.03:643][  0]LogPakFile: OnPakFileMounted2Time == 0.000027
[2026.03.27-15.48.03:648][  0]LogPakFile: PakFile PrimaryIndexSize=182
[2026.03.27-15.48.03:648][  0]LogPakFile: PakFile PathHashIndexSize=101
[2026.03.27-15.48.03:648][  0]LogPakFile: PakFile FullDirectoryIndexSize=138
[2026.03.27-15.48.03:648][  0]LogShaderLibrary: Display: ShaderCodeLibraryPakFileMountedCallback: PakFile 'D:/Epic Games/UE_4.27/FeaturePacks/TP_Flying.upack' (chunk index -1, root 'root:/') mounted
[2026.03.27-15.48.03:648][  0]LogShaderLibrary: Display: ShaderCodeLibraryPakFileMountedCallback: pending pak file info (ChunkID:-1 Root:root:/ File:D:/Epic Games/UE_4.27/FeaturePacks/TP_Flying.upack)
[2026.03.27-15.48.03:648][  0]LogPakFile: OnPakFileMounted2Time == 0.000034
[2026.03.27-15.48.03:656][  0]LogPakFile: PakFile PrimaryIndexSize=184
[2026.03.27-15.48.03:656][  0]LogPakFile: PakFile PathHashIndexSize=101
[2026.03.27-15.48.03:656][  0]LogPakFile: PakFile FullDirectoryIndexSize=142
[2026.03.27-15.48.03:656][  0]LogShaderLibrary: Display: ShaderCodeLibraryPakFileMountedCallback: PakFile 'D:/Epic Games/UE_4.27/FeaturePacks/TP_FlyingBP.upack' (chunk index -1, root 'root:/') mounted
[2026.03.27-15.48.03:656][  0]LogShaderLibrary: Display: ShaderCodeLibraryPakFileMountedCallback: pending pak file info (ChunkID:-1 Root:root:/ File:D:/Epic Games/UE_4.27/FeaturePacks/TP_FlyingBP.upack)
[2026.03.27-15.48.03:656][  0]LogPakFile: OnPakFileMounted2Time == 0.000045
[2026.03.27-15.48.03:663][  0]LogPakFile: PakFile PrimaryIndexSize=188
[2026.03.27-15.48.03:663][  0]LogPakFile: PakFile PathHashIndexSize=101
[2026.03.27-15.48.03:663][  0]LogPakFile: PakFile FullDirectoryIndexSize=150
[2026.03.27-15.48.03:663][  0]LogShaderLibrary: Display: ShaderCodeLibraryPakFileMountedCallback: PakFile 'D:/Epic Games/UE_4.27/FeaturePacks/TP_HandheldARBP.upack' (chunk index -1, root 'root:/') mounted
[2026.03.27-15.48.03:663][  0]LogShaderLibrary: Display: ShaderCodeLibraryPakFileMountedCallback: pending pak file info (ChunkID:-1 Root:root:/ File:D:/Epic Games/UE_4.27/FeaturePacks/TP_HandheldARBP.upack)
[2026.03.27-15.48.03:663][  0]LogPakFile: OnPakFileMounted2Time == 0.000092
[2026.03.27-15.48.03:671][  0]LogPakFile: PakFile PrimaryIndexSize=182
[2026.03.27-15.48.03:671][  0]LogPakFile: PakFile PathHashIndexSize=101
[2026.03.27-15.48.03:671][  0]LogPakFile: PakFile FullDirectoryIndexSize=138
[2026.03.27-15.48.03:671][  0]LogShaderLibrary: Display: ShaderCodeLibraryPakFileMountedCallback: PakFile 'D:/Epic Games/UE_4.27/FeaturePacks/TP_Puzzle.upack' (chunk index -1, root 'root:/') mounted
[2026.03.27-15.48.03:671][  0]LogShaderLibrary: Display: ShaderCodeLibraryPakFileMountedCallback: pending pak file info (ChunkID:-1 Root:root:/ File:D:/Epic Games/UE_4.27/FeaturePacks/TP_Puzzle.upack)
[2026.03.27-15.48.03:671][  0]LogPakFile: OnPakFileMounted2Time == 0.000095
[2026.03.27-15.48.03:682][  0]LogPakFile: PakFile PrimaryIndexSize=184
[2026.03.27-15.48.03:682][  0]LogPakFile: PakFile PathHashIndexSize=101
[2026.03.27-15.48.03:682][  0]LogPakFile: PakFile FullDirectoryIndexSize=142
[2026.03.27-15.48.03:682][  0]LogShaderLibrary: Display: ShaderCodeLibraryPakFileMountedCallback: PakFile 'D:/Epic Games/UE_4.27/FeaturePacks/TP_PuzzleBP.upack' (chunk index -1, root 'root:/') mounted
[2026.03.27-15.48.03:682][  0]LogShaderLibrary: Display: ShaderCodeLibraryPakFileMountedCallback: pending pak file info (ChunkID:-1 Root:root:/ File:D:/Epic Games/UE_4.27/FeaturePacks/TP_PuzzleBP.upack)
[2026.03.27-15.48.03:682][  0]LogPakFile: OnPakFileMounted2Time == 0.000090
[2026.03.27-15.48.03:692][  0]LogPakFile: PakFile PrimaryIndexSize=183
[2026.03.27-15.48.03:692][  0]LogPakFile: PakFile PathHashIndexSize=101
[2026.03.27-15.48.03:692][  0]LogPakFile: PakFile FullDirectoryIndexSize=140
[2026.03.27-15.48.03:692][  0]LogShaderLibrary: Display: ShaderCodeLibraryPakFileMountedCallback: PakFile 'D:/Epic Games/UE_4.27/FeaturePacks/TP_Rolling.upack' (chunk index -1, root 'root:/') mounted
[2026.03.27-15.48.03:692][  0]LogShaderLibrary: Display: ShaderCodeLibraryPakFileMountedCallback: pending pak file info (ChunkID:-1 Root:root:/ File:D:/Epic Games/UE_4.27/FeaturePacks/TP_Rolling.upack)
[2026.03.27-15.48.03:692][  0]LogPakFile: OnPakFileMounted2Time == 0.000027
[2026.03.27-15.48.03:699][  0]LogPakFile: PakFile PrimaryIndexSize=185
[2026.03.27-15.48.03:699][  0]LogPakFile: PakFile PathHashIndexSize=101
[2026.03.27-15.48.03:699][  0]LogPakFile: PakFile FullDirectoryIndexSize=144
[2026.03.27-15.48.03:699][  0]LogShaderLibrary: Display: ShaderCodeLibraryPakFileMountedCallback: PakFile 'D:/Epic Games/UE_4.27/FeaturePacks/TP_RollingBP.upack' (chunk index -1, root 'root:/') mounted
[2026.03.27-15.48.03:699][  0]LogShaderLibrary: Display: ShaderCodeLibraryPakFileMountedCallback: pending pak file info (ChunkID:-1 Root:root:/ File:D:/Epic Games/UE_4.27/FeaturePacks/TP_RollingBP.upack)
[2026.03.27-15.48.03:699][  0]LogPakFile: OnPakFileMounted2Time == 0.000026
[2026.03.27-15.48.03:705][  0]LogPakFile: PakFile PrimaryIndexSize=188
[2026.03.27-15.48.03:705][  0]LogPakFile: PakFile PathHashIndexSize=101
[2026.03.27-15.48.03:705][  0]LogPakFile: PakFile FullDirectoryIndexSize=150
[2026.03.27-15.48.03:705][  0]LogShaderLibrary: Display: ShaderCodeLibraryPakFileMountedCallback: PakFile 'D:/Epic Games/UE_4.27/FeaturePacks/TP_SideScroller.upack' (chunk index -1, root 'root:/') mounted
[2026.03.27-15.48.03:705][  0]LogShaderLibrary: Display: ShaderCodeLibraryPakFileMountedCallback: pending pak file info (ChunkID:-1 Root:root:/ File:D:/Epic Games/UE_4.27/FeaturePacks/TP_SideScroller.upack)
[2026.03.27-15.48.03:705][  0]LogPakFile: OnPakFileMounted2Time == 0.000056
[2026.03.27-15.48.03:711][  0]LogPakFile: PakFile PrimaryIndexSize=190
[2026.03.27-15.48.03:711][  0]LogPakFile: PakFile PathHashIndexSize=101
[2026.03.27-15.48.03:711][  0]LogPakFile: PakFile FullDirectoryIndexSize=154
[2026.03.27-15.48.03:711][  0]LogShaderLibrary: Display: ShaderCodeLibraryPakFileMountedCallback: PakFile 'D:/Epic Games/UE_4.27/FeaturePacks/TP_SideScrollerBP.upack' (chunk index -1, root 'root:/') mounted
[2026.03.27-15.48.03:711][  0]LogShaderLibrary: Display: ShaderCodeLibraryPakFileMountedCallback: pending pak file info (ChunkID:-1 Root:root:/ File:D:/Epic Games/UE_4.27/FeaturePacks/TP_SideScrollerBP.upack)
[2026.03.27-15.48.03:711][  0]LogPakFile: OnPakFileMounted2Time == 0.000026
[2026.03.27-15.48.03:717][  0]LogPakFile: PakFile PrimaryIndexSize=187
[2026.03.27-15.48.03:717][  0]LogPakFile: PakFile PathHashIndexSize=101
[2026.03.27-15.48.03:717][  0]LogPakFile: PakFile FullDirectoryIndexSize=148
[2026.03.27-15.48.03:717][  0]LogShaderLibrary: Display: ShaderCodeLibraryPakFileMountedCallback: PakFile 'D:/Epic Games/UE_4.27/FeaturePacks/TP_ThirdPerson.upack' (chunk index -1, root 'root:/') mounted
[2026.03.27-15.48.03:717][  0]LogShaderLibrary: Display: ShaderCodeLibraryPakFileMountedCallback: pending pak file info (ChunkID:-1 Root:root:/ File:D:/Epic Games/UE_4.27/FeaturePacks/TP_ThirdPerson.upack)
[2026.03.27-15.48.03:717][  0]LogPakFile: OnPakFileMounted2Time == 0.000033
[2026.03.27-15.48.03:723][  0]LogPakFile: PakFile PrimaryIndexSize=189
[2026.03.27-15.48.03:723][  0]LogPakFile: PakFile PathHashIndexSize=101
[2026.03.27-15.48.03:723][  0]LogPakFile: PakFile FullDirectoryIndexSize=152
[2026.03.27-15.48.03:723][  0]LogShaderLibrary: Display: ShaderCodeLibraryPakFileMountedCallback: PakFile 'D:/Epic Games/UE_4.27/FeaturePacks/TP_ThirdPersonBP.upack' (chunk index -1, root 'root:/') mounted
[2026.03.27-15.48.03:723][  0]LogShaderLibrary: Display: ShaderCodeLibraryPakFileMountedCallback: pending pak file info (ChunkID:-1 Root:root:/ File:D:/Epic Games/UE_4.27/FeaturePacks/TP_ThirdPersonBP.upack)
[2026.03.27-15.48.03:723][  0]LogPakFile: OnPakFileMounted2Time == 0.000026
[2026.03.27-15.48.03:730][  0]LogPakFile: PakFile PrimaryIndexSize=183
[2026.03.27-15.48.03:730][  0]LogPakFile: PakFile PathHashIndexSize=101
[2026.03.27-15.48.03:730][  0]LogPakFile: PakFile FullDirectoryIndexSize=140
[2026.03.27-15.48.03:730][  0]LogShaderLibrary: Display: ShaderCodeLibraryPakFileMountedCallback: PakFile 'D:/Epic Games/UE_4.27/FeaturePacks/TP_TopDown.upack' (chunk index -1, root 'root:/') mounted
[2026.03.27-15.48.03:730][  0]LogShaderLibrary: Display: ShaderCodeLibraryPakFileMountedCallback: pending pak file info (ChunkID:-1 Root:root:/ File:D:/Epic Games/UE_4.27/FeaturePacks/TP_TopDown.upack)
[2026.03.27-15.48.03:730][  0]LogPakFile: OnPakFileMounted2Time == 0.000045
[2026.03.27-15.48.03:736][  0]LogPakFile: PakFile PrimaryIndexSize=185
[2026.03.27-15.48.03:736][  0]LogPakFile: PakFile PathHashIndexSize=101
[2026.03.27-15.48.03:736][  0]LogPakFile: PakFile FullDirectoryIndexSize=144
[2026.03.27-15.48.03:736][  0]LogShaderLibrary: Display: ShaderCodeLibraryPakFileMountedCallback: PakFile 'D:/Epic Games/UE_4.27/FeaturePacks/TP_TopDownBP.upack' (chunk index -1, root 'root:/') mounted
[2026.03.27-15.48.03:736][  0]LogShaderLibrary: Display: ShaderCodeLibraryPakFileMountedCallback: pending pak file info (ChunkID:-1 Root:root:/ File:D:/Epic Games/UE_4.27/FeaturePacks/TP_TopDownBP.upack)
[2026.03.27-15.48.03:736][  0]LogPakFile: OnPakFileMounted2Time == 0.000025
[2026.03.27-15.48.03:744][  0]LogPakFile: PakFile PrimaryIndexSize=185
[2026.03.27-15.48.03:744][  0]LogPakFile: PakFile PathHashIndexSize=101
[2026.03.27-15.48.03:744][  0]LogPakFile: PakFile FullDirectoryIndexSize=144
[2026.03.27-15.48.03:744][  0]LogShaderLibrary: Display: ShaderCodeLibraryPakFileMountedCallback: PakFile 'D:/Epic Games/UE_4.27/FeaturePacks/TP_TwinStick.upack' (chunk index -1, root 'root:/') mounted
[2026.03.27-15.48.03:744][  0]LogShaderLibrary: Display: ShaderCodeLibraryPakFileMountedCallback: pending pak file info (ChunkID:-1 Root:root:/ File:D:/Epic Games/UE_4.27/FeaturePacks/TP_TwinStick.upack)
[2026.03.27-15.48.03:744][  0]LogPakFile: OnPakFileMounted2Time == 0.000027
[2026.03.27-15.48.03:750][  0]LogPakFile: PakFile PrimaryIndexSize=187
[2026.03.27-15.48.03:750][  0]LogPakFile: PakFile PathHashIndexSize=101
[2026.03.27-15.48.03:750][  0]LogPakFile: PakFile FullDirectoryIndexSize=148
[2026.03.27-15.48.03:750][  0]LogShaderLibrary: Display: ShaderCodeLibraryPakFileMountedCallback: PakFile 'D:/Epic Games/UE_4.27/FeaturePacks/TP_TwinStickBP.upack' (chunk index -1, root 'root:/') mounted
[2026.03.27-15.48.03:750][  0]LogShaderLibrary: Display: ShaderCodeLibraryPakFileMountedCallback: pending pak file info (ChunkID:-1 Root:root:/ File:D:/Epic Games/UE_4.27/FeaturePacks/TP_TwinStickBP.upack)
[2026.03.27-15.48.03:750][  0]LogPakFile: OnPakFileMounted2Time == 0.000025
[2026.03.27-15.48.03:756][  0]LogPakFile: PakFile PrimaryIndexSize=183
[2026.03.27-15.48.03:756][  0]LogPakFile: PakFile PathHashIndexSize=101
[2026.03.27-15.48.03:756][  0]LogPakFile: PakFile FullDirectoryIndexSize=140
[2026.03.27-15.48.03:756][  0]LogShaderLibrary: Display: ShaderCodeLibraryPakFileMountedCallback: PakFile 'D:/Epic Games/UE_4.27/FeaturePacks/TP_Vehicle.upack' (chunk index -1, root 'root:/') mounted
[2026.03.27-15.48.03:756][  0]LogShaderLibrary: Display: ShaderCodeLibraryPakFileMountedCallback: pending pak file info (ChunkID:-1 Root:root:/ File:D:/Epic Games/UE_4.27/FeaturePacks/TP_Vehicle.upack)
[2026.03.27-15.48.03:756][  0]LogPakFile: OnPakFileMounted2Time == 0.000036
[2026.03.27-15.48.03:763][  0]LogPakFile: PakFile PrimaryIndexSize=186
[2026.03.27-15.48.03:763][  0]LogPakFile: PakFile PathHashIndexSize=101
[2026.03.27-15.48.03:763][  0]LogPakFile: PakFile FullDirectoryIndexSize=146
[2026.03.27-15.48.03:763][  0]LogShaderLibrary: Display: ShaderCodeLibraryPakFileMountedCallback: PakFile 'D:/Epic Games/UE_4.27/FeaturePacks/TP_VehicleAdv.upack' (chunk index -1, root 'root:/') mounted
[2026.03.27-15.48.03:763][  0]LogShaderLibrary: Display: ShaderCodeLibraryPakFileMountedCallback: pending pak file info (ChunkID:-1 Root:root:/ File:D:/Epic Games/UE_4.27/FeaturePacks/TP_VehicleAdv.upack)
[2026.03.27-15.48.03:763][  0]LogPakFile: OnPakFileMounted2Time == 0.000027
[2026.03.27-15.48.03:768][  0]LogPakFile: PakFile PrimaryIndexSize=188
[2026.03.27-15.48.03:768][  0]LogPakFile: PakFile PathHashIndexSize=101
[2026.03.27-15.48.03:768][  0]LogPakFile: PakFile FullDirectoryIndexSize=150
[2026.03.27-15.48.03:768][  0]LogShaderLibrary: Display: ShaderCodeLibraryPakFileMountedCallback: PakFile 'D:/Epic Games/UE_4.27/FeaturePacks/TP_VehicleAdvBP.upack' (chunk index -1, root 'root:/') mounted
[2026.03.27-15.48.03:768][  0]LogShaderLibrary: Display: ShaderCodeLibraryPakFileMountedCallback: pending pak file info (ChunkID:-1 Root:root:/ File:D:/Epic Games/UE_4.27/FeaturePacks/TP_VehicleAdvBP.upack)
[2026.03.27-15.48.03:768][  0]LogPakFile: OnPakFileMounted2Time == 0.000030
[2026.03.27-15.48.03:775][  0]LogPakFile: PakFile PrimaryIndexSize=185
[2026.03.27-15.48.03:775][  0]LogPakFile: PakFile PathHashIndexSize=101
[2026.03.27-15.48.03:775][  0]LogPakFile: PakFile FullDirectoryIndexSize=144
[2026.03.27-15.48.03:775][  0]LogShaderLibrary: Display: ShaderCodeLibraryPakFileMountedCallback: PakFile 'D:/Epic Games/UE_4.27/FeaturePacks/TP_VehicleBP.upack' (chunk index -1, root 'root:/') mounted
[2026.03.27-15.48.03:775][  0]LogShaderLibrary: Display: ShaderCodeLibraryPakFileMountedCallback: pending pak file info (ChunkID:-1 Root:root:/ File:D:/Epic Games/UE_4.27/FeaturePacks/TP_VehicleBP.upack)
[2026.03.27-15.48.03:775][  0]LogPakFile: OnPakFileMounted2Time == 0.000026
[2026.03.27-15.48.03:782][  0]LogPakFile: PakFile PrimaryIndexSize=192
[2026.03.27-15.48.03:782][  0]LogPakFile: PakFile PathHashIndexSize=101
[2026.03.27-15.48.03:782][  0]LogPakFile: PakFile FullDirectoryIndexSize=158
[2026.03.27-15.48.03:782][  0]LogShaderLibrary: Display: ShaderCodeLibraryPakFileMountedCallback: PakFile 'D:/Epic Games/UE_4.27/FeaturePacks/TP_VirtualRealityBP.upack' (chunk index -1, root 'root:/') mounted
[2026.03.27-15.48.03:782][  0]LogShaderLibrary: Display: ShaderCodeLibraryPakFileMountedCallback: pending pak file info (ChunkID:-1 Root:root:/ File:D:/Epic Games/UE_4.27/FeaturePacks/TP_VirtualRealityBP.upack)
[2026.03.27-15.48.03:782][  0]LogPakFile: OnPakFileMounted2Time == 0.000025
[2026.03.27-15.48.04:181][  0]LogNativeClassHierarchy: Verbose: Native class hierarchy updated for 'AddContentDialog' in 0.0002 seconds. Added 0 classes and 0 folders.
[2026.03.27-15.48.04:184][  0]LogNativeClassHierarchy: Verbose: Native class hierarchy updated for 'SceneOutliner' in 0.0002 seconds. Added 2 classes and 0 folders.
[2026.03.27-15.48.04:274][  0]LogSlate: Took 0.015055 seconds to synchronously load lazily loaded font '../../../Engine/Content/Slate/Fonts/Roboto-Regular.ttf' (155K)
[2026.03.27-15.48.04:286][  0]LogSlate: Took 0.008584 seconds to synchronously load lazily loaded font '../../../Engine/Content/Editor/Slate/Fonts/FontAwesome.ttf' (139K)
[2026.03.27-15.48.04:293][  0]LogSlate: Took 0.005500 seconds to synchronously load lazily loaded font '../../../Engine/Content/Slate/Fonts/Roboto-Bold.ttf' (160K)
[2026.03.27-15.48.04:430][  0]LogRenderer: Reallocating scene render targets to support 1860x992 Format 10 NumSamples 1 (Frame:1).
[2026.03.27-15.48.04:552][  0]LogNativeClassHierarchy: Verbose: Native class hierarchy updated for 'HierarchicalLODOutliner' in 0.0002 seconds. Added 0 classes and 0 folders.
[2026.03.27-15.48.04:552][  0]LogInput: Warning: Action Jump uses invalid key OculusGo_Left_Trigger_Click.
[2026.03.27-15.48.04:552][  0]LogInput: Warning: Action ResetVR uses invalid key OculusGo_Left_Trackpad_Click.
[2026.03.27-15.48.04:552][  0]LogInput: Warning: Use -RemoveInvalidKeys to remove instances of these keys from the action mapping.
[2026.03.27-15.48.04:553][  0]LogLoad: (Engine Initialization) Total time: 29.23 seconds
[2026.03.27-15.48.04:553][  0]LogLoad: (Engine Initialization) Total Blueprint compile time: 0.00 seconds
[2026.03.27-15.48.04:596][  0]LogAssetRegistry: Asset discovery search completed in 15.1575 seconds
[2026.03.27-15.48.04:628][  0]LogCollectionManager: Fixed up redirectors for 0 collections in 0.000004 seconds (updated 0 objects)
[2026.03.27-15.48.04:634][  0]LogContentStreaming: Texture pool size now 1000 MB
[2026.03.27-15.48.05:917][  4]LogSlate: Took 0.007148 seconds to synchronously load lazily loaded font '../../../Engine/Content/Slate/Fonts/Roboto-Light.ttf' (167K)
[2026.03.27-15.49.12:690][ 94]LogContentBrowser: Deferred new asset file creation: NewWorld
[2026.03.27-15.49.12:708][ 94]LogContentBrowser: Creating deferred item: NewWorld
[2026.03.27-15.49.33:355][572]LogContentBrowser: Attempting asset rename: NewWorld -> GameLevel
[2026.03.27-15.49.33:358][572]LogContentBrowser: End creating deferred item NewWorld
[2026.03.27-15.49.34:814][744]LogUObjectHash: Compacting FUObjectHashTables data took   0.47ms
[2026.03.27-15.49.37:395][744]LogSlate: Window 'Save Content' being destroyed
[2026.03.27-15.49.43:983][512]LogUObjectHash: Compacting FUObjectHashTables data took   0.43ms
[2026.03.27-15.49.46:195][512]LogSlate: Window 'Save Content' being destroyed
[2026.03.27-15.49.48:496][775]LogUObjectHash: Compacting FUObjectHashTables data took   0.41ms
[2026.03.27-15.49.51:261][775]LogSlate: Window 'Save Content' being destroyed
[2026.03.27-15.49.51:294][775]LogUObjectHash: Compacting FUObjectHashTables data took   0.21ms
[2026.03.27-15.49.51:299][775]LogSavePackage: Moving 'C:/Users/titan/Desktop/CPSC399_Game/CPSC399Game/Saved/GameLevel6DCAF1B844003522AE1AA7A30FCAE6E0.tmp' to 'C:/Users/titan/Desktop/CPSC399_Game/CPSC399Game/Content/ThirdPersonBP/Maps/GameLevel.umap'
[2026.03.27-15.49.51:300][775]LogFileHelpers: Saving map 'GameLevel' took 0.011
[2026.03.27-15.49.51:323][775]LogAssetEditorSubsystem: Opening Asset editor for World /Game/ThirdPersonBP/Maps/GameLevel.GameLevel
[2026.03.27-15.49.51:323][775]Cmd: MAP LOAD FILE="C:/Users/titan/Desktop/CPSC399_Game/CPSC399Game/Content/ThirdPersonBP/Maps/GameLevel.umap" TEMPLATE=0 SHOWPROGRESS=1 FEATURELEVEL=3
[2026.03.27-15.49.51:323][775]LightingResults: New page: Lighting Build
[2026.03.27-15.49.51:323][775]LoadErrors: New page: Loading map: GameLevel.umap
[2026.03.27-15.49.51:325][775]LogWorld: UWorld::CleanupWorld for ThirdPersonExampleMap, bSessionEnded=true, bCleanupResources=true
[2026.03.27-15.49.51:325][775]LogSlate: InvalidateAllWidgets triggered.  All widgets were invalidated
[2026.03.27-15.49.51:325][775]MapCheck: New page: Map Check
[2026.03.27-15.49.51:325][775]LightingResults: New page: Lighting Build
[2026.03.27-15.49.51:329][775]LogAudio: Display: Audio Device unregistered from world 'None'.
[2026.03.27-15.49.51:333][775]LogUObjectHash: Compacting FUObjectHashTables data took   0.47ms
[2026.03.27-15.49.51:333][775]LogAudio: Display: Audio Device (ID: 1) registered with world 'GameLevel'.
[2026.03.27-15.49.51:334][775]LogEditorServer: Finished looking for orphan Actors (0.000 secs)
[2026.03.27-15.49.51:334][775]LogAIModule: Creating AISystem for world GameLevel
[2026.03.27-15.49.51:338][775]LogUObjectHash: Compacting FUObjectHashTables data took   0.38ms
[2026.03.27-15.49.51:340][775]Cmd: MAP CHECKDEP NOCLEARLOG
[2026.03.27-15.49.51:340][775]MapCheck: Map check complete: 0 Error(s), 0 Warning(s), took 0.098ms to complete.
[2026.03.27-15.49.51:340][775]LogFileHelpers: Loading map 'GameLevel' took 0.017
[2026.03.27-15.49.51:359][775]AssetCheck: New page: Asset Save: GameLevel
[2026.03.27-15.49.51:359][775]LogContentValidation: Display: Validating World /Game/ThirdPersonBP/Maps/GameLevel.GameLevel
[2026.03.27-15.49.56:332][370]LogUObjectHash: Compacting FUObjectHashTables data took   0.19ms
[2026.03.27-15.49.56:366][370]LogAssetEditorSubsystem: Opening Asset editor for World /Game/ThirdPersonBP/Maps/ThirdPersonExampleMap.ThirdPersonExampleMap
[2026.03.27-15.49.56:366][370]Cmd: MAP LOAD FILE="C:/Users/titan/Desktop/CPSC399_Game/CPSC399Game/Content/ThirdPersonBP/Maps/ThirdPersonExampleMap.umap" TEMPLATE=0 SHOWPROGRESS=1 FEATURELEVEL=3
[2026.03.27-15.49.56:366][370]LightingResults: New page: Lighting Build
[2026.03.27-15.49.56:366][370]LoadErrors: New page: Loading map: ThirdPersonExampleMap.umap
[2026.03.27-15.49.56:396][370]LogWorld: UWorld::CleanupWorld for GameLevel, bSessionEnded=true, bCleanupResources=true
[2026.03.27-15.49.56:396][370]LogSlate: InvalidateAllWidgets triggered.  All widgets were invalidated
[2026.03.27-15.49.56:396][370]MapCheck: New page: Map Check
[2026.03.27-15.49.56:396][370]LightingResults: New page: Lighting Build
[2026.03.27-15.49.56:399][370]LogAudio: Display: Audio Device unregistered from world 'None'.
[2026.03.27-15.49.56:401][370]LogUObjectHash: Compacting FUObjectHashTables data took   0.44ms
[2026.03.27-15.49.56:401][370]LogAudio: Display: Audio Device (ID: 1) registered with world 'ThirdPersonExampleMap'.
[2026.03.27-15.49.56:407][370]LogEditorServer: Finished looking for orphan Actors (0.000 secs)
[2026.03.27-15.49.56:407][370]LogAIModule: Creating AISystem for world ThirdPersonExampleMap
[2026.03.27-15.49.56:413][370]LogUObjectHash: Compacting FUObjectHashTables data took   0.42ms
[2026.03.27-15.49.56:415][370]Cmd: MAP CHECKDEP NOCLEARLOG
[2026.03.27-15.49.56:415][370]MapCheck: Map check complete: 0 Error(s), 0 Warning(s), took 0.094ms to complete.
[2026.03.27-15.49.56:415][370]LogFileHelpers: Loading map 'ThirdPersonExampleMap' took 0.049
[2026.03.27-15.50.02:208][ 54]LogAssetEditorSubsystem: Opening Asset editor for MapBuildDataRegistry /Game/ThirdPersonBP/Maps/ThirdPersonExampleMap_BuiltData.ThirdPersonExampleMap_BuiltData
[2026.03.27-15.50.05:309][419]LogSlate: Window 'ThirdPersonExampleMap_BuiltData' being destroyed
[2026.03.27-15.50.05:314][419]LogSlate: Window 'ThirdPersonExampleMap_BuiltData' being destroyed
[2026.03.27-15.50.19:398][105]LogUObjectHash: Compacting FUObjectHashTables data took   0.40ms
[2026.03.27-15.50.19:415][105]LogAssetEditorSubsystem: Opening Asset editor for World /Game/ThirdPersonBP/Maps/GameLevel.GameLevel
[2026.03.27-15.50.19:415][105]Cmd: MAP LOAD FILE="C:/Users/titan/Desktop/CPSC399_Game/CPSC399Game/Content/ThirdPersonBP/Maps/GameLevel.umap" TEMPLATE=0 SHOWPROGRESS=1 FEATURELEVEL=3
[2026.03.27-15.50.19:415][105]LightingResults: New page: Lighting Build
[2026.03.27-15.50.19:415][105]LoadErrors: New page: Loading map: GameLevel.umap
[2026.03.27-15.50.19:416][105]LogWorld: UWorld::CleanupWorld for ThirdPersonExampleMap, bSessionEnded=true, bCleanupResources=true
[2026.03.27-15.50.19:416][105]LogSlate: InvalidateAllWidgets triggered.  All widgets were invalidated
[2026.03.27-15.50.19:416][105]MapCheck: New page: Map Check
[2026.03.27-15.50.19:416][105]LightingResults: New page: Lighting Build
[2026.03.27-15.50.19:420][105]LogAudio: Display: Audio Device unregistered from world 'None'.
[2026.03.27-15.50.19:422][105]LogUObjectHash: Compacting FUObjectHashTables data took   0.44ms
[2026.03.27-15.50.19:422][105]LogAudio: Display: Audio Device (ID: 1) registered with world 'GameLevel'.
[2026.03.27-15.50.19:422][105]LogEditorServer: Finished looking for orphan Actors (0.000 secs)
[2026.03.27-15.50.19:422][105]LogAIModule: Creating AISystem for world GameLevel
[2026.03.27-15.50.19:427][105]LogUObjectHash: Compacting FUObjectHashTables data took   0.39ms
[2026.03.27-15.50.19:429][105]Cmd: MAP CHECKDEP NOCLEARLOG
[2026.03.27-15.50.19:429][105]MapCheck: Map check complete: 0 Error(s), 0 Warning(s), took 0.087ms to complete.
[2026.03.27-15.50.19:429][105]LogFileHelpers: Loading map 'GameLevel' took 0.014
[2026.03.27-15.50.24:325][689]LogUObjectHash: Compacting FUObjectHashTables data took   0.20ms
[2026.03.27-15.50.24:355][689]LogAssetEditorSubsystem: Opening Asset editor for World /Game/ThirdPersonBP/Maps/ThirdPersonExampleMap.ThirdPersonExampleMap
[2026.03.27-15.50.24:355][689]Cmd: MAP LOAD FILE="C:/Users/titan/Desktop/CPSC399_Game/CPSC399Game/Content/ThirdPersonBP/Maps/ThirdPersonExampleMap.umap" TEMPLATE=0 SHOWPROGRESS=1 FEATURELEVEL=3
[2026.03.27-15.50.24:355][689]LightingResults: New page: Lighting Build
[2026.03.27-15.50.24:355][689]LoadErrors: New page: Loading map: ThirdPersonExampleMap.umap
[2026.03.27-15.50.24:356][689]LogWorld: UWorld::CleanupWorld for GameLevel, bSessionEnded=true, bCleanupResources=true
[2026.03.27-15.50.24:356][689]LogSlate: InvalidateAllWidgets triggered.  All widgets were invalidated
[2026.03.27-15.50.24:356][689]MapCheck: New page: Map Check
[2026.03.27-15.50.24:356][689]LightingResults: New page: Lighting Build
[2026.03.27-15.50.24:359][689]LogAudio: Display: Audio Device unregistered from world 'None'.
[2026.03.27-15.50.24:360][689]LogUObjectHash: Compacting FUObjectHashTables data took   0.43ms
[2026.03.27-15.50.24:361][689]LogAudio: Display: Audio Device (ID: 1) registered with world 'ThirdPersonExampleMap'.
[2026.03.27-15.50.24:367][689]LogEditorServer: Finished looking for orphan Actors (0.000 secs)
[2026.03.27-15.50.24:367][689]LogAIModule: Creating AISystem for world ThirdPersonExampleMap
[2026.03.27-15.50.24:372][689]LogUObjectHash: Compacting FUObjectHashTables data took   0.41ms
[2026.03.27-15.50.24:374][689]Cmd: MAP CHECKDEP NOCLEARLOG
[2026.03.27-15.50.24:374][689]MapCheck: Map check complete: 0 Error(s), 0 Warning(s), took 0.091ms to complete.
[2026.03.27-15.50.24:374][689]LogFileHelpers: Loading map 'ThirdPersonExampleMap' took 0.019
[2026.03.27-15.50.49:309][634]Cmd: EDIT COPY
[2026.03.27-15.50.51:690][916]LogUObjectHash: Compacting FUObjectHashTables data took   0.41ms
[2026.03.27-15.50.51:709][916]LogAssetEditorSubsystem: Opening Asset editor for World /Game/ThirdPersonBP/Maps/GameLevel.GameLevel
[2026.03.27-15.50.51:709][916]Cmd: MAP LOAD FILE="C:/Users/titan/Desktop/CPSC399_Game/CPSC399Game/Content/ThirdPersonBP/Maps/GameLevel.umap" TEMPLATE=0 SHOWPROGRESS=1 FEATURELEVEL=3
[2026.03.27-15.50.51:709][916]LightingResults: New page: Lighting Build
[2026.03.27-15.50.51:709][916]LoadErrors: New page: Loading map: GameLevel.umap
[2026.03.27-15.50.51:754][916]LogWorld: UWorld::CleanupWorld for ThirdPersonExampleMap, bSessionEnded=true, bCleanupResources=true
[2026.03.27-15.50.51:755][916]LogSlate: InvalidateAllWidgets triggered.  All widgets were invalidated
[2026.03.27-15.50.51:755][916]MapCheck: New page: Map Check
[2026.03.27-15.50.51:755][916]LightingResults: New page: Lighting Build
[2026.03.27-15.50.51:758][916]LogAudio: Display: Audio Device unregistered from world 'None'.
[2026.03.27-15.50.51:760][916]LogUObjectHash: Compacting FUObjectHashTables data took   0.43ms
[2026.03.27-15.50.51:760][916]LogAudio: Display: Audio Device (ID: 1) registered with world 'GameLevel'.
[2026.03.27-15.50.51:761][916]LogEditorServer: Finished looking for orphan Actors (0.000 secs)
[2026.03.27-15.50.51:761][916]LogAIModule: Creating AISystem for world GameLevel
[2026.03.27-15.50.51:765][916]LogUObjectHash: Compacting FUObjectHashTables data took   0.38ms
[2026.03.27-15.50.51:767][916]Cmd: MAP CHECKDEP NOCLEARLOG
[2026.03.27-15.50.51:767][916]MapCheck: Map check complete: 0 Error(s), 0 Warning(s), took 0.096ms to complete.
[2026.03.27-15.50.51:767][916]LogFileHelpers: Loading map 'GameLevel' took 0.058
[2026.03.27-15.50.53:747][150]Cmd: EDIT PASTE
[2026.03.27-15.51.02:696][201]LogUObjectHash: Compacting FUObjectHashTables data took   0.44ms
[2026.03.27-15.51.02:714][201]LogAssetEditorSubsystem: Opening Asset editor for World /Game/ThirdPersonBP/Maps/ThirdPersonExampleMap.ThirdPersonExampleMap
[2026.03.27-15.51.02:714][201]Cmd: MAP LOAD FILE="C:/Users/titan/Desktop/CPSC399_Game/CPSC399Game/Content/ThirdPersonBP/Maps/ThirdPersonExampleMap.umap" TEMPLATE=0 SHOWPROGRESS=1 FEATURELEVEL=3
[2026.03.27-15.51.02:714][201]LightingResults: New page: Lighting Build
[2026.03.27-15.51.02:714][201]LoadErrors: New page: Loading map: ThirdPersonExampleMap.umap
[2026.03.27-15.51.02:753][201]LogWorld: UWorld::CleanupWorld for GameLevel, bSessionEnded=true, bCleanupResources=true
[2026.03.27-15.51.02:753][201]LogSlate: InvalidateAllWidgets triggered.  All widgets were invalidated
[2026.03.27-15.51.02:753][201]MapCheck: New page: Map Check
[2026.03.27-15.51.02:753][201]LightingResults: New page: Lighting Build
[2026.03.27-15.51.02:757][201]LogAudio: Display: Audio Device unregistered from world 'None'.
[2026.03.27-15.51.02:758][201]LogUObjectHash: Compacting FUObjectHashTables data took   0.43ms
[2026.03.27-15.51.02:758][201]LogAudio: Display: Audio Device (ID: 1) registered with world 'ThirdPersonExampleMap'.
[2026.03.27-15.51.02:765][201]LogEditorServer: Finished looking for orphan Actors (0.000 secs)
[2026.03.27-15.51.02:765][201]LogAIModule: Creating AISystem for world ThirdPersonExampleMap
[2026.03.27-15.51.02:771][201]LogUObjectHash: Compacting FUObjectHashTables data took   0.48ms
[2026.03.27-15.51.02:773][201]Cmd: MAP CHECKDEP NOCLEARLOG
[2026.03.27-15.51.02:773][201]MapCheck: Map check complete: 0 Error(s), 0 Warning(s), took 0.094ms to complete.
[2026.03.27-15.51.02:773][201]LogFileHelpers: Loading map 'ThirdPersonExampleMap' took 0.059
[2026.03.27-15.51.41:079][706]Cmd: EDIT COPY
[2026.03.27-15.51.42:163][834]LogUObjectHash: Compacting FUObjectHashTables data took   0.41ms
[2026.03.27-15.51.42:181][834]LogAssetEditorSubsystem: Opening Asset editor for World /Game/ThirdPersonBP/Maps/GameLevel.GameLevel
[2026.03.27-15.51.42:181][834]Cmd: MAP LOAD FILE="C:/Users/titan/Desktop/CPSC399_Game/CPSC399Game/Content/ThirdPersonBP/Maps/GameLevel.umap" TEMPLATE=0 SHOWPROGRESS=1 FEATURELEVEL=3
[2026.03.27-15.51.42:181][834]LightingResults: New page: Lighting Build
[2026.03.27-15.51.42:181][834]LoadErrors: New page: Loading map: GameLevel.umap
[2026.03.27-15.51.42:223][834]LogWorld: UWorld::CleanupWorld for ThirdPersonExampleMap, bSessionEnded=true, bCleanupResources=true
[2026.03.27-15.51.42:223][834]LogSlate: InvalidateAllWidgets triggered.  All widgets were invalidated
[2026.03.27-15.51.42:223][834]MapCheck: New page: Map Check
[2026.03.27-15.51.42:223][834]LightingResults: New page: Lighting Build
[2026.03.27-15.51.42:227][834]LogAudio: Display: Audio Device unregistered from world 'None'.
[2026.03.27-15.51.42:228][834]LogUObjectHash: Compacting FUObjectHashTables data took   0.43ms
[2026.03.27-15.51.42:228][834]LogAudio: Display: Audio Device (ID: 1) registered with world 'GameLevel'.
[2026.03.27-15.51.42:229][834]LogEditorServer: Finished looking for orphan Actors (0.000 secs)
[2026.03.27-15.51.42:229][834]LogAIModule: Creating AISystem for world GameLevel
[2026.03.27-15.51.42:233][834]LogUObjectHash: Compacting FUObjectHashTables data took   0.38ms
[2026.03.27-15.51.42:235][834]Cmd: MAP CHECKDEP NOCLEARLOG
[2026.03.27-15.51.42:235][834]MapCheck: Map check complete: 0 Error(s), 0 Warning(s), took 0.084ms to complete.
[2026.03.27-15.51.42:235][834]LogFileHelpers: Loading map 'GameLevel' took 0.054
[2026.03.27-15.51.44:717][128]Cmd: EDIT PASTE
[2026.03.27-15.51.57:326][639]LogUObjectHash: Compacting FUObjectHashTables data took   0.40ms
[2026.03.27-15.51.57:360][639]LogAssetEditorSubsystem: Opening Asset editor for World /Game/ThirdPersonBP/Maps/ThirdPersonExampleMap.ThirdPersonExampleMap
[2026.03.27-15.51.57:360][639]Cmd: MAP LOAD FILE="C:/Users/titan/Desktop/CPSC399_Game/CPSC399Game/Content/ThirdPersonBP/Maps/ThirdPersonExampleMap.umap" TEMPLATE=0 SHOWPROGRESS=1 FEATURELEVEL=3
[2026.03.27-15.51.57:360][639]LightingResults: New page: Lighting Build
[2026.03.27-15.51.57:360][639]LoadErrors: New page: Loading map: ThirdPersonExampleMap.umap
[2026.03.27-15.51.57:391][639]LogWorld: UWorld::CleanupWorld for GameLevel, bSessionEnded=true, bCleanupResources=true
[2026.03.27-15.51.57:391][639]LogSlate: InvalidateAllWidgets triggered.  All widgets were invalidated
[2026.03.27-15.51.57:391][639]MapCheck: New page: Map Check
[2026.03.27-15.51.57:391][639]LightingResults: New page: Lighting Build
[2026.03.27-15.51.57:395][639]LogAudio: Display: Audio Device unregistered from world 'None'.
[2026.03.27-15.51.57:396][639]LogUObjectHash: Compacting FUObjectHashTables data took   0.49ms
[2026.03.27-15.51.57:396][639]LogAudio: Display: Audio Device (ID: 1) registered with world 'ThirdPersonExampleMap'.
[2026.03.27-15.51.57:403][639]LogEditorServer: Finished looking for orphan Actors (0.000 secs)
[2026.03.27-15.51.57:403][639]LogAIModule: Creating AISystem for world ThirdPersonExampleMap
[2026.03.27-15.51.57:408][639]LogUObjectHash: Compacting FUObjectHashTables data took   0.43ms
[2026.03.27-15.51.57:411][639]Cmd: MAP CHECKDEP NOCLEARLOG
[2026.03.27-15.51.57:411][639]MapCheck: Map check complete: 0 Error(s), 0 Warning(s), took 0.091ms to complete.
[2026.03.27-15.51.57:411][639]LogFileHelpers: Loading map 'ThirdPersonExampleMap' took 0.051
[2026.03.27-15.51.57:910][695]LogUObjectHash: Compacting FUObjectHashTables data took   0.21ms
[2026.03.27-15.51.57:926][695]LogAssetEditorSubsystem: Opening Asset editor for World /Game/ThirdPersonBP/Maps/GameLevel.GameLevel
[2026.03.27-15.51.57:926][695]Cmd: MAP LOAD FILE="C:/Users/titan/Desktop/CPSC399_Game/CPSC399Game/Content/ThirdPersonBP/Maps/GameLevel.umap" TEMPLATE=0 SHOWPROGRESS=1 FEATURELEVEL=3
[2026.03.27-15.51.57:926][695]LightingResults: New page: Lighting Build
[2026.03.27-15.51.57:926][695]LoadErrors: New page: Loading map: GameLevel.umap
[2026.03.27-15.51.57:973][695]LogWorld: UWorld::CleanupWorld for ThirdPersonExampleMap, bSessionEnded=true, bCleanupResources=true
[2026.03.27-15.51.57:973][695]LogSlate: InvalidateAllWidgets triggered.  All widgets were invalidated
[2026.03.27-15.51.57:973][695]MapCheck: New page: Map Check
[2026.03.27-15.51.57:973][695]LightingResults: New page: Lighting Build
[2026.03.27-15.51.57:976][695]LogAudio: Display: Audio Device unregistered from world 'None'.
[2026.03.27-15.51.57:978][695]LogUObjectHash: Compacting FUObjectHashTables data took   0.51ms
[2026.03.27-15.51.57:978][695]LogAudio: Display: Audio Device (ID: 1) registered with world 'GameLevel'.
[2026.03.27-15.51.57:979][695]LogEditorServer: Finished looking for orphan Actors (0.000 secs)
[2026.03.27-15.51.57:979][695]LogAIModule: Creating AISystem for world GameLevel
[2026.03.27-15.51.57:983][695]LogUObjectHash: Compacting FUObjectHashTables data took   0.39ms
[2026.03.27-15.51.57:985][695]Cmd: MAP CHECKDEP NOCLEARLOG
[2026.03.27-15.51.57:985][695]MapCheck: Map check complete: 0 Error(s), 0 Warning(s), took 0.087ms to complete.
[2026.03.27-15.51.57:985][695]LogFileHelpers: Loading map 'GameLevel' took 0.059
[2026.03.27-15.52.02:057][181]LogUObjectHash: Compacting FUObjectHashTables data took   0.18ms
[2026.03.27-15.52.02:085][181]LogAssetEditorSubsystem: Opening Asset editor for World /Game/ThirdPersonBP/Maps/ThirdPersonExampleMap.ThirdPersonExampleMap
[2026.03.27-15.52.02:085][181]Cmd: MAP LOAD FILE="C:/Users/titan/Desktop/CPSC399_Game/CPSC399Game/Content/ThirdPersonBP/Maps/ThirdPersonExampleMap.umap" TEMPLATE=0 SHOWPROGRESS=1 FEATURELEVEL=3
[2026.03.27-15.52.02:085][181]LightingResults: New page: Lighting Build
[2026.03.27-15.52.02:086][181]LoadErrors: New page: Loading map: ThirdPersonExampleMap.umap
[2026.03.27-15.52.02:086][181]LogWorld: UWorld::CleanupWorld for GameLevel, bSessionEnded=true, bCleanupResources=true
[2026.03.27-15.52.02:086][181]LogSlate: InvalidateAllWidgets triggered.  All widgets were invalidated
[2026.03.27-15.52.02:086][181]MapCheck: New page: Map Check
[2026.03.27-15.52.02:086][181]LightingResults: New page: Lighting Build
[2026.03.27-15.52.02:089][181]LogAudio: Display: Audio Device unregistered from world 'None'.
[2026.03.27-15.52.02:091][181]LogUObjectHash: Compacting FUObjectHashTables data took   0.46ms
[2026.03.27-15.52.02:091][181]LogAudio: Display: Audio Device (ID: 1) registered with world 'ThirdPersonExampleMap'.
[2026.03.27-15.52.02:098][181]LogEditorServer: Finished looking for orphan Actors (0.000 secs)
[2026.03.27-15.52.02:098][181]LogAIModule: Creating AISystem for world ThirdPersonExampleMap
[2026.03.27-15.52.02:103][181]LogUObjectHash: Compacting FUObjectHashTables data took   0.42ms
[2026.03.27-15.52.02:105][181]Cmd: MAP CHECKDEP NOCLEARLOG
[2026.03.27-15.52.02:105][181]MapCheck: Map check complete: 0 Error(s), 0 Warning(s), took 0.093ms to complete.
[2026.03.27-15.52.02:105][181]LogFileHelpers: Loading map 'ThirdPersonExampleMap' took 0.020
[2026.03.27-15.52.08:039][886]Cmd: EDIT COPY
[2026.03.27-15.52.08:983][998]LogUObjectHash: Compacting FUObjectHashTables data took   0.19ms
[2026.03.27-15.52.08:998][998]LogAssetEditorSubsystem: Opening Asset editor for World /Game/ThirdPersonBP/Maps/GameLevel.GameLevel
[2026.03.27-15.52.08:998][998]Cmd: MAP LOAD FILE="C:/Users/titan/Desktop/CPSC399_Game/CPSC399Game/Content/ThirdPersonBP/Maps/GameLevel.umap" TEMPLATE=0 SHOWPROGRESS=1 FEATURELEVEL=3
[2026.03.27-15.52.08:998][998]LightingResults: New page: Lighting Build
[2026.03.27-15.52.08:998][998]LoadErrors: New page: Loading map: GameLevel.umap
[2026.03.27-15.52.08:999][998]LogWorld: UWorld::CleanupWorld for ThirdPersonExampleMap, bSessionEnded=true, bCleanupResources=true
[2026.03.27-15.52.09:000][998]LogSlate: InvalidateAllWidgets triggered.  All widgets were invalidated
[2026.03.27-15.52.09:000][998]MapCheck: New page: Map Check
[2026.03.27-15.52.09:000][998]LightingResults: New page: Lighting Build
[2026.03.27-15.52.09:003][998]LogAudio: Display: Audio Device unregistered from world 'None'.
[2026.03.27-15.52.09:005][998]LogUObjectHash: Compacting FUObjectHashTables data took   0.44ms
[2026.03.27-15.52.09:005][998]LogAudio: Display: Audio Device (ID: 1) registered with world 'GameLevel'.
[2026.03.27-15.52.09:006][998]LogEditorServer: Finished looking for orphan Actors (0.000 secs)
[2026.03.27-15.52.09:006][998]LogAIModule: Creating AISystem for world GameLevel
[2026.03.27-15.52.09:010][998]LogUObjectHash: Compacting FUObjectHashTables data took   0.40ms
[2026.03.27-15.52.09:012][998]Cmd: MAP CHECKDEP NOCLEARLOG
[2026.03.27-15.52.09:012][998]MapCheck: Map check complete: 0 Error(s), 0 Warning(s), took 0.088ms to complete.
[2026.03.27-15.52.09:012][998]LogFileHelpers: Loading map 'GameLevel' took 0.014
[2026.03.27-15.52.09:957][109]Cmd: EDIT PASTE
[2026.03.27-15.52.10:953][226]LogUObjectHash: Compacting FUObjectHashTables data took   0.19ms
[2026.03.27-15.52.10:956][226]LogSavePackage: Moving 'C:/Users/titan/Desktop/CPSC399_Game/CPSC399Game/Saved/GameLevel07A4B11B4824BB5B3AA073ADF5DB0374.tmp' to 'C:/Users/titan/Desktop/CPSC399_Game/CPSC399Game/Content/ThirdPersonBP/Maps/GameLevel.umap'
[2026.03.27-15.52.10:978][226]AssetCheck: New page: Asset Save: GameLevel
[2026.03.27-15.52.10:978][226]LogContentValidation: Display: Validating World /Game/ThirdPersonBP/Maps/GameLevel.GameLevel
[2026.03.27-15.52.17:067][956]LogUObjectHash: Compacting FUObjectHashTables data took   0.20ms
[2026.03.27-15.52.17:080][956]LogAssetEditorSubsystem: Opening Asset editor for World /Game/ThirdPersonBP/Maps/GameLevel.GameLevel
[2026.03.27-15.52.17:080][956]Cmd: MAP LOAD FILE="C:/Users/titan/Desktop/CPSC399_Game/CPSC399Game/Content/ThirdPersonBP/Maps/GameLevel.umap" TEMPLATE=0 SHOWPROGRESS=1 FEATURELEVEL=3
[2026.03.27-15.52.17:080][956]LightingResults: New page: Lighting Build
[2026.03.27-15.52.17:080][956]LoadErrors: New page: Loading map: GameLevel.umap
[2026.03.27-15.52.17:121][956]LogWorld: UWorld::CleanupWorld for GameLevel, bSessionEnded=true, bCleanupResources=true
[2026.03.27-15.52.17:121][956]LogSlate: InvalidateAllWidgets triggered.  All widgets were invalidated
[2026.03.27-15.52.17:121][956]MapCheck: New page: Map Check
[2026.03.27-15.52.17:121][956]LightingResults: New page: Lighting Build
[2026.03.27-15.52.17:124][956]LogAudio: Display: Audio Device unregistered from world 'None'.
[2026.03.27-15.52.17:125][956]LogUObjectHash: Compacting FUObjectHashTables data took   0.43ms
[2026.03.27-15.52.17:126][956]LogAudio: Display: Audio Device (ID: 1) registered with world 'GameLevel'.
[2026.03.27-15.52.17:127][956]LogAIModule: Creating AISystem for world GameLevel
[2026.03.27-15.52.17:127][956]LogEditorServer: Finished looking for orphan Actors (0.000 secs)
[2026.03.27-15.52.17:131][956]LogUObjectHash: Compacting FUObjectHashTables data took   0.40ms
[2026.03.27-15.52.17:133][956]Cmd: MAP CHECKDEP NOCLEARLOG
[2026.03.27-15.52.17:134][956]MapCheck: Map check complete: 0 Error(s), 0 Warning(s), took 0.092ms to complete.
[2026.03.27-15.52.17:134][956]LogFileHelpers: Loading map 'GameLevel' took 0.054
[2026.03.27-15.52.18:718][144]LogUObjectHash: Compacting FUObjectHashTables data took   0.20ms
[2026.03.27-15.52.18:753][144]LogAssetEditorSubsystem: Opening Asset editor for World /Game/ThirdPersonBP/Maps/ThirdPersonExampleMap.ThirdPersonExampleMap
[2026.03.27-15.52.18:753][144]Cmd: MAP LOAD FILE="C:/Users/titan/Desktop/CPSC399_Game/CPSC399Game/Content/ThirdPersonBP/Maps/ThirdPersonExampleMap.umap" TEMPLATE=0 SHOWPROGRESS=1 FEATURELEVEL=3
[2026.03.27-15.52.18:753][144]LightingResults: New page: Lighting Build
[2026.03.27-15.52.18:753][144]LoadErrors: New page: Loading map: ThirdPersonExampleMap.umap
[2026.03.27-15.52.18:754][144]LogWorld: UWorld::CleanupWorld for GameLevel, bSessionEnded=true, bCleanupResources=true
[2026.03.27-15.52.18:754][144]LogSlate: InvalidateAllWidgets triggered.  All widgets were invalidated
[2026.03.27-15.52.18:754][144]MapCheck: New page: Map Check
[2026.03.27-15.52.18:754][144]LightingResults: New page: Lighting Build
[2026.03.27-15.52.18:757][144]LogAudio: Display: Audio Device unregistered from world 'None'.
[2026.03.27-15.52.18:758][144]LogUObjectHash: Compacting FUObjectHashTables data took   0.46ms
[2026.03.27-15.52.18:759][144]LogAudio: Display: Audio Device (ID: 1) registered with world 'ThirdPersonExampleMap'.
[2026.03.27-15.52.18:765][144]LogEditorServer: Finished looking for orphan Actors (0.000 secs)
[2026.03.27-15.52.18:765][144]LogAIModule: Creating AISystem for world ThirdPersonExampleMap
[2026.03.27-15.52.18:771][144]LogUObjectHash: Compacting FUObjectHashTables data took   0.44ms
[2026.03.27-15.52.18:779][144]Cmd: MAP CHECKDEP NOCLEARLOG
[2026.03.27-15.52.18:779][144]MapCheck: Map check complete: 0 Error(s), 0 Warning(s), took 0.111ms to complete.
[2026.03.27-15.52.18:779][144]LogFileHelpers: Loading map 'ThirdPersonExampleMap' took 0.026
[2026.03.27-15.52.37:020][755]LogEditorViewport: Clicking on Actor (LMB): BP_Sky_Sphere_C (SkySphereBlueprint)
[2026.03.27-15.52.43:021][433]LogObjectTools: Deleting 1 worlds: /Game/ThirdPersonBP/Maps/GameLevel.GameLevel
[2026.03.27-15.52.43:021][433]LogObjectTools: Currently 8 active worlds: /Game/ThirdPersonBP/Maps/ThirdPersonExampleMap.ThirdPersonExampleMap, /Engine/Transient.World_0, /Engine/Transient.World_1, /Engine/Transient.World_2, /Engine/Transient.World_3, /Engine/Transient.World_4, /Engine/Transient.World_5, /Engine/Transient.World_6
[2026.03.27-15.52.43:025][433]LogUObjectHash: Compacting FUObjectHashTables data took   0.49ms
[2026.03.27-15.52.43:906][433]LogSlate: Window 'Delete Assets' being destroyed
[2026.03.27-15.52.43:927][433]LogWorld: UWorld::CleanupWorld for GameLevel, bSessionEnded=true, bCleanupResources=true
[2026.03.27-15.52.43:927][433]LogSlate: InvalidateAllWidgets triggered.  All widgets were invalidated
[2026.03.27-15.52.43:973][433]LogUObjectHash: Compacting FUObjectHashTables data took   0.39ms
[2026.03.27-15.52.43:983][433]LogUObjectHash: Compacting FUObjectHashTables data took   0.43ms
[2026.03.27-15.52.43:986][433]LogUObjectHash: Compacting FUObjectHashTables data took   0.19ms
[2026.03.27-15.53.14:635][ 87]LogTemp: Repeating last play command: Selected Viewport
[2026.03.27-15.53.14:642][ 87]LogPlayLevel: PlayLevel: No blueprints needed recompiling
[2026.03.27-15.53.14:642][ 87]PIE: New page: PIE session: ThirdPersonExampleMap (Mar. 27, 2026, 3:53:14 a.m.)
[2026.03.27-15.53.14:646][ 87]LogOnline: OSS: Creating online subsystem instance for: NULL
[2026.03.27-15.53.14:648][ 87]LogOnline: OSS: TryLoadSubsystemAndSetDefault: Loaded subsystem for module [NULL]
[2026.03.27-15.53.14:648][ 87]LogPlayLevel: Creating play world package: /Game/ThirdPersonBP/Maps/UEDPIE_0_ThirdPersonExampleMap
[2026.03.27-15.53.14:661][ 87]LogPlayLevel: PIE: StaticDuplicateObject took: (0.012858s)
[2026.03.27-15.53.14:662][ 87]LogAIModule: Creating AISystem for world ThirdPersonExampleMap
[2026.03.27-15.53.14:662][ 87]LogPlayLevel: PIE: World Init took: (0.001337s)
[2026.03.27-15.53.14:662][ 87]LogPlayLevel: PIE: Created PIE world by copying editor world from /Game/ThirdPersonBP/Maps/ThirdPersonExampleMap.ThirdPersonExampleMap to /Game/ThirdPersonBP/Maps/UEDPIE_0_ThirdPersonExampleMap.ThirdPersonExampleMap (0.014527s)
[2026.03.27-15.53.14:666][ 87]LogUObjectHash: Compacting FUObjectHashTables data took   0.42ms
[2026.03.27-15.53.14:667][ 87]LogAudio: Display: Creating Audio Device:                 Id: 2, Scope: Unique, Realtime: True
[2026.03.27-15.53.14:667][ 87]LogAudioMixer: Display: Audio Mixer Platform Settings:
[2026.03.27-15.53.14:667][ 87]LogAudioMixer: Display: 	Sample Rate:						  48000
[2026.03.27-15.53.14:668][ 87]LogAudioMixer: Display: 	Callback Buffer Frame Size Requested: 1024
[2026.03.27-15.53.14:668][ 87]LogAudioMixer: Display: 	Callback Buffer Frame Size To Use:	  1024
[2026.03.27-15.53.14:668][ 87]LogAudioMixer: Display: 	Number of buffers to queue:			  2
[2026.03.27-15.53.14:668][ 87]LogAudioMixer: Display: 	Max Channels (voices):				  32
[2026.03.27-15.53.14:668][ 87]LogAudioMixer: Display: 	Number of Async Source Workers:		  0
[2026.03.27-15.53.14:668][ 87]LogAudio: Display: AudioDevice MaxSources: 32
[2026.03.27-15.53.14:668][ 87]LogAudio: Display: Audio Spatialization Plugin: None (built-in).
[2026.03.27-15.53.14:668][ 87]LogAudio: Display: Audio Reverb Plugin: None (built-in).
[2026.03.27-15.53.14:668][ 87]LogAudio: Display: Audio Occlusion Plugin: None (built-in).
[2026.03.27-15.53.14:668][ 87]LogAudioMixer: Display: Initializing audio mixer.
[2026.03.27-15.53.14:671][ 87]LogAudioMixer: Display: 0: FrontLeft
[2026.03.27-15.53.14:671][ 87]LogAudioMixer: Display: 1: FrontRight
[2026.03.27-15.53.14:671][ 87]LogAudioMixer: Display: 2: FrontCenter
[2026.03.27-15.53.14:671][ 87]LogAudioMixer: Display: 3: LowFrequency
[2026.03.27-15.53.14:671][ 87]LogAudioMixer: Display: 4: BackLeft
[2026.03.27-15.53.14:671][ 87]LogAudioMixer: Display: 5: BackRight
[2026.03.27-15.53.14:671][ 87]LogAudioMixer: Display: 6: SideLeft
[2026.03.27-15.53.14:671][ 87]LogAudioMixer: Display: 7: SideRight
[2026.03.27-15.53.14:683][ 87]LogAudioMixer: Display: Using Audio Device Headset Earphone (CORSAIR VOID PRO Wireless Gaming Headset)
[2026.03.27-15.53.14:683][ 87]LogAudioMixer: Display: Initializing Sound Submixes...
[2026.03.27-15.53.14:683][ 87]LogAudioMixer: Display: Creating Master Submix 'MasterSubmixDefault'
[2026.03.27-15.53.14:683][ 87]LogAudioMixer: Display: Creating Master Submix 'MasterReverbSubmixDefault'
[2026.03.27-15.53.14:684][ 87]LogAudioMixer: Display: Creating Master Submix 'MasterEQSubmixDefault'
[2026.03.27-15.53.14:684][ 87]LogAudioMixer: FMixerPlatformXAudio2::StartAudioStream() called
[2026.03.27-15.53.14:684][ 87]LogAudioMixer: Display: Output buffers initialized: Frames=1024, Channels=8, Samples=8192
[2026.03.27-15.53.14:685][ 87]LogAudioMixer: Display: Starting AudioMixerPlatformInterface::RunInternal()
[2026.03.27-15.53.14:685][ 87]LogAudioMixer: Display: FMixerPlatformXAudio2::SubmitBuffer() called for the first time
[2026.03.27-15.53.14:685][ 87]LogInit: FAudioDevice initialized.
[2026.03.27-15.53.14:685][ 87]LogAudio: Display: Audio Device (ID: 2) registered with world 'ThirdPersonExampleMap'.
[2026.03.27-15.53.14:694][ 87]LogLoad: Game class is 'ThirdPersonGameMode_C'
[2026.03.27-15.53.14:697][ 87]LogWorld: Bringing World /Game/ThirdPersonBP/Maps/UEDPIE_0_ThirdPersonExampleMap.ThirdPersonExampleMap up for play (max tick rate 0) at 2026.03.27-09.53.14
[2026.03.27-15.53.14:698][ 87]LogWorld: Bringing up level for play took: 0.002402
[2026.03.27-15.53.14:699][ 87]LogOnline: OSS: Creating online subsystem instance for: :Context_8
[2026.03.27-15.53.14:706][ 87]LogNativeClassHierarchy: Verbose: Native class hierarchy updated for 'MovieSceneCapture' in 0.0002 seconds. Added 20 classes and 0 folders.
[2026.03.27-15.53.14:708][ 87]PIE: Server logged in
[2026.03.27-15.53.14:709][ 87]PIE: Play in editor total start time 0.069 seconds.
[2026.03.27-15.53.47:730][ 41]LogSlate: Updating window title bar state: overlay mode, drag disabled, window buttons hidden, title bar hidden
[2026.03.27-15.53.47:730][ 41]LogWorld: BeginTearingDown for /Game/ThirdPersonBP/Maps/UEDPIE_0_ThirdPersonExampleMap
[2026.03.27-15.53.47:730][ 41]LogWorld: UWorld::CleanupWorld for ThirdPersonExampleMap, bSessionEnded=true, bCleanupResources=true
[2026.03.27-15.53.47:730][ 41]LogSlate: InvalidateAllWidgets triggered.  All widgets were invalidated
[2026.03.27-15.53.47:741][ 41]LogPlayLevel: Display: Shutting down PIE online subsystems
[2026.03.27-15.53.47:745][ 41]LogSlate: InvalidateAllWidgets triggered.  All widgets were invalidated
[2026.03.27-15.53.47:748][ 41]LogSlate: Updating window title bar state: overlay mode, drag disabled, window buttons hidden, title bar hidden
[2026.03.27-15.53.47:749][ 41]LogAudioMixer: FMixerPlatformXAudio2::StopAudioStream() called
[2026.03.27-15.53.47:750][ 41]LogAudioMixer: FMixerPlatformXAudio2::StopAudioStream() called
[2026.03.27-15.53.47:754][ 41]LogUObjectHash: Compacting FUObjectHashTables data took   0.56ms
[2026.03.27-15.53.47:808][ 43]LogPlayLevel: Display: Destroying online subsystem :Context_8
[2026.03.27-15.54.29:712][ 30]LogEditorViewport: Clicking on Actor (LMB): BP_WidePlatform_C (BP_WidePlatform2)
[2026.03.27-15.54.38:826][111]LogEditorViewport: Clicking on Actor (context menu): BP_WidePlatform_C (BP_WidePlatform5)
[2026.03.27-15.54.48:298][223]LogEditorViewport: Clicking on Actor (LMB): BP_Sky_Sphere_C (SkySphereBlueprint)
[2026.03.27-15.54.48:756][275]LogEditorViewport: Clicking on Actor (LMB): BP_WidePlatform_C (BP_WidePlatform5)
[2026.03.27-15.54.50:122][433]LogSlate: Took 0.005508 seconds to synchronously load lazily loaded font '../../../Engine/Content/Slate/Fonts/Roboto-Italic.ttf' (157K)
[2026.03.27-15.54.53:097][776]LogEditorViewport: Clicking on Actor (LMB): BP_WidePlatform_C (BP_WidePlatform4)
[2026.03.27-15.54.57:432][283]LogEditorViewport: Clicking on Actor (LMB): BP_WidePlatform_C (BP_WidePlatform5)
[2026.03.27-15.55.41:596][334]Cmd: TRANSACTION UNDO
[2026.03.27-15.55.41:596][334]LogEditorTransaction: Undo Replace component used material
[2026.03.27-15.55.42:028][357]Cmd: TRANSACTION UNDO
[2026.03.27-15.55.42:029][357]LogEditorTransaction: Undo Replace component used material
[2026.03.27-15.55.42:488][406]Cmd: TRANSACTION UNDO
[2026.03.27-15.55.42:488][406]LogEditorTransaction: Undo Replace component used material
[2026.03.27-15.55.42:845][447]Cmd: TRANSACTION UNDO
[2026.03.27-15.55.42:845][447]LogEditorTransaction: Undo Replace component used material
[2026.03.27-15.55.43:351][505]Cmd: TRANSACTION UNDO
[2026.03.27-15.55.43:351][505]LogEditorTransaction: Undo Replace component used material
[2026.03.27-15.56.01:340][571]LogEditorViewport: Clicking on Actor (LMB): BP_Sky_Sphere_C (SkySphereBlueprint)
[2026.03.27-15.56.13:553][600]LogEditorViewport: Clicking on Actor (context menu): BP_Sky_Sphere_C (SkySphereBlueprint)
[2026.03.27-15.57.15:793][304]LogTemp: Repeating last play command: Selected Viewport
[2026.03.27-15.57.15:796][304]LogPlayLevel: PlayLevel: No blueprints needed recompiling
[2026.03.27-15.57.15:796][304]PIE: New page: PIE session: ThirdPersonExampleMap (Mar. 27, 2026, 3:57:15 a.m.)
[2026.03.27-15.57.15:819][304]LogPlayLevel: Creating play world package: /Game/ThirdPersonBP/Maps/UEDPIE_0_ThirdPersonExampleMap
[2026.03.27-15.57.15:829][304]LogPlayLevel: PIE: StaticDuplicateObject took: (0.010049s)
[2026.03.27-15.57.15:829][304]LogAIModule: Creating AISystem for world ThirdPersonExampleMap
[2026.03.27-15.57.15:830][304]LogPlayLevel: PIE: World Init took: (0.000815s)
[2026.03.27-15.57.15:830][304]LogPlayLevel: PIE: Created PIE world by copying editor world from /Game/ThirdPersonBP/Maps/ThirdPersonExampleMap.ThirdPersonExampleMap to /Game/ThirdPersonBP/Maps/UEDPIE_0_ThirdPersonExampleMap.ThirdPersonExampleMap (0.011002s)
[2026.03.27-15.57.15:836][304]LogUObjectHash: Compacting FUObjectHashTables data took   0.51ms
[2026.03.27-15.57.15:838][304]LogAudio: Display: Creating Audio Device:                 Id: 3, Scope: Unique, Realtime: True
[2026.03.27-15.57.15:838][304]LogAudioMixer: Display: Audio Mixer Platform Settings:
[2026.03.27-15.57.15:838][304]LogAudioMixer: Display: 	Sample Rate:						  48000
[2026.03.27-15.57.15:838][304]LogAudioMixer: Display: 	Callback Buffer Frame Size Requested: 1024
[2026.03.27-15.57.15:838][304]LogAudioMixer: Display: 	Callback Buffer Frame Size To Use:	  1024
[2026.03.27-15.57.15:838][304]LogAudioMixer: Display: 	Number of buffers to queue:			  2
[2026.03.27-15.57.15:838][304]LogAudioMixer: Display: 	Max Channels (voices):				  32
[2026.03.27-15.57.15:838][304]LogAudioMixer: Display: 	Number of Async Source Workers:		  0
[2026.03.27-15.57.15:838][304]LogAudio: Display: AudioDevice MaxSources: 32
[2026.03.27-15.57.15:839][304]LogAudio: Display: Audio Spatialization Plugin: None (built-in).
[2026.03.27-15.57.15:839][304]LogAudio: Display: Audio Reverb Plugin: None (built-in).
[2026.03.27-15.57.15:839][304]LogAudio: Display: Audio Occlusion Plugin: None (built-in).
[2026.03.27-15.57.15:839][304]LogAudioMixer: Display: Initializing audio mixer.
[2026.03.27-15.57.15:842][304]LogAudioMixer: Display: 0: FrontLeft
[2026.03.27-15.57.15:842][304]LogAudioMixer: Display: 1: FrontRight
[2026.03.27-15.57.15:842][304]LogAudioMixer: Display: 2: FrontCenter
[2026.03.27-15.57.15:842][304]LogAudioMixer: Display: 3: LowFrequency
[2026.03.27-15.57.15:842][304]LogAudioMixer: Display: 4: BackLeft
[2026.03.27-15.57.15:842][304]LogAudioMixer: Display: 5: BackRight
[2026.03.27-15.57.15:842][304]LogAudioMixer: Display: 6: SideLeft
[2026.03.27-15.57.15:842][304]LogAudioMixer: Display: 7: SideRight
[2026.03.27-15.57.15:853][304]LogAudioMixer: Display: Using Audio Device Headset Earphone (CORSAIR VOID PRO Wireless Gaming Headset)
[2026.03.27-15.57.15:853][304]LogAudioMixer: Display: Initializing Sound Submixes...
[2026.03.27-15.57.15:853][304]LogAudioMixer: Display: Creating Master Submix 'MasterSubmixDefault'
[2026.03.27-15.57.15:853][304]LogAudioMixer: Display: Creating Master Submix 'MasterReverbSubmixDefault'
[2026.03.27-15.57.15:853][304]LogAudioMixer: Display: Creating Master Submix 'MasterEQSubmixDefault'
[2026.03.27-15.57.15:853][304]LogAudioMixer: FMixerPlatformXAudio2::StartAudioStream() called
[2026.03.27-15.57.15:853][304]LogAudioMixer: Display: Output buffers initialized: Frames=1024, Channels=8, Samples=8192
[2026.03.27-15.57.15:854][304]LogAudioMixer: Display: Starting AudioMixerPlatformInterface::RunInternal()
[2026.03.27-15.57.15:854][304]LogAudioMixer: Display: FMixerPlatformXAudio2::SubmitBuffer() called for the first time
[2026.03.27-15.57.15:854][304]LogInit: FAudioDevice initialized.
[2026.03.27-15.57.15:854][304]LogAudio: Display: Audio Device (ID: 3) registered with world 'ThirdPersonExampleMap'.
[2026.03.27-15.57.15:862][304]LogLoad: Game class is 'ThirdPersonGameMode_C'
[2026.03.27-15.57.15:864][304]LogWorld: Bringing World /Game/ThirdPersonBP/Maps/UEDPIE_0_ThirdPersonExampleMap.ThirdPersonExampleMap up for play (max tick rate 0) at 2026.03.27-09.57.15
[2026.03.27-15.57.15:864][304]LogWorld: Bringing up level for play took: 0.001640
[2026.03.27-15.57.15:865][304]LogOnline: OSS: Creating online subsystem instance for: :Context_9
[2026.03.27-15.57.15:866][304]PIE: Server logged in
[2026.03.27-15.57.15:866][304]PIE: Play in editor total start time 0.071 seconds.
[2026.03.27-15.57.34:409][522]LogSlate: Updating window title bar state: overlay mode, drag disabled, window buttons hidden, title bar hidden
[2026.03.27-15.57.34:409][522]LogWorld: BeginTearingDown for /Game/ThirdPersonBP/Maps/UEDPIE_0_ThirdPersonExampleMap
[2026.03.27-15.57.34:409][522]LogWorld: UWorld::CleanupWorld for ThirdPersonExampleMap, bSessionEnded=true, bCleanupResources=true
[2026.03.27-15.57.34:409][522]LogSlate: InvalidateAllWidgets triggered.  All widgets were invalidated
[2026.03.27-15.57.34:421][522]LogPlayLevel: Display: Shutting down PIE online subsystems
[2026.03.27-15.57.34:426][522]LogSlate: InvalidateAllWidgets triggered.  All widgets were invalidated
[2026.03.27-15.57.34:429][522]LogAudio: Display: Audio Device unregistered from world 'None'.
[2026.03.27-15.57.34:429][522]LogAudioMixer: FMixerPlatformXAudio2::StopAudioStream() called
[2026.03.27-15.57.34:430][522]LogAudioMixer: FMixerPlatformXAudio2::StopAudioStream() called
[2026.03.27-15.57.34:431][522]LogSlate: Updating window title bar state: overlay mode, drag disabled, window buttons hidden, title bar hidden
[2026.03.27-15.57.34:433][522]LogUObjectHash: Compacting FUObjectHashTables data took   0.52ms
[2026.03.27-15.57.34:490][524]LogPlayLevel: Display: Destroying online subsystem :Context_9
[2026.03.27-15.57.45:407][790]LogUObjectHash: Compacting FUObjectHashTables data took   0.47ms
[2026.03.27-15.57.45:425][790]LogSavePackage: Moving 'C:/Users/titan/Desktop/CPSC399_Game/CPSC399Game/Saved/ThirdPersonExampleMapA0326A4741A1B2BC71E080804FD244E9.tmp' to 'C:/Users/titan/Desktop/CPSC399_Game/CPSC399Game/Content/ThirdPersonBP/Maps/ThirdPersonExampleMap.umap'
[2026.03.27-15.57.45:429][790]LogFileHelpers: Saving map 'ThirdPersonExampleMap' took 0.026
[2026.03.27-15.57.45:438][790]AssetCheck: New page: Asset Save: ThirdPersonExampleMap
[2026.03.27-15.57.45:438][790]LogContentValidation: Display: Validating World /Game/ThirdPersonBP/Maps/ThirdPersonExampleMap.ThirdPersonExampleMap
[2026.03.27-15.57.46:581][927]LogUObjectHash: Compacting FUObjectHashTables data took   0.20ms
[2026.03.27-15.57.46:595][927]LogAssetEditorSubsystem: Opening Asset editor for World /Game/ThirdPersonBP/Maps/ThirdPersonExampleMap.ThirdPersonExampleMap
[2026.03.27-15.57.46:595][927]Cmd: MAP LOAD FILE="C:/Users/titan/Desktop/CPSC399_Game/CPSC399Game/Content/ThirdPersonBP/Maps/ThirdPersonExampleMap.umap" TEMPLATE=0 SHOWPROGRESS=1 FEATURELEVEL=3
[2026.03.27-15.57.46:596][927]LightingResults: New page: Lighting Build
[2026.03.27-15.57.46:596][927]LoadErrors: New page: Loading map: ThirdPersonExampleMap.umap
[2026.03.27-15.57.46:628][927]LogWorld: UWorld::CleanupWorld for ThirdPersonExampleMap, bSessionEnded=true, bCleanupResources=true
[2026.03.27-15.57.46:628][927]LogSlate: InvalidateAllWidgets triggered.  All widgets were invalidated
[2026.03.27-15.57.46:629][927]MapCheck: New page: Map Check
[2026.03.27-15.57.46:629][927]LightingResults: New page: Lighting Build
[2026.03.27-15.57.46:632][927]LogAudio: Display: Audio Device unregistered from world 'None'.
[2026.03.27-15.57.46:634][927]LogUObjectHash: Compacting FUObjectHashTables data took   0.47ms
[2026.03.27-15.57.46:643][927]LogAudio: Display: Audio Device (ID: 1) registered with world 'ThirdPersonExampleMap'.
[2026.03.27-15.57.46:643][927]LogAIModule: Creating AISystem for world ThirdPersonExampleMap
[2026.03.27-15.57.46:654][927]LogEditorServer: Finished looking for orphan Actors (0.000 secs)
[2026.03.27-15.57.46:659][927]LogUObjectHash: Compacting FUObjectHashTables data took   0.42ms
[2026.03.27-15.57.46:661][927]Cmd: MAP CHECKDEP NOCLEARLOG
[2026.03.27-15.57.46:661][927]MapCheck: Map check complete: 0 Error(s), 0 Warning(s), took 0.092ms to complete.
[2026.03.27-15.57.46:661][927]LogFileHelpers: Loading map 'ThirdPersonExampleMap' took 0.065
[2026.03.27-15.58.09:251][565]LogUObjectHash: Compacting FUObjectHashTables data took   0.19ms
[2026.03.27-15.58.22:469][662]LogEditorViewport: Clicking on Actor (context menu): BP_Sky_Sphere_C (SkySphereBlueprint)
[2026.03.27-15.58.23:427][765]LogUObjectHash: Compacting FUObjectHashTables data took   0.39ms
[2026.03.27-15.58.24:296][868]LogEditorViewport: Clicking on Actor (LMB): BP_Sky_Sphere_C (SkySphereBlueprint)
[2026.03.27-15.58.24:906][939]LogUObjectHash: Compacting FUObjectHashTables data took   0.20ms
[2026.03.27-15.59.35:747][218]LogUObjectHash: Compacting FUObjectHashTables data took   0.19ms
[2026.03.27-15.59.35:781][218]LogSlate: Window 'CPSC399Game - Unreal Editor' being destroyed
[2026.03.27-15.59.35:885][219]Cmd: QUIT_EDITOR
[2026.03.27-15.59.35:885][219]LogCore: Engine exit requested (reason: UUnrealEdEngine::CloseEditor())
[2026.03.27-15.59.35:890][219]LogCore: Engine exit requested (reason: EngineExit() was called; note: exit was already requested)
[2026.03.27-15.59.36:353][219]LogAudio: Display: Beginning Audio Device Manager Shutdown (Module: AudioMixerXAudio2)...
[2026.03.27-15.59.36:353][219]LogAudio: Display: Destroying 1 Remaining Audio Device(s)...
[2026.03.27-15.59.36:353][219]LogAudio: Display: Audio Device unregistered from world 'ThirdPersonExampleMap'.
[2026.03.27-15.59.36:353][219]LogAudioMixer: FMixerPlatformXAudio2::StopAudioStream() called
[2026.03.27-15.59.36:354][219]LogAudioMixer: FMixerPlatformXAudio2::StopAudioStream() called
[2026.03.27-15.59.36:357][219]LogAudio: Display: Audio Device Manager Shutdown
[2026.03.27-15.59.36:358][219]LogWindowsTextInputMethodSystem: Display: IME system deactivated.
[2026.03.27-15.59.36:364][219]LogExit: Preparing to exit.
[2026.03.27-15.59.37:367][219]LogUObjectHash: Compacting FUObjectHashTables data took   0.48ms
[2026.03.27-15.59.37:518][219]LogWorld: UWorld::CleanupWorld for World_0, bSessionEnded=true, bCleanupResources=true
[2026.03.27-15.59.37:518][219]LogWorld: UWorld::CleanupWorld for World_1, bSessionEnded=true, bCleanupResources=true
[2026.03.27-15.59.37:518][219]LogWorld: UWorld::CleanupWorld for World_2, bSessionEnded=true, bCleanupResources=true
[2026.03.27-15.59.37:518][219]LogWorld: UWorld::CleanupWorld for World_3, bSessionEnded=true, bCleanupResources=true
[2026.03.27-15.59.37:518][219]LogWorld: UWorld::CleanupWorld for World_5, bSessionEnded=true, bCleanupResources=true
[2026.03.27-15.59.37:518][219]LogWorld: UWorld::CleanupWorld for World_4, bSessionEnded=true, bCleanupResources=true
[2026.03.27-15.59.37:518][219]LogWorld: UWorld::CleanupWorld for World_6, bSessionEnded=true, bCleanupResources=true
[2026.03.27-15.59.37:537][219]LogDemo: Cleaned up 0 splitscreen connections with owner deletion
[2026.03.27-15.59.37:550][219]LogWorld: UWorld::CleanupWorld for None, bSessionEnded=true, bCleanupResources=true
[2026.03.27-15.59.37:550][219]LogExit: Editor shut down
[2026.03.27-15.59.37:551][219]LogExit: Transaction tracking system shut down
[2026.03.27-15.59.37:857][219]LogExit: Object subsystem successfully closed.
[2026.03.27-15.59.37:874][219]LogShaderCompilers: Display: === FShaderJobCache stats ===
[2026.03.27-15.59.37:874][219]LogShaderCompilers: Display: Total job queries 0, among them cache hits 0 (0.00%)
[2026.03.27-15.59.37:874][219]LogShaderCompilers: Display: Tracking 0 distinct input hashes that result in 0 distinct outputs (0.00%)
[2026.03.27-15.59.37:874][219]LogShaderCompilers: Display: RAM used: 0.00 MB (0.00 GB) of 1638.40 MB (1.60 GB) budget. Usage: 0.00%
[2026.03.27-15.59.37:874][219]LogShaderCompilers: Display: ================================================
[2026.03.27-15.59.37:893][219]LogShaderCompilers: Display: Shaders left to compile 0
[2026.03.27-15.59.37:932][219]LogModuleManager: Shutting down and abandoning module HierarchicalLODUtilities (876)
[2026.03.27-15.59.37:932][219]LogModuleManager: Shutting down and abandoning module MovieSceneCapture (874)
[2026.03.27-15.59.37:932][219]LogModuleManager: Shutting down and abandoning module Voice (872)
[2026.03.27-15.59.37:932][219]LogModuleManager: Shutting down and abandoning module HierarchicalLODOutliner (870)
[2026.03.27-15.59.37:932][219]LogModuleManager: Shutting down and abandoning module SceneOutliner (868)
[2026.03.27-15.59.37:932][219]LogModuleManager: Shutting down and abandoning module AddContentDialog (866)
[2026.03.27-15.59.37:933][219]LogModuleManager: Shutting down and abandoning module WidgetCarousel (865)
[2026.03.27-15.59.37:933][219]LogModuleManager: Shutting down and abandoning module EditorWidgets (862)
[2026.03.27-15.59.37:933][219]LogModuleManager: Shutting down and abandoning module StatsViewer (860)
[2026.03.27-15.59.37:933][219]LogModuleManager: Shutting down and abandoning module PIEPreviewDeviceProfileSelector (858)
[2026.03.27-15.59.37:933][219]LogModuleManager: Shutting down and abandoning module SequenceRecorderSections (856)
[2026.03.27-15.59.37:934][219]LogModuleManager: Shutting down and abandoning module AutomationWorker (854)
[2026.03.27-15.59.37:934][219]LogModuleManager: Shutting down and abandoning module SteamVREditor (852)
[2026.03.27-15.59.37:934][219]LogModuleManager: Shutting down and abandoning module OculusMR (850)
[2026.03.27-15.59.37:934][219]LogModuleManager: Shutting down and abandoning module TakeRecorderSources (848)
[2026.03.27-15.59.37:935][219]LogModuleManager: Shutting down and abandoning module TakeRecorder (847)
[2026.03.27-15.59.37:935][219]LogModuleManager: Shutting down and abandoning module TakeTrackRecorders (844)
[2026.03.27-15.59.37:936][219]LogModuleManager: Shutting down and abandoning module TakesCore (842)
[2026.03.27-15.59.37:936][219]LogModuleManager: Shutting down and abandoning module OpenXRInput (840)
[2026.03.27-15.59.37:936][219]LogModuleManager: Shutting down and abandoning module GooglePADEditor (838)
[2026.03.27-15.59.37:936][219]LogModuleManager: Shutting down and abandoning module AudioCaptureEditor (836)
[2026.03.27-15.59.37:936][219]LogModuleManager: Shutting down and abandoning module TemplateSequenceEditor (834)
[2026.03.27-15.59.37:936][219]LogModuleManager: Shutting down and abandoning module LevelSequenceEditor (832)
[2026.03.27-15.59.37:937][219]LogModuleManager: Shutting down and abandoning module MatineeToLevelSequence (830)
[2026.03.27-15.59.37:937][219]LogModuleManager: Shutting down and abandoning module WebMMediaFactory (828)
[2026.03.27-15.59.37:937][219]LogModuleManager: Shutting down and abandoning module WebMMediaEditor (826)
[2026.03.27-15.59.37:937][219]LogModuleManager: Shutting down and abandoning module WebMMedia (824)
[2026.03.27-15.59.37:937][219]LogModuleManager: Shutting down and abandoning module WmfMediaFactory (822)
[2026.03.27-15.59.37:937][219]LogModuleManager: Shutting down and abandoning module WmfMediaEditor (820)
[2026.03.27-15.59.37:937][219]LogModuleManager: Shutting down and abandoning module MediaPlayerEditor (818)
[2026.03.27-15.59.37:938][219]LogModuleManager: Shutting down and abandoning module MediaCompositingEditor (816)
[2026.03.27-15.59.37:938][219]LogModuleManager: Shutting down and abandoning module SequenceRecorder (815)
[2026.03.27-15.59.37:939][219]LogModuleManager: Shutting down and abandoning module OpenExrWrapper (812)
[2026.03.27-15.59.37:939][219]LogModuleManager: Shutting down and abandoning module ImgMediaFactory (810)
[2026.03.27-15.59.37:939][219]LogModuleManager: Shutting down and abandoning module ImgMediaEditor (808)
[2026.03.27-15.59.37:939][219]LogModuleManager: Shutting down and abandoning module ActorSequenceEditor (806)
[2026.03.27-15.59.37:939][219]LogModuleManager: Shutting down and abandoning module AvfMediaFactory (804)
[2026.03.27-15.59.37:939][219]LogModuleManager: Shutting down and abandoning module AvfMediaEditor (802)
[2026.03.27-15.59.37:939][219]LogModuleManager: Shutting down and abandoning module MagicLeapMediaCodecFactory (800)
[2026.03.27-15.59.37:939][219]LogModuleManager: Shutting down and abandoning module MagicLeapMediaFactory (798)
[2026.03.27-15.59.37:939][219]LogModuleManager: Shutting down and abandoning module MagicLeapMediaEditor (796)
[2026.03.27-15.59.37:939][219]LogModuleManager: Shutting down and abandoning module AndroidMediaFactory (794)
[2026.03.27-15.59.37:939][219]LogModuleManager: Shutting down and abandoning module AndroidMediaEditor (792)
[2026.03.27-15.59.37:939][219]LogModuleManager: Shutting down and abandoning module PlanarCut (790)
[2026.03.27-15.59.37:939][219]LogModuleManager: Shutting down and abandoning module CharacterAI (788)
[2026.03.27-15.59.37:939][219]LogModuleManager: Shutting down and abandoning module TextureAlignMode (786)
[2026.03.27-15.59.37:939][219]LogModuleManager: Shutting down and abandoning module BspMode (784)
[2026.03.27-15.59.37:940][219]LogModuleManager: Shutting down and abandoning module GeometryMode (782)
[2026.03.27-15.59.37:940][219]LogModuleManager: Shutting down and abandoning module SmartSnapping (780)
[2026.03.27-15.59.37:940][219]LogModuleManager: Shutting down and abandoning module CameraShakePreviewer (778)
[2026.03.27-15.59.37:940][219]LogModuleManager: Shutting down and abandoning module SessionServices (776)
[2026.03.27-15.59.37:940][219]LogModuleManager: Shutting down and abandoning module MeshPaint (774)
[2026.03.27-15.59.37:941][219]LogModuleManager: Shutting down and abandoning module VirtualTexturingEditor (772)
[2026.03.27-15.59.37:941][219]LogModuleManager: Shutting down and abandoning module FoliageEdit (770)
[2026.03.27-15.59.37:941][219]LogModuleManager: Shutting down and abandoning module LandscapeEditor (768)
[2026.03.27-15.59.37:942][219]LogModuleManager: Shutting down and abandoning module MeshPaintMode (766)
[2026.03.27-15.59.37:942][219]LogModuleManager: Shutting down and abandoning module SceneDepthPickerMode (764)
[2026.03.27-15.59.37:942][219]LogModuleManager: Shutting down and abandoning module ActorPickerMode (762)
[2026.03.27-15.59.37:943][219]LogModuleManager: Shutting down and abandoning module PlacementMode (760)
[2026.03.27-15.59.37:943][219]LogModuleManager: Shutting down and abandoning module ViewportSnapping (758)
[2026.03.27-15.59.37:943][219]LogModuleManager: Shutting down and abandoning module ViewportInteraction (756)
[2026.03.27-15.59.37:943][219]LogModuleManager: Shutting down and abandoning module ClothPainter (754)
[2026.03.27-15.59.37:943][219]LogModuleManager: Shutting down and abandoning module SkeletalMeshEditor (753)
[2026.03.27-15.59.37:944][219]LogModuleManager: Shutting down and abandoning module LogVisualizer (750)
[2026.03.27-15.59.37:944][219]LogModuleManager: Shutting down and abandoning module IntroTutorials (748)
[2026.03.27-15.59.37:945][219]LogModuleManager: Shutting down and abandoning module GameProjectGeneration (747)
[2026.03.27-15.59.37:945][219]LogModuleManager: Shutting down and abandoning module LuminPlatformEditor (744)
[2026.03.27-15.59.37:945][219]LogModuleManager: Shutting down and abandoning module IOSPlatformEditor (742)
[2026.03.27-15.59.37:945][219]LogModuleManager: Shutting down and abandoning module AndroidPlatformEditor (740)
[2026.03.27-15.59.37:945][219]LogModuleManager: Shutting down and abandoning module AndroidDeviceDetection (739)
[2026.03.27-15.59.38:184][219]LogModuleManager: Shutting down and abandoning module WindowsPlatformEditor (736)
[2026.03.27-15.59.38:184][219]LogModuleManager: Shutting down and abandoning module LuminRuntimeSettings (734)
[2026.03.27-15.59.38:184][219]LogModuleManager: Shutting down and abandoning module IOSRuntimeSettings (732)
[2026.03.27-15.59.38:184][219]LogModuleManager: Shutting down and abandoning module AndroidRuntimeSettings (730)
[2026.03.27-15.59.38:184][219]LogModuleManager: Shutting down and abandoning module TraceInsights (728)
[2026.03.27-15.59.38:187][219]MemoryProfiler: Shutdown
[2026.03.27-15.59.38:187][219]NetworkingProfiler: Shutdown
[2026.03.27-15.59.38:187][219]LoadingProfiler: Shutdown
[2026.03.27-15.59.38:187][219]TimingProfiler: Shutdown
[2026.03.27-15.59.38:188][219]LogModuleManager: Shutting down and abandoning module TraceServices (727)
[2026.03.27-15.59.38:189][219]LogModuleManager: Shutting down and abandoning module EditorInteractiveToolsFramework (724)
[2026.03.27-15.59.38:189][219]LogModuleManager: Shutting down and abandoning module TimeManagementEditor (722)
[2026.03.27-15.59.38:189][219]LogModuleManager: Shutting down and abandoning module InputBindingEditor (720)
[2026.03.27-15.59.38:189][219]LogModuleManager: Shutting down and abandoning module MergeActors (718)
[2026.03.27-15.59.38:190][219]LogModuleManager: Shutting down and abandoning module LocalizationDashboard (716)
[2026.03.27-15.59.38:190][219]LogModuleManager: Shutting down and abandoning module LocalizationService (715)
[2026.03.27-15.59.38:191][219]LogModuleManager: Shutting down and abandoning module HardwareTargeting (712)
[2026.03.27-15.59.38:191][219]LogModuleManager: Shutting down and abandoning module DeviceProfileEditor (710)
[2026.03.27-15.59.38:191][219]LogModuleManager: Shutting down and abandoning module UndoHistory (708)
[2026.03.27-15.59.38:191][219]LogModuleManager: Shutting down and abandoning module XmlParser (706)
[2026.03.27-15.59.38:191][219]LogModuleManager: Shutting down and abandoning module Blutility (704)
[2026.03.27-15.59.38:191][219]LogModuleManager: Shutting down and abandoning module ProjectSettingsViewer (702)
[2026.03.27-15.59.38:191][219]LogModuleManager: Shutting down and abandoning module ProjectTargetPlatformEditor (701)
[2026.03.27-15.59.38:191][219]LogModuleManager: Shutting down and abandoning module EditorSettingsViewer (698)
[2026.03.27-15.59.38:191][219]LogModuleManager: Shutting down and abandoning module InternationalizationSettings (697)
[2026.03.27-15.59.38:191][219]LogModuleManager: Shutting down and abandoning module SettingsEditor (694)
[2026.03.27-15.59.38:192][219]LogModuleManager: Shutting down and abandoning module ProjectLauncher (692)
[2026.03.27-15.59.38:192][219]LogModuleManager: Shutting down and abandoning module SessionFrontend (690)
[2026.03.27-15.59.38:192][219]LogModuleManager: Shutting down and abandoning module ProfilerClient (688)
[2026.03.27-15.59.38:192][219]LogModuleManager: Shutting down and abandoning module DeviceManager (686)
[2026.03.27-15.59.38:192][219]LogModuleManager: Shutting down and abandoning module TargetDeviceServices (685)
[2026.03.27-15.59.38:223][219]LogModuleManager: Shutting down and abandoning module AutomationController (682)
[2026.03.27-15.59.38:224][219]LogModuleManager: Shutting down and abandoning module AutomationWindow (680)
[2026.03.27-15.59.38:224][219]LogModuleManager: Shutting down and abandoning module Layers (678)
[2026.03.27-15.59.38:225][219]LogModuleManager: Shutting down and abandoning module ComponentVisualizers (676)
[2026.03.27-15.59.38:225][219]LogModuleManager: Shutting down and abandoning module DetailCustomizations (674)
[2026.03.27-15.59.38:225][219]LogModuleManager: Shutting down and abandoning module PackagesDialog (672)
[2026.03.27-15.59.38:225][219]LogModuleManager: Shutting down and abandoning module AnimationBlueprintEditor (670)
[2026.03.27-15.59.38:226][219]LogModuleManager: Shutting down and abandoning module Persona (668)
[2026.03.27-15.59.38:226][219]LogModuleManager: Shutting down and abandoning module AdvancedPreviewScene (667)
[2026.03.27-15.59.38:227][219]LogModuleManager: Shutting down and abandoning module AnimGraph (665)
[2026.03.27-15.59.38:227][219]LogModuleManager: Shutting down and abandoning module Kismet (662)
[2026.03.27-15.59.38:228][219]LogModuleManager: Shutting down and abandoning module KismetWidgets (661)
[2026.03.27-15.59.38:228][219]LogModuleManager: Shutting down and abandoning module GraphEditor (658)
[2026.03.27-15.59.38:229][219]LogModuleManager: Shutting down and abandoning module StructViewer (656)
[2026.03.27-15.59.38:229][219]LogModuleManager: Shutting down and abandoning module ClassViewer (654)
[2026.03.27-15.59.38:229][219]LogModuleManager: Shutting down and abandoning module Toolbox (652)
[2026.03.27-15.59.38:229][219]LogModuleManager: Shutting down and abandoning module ModuleUI (650)
[2026.03.27-15.59.38:229][219]LogModuleManager: Shutting down and abandoning module OutputLog (648)
[2026.03.27-15.59.38:229][219]LogModuleManager: Shutting down and abandoning module GammaUI (646)
[2026.03.27-15.59.38:229][219]LogModuleManager: Shutting down and abandoning module Documentation (644)
[2026.03.27-15.59.38:229][219]LogModuleManager: Shutting down and abandoning module LiveCoding (642)
[2026.03.27-15.59.38:229][219]LogModuleManager: Shutting down and abandoning module LevelSequence (640)
[2026.03.27-15.59.38:229][219]LogModuleManager: Shutting down and abandoning module MovieSceneTracks (638)
[2026.03.27-15.59.38:229][219]LogModuleManager: Shutting down and abandoning module MovieScene (636)
[2026.03.27-15.59.38:231][219]LogModuleManager: Shutting down and abandoning module StreamingPauseRendering (634)
[2026.03.27-15.59.38:231][219]LogModuleManager: Shutting down and abandoning module LauncherPlatform (632)
[2026.03.27-15.59.38:231][219]LogModuleManager: Shutting down and abandoning module AnalyticsET (630)
[2026.03.27-15.59.38:231][219]LogModuleManager: Shutting down and abandoning module PortalServices (628)
[2026.03.27-15.59.38:231][219]LogModuleManager: Shutting down and abandoning module PortalRpc (626)
[2026.03.27-15.59.38:231][219]LogModuleManager: Shutting down and abandoning module MessagingRpc (624)
[2026.03.27-15.59.38:231][219]LogModuleManager: Shutting down and abandoning module AudioMixerXAudio2 (622)
[2026.03.27-15.59.38:231][219]LogModuleManager: Shutting down and abandoning module AudioMixerCore (621)
[2026.03.27-15.59.38:231][219]LogModuleManager: Shutting down and abandoning module AIModule (618)
[2026.03.27-15.59.38:231][219]LogModuleManager: Shutting down and abandoning module GameplayDebugger (617)
[2026.03.27-15.59.38:231][219]LogModuleManager: Shutting down and abandoning module AITestSuite (615)
[2026.03.27-15.59.38:231][219]LogModuleManager: Shutting down and abandoning module NavigationSystem (613)
[2026.03.27-15.59.38:231][219]LogModuleManager: Shutting down and abandoning module ImageWriteQueue (610)
[2026.03.27-15.59.38:237][219]LogModuleManager: Shutting down and abandoning module ProfilerService (608)
[2026.03.27-15.59.38:344][219]LogModuleManager: Shutting down and abandoning module TaskGraph (606)
[2026.03.27-15.59.38:345][219]LogModuleManager: Shutting down and abandoning module AudioSynesthesiaEditor (604)
[2026.03.27-15.59.38:345][219]LogModuleManager: Shutting down and abandoning module OculusEditor (602)
[2026.03.27-15.59.38:346][219]LogModuleManager: Shutting down and abandoning module OculusInput (600)
[2026.03.27-15.59.38:347][219]LogModuleManager: Shutting down and abandoning module ContentBrowserFileDataSource (598)
[2026.03.27-15.59.38:347][219]LogModuleManager: Shutting down and abandoning module ContentBrowserClassDataSource (596)
[2026.03.27-15.59.38:347][219]LogModuleManager: Shutting down and abandoning module ContentBrowserAssetDataSource (594)
[2026.03.27-15.59.38:347][219]LogModuleManager: Shutting down and abandoning module CollectionManager (593)
[2026.03.27-15.59.38:347][219]LogModuleManager: Shutting down and abandoning module TakeSequencer (590)
[2026.03.27-15.59.38:347][219]LogModuleManager: Shutting down and abandoning module TakeMovieScene (588)
[2026.03.27-15.59.38:347][219]LogModuleManager: Shutting down and abandoning module ScreenshotTools (586)
[2026.03.27-15.59.38:347][219]LogModuleManager: Shutting down and abandoning module SynthesisEditor (584)
[2026.03.27-15.59.38:347][219]LogModuleManager: Shutting down and abandoning module Synthesis (582)
[2026.03.27-15.59.38:347][219]LogModuleManager: Shutting down and abandoning module ProceduralMeshComponentEditor (580)
[2026.03.27-15.59.38:347][219]LogModuleManager: Shutting down and abandoning module ProceduralMeshComponent (578)
[2026.03.27-15.59.38:347][219]LogModuleManager: Shutting down and abandoning module OpenXREditor (576)
[2026.03.27-15.59.38:347][219]LogModuleManager: Shutting down and abandoning module MobilePatchingUtils (574)
[2026.03.27-15.59.38:347][219]LogModuleManager: Shutting down and abandoning module GooglePAD (572)
[2026.03.27-15.59.38:347][219]LogModuleManager: Shutting down and abandoning module EditableMesh (570)
[2026.03.27-15.59.38:347][219]LogModuleManager: Shutting down and abandoning module CustomMeshComponent (568)
[2026.03.27-15.59.38:348][219]LogModuleManager: Shutting down and abandoning module CableComponent (566)
[2026.03.27-15.59.38:348][219]LogModuleManager: Shutting down and abandoning module AudioCapture (564)
[2026.03.27-15.59.38:348][219]LogModuleManager: Shutting down and abandoning module AudioCaptureRtAudio (563)
[2026.03.27-15.59.38:348][219]LogModuleManager: Shutting down and abandoning module AssetTags (560)
[2026.03.27-15.59.38:348][219]LogModuleManager: Shutting down and abandoning module ArchVisCharacter (558)
[2026.03.27-15.59.38:348][219]LogModuleManager: Shutting down and abandoning module AppleImageUtilsBlueprintSupport (556)
[2026.03.27-15.59.38:348][219]LogModuleManager: Shutting down and abandoning module AppleImageUtils (554)
[2026.03.27-15.59.38:348][219]LogModuleManager: Shutting down and abandoning module AndroidPermission (552)
[2026.03.27-15.59.38:348][219]LogModuleManager: Shutting down and abandoning module TemplateSequence (550)
[2026.03.27-15.59.38:348][219]LogModuleManager: Shutting down and abandoning module ActorLayerUtilitiesEditor (548)
[2026.03.27-15.59.38:348][219]LogModuleManager: Shutting down and abandoning module ActorLayerUtilities (546)
[2026.03.27-15.59.38:348][219]LogModuleManager: Shutting down and abandoning module MediaCompositing (544)
[2026.03.27-15.59.38:348][219]LogModuleManager: Shutting down and abandoning module ImgMedia (542)
[2026.03.27-15.59.38:348][219]LogModuleManager: Shutting down and abandoning module MagicLeapSharedWorld (540)
[2026.03.27-15.59.38:348][219]LogModuleManager: Shutting down and abandoning module MagicLeapLightEstimation (538)
[2026.03.27-15.59.38:348][219]LogModuleManager: Shutting down and abandoning module VariantManagerContentEditor (536)
[2026.03.27-15.59.38:348][219]LogModuleManager: Shutting down and abandoning module MagicLeapHelperVulkan (534)
[2026.03.27-15.59.38:348][219]LogModuleManager: Shutting down and abandoning module MagicLeapHelperOpenGL (532)
[2026.03.27-15.59.38:348][219]LogModuleManager: Shutting down and abandoning module MagicLeapAudio (530)
[2026.03.27-15.59.38:348][219]LogModuleManager: Shutting down and abandoning module DatasmithContentEditor (528)
[2026.03.27-15.59.38:349][219]LogModuleManager: Shutting down and abandoning module NiagaraEditorWidgets (526)
[2026.03.27-15.59.38:350][219]LogModuleManager: Shutting down and abandoning module OpenImageDenoise (524)
[2026.03.27-15.59.38:350][219]LogOpenImageDenoise: OIDN shutting down
[2026.03.27-15.59.38:350][219]LogModuleManager: Shutting down and abandoning module MotoSynthEditor (522)
[2026.03.27-15.59.38:350][219]LogModuleManager: Shutting down and abandoning module MotoSynth (520)
[2026.03.27-15.59.38:350][219]LogModuleManager: Shutting down and abandoning module MeshConversion (518)
[2026.03.27-15.59.38:350][219]LogModuleManager: Shutting down and abandoning module DynamicMesh (516)
[2026.03.27-15.59.38:350][219]LogModuleManager: Shutting down and abandoning module GeometryAlgorithms (514)
[2026.03.27-15.59.38:350][219]LogModuleManager: Shutting down and abandoning module GeometricObjects (512)
[2026.03.27-15.59.38:351][219]LogModuleManager: Shutting down and abandoning module GeometryCollectionTracks (510)
[2026.03.27-15.59.38:351][219]LogModuleManager: Shutting down and abandoning module GeometryCollectionSequencer (509)
[2026.03.27-15.59.38:351][219]LogModuleManager: Shutting down and abandoning module GeometryCollectionEditor (506)
[2026.03.27-15.59.38:351][219]LogModuleManager: Shutting down and abandoning module GeometryCacheTracks (504)
[2026.03.27-15.59.38:351][219]LogModuleManager: Shutting down and abandoning module GeometryCacheStreamer (502)
[2026.03.27-15.59.38:351][219]LogModuleManager: Shutting down and abandoning module GeometryCacheSequencer (500)
[2026.03.27-15.59.38:351][219]LogModuleManager: Shutting down and abandoning module ChaosSolverEditor (498)
[2026.03.27-15.59.38:351][219]LogModuleManager: Shutting down and abandoning module ChaosNiagara (496)
[2026.03.27-15.59.38:351][219]LogModuleManager: Shutting down and abandoning module FractureEditor (494)
[2026.03.27-15.59.38:351][219]LogModuleManager: Shutting down and abandoning module FieldSystemEngine (493)
[2026.03.27-15.59.38:351][219]LogModuleManager: Shutting down and abandoning module ChaosClothEditor (490)
[2026.03.27-15.59.38:351][219]LogModuleManager: Shutting down and abandoning module SpeedTreeImporter (488)
[2026.03.27-15.59.38:351][219]LogModuleManager: Shutting down and abandoning module PluginBrowser (486)
[2026.03.27-15.59.38:353][219]LogModuleManager: Shutting down and abandoning module MaterialAnalyzer (484)
[2026.03.27-15.59.38:353][219]LogModuleManager: Shutting down and abandoning module MobileLauncherProfileWizard (482)
[2026.03.27-15.59.38:353][219]LogModuleManager: Shutting down and abandoning module BackChannel (480)
[2026.03.27-15.59.38:353][219]LogModuleManager: Shutting down and abandoning module AutomationUtilsEditor (478)
[2026.03.27-15.59.38:353][219]LogModuleManager: Shutting down and abandoning module AutomationUtils (476)
[2026.03.27-15.59.38:353][219]LogModuleManager: Shutting down and abandoning module AlembicImporter (474)
[2026.03.27-15.59.38:353][219]LogModuleManager: Shutting down and abandoning module AlembicLibrary (473)
[2026.03.27-15.59.38:353][219]LogModuleManager: Shutting down and abandoning module GeometryCache (472)
[2026.03.27-15.59.38:353][219]LogModuleManager: Shutting down and abandoning module GeometryCacheEd (471)
[2026.03.27-15.59.38:353][219]LogModuleManager: Shutting down and abandoning module UObjectPlugin (466)
[2026.03.27-15.59.38:353][219]LogModuleManager: Shutting down and abandoning module VisualStudioSourceCodeAccess (464)
[2026.03.27-15.59.38:353][219]LogModuleManager: Shutting down and abandoning module VisualStudioCodeSourceCodeAccess (462)
[2026.03.27-15.59.38:353][219]LogModuleManager: Shutting down and abandoning module SubversionSourceControl (460)
[2026.03.27-15.59.38:354][219]LogModuleManager: Shutting down and abandoning module CryptoKeysOpenSSL (458)
[2026.03.27-15.59.38:354][219]LogModuleManager: Shutting down and abandoning module CryptoKeys (456)
[2026.03.27-15.59.38:354][219]LogModuleManager: Shutting down and abandoning module CurveEditorTools (454)
[2026.03.27-15.59.38:354][219]LogModuleManager: Shutting down and abandoning module RiderSourceCodeAccess (452)
[2026.03.27-15.59.38:354][219]LogModuleManager: Shutting down and abandoning module PluginUtils (450)
[2026.03.27-15.59.38:354][219]LogModuleManager: Shutting down and abandoning module PlasticSourceControl (448)
[2026.03.27-15.59.38:355][219]LogModuleManager: Shutting down and abandoning module PerforceSourceControl (446)
[2026.03.27-15.59.38:356][219]LogModuleManager: Shutting down and abandoning module GitSourceControl (444)
[2026.03.27-15.59.38:356][219]LogModuleManager: Shutting down and abandoning module SourceControl (443)
[2026.03.27-15.59.38:356][219]LogModuleManager: Shutting down and abandoning module CLionSourceCodeAccess (440)
[2026.03.27-15.59.38:356][219]LogModuleManager: Shutting down and abandoning module OodleNetworkHandlerComponent (438)
[2026.03.27-15.59.38:356][219]LogModuleManager: Shutting down and abandoning module LiveLinkSequencer (436)
[2026.03.27-15.59.38:356][219]LogModuleManager: Shutting down and abandoning module LiveLinkMovieScene (434)
[2026.03.27-15.59.38:356][219]LogModuleManager: Shutting down and abandoning module LiveLinkGraphNode (432)
[2026.03.27-15.59.38:356][219]LogModuleManager: Shutting down and abandoning module LiveLinkEditor (430)
[2026.03.27-15.59.38:357][219]LogModuleManager: Shutting down and abandoning module LiveLinkComponents (428)
[2026.03.27-15.59.38:357][219]LogModuleManager: Shutting down and abandoning module LiveLink (426)
[2026.03.27-15.59.38:892][219]LogModuleManager: Shutting down and abandoning module AnimationSharingEd (424)
[2026.03.27-15.59.38:892][219]LogModuleManager: Shutting down and abandoning module LightPropagationVolumeEditor (422)
[2026.03.27-15.59.38:892][219]LogModuleManager: Shutting down and abandoning module PaperTiledImporter (420)
[2026.03.27-15.59.38:892][219]LogModuleManager: Shutting down and abandoning module PaperSpriteSheetImporter (418)
[2026.03.27-15.59.38:894][219]LogModuleManager: Shutting down and abandoning module Paper2DEditor (416)
[2026.03.27-15.59.38:894][219]LogModuleManager: Shutting down and abandoning module MeshPaintingToolset (414)
[2026.03.27-15.59.38:894][219]LogModuleManager: Shutting down and abandoning module MeshPaintEditorMode (412)
[2026.03.27-15.59.38:894][219]LogModuleManager: Shutting down and abandoning module SoundFields (410)
[2026.03.27-15.59.38:894][219]LogModuleManager: Shutting down and abandoning module SignificanceManager (408)
[2026.03.27-15.59.38:894][219]LogModuleManager: Shutting down and abandoning module RuntimePhysXCooking (406)
[2026.03.27-15.59.38:894][219]LogModuleManager: Shutting down and abandoning module PropertyAccessEditor (404)
[2026.03.27-15.59.38:895][219]LogModuleManager: Shutting down and abandoning module PhysXVehiclesEditor (402)
[2026.03.27-15.59.38:895][219]LogModuleManager: Shutting down and abandoning module LocationServicesBPLibrary (398)
[2026.03.27-15.59.38:895][219]LogModuleManager: Shutting down and abandoning module AudioSynesthesia (396)
[2026.03.27-15.59.38:895][219]LogModuleManager: Shutting down and abandoning module AudioSynesthesiaCore (394)
[2026.03.27-15.59.38:895][219]LogModuleManager: Shutting down and abandoning module UdpMessaging (392)
[2026.03.27-15.59.38:996][219]LogModuleManager: Shutting down and abandoning module ImgMediaEngine (390)
[2026.03.27-15.59.38:996][219]LogModuleManager: Shutting down and abandoning module TcpMessaging (388)
[2026.03.27-15.59.39:098][219]LogModuleManager: Shutting down and abandoning module ActorSequence (386)
[2026.03.27-15.59.39:098][219]LogModuleManager: Shutting down and abandoning module MagicLeapARPin (384)
[2026.03.27-15.59.39:098][219]LogModuleManager: Shutting down and abandoning module MagicLeapHandMeshing (382)
[2026.03.27-15.59.39:098][219]LogModuleManager: Shutting down and abandoning module MagicLeapSecureStorage (380)
[2026.03.27-15.59.39:098][219]LogModuleManager: Shutting down and abandoning module MagicLeapPrivileges (378)
[2026.03.27-15.59.39:098][219]LogModuleManager: Shutting down and abandoning module MagicLeapPlanes (376)
[2026.03.27-15.59.39:098][219]LogMagicLeapPlanes: Planes tracker already destroyed.
[2026.03.27-15.59.39:098][219]LogModuleManager: Shutting down and abandoning module MagicLeapImageTracker (374)
[2026.03.27-15.59.39:098][219]LogModuleManager: Shutting down and abandoning module MagicLeapIdentity (372)
[2026.03.27-15.59.39:098][219]LogModuleManager: Shutting down and abandoning module MagicLeapHandTracking (370)
[2026.03.27-15.59.39:099][219]LogModuleManager: Shutting down and abandoning module MagicLeapEyeTracker (368)
[2026.03.27-15.59.39:099][219]LogModuleManager: Shutting down and abandoning module MagicLeapController (366)
[2026.03.27-15.59.39:099][219]LogModuleManager: Shutting down and abandoning module MagicLeapARPinImpl (364)
[2026.03.27-15.59.39:099][219]LogModuleManager: Shutting down and abandoning module MagicLeapAR (362)
[2026.03.27-15.59.39:099][219]LogModuleManager: Shutting down and abandoning module NiagaraAnimNotifies (360)
[2026.03.27-15.59.39:099][219]LogModuleManager: Shutting down and abandoning module Niagara (358)
[2026.03.27-15.59.39:100][219]LogModuleManager: Shutting down and abandoning module SignalProcessing (357)
[2026.03.27-15.59.39:100][219]LogModuleManager: Shutting down and abandoning module NiagaraEditor (355)
[2026.03.27-15.59.39:100][219]LogModuleManager: Shutting down and abandoning module NiagaraCore (352)
[2026.03.27-15.59.39:100][219]LogModuleManager: Shutting down and abandoning module PythonScriptPlugin (350)
[2026.03.27-15.59.39:100][219]LogModuleManager: Shutting down and abandoning module FacialAnimationEditor (348)
[2026.03.27-15.59.39:100][219]LogModuleManager: Shutting down and abandoning module FacialAnimation (346)
[2026.03.27-15.59.39:100][219]LogModuleManager: Shutting down and abandoning module GameplayTagsEditor (344)
[2026.03.27-15.59.39:101][219]LogModuleManager: Shutting down and abandoning module DataValidation (342)
[2026.03.27-15.59.39:101][219]LogModuleManager: Shutting down and abandoning module PropertyAccessNode (340)
[2026.03.27-15.59.39:101][219]LogModuleManager: Shutting down and abandoning module AssetManagerEditor (338)
[2026.03.27-15.59.39:101][219]LogModuleManager: Shutting down and abandoning module LevelEditor (337)
[2026.03.27-15.59.39:102][219]LogModuleManager: Shutting down and abandoning module PixelInspectorModule (336)
[2026.03.27-15.59.39:103][219]LogModuleManager: Shutting down and abandoning module CommonMenuExtensions (334)
[2026.03.27-15.59.39:103][219]LogModuleManager: Shutting down and abandoning module MainFrame (332)
[2026.03.27-15.59.39:103][219]LogModuleManager: Shutting down and abandoning module HotReload (331)
[2026.03.27-15.59.39:103][219]LogModuleManager: Shutting down and abandoning module ToolMenus (327)
[2026.03.27-15.59.39:103][219]LogModuleManager: Shutting down and abandoning module ContentBrowser (325)
[2026.03.27-15.59.39:103][219]LogModuleManager: Shutting down and abandoning module ContentBrowserData (324)
[2026.03.27-15.59.39:103][219]LogModuleManager: Shutting down and abandoning module TreeMap (321)
[2026.03.27-15.59.39:103][219]LogModuleManager: Shutting down and abandoning module AnimationSharing (318)
[2026.03.27-15.59.39:103][219]LogModuleManager: Shutting down and abandoning module GameplayCameras (316)
[2026.03.27-15.59.39:103][219]LogModuleManager: Shutting down and abandoning module EnvironmentQueryEditor (314)
[2026.03.27-15.59.39:104][219]LogModuleManager: Shutting down and abandoning module LightPropagationVolumeRuntime (312)
[2026.03.27-15.59.39:104][219]LogModuleManager: Shutting down and abandoning module Paper2D (310)
[2026.03.27-15.59.39:104][219]LogModuleManager: Shutting down and abandoning module WindowsMoviePlayer (308)
[2026.03.27-15.59.39:104][219]LogModuleManager: Shutting down and abandoning module WebMMoviePlayer (306)
[2026.03.27-15.59.39:104][219]LogModuleManager: Shutting down and abandoning module NetworkReplayStreaming (304)
[2026.03.27-15.59.39:104][219]LogModuleManager: Shutting down and abandoning module PacketHandler (302)
[2026.03.27-15.59.39:104][219]LogModuleManager: Shutting down and abandoning module ClothingSystemEditor (300)
[2026.03.27-15.59.39:104][219]LogModuleManager: Shutting down and abandoning module ClothingSystemRuntimeNv (298)
[2026.03.27-15.59.39:105][219]LogModuleManager: Shutting down and abandoning module MediaAssets (296)
[2026.03.27-15.59.39:105][219]LogModuleManager: Shutting down and abandoning module Overlay (294)
[2026.03.27-15.59.39:105][219]LogModuleManager: Shutting down and abandoning module OverlayEditor (293)
[2026.03.27-15.59.39:105][219]LogModuleManager: Shutting down and abandoning module VREditor (290)
[2026.03.27-15.59.39:105][219]LogModuleManager: Shutting down and abandoning module StringTableEditor (288)
[2026.03.27-15.59.39:105][219]LogModuleManager: Shutting down and abandoning module GameplayTasksEditor (286)
[2026.03.27-15.59.39:105][219]LogModuleManager: Shutting down and abandoning module BehaviorTreeEditor (284)
[2026.03.27-15.59.39:106][219]LogModuleManager: Shutting down and abandoning module FunctionalTesting (282)
[2026.03.27-15.59.39:106][219]LogModuleManager: Shutting down and abandoning module CollisionAnalyzer (280)
[2026.03.27-15.59.39:106][219]LogModuleManager: Shutting down and abandoning module WorkspaceMenuStructure (279)
[2026.03.27-15.59.39:106][219]LogModuleManager: Shutting down and abandoning module UMG (276)
[2026.03.27-15.59.39:107][219]LogModuleManager: Shutting down and abandoning module UMGEditor (275)
[2026.03.27-15.59.39:107][219]LogModuleManager: Shutting down and abandoning module MessageLog (273)
[2026.03.27-15.59.39:107][219]LogModuleManager: Shutting down and abandoning module SlateReflector (268)
[2026.03.27-15.59.39:109][219]LogModuleManager: Shutting down and abandoning module Slate (266)
[2026.03.27-15.59.39:109][219]LogModuleManager: Shutting down and abandoning module SlateCore (264)
[2026.03.27-15.59.39:109][219]LogModuleManager: Shutting down and abandoning module LandscapeEditorUtilities (262)
[2026.03.27-15.59.39:109][219]LogModuleManager: Shutting down and abandoning module UnrealEd (260)
[2026.03.27-15.59.39:109][219]LogModuleManager: Shutting down and abandoning module MRMesh (258)
[2026.03.27-15.59.39:109][219]LogModuleManager: Shutting down and abandoning module SourceCodeAccess (256)
[2026.03.27-15.59.39:109][219]LogModuleManager: Shutting down and abandoning module HeadMountedDisplay (254)
[2026.03.27-15.59.39:109][219]LogModuleManager: Shutting down and abandoning module XAudio2 (252)
[2026.03.27-15.59.39:110][219]LogModuleManager: Shutting down and abandoning module Networking (250)
[2026.03.27-15.59.39:110][219]LogModuleManager: Shutting down and abandoning module Core (248)
[2026.03.27-15.59.39:110][219]LogModuleManager: Shutting down and abandoning module MaterialEditor (246)
[2026.03.27-15.59.39:110][219]LogModuleManager: Shutting down and abandoning module MovieSceneTools (244)
[2026.03.27-15.59.39:111][219]LogModuleManager: Shutting down and abandoning module CurveEditor (243)
[2026.03.27-15.59.39:111][219]LogModuleManager: Shutting down and abandoning module Sequencer (241)
[2026.03.27-15.59.39:112][219]LogModuleManager: Shutting down and abandoning module EditorStyle (240)
[2026.03.27-15.59.39:113][219]LogModuleManager: Shutting down and abandoning module KismetCompiler (236)
[2026.03.27-15.59.39:113][219]LogModuleManager: Shutting down and abandoning module MeshBuilder (234)
[2026.03.27-15.59.39:113][219]LogModuleManager: Shutting down and abandoning module MeshUtilities (232)
[2026.03.27-15.59.39:114][219]LogModuleManager: Shutting down and abandoning module MeshMergeUtilities (231)
[2026.03.27-15.59.39:114][219]LogModuleManager: Shutting down and abandoning module MeshReductionInterface (230)
[2026.03.27-15.59.39:114][219]LogModuleManager: Shutting down and abandoning module MeshBoneReduction (229)
[2026.03.27-15.59.39:114][219]LogModuleManager: Shutting down and abandoning module SkeletalMeshReduction (227)
[2026.03.27-15.59.39:114][219]LogModuleManager: Shutting down and abandoning module ProxyLODMeshReduction (225)
[2026.03.27-15.59.39:115][219]LogModuleManager: Shutting down and abandoning module QuadricMeshReduction (223)
[2026.03.27-15.59.39:115][219]LogModuleManager: Shutting down and abandoning module MaterialBaking (219)
[2026.03.27-15.59.39:115][219]LogModuleManager: Shutting down and abandoning module NullInstallBundleManager (214)
[2026.03.27-15.59.39:115][219]LogModuleManager: Shutting down and abandoning module DerivedDataCache (212)
[2026.03.27-15.59.39:115][219]LogModuleManager: Shutting down and abandoning module TargetPlatform (210)
[2026.03.27-15.59.39:115][219]LogModuleManager: Shutting down and abandoning module VulkanShaderFormat (209)
[2026.03.27-15.59.39:116][219]LogModuleManager: Shutting down and abandoning module ShaderFormatVectorVM (207)
[2026.03.27-15.59.39:116][219]LogModuleManager: Shutting down and abandoning module ShaderFormatOpenGL (205)
[2026.03.27-15.59.39:117][219]LogModuleManager: Shutting down and abandoning module ShaderFormatD3D (203)
[2026.03.27-15.59.39:117][219]LogModuleManager: Shutting down and abandoning module MetalShaderFormat (201)
[2026.03.27-15.59.39:117][219]LogModuleManager: Shutting down and abandoning module TextureFormatOodle (199)
[2026.03.27-15.59.39:117][219]LogModuleManager: Shutting down and abandoning module TextureFormatUncompressed (197)
[2026.03.27-15.59.39:117][219]LogModuleManager: Shutting down and abandoning module TextureFormatPVR (195)
[2026.03.27-15.59.39:117][219]LogModuleManager: Shutting down and abandoning module TextureFormatETC2 (193)
[2026.03.27-15.59.39:117][219]LogModuleManager: Shutting down and abandoning module TextureFormatDXT (191)
[2026.03.27-15.59.39:117][219]LogModuleManager: Shutting down and abandoning module TextureFormatIntelISPCTexComp (189)
[2026.03.27-15.59.39:118][219]LogModuleManager: Shutting down and abandoning module TextureFormatASTC (187)
[2026.03.27-15.59.39:118][219]LogModuleManager: Shutting down and abandoning module ImageWrapper (186)
[2026.03.27-15.59.39:118][219]LogModuleManager: Shutting down and abandoning module AudioFormatOpus (183)
[2026.03.27-15.59.39:118][219]LogModuleManager: Shutting down and abandoning module AudioFormatOgg (181)
[2026.03.27-15.59.39:118][219]LogModuleManager: Shutting down and abandoning module AudioFormatADPCM (179)
[2026.03.27-15.59.39:118][219]LogModuleManager: Shutting down and abandoning module WindowsServerTargetPlatform (177)
[2026.03.27-15.59.39:118][219]LogModuleManager: Shutting down and abandoning module WindowsClientTargetPlatform (175)
[2026.03.27-15.59.39:118][219]LogModuleManager: Shutting down and abandoning module WindowsTargetPlatform (173)
[2026.03.27-15.59.39:118][219]LogModuleManager: Shutting down and abandoning module WindowsNoEditorTargetPlatform (171)
[2026.03.27-15.59.39:118][219]LogModuleManager: Shutting down and abandoning module TVOSTargetPlatform (169)
[2026.03.27-15.59.39:118][219]LogModuleManager: Shutting down and abandoning module MacServerTargetPlatform (167)
[2026.03.27-15.59.39:118][219]LogModuleManager: Shutting down and abandoning module MacClientTargetPlatform (165)
[2026.03.27-15.59.39:118][219]LogModuleManager: Shutting down and abandoning module MacTargetPlatform (163)
[2026.03.27-15.59.39:118][219]LogModuleManager: Shutting down and abandoning module MacNoEditorTargetPlatform (161)
[2026.03.27-15.59.39:118][219]LogModuleManager: Shutting down and abandoning module LuminTargetPlatform (159)
[2026.03.27-15.59.39:119][219]LogModuleManager: Shutting down and abandoning module LinuxAArch64ServerTargetPlatform (157)
[2026.03.27-15.59.39:119][219]LogModuleManager: Shutting down and abandoning module LinuxAArch64ClientTargetPlatform (155)
[2026.03.27-15.59.39:119][219]LogModuleManager: Shutting down and abandoning module LinuxAArch64NoEditorTargetPlatform (153)
[2026.03.27-15.59.39:119][219]LogModuleManager: Shutting down and abandoning module LinuxServerTargetPlatform (151)
[2026.03.27-15.59.39:119][219]LogModuleManager: Shutting down and abandoning module LinuxClientTargetPlatform (149)
[2026.03.27-15.59.39:119][219]LogModuleManager: Shutting down and abandoning module LinuxNoEditorTargetPlatform (147)
[2026.03.27-15.59.39:119][219]LogModuleManager: Shutting down and abandoning module LinuxTargetPlatform (145)
[2026.03.27-15.59.39:119][219]LogModuleManager: Shutting down and abandoning module Messaging (143)
[2026.03.27-15.59.39:119][219]LogModuleManager: Shutting down and abandoning module IOSTargetPlatform (141)
[2026.03.27-15.59.39:119][219]LogModuleManager: Shutting down and abandoning module AndroidTargetPlatform (139)
[2026.03.27-15.59.39:121][219]LogModuleManager: Shutting down and abandoning module AllDesktopTargetPlatform (137)
[2026.03.27-15.59.39:121][219]LogModuleManager: Shutting down and abandoning module D3D11RHI (134)
[2026.03.27-15.59.39:121][219]LogModuleManager: Shutting down and abandoning module InputCore (132)
[2026.03.27-15.59.39:121][219]LogModuleManager: Shutting down and abandoning module Settings (130)
[2026.03.27-15.59.39:122][219]LogModuleManager: Shutting down and abandoning module DirectoryWatcher (128)
[2026.03.27-15.59.39:122][219]LogModuleManager: Shutting down and abandoning module PhysXCooking (126)
[2026.03.27-15.59.39:122][219]LogModuleManager: Shutting down and abandoning module Chaos (124)
[2026.03.27-15.59.39:122][219]LogModuleManager: Shutting down and abandoning module WindowsPlatformFeatures (122)
[2026.03.27-15.59.39:122][219]LogModuleManager: Shutting down and abandoning module GameplayMediaEncoder (121)
[2026.03.27-15.59.39:122][219]LogModuleManager: Shutting down and abandoning module AVEncoder (120)
[2026.03.27-15.59.39:123][219]LogModuleManager: Shutting down and abandoning module SteamVRInputDevice (116)
[2026.03.27-15.59.39:123][219]LogModuleManager: Shutting down and abandoning module SteamVRInput (114)
[2026.03.27-15.59.39:123][219]LogModuleManager: Shutting down and abandoning module SteamVR (112)
[2026.03.27-15.59.39:123][219]LogHMD: Freeing OpenVRDLLHandle.
[2026.03.27-15.59.39:123][219]LogModuleManager: Shutting down and abandoning module OculusHMD (110)
[2026.03.27-15.59.39:123][219]LogModuleManager: Shutting down and abandoning module OnlineBlueprintSupport (108)
[2026.03.27-15.59.39:123][219]LogModuleManager: Shutting down and abandoning module OnlineSubsystem (104)
[2026.03.27-15.59.39:124][219]LogModuleManager: Shutting down and abandoning module XMPP (99)
[2026.03.27-15.59.39:125][219]LogModuleManager: Shutting down and abandoning module WebSockets (98)
[2026.03.27-15.59.39:139][219]LogModuleManager: Shutting down and abandoning module HTTP (95)
[2026.03.27-15.59.39:139][219]LogHttp: Display: Http module shutting down, but needs to wait on 1 outstanding Http requests:
[2026.03.27-15.59.39:139][219]LogHttp: Display: 	verb=[POST] url=[https://datarouter.ol.epicgames.com/datarouter/api/v1/public/data?SessionID=%7B13977D62-42C5-CA60-A814-69A0D112B3CE%7D&AppID=UEEditor.Rocket.Release&AppVersion=4.27.2-18319896%2B%2B%2BUE4%2BRelease-4.27&UserID=504006f14ff8eea1c5ef6a844afcb810%7Ce54e35c6cf81428ab071018d8aa2cafb%7Ce89cadd4-c3bb-4e27-b5a1-93be281c4197&AppEnvironment=datacollector-binary&UploadType=eteventstream] refs=[1] status=Processing
[2026.03.27-15.59.39:139][219]LogHttp: Display: cleaning up 1 outstanding Http requests.
[2026.03.27-15.59.39:142][219]LogModuleManager: Shutting down and abandoning module SSL (94)
[2026.03.27-15.59.39:142][219]LogModuleManager: Shutting down and abandoning module OpenXRHandTracking (90)
[2026.03.27-15.59.39:143][219]LogSlate: Slate User Destroyed.  User Index 0, Is Virtual User: 0
[2026.03.27-15.59.39:143][219]LogModuleManager: Shutting down and abandoning module OpenXREyeTracker (88)
[2026.03.27-15.59.39:143][219]LogModuleManager: Shutting down and abandoning module OpenXRAR (86)
[2026.03.27-15.59.39:143][219]LogModuleManager: Shutting down and abandoning module AugmentedReality (85)
[2026.03.27-15.59.39:143][219]LogModuleManager: Shutting down and abandoning module OpenXRHMD (82)
[2026.03.27-15.59.39:143][219]LogModuleManager: Shutting down and abandoning module ExampleDeviceProfileSelector (80)
[2026.03.27-15.59.39:143][219]LogModuleManager: Shutting down and abandoning module ChunkDownloader (78)
[2026.03.27-15.59.39:143][219]LogModuleManager: Shutting down and abandoning module WmfMedia (76)
[2026.03.27-15.59.39:145][219]LogModuleManager: Shutting down and abandoning module Media (75)
[2026.03.27-15.59.39:146][219]LogModuleManager: Shutting down and abandoning module MediaInfo (74)
[2026.03.27-15.59.39:146][219]LogModuleManager: Shutting down and abandoning module LauncherChunkInstaller (70)
[2026.03.27-15.59.39:146][219]LogModuleManager: Shutting down and abandoning module ExrReaderGpu (68)
[2026.03.27-15.59.39:146][219]LogModuleManager: Shutting down and abandoning module MLSDK (66)
[2026.03.27-15.59.39:146][219]LogModuleManager: Shutting down and abandoning module VariantManagerContent (64)
[2026.03.27-15.59.39:146][219]LogModuleManager: Shutting down and abandoning module MagicLeap (62)
[2026.03.27-15.59.39:146][219]LogModuleManager: Shutting down and abandoning module DatasmithContent (60)
[2026.03.27-15.59.39:146][219]LogModuleManager: Shutting down and abandoning module NiagaraVertexFactories (58)
[2026.03.27-15.59.39:146][219]LogModuleManager: Shutting down and abandoning module NiagaraShader (56)
[2026.03.27-15.59.39:146][219]LogModuleManager: Shutting down and abandoning module ChaosCloth (54)
[2026.03.27-15.59.39:146][219]LogModuleManager: Shutting down and abandoning module PixWinPlugin (52)
[2026.03.27-15.59.39:146][219]LogModuleManager: Shutting down and abandoning module AISupportModule (50)
[2026.03.27-15.59.39:146][219]LogModuleManager: Shutting down and abandoning module DesktopPlatform (48)
[2026.03.27-15.59.39:146][219]LogModuleManager: Shutting down and abandoning module PythonScriptPluginPreload (46)
[2026.03.27-15.59.39:146][219]LogModuleManager: Shutting down and abandoning module PlatformCryptoOpenSSL (44)
[2026.03.27-15.59.39:147][219]LogModuleManager: Shutting down and abandoning module PlatformCryptoTypes (42)
[2026.03.27-15.59.39:147][219]LogModuleManager: Shutting down and abandoning module PlatformCrypto (40)
[2026.03.27-15.59.39:147][219]LogModuleManager: Shutting down and abandoning module OodleDataCompressionFormat (38)
[2026.03.27-15.59.39:147][219]LogModuleManager: Shutting down and abandoning module XGEController (36)
[2026.03.27-15.59.39:147][219]LogXGEController: Cleaning working directory: C:/Users/titan/AppData/Local/Temp/UnrealXGEWorkingDir/
[2026.03.27-15.59.39:147][219]LogModuleManager: Shutting down and abandoning module AnimationModifiers (34)
[2026.03.27-15.59.39:147][219]LogModuleManager: Shutting down and abandoning module AudioEditor (32)
[2026.03.27-15.59.39:148][219]LogModuleManager: Shutting down and abandoning module PropertyEditor (31)
[2026.03.27-15.59.39:148][219]LogModuleManager: Shutting down and abandoning module TextureCompressor (28)
[2026.03.27-15.59.39:149][219]LogModuleManager: Shutting down and abandoning module RenderCore (26)
[2026.03.27-15.59.39:149][219]LogModuleManager: Shutting down and abandoning module Landscape (24)
[2026.03.27-15.59.39:149][219]LogModuleManager: Shutting down and abandoning module SlateRHIRenderer (22)
[2026.03.27-15.59.39:149][219]LogModuleManager: Shutting down and abandoning module AnimGraphRuntime (20)
[2026.03.27-15.59.39:149][219]LogModuleManager: Shutting down and abandoning module Renderer (18)
[2026.03.27-15.59.39:150][219]LogModuleManager: Shutting down and abandoning module Engine (16)
[2026.03.27-15.59.39:150][219]LogModuleManager: Shutting down and abandoning module CoreUObject (14)
[2026.03.27-15.59.39:150][219]LogModuleManager: Shutting down and abandoning module NetworkFile (12)
[2026.03.27-15.59.39:150][219]LogModuleManager: Shutting down and abandoning module CookedIterativeFile (10)
[2026.03.27-15.59.39:150][219]LogModuleManager: Shutting down and abandoning module StreamingFile (8)
[2026.03.27-15.59.39:150][219]LogModuleManager: Shutting down and abandoning module SandboxFile (6)
[2026.03.27-15.59.39:150][219]LogModuleManager: Shutting down and abandoning module PakFile (4)
[2026.03.27-15.59.39:150][219]LogModuleManager: Shutting down and abandoning module RSA (3)
[2026.03.27-15.59.39:151][219]LogContentStreaming: Display: There are 1 unreleased StreamingManagers
[2026.03.27-15.59.39:169][219]LogD3D11RHI: Shutdown
[2026.03.27-15.59.39:169][219]LogD3D11RHI: CleanupD3DDevice
[2026.03.27-15.59.39:172][219]LogExit: Exiting.
[2026.03.27-15.59.39:180][219]Log file closed, 03/27/26 09:59:39
