Log file open, 03/30/26 21:01:43
LogWindows: Failed to load 'aqProf.dll' (GetLastError=126)
LogWindows: File 'aqProf.dll' does not exist
LogWindows: Failed to load 'VtuneApi.dll' (GetLastError=126)
LogWindows: File 'VtuneApi.dll' does not exist
LogWindows: Failed to load 'VtuneApi32e.dll' (GetLastError=126)
LogWindows: File 'VtuneApi32e.dll' does not exist
LogConsoleResponse: Display: Failed to find resolution value strings in scalability ini. Falling back to default.
LogConsoleResponse: Display: Failed to find resolution value strings in scalability ini. Falling back to default.
LogInit: Display: Running engine for game: CPSC399Game
LogPlatformFile: Not using cached read wrapper
LogTaskGraph: Started task graph with 5 named threads and 35 total threads with 3 sets of task threads.
LogStats: Stats thread started at 0.237106
LogICUInternationalization: ICU TimeZone Detection - Raw Offset: -7:00, Platform Override: ''
LogInit: Display: Loading text-based GConfig....
LogPluginManager: Mounting plugin MeshPainting
LogPluginManager: Mounting plugin XGEController
LogPluginManager: Mounting plugin Paper2D
LogPluginManager: Mounting plugin LiveLink
LogPluginManager: Mounting plugin LightPropagationVolume
LogPluginManager: Mounting plugin CameraShakePreviewer
LogPluginManager: Mounting plugin GameplayCameras
LogPluginManager: Mounting plugin AISupport
LogPluginManager: Mounting plugin EnvironmentQueryEditor
LogPluginManager: Mounting plugin OodleData
LogPluginManager: Mounting plugin OodleNetwork
LogPluginManager: Mounting plugin AssetManagerEditor
LogPluginManager: Mounting plugin CryptoKeys
LogPluginManager: Mounting plugin DataValidation
LogPluginManager: Mounting plugin CurveEditorTools
LogPluginManager: Mounting plugin FacialAnimation
LogPluginManager: Mounting plugin GameplayTagsEditor
LogPluginManager: Mounting plugin GeometryMode
LogPluginManager: Mounting plugin MacGraphicsSwitching
LogPluginManager: Mounting plugin MaterialAnalyzer
LogPluginManager: Mounting plugin PluginBrowser
LogPluginManager: Mounting plugin SpeedTreeImporter
LogPluginManager: Mounting plugin MobileLauncherProfileWizard
LogPluginManager: Mounting plugin DatasmithContent
LogPluginManager: Mounting plugin AlembicImporter
LogPluginManager: Mounting plugin AutomationUtils
LogPluginManager: Mounting plugin BackChannel
LogPluginManager: Mounting plugin VariantManagerContent
LogPluginManager: Mounting plugin ChaosCloth
LogPluginManager: Mounting plugin ChaosClothEditor
LogPluginManager: Mounting plugin ChaosSolverPlugin
LogPluginManager: Mounting plugin CharacterAI
LogPluginManager: Mounting plugin ChaosNiagara
LogPluginManager: Mounting plugin ChaosEditor
LogPluginManager: Mounting plugin Niagara
LogPluginManager: Mounting plugin GeometryCache
LogPluginManager: Mounting plugin GeometryCollectionPlugin
LogPluginManager: Mounting plugin GeometryProcessing
LogPluginManager: Mounting plugin MotoSynth
LogPluginManager: Mounting plugin OpenImageDenoise
LogPluginManager: Mounting plugin PlanarCut
LogPluginManager: Mounting plugin PlatformCrypto
LogPluginManager: Mounting plugin ProxyLODPlugin
LogPluginManager: Mounting plugin PythonScriptPlugin
LogPluginManager: Mounting plugin SkeletalReduction
LogPluginManager: Mounting plugin LuminPlatformFeatures
LogPluginManager: Mounting plugin MagicLeap
LogPluginManager: Mounting plugin MagicLeapLightEstimation
LogPluginManager: Mounting plugin MagicLeapMedia
LogPluginManager: Mounting plugin MagicLeapPassableWorld
LogPluginManager: Mounting plugin TcpMessaging
LogPluginManager: Mounting plugin UdpMessaging
LogPluginManager: Mounting plugin MLSDK
LogPluginManager: Mounting plugin AndroidMedia
LogPluginManager: Mounting plugin AvfMedia
LogPluginManager: Mounting plugin ImgMedia
LogPluginManager: Mounting plugin MediaCompositing
LogPluginManager: Mounting plugin MediaPlayerEditor
LogPluginManager: Mounting plugin ActorSequence
LogPluginManager: Mounting plugin WebMMedia
LogPluginManager: Mounting plugin WmfMedia
LogPluginManager: Mounting plugin LevelSequenceEditor
LogPluginManager: Mounting plugin MatineeToLevelSequence
LogPluginManager: Mounting plugin OnlineSubsystem
LogPluginManager: Mounting plugin TemplateSequence
LogPluginManager: Mounting plugin LauncherChunkInstaller
LogPluginManager: Mounting plugin ActorLayerUtilities
LogPluginManager: Mounting plugin OnlineSubsystemNull
LogPluginManager: Mounting plugin OnlineSubsystemUtils
LogPluginManager: Mounting plugin AndroidDeviceProfileSelector
LogPluginManager: Mounting plugin AndroidMoviePlayer
LogPluginManager: Mounting plugin AndroidPermission
LogPluginManager: Mounting plugin AppleImageUtils
LogPluginManager: Mounting plugin AppleMoviePlayer
LogPluginManager: Mounting plugin ArchVisCharacter
LogPluginManager: Mounting plugin AssetTags
LogPluginManager: Mounting plugin AudioCapture
LogPluginManager: Mounting plugin AudioSynesthesia
LogPluginManager: Mounting plugin CableComponent
LogPluginManager: Mounting plugin ChunkDownloader
LogPluginManager: Mounting plugin CustomMeshComponent
LogPluginManager: Mounting plugin EditableMesh
LogPluginManager: Mounting plugin ExampleDeviceProfileSelector
LogPluginManager: Mounting plugin GoogleCloudMessaging
LogPluginManager: Mounting plugin GooglePAD
LogPluginManager: Mounting plugin IOSDeviceProfileSelector
LogPluginManager: Mounting plugin LinuxDeviceProfileSelector
LogPluginManager: Mounting plugin LocationServicesBPLibrary
LogPluginManager: Mounting plugin MobilePatchingUtils
LogPluginManager: Mounting plugin OpenXR
LogPluginManager: Mounting plugin OpenXRHandTracking
LogPluginManager: Mounting plugin OpenXREyeTracker
LogPluginManager: Mounting plugin PhysXVehicles
LogPluginManager: Mounting plugin PostSplashScreen
LogPluginManager: Mounting plugin ProceduralMeshComponent
LogPluginManager: Mounting plugin PropertyAccessEditor
LogPluginManager: Mounting plugin RuntimePhysXCooking
LogPluginManager: Mounting plugin SignificanceManager
LogPluginManager: Mounting plugin SoundFields
LogPluginManager: Mounting plugin Synthesis
LogPluginManager: Mounting plugin WebMMoviePlayer
LogPluginManager: Mounting plugin WindowsMoviePlayer
LogPluginManager: Mounting plugin ScreenshotTools
LogPluginManager: Mounting plugin AnimationSharing
LogPluginManager: Mounting plugin CLionSourceCodeAccess
LogPluginManager: Mounting plugin CodeLiteSourceCodeAccess
LogPluginManager: Mounting plugin GitSourceControl
LogPluginManager: Mounting plugin Takes
LogPluginManager: Mounting plugin KDevelopSourceCodeAccess
LogPluginManager: Mounting plugin NullSourceCodeAccess
LogPluginManager: Mounting plugin PerforceSourceControl
LogPluginManager: Mounting plugin PixWinPlugin
LogPluginManager: Mounting plugin PlasticSourceControl
LogPluginManager: Mounting plugin PluginUtils
LogPluginManager: Mounting plugin PropertyAccessNode
LogPluginManager: Mounting plugin RiderSourceCodeAccess
LogPluginManager: Mounting plugin SubversionSourceControl
LogPluginManager: Mounting plugin TextureFormatOodle
LogPluginManager: Mounting plugin UObjectPlugin
LogPluginManager: Mounting plugin VisualStudioCodeSourceCodeAccess
LogPluginManager: Mounting plugin VisualStudioSourceCodeAccess
LogPluginManager: Mounting plugin XCodeSourceCodeAccess
LogPluginManager: Mounting plugin ContentBrowserAssetDataSource
LogPluginManager: Mounting plugin ContentBrowserClassDataSource
LogPluginManager: Mounting plugin ContentBrowserFileDataSource
LogPluginManager: Mounting plugin OnlineSubsystemGooglePlay
LogPluginManager: Mounting plugin OnlineSubsystemIOS
LogPluginManager: Mounting plugin OculusVR
LogPluginManager: Mounting plugin SteamVR
LogInit: Using libcurl 7.55.1-DEV
LogInit:  - built for x86_64-pc-win32
LogInit:  - supports SSL with OpenSSL/1.1.1
LogInit:  - supports HTTP deflate (compression) using libz 1.2.8
LogInit:  - other features:
LogInit:      CURL_VERSION_SSL
LogInit:      CURL_VERSION_LIBZ
LogInit:      CURL_VERSION_IPV6
LogInit:      CURL_VERSION_ASYNCHDNS
LogInit:      CURL_VERSION_LARGEFILE
LogInit:      CURL_VERSION_IDN
LogInit:  CurlRequestOptions (configurable via config and command line):
LogInit:  - bVerifyPeer = true  - Libcurl will verify peer certificate
LogInit:  - bUseHttpProxy = false  - Libcurl will NOT use HTTP proxy
LogInit:  - bDontReuseConnections = false  - Libcurl will reuse connections
LogInit:  - MaxHostConnections = 16  - Libcurl will limit the number of connections to a host
LogInit:  - LocalHostAddr = Default
LogInit:  - BufferSize = 65536
LogOnline: OSS: Creating online subsystem instance for: NULL
LogInit: WinSock: version 1.1 (2.2), MaxSocks=32767, MaxUdp=65467
LogOnline: OSS: TryLoadSubsystemAndSetDefault: Loaded subsystem for module [NULL]
PixWinPlugin: PIX capture plugin failed to initialize! Check that the process is launched from PIX.
LogOculusPluginWrapper: OculusPlugin initialized successfully
LogHMD: Failed initializing OVRPlugin 1.59.0
LogInit: Build: ++UE4+Release-4.27-CL-18319896
LogInit: Engine Version: 4.27.2-18319896+++UE4+Release-4.27
LogInit: Compatible Engine Version: 4.27.0-17155196+++UE4+Release-4.27
LogInit: Net CL: 17155196
LogInit: OS: Windows 10 (Release 2009) (), CPU: AMD Ryzen 5 5600X 6-Core Processor             , GPU: NVIDIA GeForce RTX 4070 SUPER
LogInit: Compiled (64-bit): Nov 30 2021 07:12:08
LogInit: Compiled with Visual C++: 19.24.28315.00
LogInit: Build Configuration: Development
LogInit: Branch Name: ++UE4+Release-4.27
LogInit: Command Line:  -AUTH_LOGIN=unused -AUTH_PASSWORD=f668380850fb4a2293385b479d1dc0a7 -AUTH_TYPE=exchangecode -epicapp=UE_4.27 -epicenv=Prod -EpicPortal -epicusername=Poporu -epicuserid=6166004a434a48438f2a089efd603187 -epiclocale=en -epicsandboxid=ue
LogInit: Base Directory: F:/Unreal Engine/UE_4.27/Engine/Binaries/Win64/
LogInit: Allocator: TBB
LogInit: Installed Engine Build: 1
LogDevObjectVersion: Number of dev versions registered: 29
LogDevObjectVersion:   Dev-Blueprints (B0D832E4-1F89-4F0D-ACCF-7EB736FD4AA2): 10
LogDevObjectVersion:   Dev-Build (E1C64328-A22C-4D53-A36C-8E866417BD8C): 0
LogDevObjectVersion:   Dev-Core (375EC13C-06E4-48FB-B500-84F0262A717E): 4
LogDevObjectVersion:   Dev-Editor (E4B068ED-F494-42E9-A231-DA0B2E46BB41): 40
LogDevObjectVersion:   Dev-Framework (CFFC743F-43B0-4480-9391-14DF171D2073): 37
LogDevObjectVersion:   Dev-Mobile (B02B49B5-BB20-44E9-A304-32B752E40360): 3
LogDevObjectVersion:   Dev-Networking (A4E4105C-59A1-49B5-A7C5-40C4547EDFEE): 0
LogDevObjectVersion:   Dev-Online (39C831C9-5AE6-47DC-9A44-9C173E1C8E7C): 0
LogDevObjectVersion:   Dev-Physics (78F01B33-EBEA-4F98-B9B4-84EACCB95AA2): 14
LogDevObjectVersion:   Dev-Platform (6631380F-2D4D-43E0-8009-CF276956A95A): 0
LogDevObjectVersion:   Dev-Rendering (12F88B9F-8875-4AFC-A67C-D90C383ABD29): 45
LogDevObjectVersion:   Dev-Sequencer (7B5AE74C-D270-4C10-A958-57980B212A5A): 13
LogDevObjectVersion:   Dev-VR (D7296918-1DD6-4BDD-9DE2-64A83CC13884): 3
LogDevObjectVersion:   Dev-LoadTimes (C2A15278-BFE7-4AFE-6C17-90FF531DF755): 1
LogDevObjectVersion:   Private-Geometry (6EACA3D4-40EC-4CC1-B786-8BED09428FC5): 3
LogDevObjectVersion:   Dev-AnimPhys (29E575DD-E0A3-4627-9D10-D276232CDCEA): 17
LogDevObjectVersion:   Dev-Anim (AF43A65D-7FD3-4947-9873-3E8ED9C1BB05): 15
LogDevObjectVersion:   Dev-ReflectionCapture (6B266CEC-1EC7-4B8F-A30B-E4D90942FC07): 1
LogDevObjectVersion:   Dev-Automation (0DF73D61-A23F-47EA-B727-89E90C41499A): 1
LogDevObjectVersion:   FortniteMain (601D1886-AC64-4F84-AA16-D3DE0DEAC7D6): 47
LogDevObjectVersion:   FortniteRelease (E7086368-6B23-4C58-8439-1B7016265E91): 1
LogDevObjectVersion:   Dev-Enterprise (9DFFBCD6-494F-0158-E221-12823C92A888): 10
LogDevObjectVersion:   Dev-Niagara (F2AED0AC-9AFE-416F-8664-AA7FFA26D6FC): 1
LogDevObjectVersion:   Dev-Destruction (174F1F0B-B4C6-45A5-B13F-2EE8D0FB917D): 10
LogDevObjectVersion:   Dev-Physics-Ext (35F94A83-E258-406C-A318-09F59610247C): 41
LogDevObjectVersion:   Dev-PhysicsMaterial-Chaos (B68FC16E-8B1B-42E2-B453-215C058844FE): 1
LogDevObjectVersion:   Dev-CineCamera (B2E18506-4273-CFC2-A54E-F4BB758BBA07): 1
LogDevObjectVersion:   Dev-VirtualProduction (64F58936-FD1B-42BA-BA96-7289D5D0FA4E): 1
LogDevObjectVersion:   Dev-MediaFramework (6F0ED827-A609-4895-9C91-998D90180EA4): 2
LogInit: Presizing for max 25165824 objects, including 0 objects not considered by GC, pre-allocating 0 bytes for permanent pool.
LogConfig: Applying CVar settings from Section [/Script/Engine.StreamingSettings] File [C:/Github/Others/CPSC399_Game/CPSC399Game/Saved/Config/Windows/Engine.ini]
LogConfig: Setting CVar [[s.MinBulkDataSizeForAsyncLoading:131072]]
LogConfig: Setting CVar [[s.AsyncLoadingThreadEnabled:0]]
LogConfig: Setting CVar [[s.EventDrivenLoaderEnabled:1]]
LogConfig: Setting CVar [[s.WarnIfTimeLimitExceeded:0]]
LogConfig: Setting CVar [[s.TimeLimitExceededMultiplier:1.5]]
LogConfig: Setting CVar [[s.TimeLimitExceededMinTime:0.005]]
LogConfig: Setting CVar [[s.UseBackgroundLevelStreaming:1]]
LogConfig: Setting CVar [[s.PriorityAsyncLoadingExtraTime:15.0]]
LogConfig: Setting CVar [[s.LevelStreamingActorsUpdateTimeLimit:5.0]]
LogConfig: Setting CVar [[s.PriorityLevelStreamingActorsUpdateExtraTime:5.0]]
LogConfig: Setting CVar [[s.LevelStreamingComponentsRegistrationGranularity:10]]
LogConfig: Setting CVar [[s.UnregisterComponentsTimeLimit:1.0]]
LogConfig: Setting CVar [[s.LevelStreamingComponentsUnregistrationGranularity:5]]
LogConfig: Setting CVar [[s.FlushStreamingOnExit:1]]
LogInit: Object subsystem initialized
LogConfig: Setting CVar [[con.DebugEarlyDefault:1]]
LogConfig: Setting CVar [[r.setres:1280x720]]
[2026.03.31-03.01.44:352][  0]LogConfig: Setting CVar [[r.VSync:0]]
[2026.03.31-03.01.44:352][  0]LogConfig: Setting CVar [[r.RHICmdBypass:0]]
[2026.03.31-03.01.44:352][  0]LogConfig: Applying CVar settings from Section [/Script/Engine.RendererSettings] File [C:/Github/Others/CPSC399_Game/CPSC399Game/Saved/Config/Windows/Engine.ini]
[2026.03.31-03.01.44:352][  0]LogConfig: Setting CVar [[r.GPUCrashDebugging:0]]
[2026.03.31-03.01.44:352][  0]LogConfig: Setting CVar [[r.Mobile.DisableVertexFog:1]]
[2026.03.31-03.01.44:352][  0]LogConfig: Setting CVar [[r.Shadow.CSM.MaxMobileCascades:2]]
[2026.03.31-03.01.44:352][  0]LogConfig: Setting CVar [[r.MobileMSAA:1]]
[2026.03.31-03.01.44:352][  0]LogConfig: Setting CVar [[r.Mobile.AllowDitheredLODTransition:0]]
[2026.03.31-03.01.44:352][  0]LogConfig: Setting CVar [[r.Mobile.AllowSoftwareOcclusion:0]]
[2026.03.31-03.01.44:352][  0]LogConfig: Setting CVar [[r.Mobile.VirtualTextures:0]]
[2026.03.31-03.01.44:352][  0]LogConfig: Setting CVar [[r.DiscardUnusedQuality:0]]
[2026.03.31-03.01.44:352][  0]LogConfig: Setting CVar [[r.AllowOcclusionQueries:1]]
[2026.03.31-03.01.44:352][  0]LogConfig: Setting CVar [[r.MinScreenRadiusForLights:0.030000]]
[2026.03.31-03.01.44:352][  0]LogConfig: Setting CVar [[r.MinScreenRadiusForDepthPrepass:0.030000]]
[2026.03.31-03.01.44:352][  0]LogConfig: Setting CVar [[r.MinScreenRadiusForCSMDepth:0.010000]]
[2026.03.31-03.01.44:352][  0]LogConfig: Setting CVar [[r.PrecomputedVisibilityWarning:0]]
[2026.03.31-03.01.44:352][  0]LogConfig: Setting CVar [[r.TextureStreaming:1]]
[2026.03.31-03.01.44:352][  0]LogConfig: Setting CVar [[Compat.UseDXT5NormalMaps:0]]
[2026.03.31-03.01.44:352][  0]LogConfig: Setting CVar [[r.VirtualTextures:0]]
[2026.03.31-03.01.44:352][  0]LogConfig: Setting CVar [[r.VT.EnableAutoImport:1]]
[2026.03.31-03.01.44:352][  0]LogConfig: Setting CVar [[r.VirtualTexturedLightmaps:0]]
[2026.03.31-03.01.44:352][  0]LogConfig: Setting CVar [[r.VT.TileSize:128]]
[2026.03.31-03.01.44:352][  0]LogConfig: Setting CVar [[r.VT.TileBorderSize:4]]
[2026.03.31-03.01.44:352][  0]LogConfig: Setting CVar [[r.vt.FeedbackFactor:16]]
[2026.03.31-03.01.44:352][  0]LogConfig: Setting CVar [[r.VT.EnableCompressZlib:1]]
[2026.03.31-03.01.44:352][  0]LogConfig: Setting CVar [[r.VT.EnableCompressCrunch:0]]
[2026.03.31-03.01.44:352][  0]LogConfig: Setting CVar [[r.ClearCoatNormal:0]]
[2026.03.31-03.01.44:352][  0]LogConfig: Setting CVar [[r.ReflectionCaptureResolution:128]]
[2026.03.31-03.01.44:352][  0]LogConfig: Setting CVar [[r.Mobile.ReflectionCaptureCompression:0]]
[2026.03.31-03.01.44:352][  0]LogConfig: Setting CVar [[r.ReflectionEnvironmentLightmapMixBasedOnRoughness:1]]
[2026.03.31-03.01.44:352][  0]LogConfig: Setting CVar [[r.ForwardShading:0]]
[2026.03.31-03.01.44:352][  0]LogConfig: Setting CVar [[r.VertexFoggingForOpaque:1]]
[2026.03.31-03.01.44:352][  0]LogConfig: Setting CVar [[r.AllowStaticLighting:1]]
[2026.03.31-03.01.44:352][  0]LogConfig: Setting CVar [[r.NormalMapsForStaticLighting:0]]
[2026.03.31-03.01.44:352][  0]LogConfig: Setting CVar [[r.GenerateMeshDistanceFields:0]]
[2026.03.31-03.01.44:352][  0]LogConfig: Setting CVar [[r.DistanceFieldBuild.EightBit:0]]
[2026.03.31-03.01.44:352][  0]LogConfig: Setting CVar [[r.GenerateLandscapeGIData:0]]
[2026.03.31-03.01.44:352][  0]LogConfig: Setting CVar [[r.DistanceFieldBuild.Compress:0]]
[2026.03.31-03.01.44:352][  0]LogConfig: Setting CVar [[r.TessellationAdaptivePixelsPerTriangle:48.000000]]
[2026.03.31-03.01.44:352][  0]LogConfig: Setting CVar [[r.SeparateTranslucency:1]]
[2026.03.31-03.01.44:352][  0]LogConfig: Setting CVar [[r.TranslucentSortPolicy:0]]
[2026.03.31-03.01.44:352][  0]LogConfig: Setting CVar [[vr.VRS.HMDFixedFoveationLevel:0]]
[2026.03.31-03.01.44:352][  0]LogConfig: Setting CVar [[r.CustomDepth:1]]
[2026.03.31-03.01.44:352][  0]LogConfig: Setting CVar [[r.CustomDepthTemporalAAJitter:1]]
[2026.03.31-03.01.44:352][  0]LogConfig: Setting CVar [[r.PostProcessing.PropagateAlpha:0]]
[2026.03.31-03.01.44:352][  0]LogConfig: Setting CVar [[r.DefaultFeature.Bloom:1]]
[2026.03.31-03.01.44:352][  0]LogConfig: Setting CVar [[r.DefaultFeature.AmbientOcclusion:1]]
[2026.03.31-03.01.44:352][  0]LogConfig: Setting CVar [[r.DefaultFeature.AmbientOcclusionStaticFraction:1]]
[2026.03.31-03.01.44:352][  0]LogConfig: Setting CVar [[r.DefaultFeature.AutoExposure:0]]
[2026.03.31-03.01.44:352][  0]LogConfig: Setting CVar [[r.DefaultFeature.AutoExposure.Method:0]]
[2026.03.31-03.01.44:352][  0]LogConfig: Setting CVar [[r.DefaultFeature.AutoExposure.Bias:1.000000]]
[2026.03.31-03.01.44:352][  0]LogConfig: Setting CVar [[r.DefaultFeature.AutoExposure.ExtendDefaultLuminanceRange:0]]
[2026.03.31-03.01.44:352][  0]LogConfig: Setting CVar [[r.UsePreExposure:1]]
[2026.03.31-03.01.44:352][  0]LogConfig: Setting CVar [[r.EyeAdaptation.EditorOnly:0]]
[2026.03.31-03.01.44:352][  0]LogConfig: Setting CVar [[r.DefaultFeature.MotionBlur:0]]
[2026.03.31-03.01.44:352][  0]LogConfig: Setting CVar [[r.DefaultFeature.LensFlare:0]]
[2026.03.31-03.01.44:352][  0]LogConfig: Setting CVar [[r.TemporalAA.Upsampling:0]]
[2026.03.31-03.01.44:352][  0]LogConfig: Setting CVar [[r.SSGI.Enable:0]]
[2026.03.31-03.01.44:352][  0]LogConfig: Setting CVar [[r.DefaultFeature.AntiAliasing:0]]
[2026.03.31-03.01.44:352][  0]LogConfig: Setting CVar [[r.DefaultFeature.LightUnits:1]]
[2026.03.31-03.01.44:352][  0]LogConfig: Setting CVar [[r.DefaultBackBufferPixelFormat:4]]
[2026.03.31-03.01.44:352][  0]LogConfig: Setting CVar [[r.Shadow.UnbuiltPreviewInGame:1]]
[2026.03.31-03.01.44:352][  0]LogConfig: Setting CVar [[r.StencilForLODDither:0]]
[2026.03.31-03.01.44:352][  0]LogConfig: Setting CVar [[r.EarlyZPass:3]]
[2026.03.31-03.01.44:352][  0]LogConfig: Setting CVar [[r.EarlyZPassOnlyMaterialMasking:0]]
[2026.03.31-03.01.44:352][  0]LogConfig: Setting CVar [[r.DBuffer:1]]
[2026.03.31-03.01.44:352][  0]LogConfig: Setting CVar [[r.ClearSceneMethod:1]]
[2026.03.31-03.01.44:352][  0]LogConfig: Setting CVar [[r.BasePassOutputsVelocity:0]]
[2026.03.31-03.01.44:352][  0]LogConfig: Setting CVar [[r.VertexDeformationOutputsVelocity:0]]
[2026.03.31-03.01.44:352][  0]LogConfig: Setting CVar [[r.SelectiveBasePassOutputs:0]]
[2026.03.31-03.01.44:352][  0]LogConfig: Setting CVar [[fx.GPUSimulationTextureSizeX:1024]]
[2026.03.31-03.01.44:352][  0]LogConfig: Setting CVar [[fx.GPUSimulationTextureSizeY:1024]]
[2026.03.31-03.01.44:352][  0]LogConfig: Setting CVar [[r.AllowGlobalClipPlane:0]]
[2026.03.31-03.01.44:352][  0]LogConfig: Setting CVar [[r.GBufferFormat:1]]
[2026.03.31-03.01.44:352][  0]LogConfig: Setting CVar [[r.MorphTarget.Mode:1]]
[2026.03.31-03.01.44:352][  0]LogConfig: Setting CVar [[vr.InstancedStereo:0]]
[2026.03.31-03.01.44:352][  0]LogConfig: Setting CVar [[r.MobileHDR:1]]
[2026.03.31-03.01.44:352][  0]LogConfig: Setting CVar [[vr.MobileMultiView:0]]
[2026.03.31-03.01.44:352][  0]LogConfig: Setting CVar [[r.Mobile.UseHWsRGBEncoding:0]]
[2026.03.31-03.01.44:352][  0]LogConfig: Setting CVar [[vr.RoundRobinOcclusion:0]]
[2026.03.31-03.01.44:352][  0]LogConfig: Setting CVar [[vr.ODSCapture:0]]
[2026.03.31-03.01.44:352][  0]LogConfig: Setting CVar [[r.MeshStreaming:0]]
[2026.03.31-03.01.44:352][  0]LogConfig: Setting CVar [[r.WireframeCullThreshold:5.000000]]
[2026.03.31-03.01.44:352][  0]LogConfig: Setting CVar [[r.RayTracing:0]]
[2026.03.31-03.01.44:352][  0]LogConfig: Setting CVar [[r.RayTracing.UseTextureLod:0]]
[2026.03.31-03.01.44:352][  0]LogConfig: Setting CVar [[r.SupportStationarySkylight:1]]
[2026.03.31-03.01.44:353][  0]LogConfig: Setting CVar [[r.SupportLowQualityLightmaps:1]]
[2026.03.31-03.01.44:353][  0]LogConfig: Setting CVar [[r.SupportPointLightWholeSceneShadows:1]]
[2026.03.31-03.01.44:353][  0]LogConfig: Setting CVar [[r.SupportAtmosphericFog:1]]
[2026.03.31-03.01.44:353][  0]LogConfig: Setting CVar [[r.SupportSkyAtmosphere:1]]
[2026.03.31-03.01.44:353][  0]LogConfig: Setting CVar [[r.SupportSkyAtmosphereAffectsHeightFog:0]]
[2026.03.31-03.01.44:353][  0]LogConfig: Setting CVar [[r.SkinCache.CompileShaders:0]]
[2026.03.31-03.01.44:353][  0]LogConfig: Setting CVar [[r.SkinCache.DefaultBehavior:1]]
[2026.03.31-03.01.44:353][  0]LogConfig: Setting CVar [[r.SkinCache.SceneMemoryLimitInMB:128.000000]]
[2026.03.31-03.01.44:353][  0]LogConfig: Setting CVar [[r.Mobile.EnableStaticAndCSMShadowReceivers:1]]
[2026.03.31-03.01.44:353][  0]LogConfig: Setting CVar [[r.Mobile.EnableMovableLightCSMShaderCulling:1]]
[2026.03.31-03.01.44:353][  0]LogConfig: Setting CVar [[r.Mobile.AllowDistanceFieldShadows:1]]
[2026.03.31-03.01.44:353][  0]LogConfig: Setting CVar [[r.Mobile.AllowMovableDirectionalLights:1]]
[2026.03.31-03.01.44:353][  0]LogConfig: Setting CVar [[r.MobileNumDynamicPointLights:4]]
[2026.03.31-03.01.44:353][  0]LogConfig: Setting CVar [[r.MobileDynamicPointLightsUseStaticBranch:1]]
[2026.03.31-03.01.44:353][  0]LogConfig: Setting CVar [[r.Mobile.EnableMovableSpotlights:0]]
[2026.03.31-03.01.44:353][  0]LogConfig: Setting CVar [[r.Mobile.EnableMovableSpotlightsShadow:0]]
[2026.03.31-03.01.44:353][  0]LogConfig: Setting CVar [[r.GPUSkin.Support16BitBoneIndex:0]]
[2026.03.31-03.01.44:353][  0]LogConfig: Setting CVar [[r.GPUSkin.Limit2BoneInfluences:0]]
[2026.03.31-03.01.44:353][  0]LogConfig: Setting CVar [[r.SupportDepthOnlyIndexBuffers:1]]
[2026.03.31-03.01.44:353][  0]LogConfig: Setting CVar [[r.SupportReversedIndexBuffers:1]]
[2026.03.31-03.01.44:353][  0]LogConfig: Setting CVar [[r.LightPropagationVolume:0]]
[2026.03.31-03.01.44:353][  0]LogConfig: Setting CVar [[r.Mobile.AmbientOcclusion:0]]
[2026.03.31-03.01.44:353][  0]LogConfig: Setting CVar [[r.GPUSkin.UnlimitedBoneInfluences:0]]
[2026.03.31-03.01.44:353][  0]LogConfig: Setting CVar [[r.GPUSkin.UnlimitedBoneInfluencesThreshold:8]]
[2026.03.31-03.01.44:353][  0]LogConfig: Setting CVar [[r.Mobile.PlanarReflectionMode:0]]
[2026.03.31-03.01.44:353][  0]LogConfig: Setting CVar [[r.Mobile.SupportsGen4TAA:0]]
[2026.03.31-03.01.44:353][  0]LogConfig: Applying CVar settings from Section [/Script/Engine.RendererOverrideSettings] File [C:/Github/Others/CPSC399_Game/CPSC399Game/Saved/Config/Windows/Engine.ini]
[2026.03.31-03.01.44:353][  0]LogConfig: Applying CVar settings from Section [/Script/Engine.StreamingSettings] File [C:/Github/Others/CPSC399_Game/CPSC399Game/Saved/Config/Windows/Engine.ini]
[2026.03.31-03.01.44:353][  0]LogConfig: Setting CVar [[s.MinBulkDataSizeForAsyncLoading:131072]]
[2026.03.31-03.01.44:353][  0]LogConfig: Setting CVar [[s.AsyncLoadingThreadEnabled:0]]
[2026.03.31-03.01.44:353][  0]LogConfig: Setting CVar [[s.EventDrivenLoaderEnabled:1]]
[2026.03.31-03.01.44:353][  0]LogConfig: Setting CVar [[s.WarnIfTimeLimitExceeded:0]]
[2026.03.31-03.01.44:353][  0]LogConfig: Setting CVar [[s.TimeLimitExceededMultiplier:1.5]]
[2026.03.31-03.01.44:353][  0]LogConfig: Setting CVar [[s.TimeLimitExceededMinTime:0.005]]
[2026.03.31-03.01.44:353][  0]LogConfig: Setting CVar [[s.UseBackgroundLevelStreaming:1]]
[2026.03.31-03.01.44:353][  0]LogConfig: Setting CVar [[s.PriorityAsyncLoadingExtraTime:15.0]]
[2026.03.31-03.01.44:353][  0]LogConfig: Setting CVar [[s.LevelStreamingActorsUpdateTimeLimit:5.0]]
[2026.03.31-03.01.44:353][  0]LogConfig: Setting CVar [[s.PriorityLevelStreamingActorsUpdateExtraTime:5.0]]
[2026.03.31-03.01.44:353][  0]LogConfig: Setting CVar [[s.LevelStreamingComponentsRegistrationGranularity:10]]
[2026.03.31-03.01.44:353][  0]LogConfig: Setting CVar [[s.UnregisterComponentsTimeLimit:1.0]]
[2026.03.31-03.01.44:353][  0]LogConfig: Setting CVar [[s.LevelStreamingComponentsUnregistrationGranularity:5]]
[2026.03.31-03.01.44:353][  0]LogConfig: Setting CVar [[s.FlushStreamingOnExit:1]]
[2026.03.31-03.01.44:353][  0]LogConfig: Applying CVar settings from Section [/Script/Engine.GarbageCollectionSettings] File [C:/Github/Others/CPSC399_Game/CPSC399Game/Saved/Config/Windows/Engine.ini]
[2026.03.31-03.01.44:353][  0]LogConfig: Setting CVar [[gc.MaxObjectsNotConsideredByGC:1]]
[2026.03.31-03.01.44:353][  0]LogConfig: Setting CVar [[gc.SizeOfPermanentObjectPool:0]]
[2026.03.31-03.01.44:353][  0]LogConfig: Setting CVar [[gc.FlushStreamingOnGC:0]]
[2026.03.31-03.01.44:353][  0]LogConfig: Setting CVar [[gc.NumRetriesBeforeForcingGC:10]]
[2026.03.31-03.01.44:353][  0]LogConfig: Setting CVar [[gc.AllowParallelGC:1]]
[2026.03.31-03.01.44:353][  0]LogConfig: Setting CVar [[gc.TimeBetweenPurgingPendingKillObjects:61.1]]
[2026.03.31-03.01.44:353][  0]LogConfig: Setting CVar [[gc.MaxObjectsInEditor:25165824]]
[2026.03.31-03.01.44:353][  0]LogConfig: Setting CVar [[gc.IncrementalBeginDestroyEnabled:1]]
[2026.03.31-03.01.44:353][  0]LogConfig: Setting CVar [[gc.CreateGCClusters:1]]
[2026.03.31-03.01.44:353][  0]LogConfig: Setting CVar [[gc.MinGCClusterSize:5]]
[2026.03.31-03.01.44:353][  0]LogConfig: Setting CVar [[gc.ActorClusteringEnabled:0]]
[2026.03.31-03.01.44:353][  0]LogConfig: Setting CVar [[gc.BlueprintClusteringEnabled:0]]
[2026.03.31-03.01.44:353][  0]LogConfig: Setting CVar [[gc.UseDisregardForGCOnDedicatedServers:0]]
[2026.03.31-03.01.44:353][  0]LogConfig: Setting CVar [[gc.MultithreadedDestructionEnabled:1]]
[2026.03.31-03.01.44:353][  0]LogConfig: Applying CVar settings from Section [/Script/Engine.NetworkSettings] File [C:/Github/Others/CPSC399_Game/CPSC399Game/Saved/Config/Windows/Engine.ini]
[2026.03.31-03.01.44:353][  0]LogConfig: Applying CVar settings from Section [/Script/UnrealEd.CookerSettings] File [C:/Github/Others/CPSC399_Game/CPSC399Game/Saved/Config/Windows/Engine.ini]
[2026.03.31-03.01.44:370][  0]LogConfig: Applying CVar settings from Section [ViewDistanceQuality@3] File [C:/Github/Others/CPSC399_Game/CPSC399Game/Saved/Config/Windows/Scalability.ini]
[2026.03.31-03.01.44:370][  0]LogConfig: Setting CVar [[r.SkeletalMeshLODBias:0]]
[2026.03.31-03.01.44:370][  0]LogConfig: Setting CVar [[r.ViewDistanceScale:1.0]]
[2026.03.31-03.01.44:370][  0]LogConfig: Applying CVar settings from Section [AntiAliasingQuality@3] File [C:/Github/Others/CPSC399_Game/CPSC399Game/Saved/Config/Windows/Scalability.ini]
[2026.03.31-03.01.44:370][  0]LogConfig: Setting CVar [[r.PostProcessAAQuality:4]]
[2026.03.31-03.01.44:370][  0]LogConfig: Applying CVar settings from Section [ShadowQuality@3] File [C:/Github/Others/CPSC399_Game/CPSC399Game/Saved/Config/Windows/Scalability.ini]
[2026.03.31-03.01.44:370][  0]LogConfig: Setting CVar [[r.LightFunctionQuality:1]]
[2026.03.31-03.01.44:370][  0]LogConfig: Setting CVar [[r.ShadowQuality:5]]
[2026.03.31-03.01.44:370][  0]LogConfig: Setting CVar [[r.Shadow.CSM.MaxCascades:10]]
[2026.03.31-03.01.44:370][  0]LogConfig: Setting CVar [[r.Shadow.MaxResolution:2048]]
[2026.03.31-03.01.44:370][  0]LogConfig: Setting CVar [[r.Shadow.MaxCSMResolution:2048]]
[2026.03.31-03.01.44:370][  0]LogConfig: Setting CVar [[r.Shadow.RadiusThreshold:0.01]]
[2026.03.31-03.01.44:370][  0]LogConfig: Setting CVar [[r.Shadow.DistanceScale:1.0]]
[2026.03.31-03.01.44:370][  0]LogConfig: Setting CVar [[r.Shadow.CSM.TransitionScale:1.0]]
[2026.03.31-03.01.44:370][  0]LogConfig: Setting CVar [[r.Shadow.PreShadowResolutionFactor:1.0]]
[2026.03.31-03.01.44:370][  0]LogConfig: Setting CVar [[r.DistanceFieldShadowing:1]]
[2026.03.31-03.01.44:370][  0]LogConfig: Setting CVar [[r.DistanceFieldAO:1]]
[2026.03.31-03.01.44:370][  0]LogConfig: Setting CVar [[r.AOQuality:2]]
[2026.03.31-03.01.44:370][  0]LogConfig: Setting CVar [[r.VolumetricFog:1]]
[2026.03.31-03.01.44:370][  0]LogConfig: Setting CVar [[r.VolumetricFog.GridPixelSize:8]]
[2026.03.31-03.01.44:370][  0]LogConfig: Setting CVar [[r.VolumetricFog.GridSizeZ:128]]
[2026.03.31-03.01.44:370][  0]LogConfig: Setting CVar [[r.VolumetricFog.HistoryMissSupersampleCount:4]]
[2026.03.31-03.01.44:370][  0]LogConfig: Setting CVar [[r.LightMaxDrawDistanceScale:1]]
[2026.03.31-03.01.44:370][  0]LogConfig: Setting CVar [[r.CapsuleShadows:1]]
[2026.03.31-03.01.44:370][  0]LogConfig: Applying CVar settings from Section [PostProcessQuality@3] File [C:/Github/Others/CPSC399_Game/CPSC399Game/Saved/Config/Windows/Scalability.ini]
[2026.03.31-03.01.44:370][  0]LogConfig: Setting CVar [[r.MotionBlurQuality:4]]
[2026.03.31-03.01.44:370][  0]LogConfig: Setting CVar [[r.AmbientOcclusionMipLevelFactor:0.4]]
[2026.03.31-03.01.44:370][  0]LogConfig: Setting CVar [[r.AmbientOcclusionMaxQuality:100]]
[2026.03.31-03.01.44:370][  0]LogConfig: Setting CVar [[r.AmbientOcclusionLevels:-1]]
[2026.03.31-03.01.44:370][  0]LogConfig: Setting CVar [[r.AmbientOcclusionRadiusScale:1.0]]
[2026.03.31-03.01.44:370][  0]LogConfig: Setting CVar [[r.DepthOfFieldQuality:2]]
[2026.03.31-03.01.44:370][  0]LogConfig: Setting CVar [[r.RenderTargetPoolMin:400]]
[2026.03.31-03.01.44:370][  0]LogConfig: Setting CVar [[r.LensFlareQuality:2]]
[2026.03.31-03.01.44:370][  0]LogConfig: Setting CVar [[r.SceneColorFringeQuality:1]]
[2026.03.31-03.01.44:370][  0]LogConfig: Setting CVar [[r.EyeAdaptationQuality:2]]
[2026.03.31-03.01.44:370][  0]LogConfig: Setting CVar [[r.BloomQuality:5]]
[2026.03.31-03.01.44:370][  0]LogConfig: Setting CVar [[r.FastBlurThreshold:100]]
[2026.03.31-03.01.44:370][  0]LogConfig: Setting CVar [[r.Upscale.Quality:3]]
[2026.03.31-03.01.44:370][  0]LogConfig: Setting CVar [[r.Tonemapper.GrainQuantization:1]]
[2026.03.31-03.01.44:370][  0]LogConfig: Setting CVar [[r.LightShaftQuality:1]]
[2026.03.31-03.01.44:370][  0]LogConfig: Setting CVar [[r.Filter.SizeScale:1]]
[2026.03.31-03.01.44:370][  0]LogConfig: Setting CVar [[r.Tonemapper.Quality:5]]
[2026.03.31-03.01.44:370][  0]LogConfig: Setting CVar [[r.DOF.Gather.AccumulatorQuality:1        ; higher gathering accumulator quality]]
[2026.03.31-03.01.44:370][  0]LogConfig: Setting CVar [[r.DOF.Gather.PostfilterMethod:1          ; Median3x3 postfilering method]]
[2026.03.31-03.01.44:370][  0]LogConfig: Setting CVar [[r.DOF.Gather.EnableBokehSettings:0       ; no bokeh simulation when gathering]]
[2026.03.31-03.01.44:371][  0]LogConfig: Setting CVar [[r.DOF.Gather.RingCount:4                 ; medium number of samples when gathering]]
[2026.03.31-03.01.44:371][  0]LogConfig: Setting CVar [[r.DOF.Scatter.ForegroundCompositing:1    ; additive foreground scattering]]
[2026.03.31-03.01.44:371][  0]LogConfig: Setting CVar [[r.DOF.Scatter.BackgroundCompositing:2    ; additive background scattering]]
[2026.03.31-03.01.44:371][  0]LogConfig: Setting CVar [[r.DOF.Scatter.EnableBokehSettings:1      ; bokeh simulation when scattering]]
[2026.03.31-03.01.44:371][  0]LogConfig: Setting CVar [[r.DOF.Scatter.MaxSpriteRatio:0.1         ; only a maximum of 10% of scattered bokeh]]
[2026.03.31-03.01.44:371][  0]LogConfig: Setting CVar [[r.DOF.Recombine.Quality:1                ; cheap slight out of focus]]
[2026.03.31-03.01.44:371][  0]LogConfig: Setting CVar [[r.DOF.Recombine.EnableBokehSettings:0    ; no bokeh simulation on slight out of focus]]
[2026.03.31-03.01.44:371][  0]LogConfig: Setting CVar [[r.DOF.TemporalAAQuality:1                ; more stable temporal accumulation]]
[2026.03.31-03.01.44:371][  0]LogConfig: Setting CVar [[r.DOF.Kernel.MaxForegroundRadius:0.025]]
[2026.03.31-03.01.44:371][  0]LogConfig: Setting CVar [[r.DOF.Kernel.MaxBackgroundRadius:0.025]]
[2026.03.31-03.01.44:371][  0]LogConfig: Applying CVar settings from Section [TextureQuality@3] File [C:/Github/Others/CPSC399_Game/CPSC399Game/Saved/Config/Windows/Scalability.ini]
[2026.03.31-03.01.44:371][  0]LogConfig: Setting CVar [[r.Streaming.MipBias:0]]
[2026.03.31-03.01.44:371][  0]LogConfig: Setting CVar [[r.Streaming.AmortizeCPUToGPUCopy:0]]
[2026.03.31-03.01.44:371][  0]LogConfig: Setting CVar [[r.Streaming.MaxNumTexturesToStreamPerFrame:0]]
[2026.03.31-03.01.44:371][  0]LogConfig: Setting CVar [[r.Streaming.Boost:1]]
[2026.03.31-03.01.44:371][  0]LogConfig: Setting CVar [[r.MaxAnisotropy:8]]
[2026.03.31-03.01.44:371][  0]LogConfig: Setting CVar [[r.VT.MaxAnisotropy:8]]
[2026.03.31-03.01.44:371][  0]LogConfig: Setting CVar [[r.Streaming.LimitPoolSizeToVRAM:0]]
[2026.03.31-03.01.44:371][  0]LogConfig: Setting CVar [[r.Streaming.PoolSize:1000]]
[2026.03.31-03.01.44:371][  0]LogConfig: Setting CVar [[r.Streaming.MaxEffectiveScreenSize:0]]
[2026.03.31-03.01.44:371][  0]LogConfig: Applying CVar settings from Section [EffectsQuality@3] File [C:/Github/Others/CPSC399_Game/CPSC399Game/Saved/Config/Windows/Scalability.ini]
[2026.03.31-03.01.44:371][  0]LogConfig: Setting CVar [[r.TranslucencyLightingVolumeDim:64]]
[2026.03.31-03.01.44:371][  0]LogConfig: Setting CVar [[r.RefractionQuality:2]]
[2026.03.31-03.01.44:371][  0]LogConfig: Setting CVar [[r.SSR.Quality:3]]
[2026.03.31-03.01.44:371][  0]LogConfig: Setting CVar [[r.SSR.HalfResSceneColor:0]]
[2026.03.31-03.01.44:371][  0]LogConfig: Setting CVar [[r.SceneColorFormat:4]]
[2026.03.31-03.01.44:371][  0]LogConfig: Setting CVar [[r.DetailMode:2]]
[2026.03.31-03.01.44:371][  0]LogConfig: Setting CVar [[r.TranslucencyVolumeBlur:1]]
[2026.03.31-03.01.44:371][  0]LogConfig: Setting CVar [[r.MaterialQualityLevel:1 ; High quality]]
[2026.03.31-03.01.44:371][  0]LogConfig: Setting CVar [[r.AnisotropicMaterials:1]]
[2026.03.31-03.01.44:371][  0]LogConfig: Setting CVar [[r.SSS.Scale:1]]
[2026.03.31-03.01.44:371][  0]LogConfig: Setting CVar [[r.SSS.SampleSet:2]]
[2026.03.31-03.01.44:371][  0]LogConfig: Setting CVar [[r.SSS.Quality:1]]
[2026.03.31-03.01.44:371][  0]LogConfig: Setting CVar [[r.SSS.HalfRes:0]]
[2026.03.31-03.01.44:371][  0]LogConfig: Setting CVar [[r.SSGI.Quality:3]]
[2026.03.31-03.01.44:371][  0]LogConfig: Setting CVar [[r.EmitterSpawnRateScale:1.0]]
[2026.03.31-03.01.44:371][  0]LogConfig: Setting CVar [[r.ParticleLightQuality:2]]
[2026.03.31-03.01.44:371][  0]LogConfig: Setting CVar [[r.SkyAtmosphere.AerialPerspectiveLUT.FastApplyOnOpaque:1 ; Always have FastSkyLUT 1 in this case to avoid wrong sky]]
[2026.03.31-03.01.44:371][  0]LogConfig: Setting CVar [[r.SkyAtmosphere.AerialPerspectiveLUT.SampleCountMaxPerSlice:4]]
[2026.03.31-03.01.44:371][  0]LogConfig: Setting CVar [[r.SkyAtmosphere.AerialPerspectiveLUT.DepthResolution:16.0]]
[2026.03.31-03.01.44:371][  0]LogConfig: Setting CVar [[r.SkyAtmosphere.FastSkyLUT:1]]
[2026.03.31-03.01.44:371][  0]LogConfig: Setting CVar [[r.SkyAtmosphere.FastSkyLUT.SampleCountMin:4.0]]
[2026.03.31-03.01.44:371][  0]LogConfig: Setting CVar [[r.SkyAtmosphere.FastSkyLUT.SampleCountMax:128.0]]
[2026.03.31-03.01.44:371][  0]LogConfig: Setting CVar [[r.SkyAtmosphere.SampleCountMin:4.0]]
[2026.03.31-03.01.44:371][  0]LogConfig: Setting CVar [[r.SkyAtmosphere.SampleCountMax:128.0]]
[2026.03.31-03.01.44:371][  0]LogConfig: Setting CVar [[r.SkyAtmosphere.TransmittanceLUT.UseSmallFormat:0]]
[2026.03.31-03.01.44:371][  0]LogConfig: Setting CVar [[r.SkyAtmosphere.TransmittanceLUT.SampleCount:10.0]]
[2026.03.31-03.01.44:371][  0]LogConfig: Setting CVar [[r.SkyAtmosphere.MultiScatteringLUT.SampleCount:15.0]]
[2026.03.31-03.01.44:371][  0]LogConfig: Setting CVar [[r.SkyLight.RealTimeReflectionCapture:1]]
[2026.03.31-03.01.44:371][  0]LogConfig: Applying CVar settings from Section [FoliageQuality@3] File [C:/Github/Others/CPSC399_Game/CPSC399Game/Saved/Config/Windows/Scalability.ini]
[2026.03.31-03.01.44:371][  0]LogConfig: Setting CVar [[foliage.DensityScale:1.0]]
[2026.03.31-03.01.44:371][  0]LogConfig: Setting CVar [[grass.DensityScale:1.0]]
[2026.03.31-03.01.44:371][  0]LogConfig: Applying CVar settings from Section [ShadingQuality@3] File [C:/Github/Others/CPSC399_Game/CPSC399Game/Saved/Config/Windows/Scalability.ini]
[2026.03.31-03.01.44:371][  0]LogConfig: Setting CVar [[r.HairStrands.SkyLighting.IntegrationType:2]]
[2026.03.31-03.01.44:371][  0]LogConfig: Setting CVar [[r.HairStrands.SkyAO.SampleCount:4]]
[2026.03.31-03.01.44:371][  0]LogConfig: Setting CVar [[r.HairStrands.Visibility.MSAA.SamplePerPixel:4]]
[2026.03.31-03.01.44:371][  0]LogInit: Selected Device Profile: [Windows]
[2026.03.31-03.01.44:371][  0]LogInit: Applying CVar settings loaded from the selected device profile: [Windows]
[2026.03.31-03.01.44:371][  0]LogHAL: Display: Platform has ~ 16 GB [17102323712 / 17179869184 / 16], which maps to Larger [LargestMinGB=32, LargerMinGB=12, DefaultMinGB=8, SmallerMinGB=6, SmallestMinGB=0)
[2026.03.31-03.01.44:371][  0]LogInit: Going up to parent DeviceProfile []
[2026.03.31-03.01.44:371][  0]LogConfig: Applying CVar settings from Section [ViewDistanceQuality@3] File [C:/Github/Others/CPSC399_Game/CPSC399Game/Saved/Config/Windows/Scalability.ini]
[2026.03.31-03.01.44:371][  0]LogConfig: Setting CVar [[r.SkeletalMeshLODBias:0]]
[2026.03.31-03.01.44:371][  0]LogConfig: Setting CVar [[r.ViewDistanceScale:1.0]]
[2026.03.31-03.01.44:371][  0]LogConfig: Applying CVar settings from Section [AntiAliasingQuality@3] File [C:/Github/Others/CPSC399_Game/CPSC399Game/Saved/Config/Windows/Scalability.ini]
[2026.03.31-03.01.44:371][  0]LogConfig: Setting CVar [[r.PostProcessAAQuality:4]]
[2026.03.31-03.01.44:371][  0]LogConfig: Applying CVar settings from Section [ShadowQuality@3] File [C:/Github/Others/CPSC399_Game/CPSC399Game/Saved/Config/Windows/Scalability.ini]
[2026.03.31-03.01.44:371][  0]LogConfig: Setting CVar [[r.LightFunctionQuality:1]]
[2026.03.31-03.01.44:371][  0]LogConfig: Setting CVar [[r.ShadowQuality:5]]
[2026.03.31-03.01.44:371][  0]LogConfig: Setting CVar [[r.Shadow.CSM.MaxCascades:10]]
[2026.03.31-03.01.44:371][  0]LogConfig: Setting CVar [[r.Shadow.MaxResolution:2048]]
[2026.03.31-03.01.44:371][  0]LogConfig: Setting CVar [[r.Shadow.MaxCSMResolution:2048]]
[2026.03.31-03.01.44:371][  0]LogConfig: Setting CVar [[r.Shadow.RadiusThreshold:0.01]]
[2026.03.31-03.01.44:371][  0]LogConfig: Setting CVar [[r.Shadow.DistanceScale:1.0]]
[2026.03.31-03.01.44:371][  0]LogConfig: Setting CVar [[r.Shadow.CSM.TransitionScale:1.0]]
[2026.03.31-03.01.44:371][  0]LogConfig: Setting CVar [[r.Shadow.PreShadowResolutionFactor:1.0]]
[2026.03.31-03.01.44:371][  0]LogConfig: Setting CVar [[r.DistanceFieldShadowing:1]]
[2026.03.31-03.01.44:371][  0]LogConfig: Setting CVar [[r.DistanceFieldAO:1]]
[2026.03.31-03.01.44:371][  0]LogConfig: Setting CVar [[r.AOQuality:2]]
[2026.03.31-03.01.44:371][  0]LogConfig: Setting CVar [[r.VolumetricFog:1]]
[2026.03.31-03.01.44:371][  0]LogConfig: Setting CVar [[r.VolumetricFog.GridPixelSize:8]]
[2026.03.31-03.01.44:371][  0]LogConfig: Setting CVar [[r.VolumetricFog.GridSizeZ:128]]
[2026.03.31-03.01.44:371][  0]LogConfig: Setting CVar [[r.VolumetricFog.HistoryMissSupersampleCount:4]]
[2026.03.31-03.01.44:371][  0]LogConfig: Setting CVar [[r.LightMaxDrawDistanceScale:1]]
[2026.03.31-03.01.44:371][  0]LogConfig: Setting CVar [[r.CapsuleShadows:1]]
[2026.03.31-03.01.44:371][  0]LogConfig: Applying CVar settings from Section [PostProcessQuality@3] File [C:/Github/Others/CPSC399_Game/CPSC399Game/Saved/Config/Windows/Scalability.ini]
[2026.03.31-03.01.44:371][  0]LogConfig: Setting CVar [[r.MotionBlurQuality:4]]
[2026.03.31-03.01.44:371][  0]LogConfig: Setting CVar [[r.AmbientOcclusionMipLevelFactor:0.4]]
[2026.03.31-03.01.44:371][  0]LogConfig: Setting CVar [[r.AmbientOcclusionMaxQuality:100]]
[2026.03.31-03.01.44:371][  0]LogConfig: Setting CVar [[r.AmbientOcclusionLevels:-1]]
[2026.03.31-03.01.44:371][  0]LogConfig: Setting CVar [[r.AmbientOcclusionRadiusScale:1.0]]
[2026.03.31-03.01.44:371][  0]LogConfig: Setting CVar [[r.DepthOfFieldQuality:2]]
[2026.03.31-03.01.44:371][  0]LogConfig: Setting CVar [[r.RenderTargetPoolMin:400]]
[2026.03.31-03.01.44:371][  0]LogConfig: Setting CVar [[r.LensFlareQuality:2]]
[2026.03.31-03.01.44:371][  0]LogConfig: Setting CVar [[r.SceneColorFringeQuality:1]]
[2026.03.31-03.01.44:371][  0]LogConfig: Setting CVar [[r.EyeAdaptationQuality:2]]
[2026.03.31-03.01.44:371][  0]LogConfig: Setting CVar [[r.BloomQuality:5]]
[2026.03.31-03.01.44:371][  0]LogConfig: Setting CVar [[r.FastBlurThreshold:100]]
[2026.03.31-03.01.44:371][  0]LogConfig: Setting CVar [[r.Upscale.Quality:3]]
[2026.03.31-03.01.44:371][  0]LogConfig: Setting CVar [[r.Tonemapper.GrainQuantization:1]]
[2026.03.31-03.01.44:371][  0]LogConfig: Setting CVar [[r.LightShaftQuality:1]]
[2026.03.31-03.01.44:371][  0]LogConfig: Setting CVar [[r.Filter.SizeScale:1]]
[2026.03.31-03.01.44:371][  0]LogConfig: Setting CVar [[r.Tonemapper.Quality:5]]
[2026.03.31-03.01.44:371][  0]LogConfig: Setting CVar [[r.DOF.Gather.AccumulatorQuality:1        ; higher gathering accumulator quality]]
[2026.03.31-03.01.44:371][  0]LogConfig: Setting CVar [[r.DOF.Gather.PostfilterMethod:1          ; Median3x3 postfilering method]]
[2026.03.31-03.01.44:371][  0]LogConfig: Setting CVar [[r.DOF.Gather.EnableBokehSettings:0       ; no bokeh simulation when gathering]]
[2026.03.31-03.01.44:371][  0]LogConfig: Setting CVar [[r.DOF.Gather.RingCount:4                 ; medium number of samples when gathering]]
[2026.03.31-03.01.44:371][  0]LogConfig: Setting CVar [[r.DOF.Scatter.ForegroundCompositing:1    ; additive foreground scattering]]
[2026.03.31-03.01.44:371][  0]LogConfig: Setting CVar [[r.DOF.Scatter.BackgroundCompositing:2    ; additive background scattering]]
[2026.03.31-03.01.44:371][  0]LogConfig: Setting CVar [[r.DOF.Scatter.EnableBokehSettings:1      ; bokeh simulation when scattering]]
[2026.03.31-03.01.44:371][  0]LogConfig: Setting CVar [[r.DOF.Scatter.MaxSpriteRatio:0.1         ; only a maximum of 10% of scattered bokeh]]
[2026.03.31-03.01.44:371][  0]LogConfig: Setting CVar [[r.DOF.Recombine.Quality:1                ; cheap slight out of focus]]
[2026.03.31-03.01.44:371][  0]LogConfig: Setting CVar [[r.DOF.Recombine.EnableBokehSettings:0    ; no bokeh simulation on slight out of focus]]
[2026.03.31-03.01.44:371][  0]LogConfig: Setting CVar [[r.DOF.TemporalAAQuality:1                ; more stable temporal accumulation]]
[2026.03.31-03.01.44:371][  0]LogConfig: Setting CVar [[r.DOF.Kernel.MaxForegroundRadius:0.025]]
[2026.03.31-03.01.44:371][  0]LogConfig: Setting CVar [[r.DOF.Kernel.MaxBackgroundRadius:0.025]]
[2026.03.31-03.01.44:371][  0]LogConfig: Applying CVar settings from Section [TextureQuality@3] File [C:/Github/Others/CPSC399_Game/CPSC399Game/Saved/Config/Windows/Scalability.ini]
[2026.03.31-03.01.44:371][  0]LogConfig: Setting CVar [[r.Streaming.MipBias:0]]
[2026.03.31-03.01.44:371][  0]LogConfig: Setting CVar [[r.Streaming.AmortizeCPUToGPUCopy:0]]
[2026.03.31-03.01.44:372][  0]LogConfig: Setting CVar [[r.Streaming.MaxNumTexturesToStreamPerFrame:0]]
[2026.03.31-03.01.44:372][  0]LogConfig: Setting CVar [[r.Streaming.Boost:1]]
[2026.03.31-03.01.44:372][  0]LogConfig: Setting CVar [[r.MaxAnisotropy:8]]
[2026.03.31-03.01.44:372][  0]LogConfig: Setting CVar [[r.VT.MaxAnisotropy:8]]
[2026.03.31-03.01.44:372][  0]LogConfig: Setting CVar [[r.Streaming.LimitPoolSizeToVRAM:0]]
[2026.03.31-03.01.44:372][  0]LogConfig: Setting CVar [[r.Streaming.PoolSize:1000]]
[2026.03.31-03.01.44:372][  0]LogConfig: Setting CVar [[r.Streaming.MaxEffectiveScreenSize:0]]
[2026.03.31-03.01.44:372][  0]LogConfig: Applying CVar settings from Section [EffectsQuality@3] File [C:/Github/Others/CPSC399_Game/CPSC399Game/Saved/Config/Windows/Scalability.ini]
[2026.03.31-03.01.44:372][  0]LogConfig: Setting CVar [[r.TranslucencyLightingVolumeDim:64]]
[2026.03.31-03.01.44:372][  0]LogConfig: Setting CVar [[r.RefractionQuality:2]]
[2026.03.31-03.01.44:372][  0]LogConfig: Setting CVar [[r.SSR.Quality:3]]
[2026.03.31-03.01.44:372][  0]LogConfig: Setting CVar [[r.SSR.HalfResSceneColor:0]]
[2026.03.31-03.01.44:372][  0]LogConfig: Setting CVar [[r.SceneColorFormat:4]]
[2026.03.31-03.01.44:372][  0]LogConfig: Setting CVar [[r.DetailMode:2]]
[2026.03.31-03.01.44:372][  0]LogConfig: Setting CVar [[r.TranslucencyVolumeBlur:1]]
[2026.03.31-03.01.44:372][  0]LogConfig: Setting CVar [[r.MaterialQualityLevel:1 ; High quality]]
[2026.03.31-03.01.44:372][  0]LogConfig: Setting CVar [[r.AnisotropicMaterials:1]]
[2026.03.31-03.01.44:372][  0]LogConfig: Setting CVar [[r.SSS.Scale:1]]
[2026.03.31-03.01.44:372][  0]LogConfig: Setting CVar [[r.SSS.SampleSet:2]]
[2026.03.31-03.01.44:372][  0]LogConfig: Setting CVar [[r.SSS.Quality:1]]
[2026.03.31-03.01.44:372][  0]LogConfig: Setting CVar [[r.SSS.HalfRes:0]]
[2026.03.31-03.01.44:372][  0]LogConfig: Setting CVar [[r.SSGI.Quality:3]]
[2026.03.31-03.01.44:372][  0]LogConfig: Setting CVar [[r.EmitterSpawnRateScale:1.0]]
[2026.03.31-03.01.44:372][  0]LogConfig: Setting CVar [[r.ParticleLightQuality:2]]
[2026.03.31-03.01.44:372][  0]LogConfig: Setting CVar [[r.SkyAtmosphere.AerialPerspectiveLUT.FastApplyOnOpaque:1 ; Always have FastSkyLUT 1 in this case to avoid wrong sky]]
[2026.03.31-03.01.44:372][  0]LogConfig: Setting CVar [[r.SkyAtmosphere.AerialPerspectiveLUT.SampleCountMaxPerSlice:4]]
[2026.03.31-03.01.44:372][  0]LogConfig: Setting CVar [[r.SkyAtmosphere.AerialPerspectiveLUT.DepthResolution:16.0]]
[2026.03.31-03.01.44:372][  0]LogConfig: Setting CVar [[r.SkyAtmosphere.FastSkyLUT:1]]
[2026.03.31-03.01.44:372][  0]LogConfig: Setting CVar [[r.SkyAtmosphere.FastSkyLUT.SampleCountMin:4.0]]
[2026.03.31-03.01.44:372][  0]LogConfig: Setting CVar [[r.SkyAtmosphere.FastSkyLUT.SampleCountMax:128.0]]
[2026.03.31-03.01.44:372][  0]LogConfig: Setting CVar [[r.SkyAtmosphere.SampleCountMin:4.0]]
[2026.03.31-03.01.44:372][  0]LogConfig: Setting CVar [[r.SkyAtmosphere.SampleCountMax:128.0]]
[2026.03.31-03.01.44:372][  0]LogConfig: Setting CVar [[r.SkyAtmosphere.TransmittanceLUT.UseSmallFormat:0]]
[2026.03.31-03.01.44:372][  0]LogConfig: Setting CVar [[r.SkyAtmosphere.TransmittanceLUT.SampleCount:10.0]]
[2026.03.31-03.01.44:372][  0]LogConfig: Setting CVar [[r.SkyAtmosphere.MultiScatteringLUT.SampleCount:15.0]]
[2026.03.31-03.01.44:372][  0]LogConfig: Setting CVar [[r.SkyLight.RealTimeReflectionCapture:1]]
[2026.03.31-03.01.44:372][  0]LogConfig: Applying CVar settings from Section [FoliageQuality@3] File [C:/Github/Others/CPSC399_Game/CPSC399Game/Saved/Config/Windows/Scalability.ini]
[2026.03.31-03.01.44:372][  0]LogConfig: Setting CVar [[foliage.DensityScale:1.0]]
[2026.03.31-03.01.44:372][  0]LogConfig: Setting CVar [[grass.DensityScale:1.0]]
[2026.03.31-03.01.44:372][  0]LogConfig: Applying CVar settings from Section [ShadingQuality@3] File [C:/Github/Others/CPSC399_Game/CPSC399Game/Saved/Config/Windows/Scalability.ini]
[2026.03.31-03.01.44:372][  0]LogConfig: Setting CVar [[r.HairStrands.SkyLighting.IntegrationType:2]]
[2026.03.31-03.01.44:372][  0]LogConfig: Setting CVar [[r.HairStrands.SkyAO.SampleCount:4]]
[2026.03.31-03.01.44:372][  0]LogConfig: Setting CVar [[r.HairStrands.Visibility.MSAA.SamplePerPixel:4]]
[2026.03.31-03.01.44:372][  0]LogConfig: Applying CVar settings from Section [Startup] File [../../../Engine/Config/ConsoleVariables.ini]
[2026.03.31-03.01.44:372][  0]LogConfig: Setting CVar [[net.UseAdaptiveNetUpdateFrequency:0]]
[2026.03.31-03.01.44:372][  0]LogConfig: Setting CVar [[p.chaos.AllowCreatePhysxBodies:1]]
[2026.03.31-03.01.44:372][  0]LogConfig: Setting CVar [[fx.SkipVectorVMBackendOptimizations:1]]
[2026.03.31-03.01.44:372][  0]LogConfig: Applying CVar settings from Section [ConsoleVariables] File [C:/Github/Others/CPSC399_Game/CPSC399Game/Saved/Config/Windows/Engine.ini]
[2026.03.31-03.01.44:372][  0]LogConfig: Applying CVar settings from Section [ConsoleVariables] File [C:/Github/Others/CPSC399_Game/CPSC399Game/Saved/Config/Windows/Editor.ini]
[2026.03.31-03.01.44:372][  0]LogInit: Computer: DESKTOP-U8PTTJO
[2026.03.31-03.01.44:372][  0]LogInit: User: aneki
[2026.03.31-03.01.44:372][  0]LogInit: CPU Page size=4096, Cores=6
[2026.03.31-03.01.44:372][  0]LogInit: High frequency timer resolution =10.000000 MHz
[2026.03.31-03.01.44:372][  0]LogMemory: Memory total: Physical=15.9GB (16GB approx)
[2026.03.31-03.01.44:372][  0]LogMemory: Platform Memory Stats for Windows
[2026.03.31-03.01.44:372][  0]LogMemory: Process Physical Memory: 149.09 MB used, 149.09 MB peak
[2026.03.31-03.01.44:372][  0]LogMemory: Process Virtual Memory: 119.36 MB used, 119.36 MB peak
[2026.03.31-03.01.44:372][  0]LogMemory: Physical Memory: 13772.28 MB used,  2537.77 MB free, 16310.05 MB total
[2026.03.31-03.01.44:372][  0]LogMemory: Virtual Memory: 134204728.00 MB used,  12997.79 MB free, 134217728.00 MB total
[2026.03.31-03.01.44:377][  0]LogWindows: WindowsPlatformFeatures enabled
[2026.03.31-03.01.44:415][  0]LogInit: Physics initialised using underlying interface: PhysX
[2026.03.31-03.01.44:416][  0]LogInit: Using OS detected language (en-US).
[2026.03.31-03.01.44:416][  0]LogInit: Using OS detected locale (en-US).
[2026.03.31-03.01.44:417][  0]LogTextLocalizationManager: No specific localization for 'en-US' exists, so the 'en' localization will be used.
[2026.03.31-03.01.44:590][  0]LogInit: Setting process to per monitor DPI aware
[2026.03.31-03.01.44:606][  0]LogWindowsTextInputMethodSystem: Display: IME system deactivated.
[2026.03.31-03.01.44:622][  0]LogSlate: New Slate User Created.  User Index 0, Is Virtual User: 0
[2026.03.31-03.01.44:622][  0]LogSlate: Slate User Registered.  User Index 0, Is Virtual User: 0
[2026.03.31-03.01.44:811][  0]LogD3D11RHI: Loaded GFSDK_Aftermath_Lib.x64.dll
[2026.03.31-03.01.44:822][  0]LogHMD: Failed to initialize OpenVR with code 110
[2026.03.31-03.01.44:822][  0]LogD3D11RHI: D3D11 min allowed feature level: 11_0
[2026.03.31-03.01.44:822][  0]LogD3D11RHI: D3D11 max allowed feature level: 11_0
[2026.03.31-03.01.44:822][  0]LogD3D11RHI: D3D11 adapters:
[2026.03.31-03.01.45:025][  0]LogD3D11RHI:    0. 'NVIDIA GeForce RTX 4070 SUPER' (Feature Level 11_0)
[2026.03.31-03.01.45:027][  0]LogD3D11RHI:       11997/0/8155 MB DedicatedVideo/DedicatedSystem/SharedSystem, Outputs:2, VendorId:0x10de
[2026.03.31-03.01.45:028][  0]LogD3D11RHI:    1. 'Microsoft Basic Render Driver' (Feature Level 11_0)
[2026.03.31-03.01.45:028][  0]LogD3D11RHI:       0/0/8155 MB DedicatedVideo/DedicatedSystem/SharedSystem, Outputs:0, VendorId:0x1414
[2026.03.31-03.01.45:028][  0]LogD3D11RHI: Chosen D3D11 Adapter:
[2026.03.31-03.01.45:028][  0]LogD3D11RHI:     Description : NVIDIA GeForce RTX 4070 SUPER
[2026.03.31-03.01.45:028][  0]LogD3D11RHI:     VendorId    : 10de
[2026.03.31-03.01.45:029][  0]LogD3D11RHI:     DeviceId    : 2783
[2026.03.31-03.01.45:029][  0]LogD3D11RHI:     SubSysId    : 89741043
[2026.03.31-03.01.45:029][  0]LogD3D11RHI:     Revision    : 00a1
[2026.03.31-03.01.45:029][  0]LogD3D11RHI:     DedicatedVideoMemory : 12579766272 bytes
[2026.03.31-03.01.45:029][  0]LogD3D11RHI:     DedicatedSystemMemory : 0 bytes
[2026.03.31-03.01.45:029][  0]LogD3D11RHI:     SharedSystemMemory : 8551161856 bytes
[2026.03.31-03.01.45:029][  0]LogD3D11RHI:     AdapterLuid : 0 19970296
[2026.03.31-03.01.45:039][  0]LogD3D11RHI: Creating new Direct3DDevice
[2026.03.31-03.01.45:039][  0]LogD3D11RHI:     GPU DeviceId: 0x2783 (for the marketing name, search the web for "GPU Device Id")
[2026.03.31-03.01.45:039][  0]LogWindows: EnumDisplayDevices:
[2026.03.31-03.01.45:039][  0]LogWindows:    0. 'NVIDIA GeForce RTX 4070 SUPER' (P:1 D:1)
[2026.03.31-03.01.45:039][  0]LogWindows:    1. 'NVIDIA GeForce RTX 4070 SUPER' (P:0 D:0)
[2026.03.31-03.01.45:039][  0]LogWindows:    2. 'NVIDIA GeForce RTX 4070 SUPER' (P:0 D:1)
[2026.03.31-03.01.45:040][  0]LogWindows:    3. 'NVIDIA GeForce RTX 4070 SUPER' (P:0 D:0)
[2026.03.31-03.01.45:040][  0]LogWindows: DebugString: FoundDriverCount:4 
[2026.03.31-03.01.45:040][  0]LogD3D11RHI:     Adapter Name: NVIDIA GeForce RTX 4070 SUPER
[2026.03.31-03.01.45:040][  0]LogD3D11RHI:   Driver Version: 591.86 (internal:32.0.15.9186, unified:591.86)
[2026.03.31-03.01.45:040][  0]LogD3D11RHI:      Driver Date: 1-20-2026
[2026.03.31-03.01.45:040][  0]LogRHI: Texture pool is 8397 MB (70% of 11997 MB)
[2026.03.31-03.01.45:040][  0]LogD3D11RHI: Creating D3DDevice using adapter:
[2026.03.31-03.01.45:040][  0]LogD3D11RHI:     Description : NVIDIA GeForce RTX 4070 SUPER
[2026.03.31-03.01.45:040][  0]LogD3D11RHI:     VendorId    : 10de
[2026.03.31-03.01.45:040][  0]LogD3D11RHI:     DeviceId    : 2783
[2026.03.31-03.01.45:040][  0]LogD3D11RHI:     SubSysId    : 89741043
[2026.03.31-03.01.45:040][  0]LogD3D11RHI:     Revision    : 00a1
[2026.03.31-03.01.45:040][  0]LogD3D11RHI:     DedicatedVideoMemory : 12579766272 bytes
[2026.03.31-03.01.45:040][  0]LogD3D11RHI:     DedicatedSystemMemory : 0 bytes
[2026.03.31-03.01.45:040][  0]LogD3D11RHI:     SharedSystemMemory : 8551161856 bytes
[2026.03.31-03.01.45:040][  0]LogD3D11RHI:     AdapterLuid : 0 19970296
[2026.03.31-03.01.45:165][  0]LogD3D11RHI: RHI has support for 64 bit atomics
[2026.03.31-03.01.45:165][  0]LogD3D11RHI: Async texture creation enabled
[2026.03.31-03.01.45:165][  0]LogD3D11RHI: Array index from any shader is supported
[2026.03.31-03.01.45:185][  0]LogD3D11RHI: GPU Timing Frequency: 1000.000000 (Debug: 2 1)
[2026.03.31-03.01.45:216][  0]LogRHI: GeForceNow SDK initialized: 1
[2026.03.31-03.01.45:601][  0]LogTargetPlatformManager: Display: Loaded TargetPlatform 'AllDesktop'
[2026.03.31-03.01.45:624][  0]LogTargetPlatformManager: Display: Loaded TargetPlatform 'Android'
[2026.03.31-03.01.45:624][  0]LogTargetPlatformManager: Display: Loaded TargetPlatform 'Android_ASTC'
[2026.03.31-03.01.45:624][  0]LogTargetPlatformManager: Display: Loaded TargetPlatform 'Android_DXT'
[2026.03.31-03.01.45:624][  0]LogTargetPlatformManager: Display: Loaded TargetPlatform 'Android_ETC2'
[2026.03.31-03.01.45:624][  0]LogTargetPlatformManager: Display: Loaded TargetPlatform 'AndroidClient'
[2026.03.31-03.01.45:624][  0]LogTargetPlatformManager: Display: Loaded TargetPlatform 'Android_ASTCClient'
[2026.03.31-03.01.45:624][  0]LogTargetPlatformManager: Display: Loaded TargetPlatform 'Android_DXTClient'
[2026.03.31-03.01.45:624][  0]LogTargetPlatformManager: Display: Loaded TargetPlatform 'Android_ETC2Client'
[2026.03.31-03.01.45:624][  0]LogTargetPlatformManager: Display: Loaded TargetPlatform 'Android_Multi'
[2026.03.31-03.01.45:624][  0]LogTargetPlatformManager: Display: Loaded TargetPlatform 'Android_MultiClient'
[2026.03.31-03.01.45:643][  0]LogTargetPlatformManager: Display: Loaded TargetPlatform 'IOSClient'
[2026.03.31-03.01.45:643][  0]LogTargetPlatformManager: Display: Loaded TargetPlatform 'IOS'
[2026.03.31-03.01.45:654][  0]LogTargetPlatformManager: Display: Loaded TargetPlatform 'Linux'
[2026.03.31-03.01.45:660][  0]LogTargetPlatformManager: Display: Loaded TargetPlatform 'LinuxNoEditor'
[2026.03.31-03.01.45:665][  0]LogTargetPlatformManager: Display: Loaded TargetPlatform 'LinuxClient'
[2026.03.31-03.01.46:624][  0]LogTargetPlatformManager: Display: Loaded TargetPlatform 'LinuxServer'
[2026.03.31-03.01.46:633][  0]LogTargetPlatformManager: Display: Loaded TargetPlatform 'LinuxAArch64NoEditor'
[2026.03.31-03.01.46:638][  0]LogTargetPlatformManager: Display: Loaded TargetPlatform 'LinuxAArch64Client'
[2026.03.31-03.01.46:642][  0]LogTargetPlatformManager: Display: Loaded TargetPlatform 'LinuxAArch64Server'
[2026.03.31-03.01.46:665][  0]LogTargetPlatformManager: Display: Loaded TargetPlatform 'Lumin'
[2026.03.31-03.01.46:665][  0]LogTargetPlatformManager: Display: Loaded TargetPlatform 'LuminClient'
[2026.03.31-03.01.46:672][  0]LogTargetPlatformManager: Display: Loaded TargetPlatform 'MacNoEditor'
[2026.03.31-03.01.46:676][  0]LogTargetPlatformManager: Display: Loaded TargetPlatform 'Mac'
[2026.03.31-03.01.46:679][  0]LogTargetPlatformManager: Display: Loaded TargetPlatform 'MacClient'
[2026.03.31-03.01.46:683][  0]LogTargetPlatformManager: Display: Loaded TargetPlatform 'MacServer'
[2026.03.31-03.01.46:692][  0]LogTargetPlatformManager: Display: Loaded TargetPlatform 'TVOSClient'
[2026.03.31-03.01.46:692][  0]LogTargetPlatformManager: Display: Loaded TargetPlatform 'TVOS'
[2026.03.31-03.01.46:699][  0]LogTargetPlatformManager: Display: Loaded TargetPlatform 'WindowsNoEditor'
[2026.03.31-03.01.46:703][  0]LogTargetPlatformManager: Display: Loaded TargetPlatform 'Windows'
[2026.03.31-03.01.46:706][  0]LogTargetPlatformManager: Display: Loaded TargetPlatform 'WindowsClient'
[2026.03.31-03.01.46:710][  0]LogTargetPlatformManager: Display: Loaded TargetPlatform 'WindowsServer'
[2026.03.31-03.01.46:710][  0]LogTargetPlatformManager: Display: Building Assets For Windows
[2026.03.31-03.01.46:718][  0]LogAudioDebug: Display: Lib vorbis DLL was dynamically loaded.
[2026.03.31-03.01.46:743][  0]LogTextureFormatOodle: Display: Oodle Texture 2.9.0 init RDO Off
[2026.03.31-03.01.46:770][  0]LogRendererCore: Ray tracing is disabled. Reason: r.RayTracing=0.
[2026.03.31-03.01.46:770][  0]LogShaderCompilers: Guid format shader working directory is 4 characters bigger than the processId version (C:/Github/Others/CPSC399_Game/CPSC399Game/Intermediate/Shaders/WorkingDirectory/28260/).
[2026.03.31-03.01.46:770][  0]LogShaderCompilers: Cleaned the shader compiler working directory 'C:/Users/aneki/AppData/Local/Temp/UnrealShaderWorkingDir/BDD9A6F84FA42D40F34614B3DB0E1034/'.
[2026.03.31-03.01.46:770][  0]LogXGEController: Cannot use XGE Controller as Incredibuild is not installed on this machine.
[2026.03.31-03.01.46:770][  0]LogShaderCompilers: Cannot use XGE Shader Compiler as Incredibuild is not installed on this machine.
[2026.03.31-03.01.46:770][  0]LogShaderCompilers: Display: Using Local Shader Compiler.
[2026.03.31-03.01.47:391][  0]LogDerivedDataCache: Display: Max Cache Size: 512 MB
[2026.03.31-03.01.47:465][  0]LogDerivedDataCache: Loaded boot cache 0.07s 94MB C:/Users/aneki/AppData/Local/UnrealEngine/4.27/DerivedDataCache/Boot.ddc.
[2026.03.31-03.01.47:465][  0]LogDerivedDataCache: Display: Loaded Boot cache: C:/Users/aneki/AppData/Local/UnrealEngine/4.27/DerivedDataCache/Boot.ddc
[2026.03.31-03.01.47:466][  0]LogDerivedDataCache: FDerivedDataBackendGraph:  Pak pak cache file C:/Github/Others/CPSC399_Game/CPSC399Game/DerivedDataCache/DDC.ddp not found, will not use a pak cache.
[2026.03.31-03.01.47:466][  0]LogDerivedDataCache: Unable to find inner node Pak for hierarchical cache Hierarchy.
[2026.03.31-03.01.47:466][  0]LogDerivedDataCache: FDerivedDataBackendGraph:  CompressedPak pak cache file C:/Github/Others/CPSC399_Game/CPSC399Game/DerivedDataCache/Compressed.ddp not found, will not use a pak cache.
[2026.03.31-03.01.47:466][  0]LogDerivedDataCache: Unable to find inner node CompressedPak for hierarchical cache Hierarchy.
[2026.03.31-03.01.47:481][  0]LogDerivedDataCache: Display: Pak cache opened for reading ../../../Engine/DerivedDataCache/Compressed.ddp.
[2026.03.31-03.01.47:481][  0]LogDerivedDataCache: FDerivedDataBackendGraph:  EnterprisePak pak cache file ../../../Enterprise/DerivedDataCache/Compressed.ddp not found, will not use a pak cache.
[2026.03.31-03.01.47:481][  0]LogDerivedDataCache: Unable to find inner node EnterprisePak for hierarchical cache Hierarchy.
[2026.03.31-03.01.47:489][  0]LogDerivedDataCache: Speed tests for C:/Users/aneki/AppData/Local/UnrealEngine/Common/DerivedDataCache took 0.01 seconds
[2026.03.31-03.01.47:490][  0]LogDerivedDataCache: Display: Performance to C:/Users/aneki/AppData/Local/UnrealEngine/Common/DerivedDataCache: Latency=0.03ms. RandomReadSpeed=338.20MBs, RandomWriteSpeed=185.20MBs. Assigned SpeedClass 'Local'
[2026.03.31-03.01.47:491][  0]LogDerivedDataCache: Using Local data cache path C:/Users/aneki/AppData/Local/UnrealEngine/Common/DerivedDataCache: Writable
[2026.03.31-03.01.47:491][  0]LogDerivedDataCache: Shared data cache path not found in *engine.ini, will not use an Shared cache.
[2026.03.31-03.01.47:491][  0]LogDerivedDataCache: Unable to find inner node Shared for hierarchical cache Hierarchy.
[2026.03.31-03.01.47:527][  0]LogSlate: Using FreeType 2.10.0
[2026.03.31-03.01.47:527][  0]LogSlate: SlateFontServices - WITH_FREETYPE: 1, WITH_HARFBUZZ: 1
[2026.03.31-03.01.47:550][  0]LogAssetRegistry: FAssetRegistry took 0.0024 seconds to start up
[2026.03.31-03.01.47:790][  0]LogInit: Selected Device Profile: [Windows]
[2026.03.31-03.01.47:790][  0]LogInit: Active device profile: [000001DE30598F00][000001DE2F128340 49] Windows
[2026.03.31-03.01.47:790][  0]LogInit: Profiles: [000001DE30598F00][000001DE2F128340 49] Windows, [000001DE30562400][000001DE2F1364C0 49] WindowsNoEditor, [000001DE30599F00][000001DE2F13A640 49] WindowsServer, [000001DE30561800][000001DE2F12C780 49] WindowsClient, [000001DE30599200][000001DE2F13E8C0 49] IOS, [000001DE30563A00][000001DE2F142A00 49] iPadAir, [000001DE3059B300][000001DE2F146B40 49] iPadAir2, [000001DE3050D300][000001DE2F158E00 49] IPadPro, [000001DE3050D400][000001DE2F14EE40 49] iPadAir3, [000001DE30560B00][000001DE2F162FC0 49] iPadAir4, [000001DE3050E100][000001DE2F167140 49] iPadMini2, [000001DE30563400][000001DE2F16B2C0 49] iPadMini3, [000001DE3050EC00][000001DE2F16F440 49] iPadMini4, [000001DE30562600][000001DE2F1735C0 49] iPadMini5, [000001DE30550E00][000001DE2F17B880 49] iPhone6, [000001DE30550F00][000001DE2F1778C0 49] iPodTouch6, [000001DE3059B700][000001DE2F183B80 49] iPhone7, [000001DE3059A800][000001DE2F17FBC0 49] iPodTouch7, [000001DE3050CC00][000001DE2F1861C0 49] iPhone5S, [000001DE30599700][000001DE2F18A340 49] iPhone6Plus, [000001DE3050EA00][000001DE2F18E4C0 49] iPhone6S, [000001DE30599A00][000001DE2F192640 49] iPhone6SPlus, [000001DE30550100][000001DE2F1967C0 49] iPhone7Plus, [000001DE3050DD00][000001DE2F19A940 49] iPhoneSE, [000001DE30550C00][000001DE2F14AA80 49] iPhone8, [000001DE3050C400][000001DE2F19EBC0 49] iPhone8Plus, [000001DE30552A00][000001DE2F1A2D00 49] iPhoneX, [000001DE3050FC00][000001DE2F1AAE80 49] iPhoneXS, [000001DE30552900][000001DE2F1AF000 49] iPhoneXSMax, [000001DE3050CB00][000001DE2F1B3180 49] iPhoneXR, [000001DE3059B800][000001DE2F1B7300 49] iPhone11, [000001DE3050FD00][000001DE2F1BB480 49] iPhone11Pro, [000001DE30599B00][000001DE2F1BF600 49] iPhone11ProMax, [000001DE3050E300][000001DE2F1C3780 49] iPhoneSE2, [000001DE30599E00][000001DE2F1C7900 49] iPhone12Mini, [000001DE3050F000][000001DE2F1CBA80 49] iPhone12, [000001DE3059B400][000001DE2F1CFC00 49] iPhone12Pro, [000001DE3050CD00][000001DE2F1D2200 49] iPhone12ProMax, [000001DE3059BC00][000001DE2F1D6380 49] iPadPro105, [000001DE3050F700][000001DE2F1DA500 49] iPadPro129, [000001DE30599800][000001DE2F1DE680 49] iPadPro97, [000001DE3050C900][000001DE2F1E2800 49] iPadPro2_129, [000001DE30598800][000001DE2F1E6980 49] iPad5, [000001DE3050D000][000001DE2F1EAB00 49] iPad6, [000001DE3059BD00][000001DE2F1A6C40 49] iPad7, [000001DE3050EB00][000001DE2F1EED80 49] iPad8, [000001DE3059B500][000001DE2F1F2EC0 49] iPadPro11, [000001DE3050D900][000001DE2F1FB040 49] iPadPro2_11, [000001DE30598900][000001DE2F1FF1C0 49] iPadPro3_129, [000001DE3050E800][000001DE2F203340 49] iPadPro4_129, [000001DE3059AE00][000001DE2F2074C0 49] AppleTV, [000001DE3050D100][000001DE2F20B640 49] AppleTV4K, [000001DE30598500][000001DE2F20F7C0 49] TVOS, [000001DE3050FA00][000001DE2F213940 49] Mac, [000001DE30599100][000001DE2F217AC0 49] MacClient, [000001DE3050D800][000001DE2F21A0C0 49] MacNoEditor, [000001DE30599600][000001DE2F21E240 49] MacServer, [000001DE3050E700][000001DE2F2223C0 49] Linux, [000001DE3059B200][000001DE2F226540 49] LinuxAArch64, [000001DE3050C300][000001DE2F22A6C0 49] LinuxNoEditor, [000001DE3059B100][000001DE2F22E840 49] LinuxAArch64NoEditor, [000001DE3050D500][000001DE2F2329C0 49] LinuxClient, [000001DE30599000][000001DE2F236B40 49] LinuxAArch64Client, [000001DE3050E600][000001DE2F23ACC0 49] LinuxServer, [000001DE30599400][000001DE2F1F6E00 49] LinuxAArch64Server, [000001DE3050D600][000001DE2F23EF40 49] Android, [000001DE3059BA00][000001DE2F243080 49] Android_Low, [000001DE3050E400][000001DE2F2471C0 49] Android_Mid, [000001DE30599D00][000001DE2F24F340 49] Android_High, [000001DE3050E000][000001DE2F2534C0 49] Android_Default, [000001DE3059AB00][000001DE2F257640 49] Android_Adreno4xx, [000001DE3050CA00][000001DE2F25B7C0 49] Android_Adreno5xx_Low, [000001DE3059BB00][000001DE2F25F940 49] Android_Adreno5xx, [000001DE3050ED00][000001DE2F263AC0 49] Android_Adreno6xx, [000001DE30598100][000001DE2F2660C0 49] Android_Adreno6xx_Vulkan, [000001DE3050E200][000001DE2F26A240 49] Android_Mali_T6xx, [000001DE3059AD00][000001DE2F26E3C0 49] Android_Mali_T7xx, [000001DE30561400][000001DE2F272540 49] Android_Mali_T8xx, [000001DE30550300][000001DE2F2766C0 49] Android_Mali_G71, [000001DE30560600][000001DE2F27A840 49] Android_Mali_G72, [000001DE30550600][000001DE2F27E9C0 49] Android_Mali_G72_Vulkan, [000001DE30561000][000001DE2F282B40 49] Android_Mali_G76, [000001DE30550700][000001DE2F286CC0 49] Android_Mali_G76_Vulkan, [000001DE30562000][000001DE2F28AE40 49] Android_Mali_G77, [000001DE30552F00][000001DE2F24AF80 49] Android_Mali_G77_Vulkan, [000001DE30560E00][000001DE2F6B10C0 49] Android_Mali_G78, [000001DE30553100][000001DE2F6B5200 49] Android_Mali_G78_Vulkan, [000001DE30561900][000001DE2F6B9340 49] Android_Mali_G710, [000001DE30552C00][000001DE2F6C14C0 49] Android_Mali_G710_Vulkan, [000001DE30563600][000001DE2F6C5640 49] Android_Vulkan_SM5, [000001DE30553500][000001DE2F6C97C0 49] Android_PowerVR_G6xxx, [000001DE30561A00][000001DE2F6CD940 49] Android_PowerVR_GT7xxx, [000001DE30551D00][000001DE2F6D1AC0 49] Android_PowerVR_GE8xxx, [000001DE30562D00][000001DE2F6D40C0 49] Android_PowerVR_GM9xxx, [000001DE30550800][000001DE2F6D8240 49] Android_PowerVR_GM9xxx_Vulkan, [000001DE30563100][000001DE2F6DC3C0 49] Android_TegraK1, [000001DE30551400][000001DE2F6E0540 49] Android_Unknown_Vulkan, [000001DE30562300][000001DE2F6E46C0 49] Lumin, [000001DE30553C00][000001DE2F6E8840 49] Lumin_Desktop, [000001DE30562B00][000001DE2F6EC9C0 49] HoloLens, 
[2026.03.31-03.01.47:894][  0]LogMeshReduction: Using QuadricMeshReduction for automatic static mesh reduction
[2026.03.31-03.01.47:894][  0]LogMeshReduction: Using SimplygonMeshReduction for automatic skeletal mesh reduction
[2026.03.31-03.01.47:894][  0]LogMeshReduction: Using ProxyLODMeshReduction for automatic mesh merging
[2026.03.31-03.01.47:894][  0]LogMeshReduction: No distributed automatic mesh merging module available
[2026.03.31-03.01.47:894][  0]LogMeshMerging: No distributed automatic mesh merging module available
[2026.03.31-03.01.47:910][  0]LogNetVersion: CPSC399Game 1.0.0, NetCL: 17155196, EngineNetVer: 17, GameNetVer: 0 (Checksum: 2010562307)
[2026.03.31-03.01.48:298][  0]LogTexture: Default maximum texture size for cubemaps generated from long-lat sources has been changed from 512 to unlimited. In order to preserve old behaiour for '/Engine/MapTemplates/Sky/DaylightAmbientCubemap.DaylightAmbientCubemap', its maximum texture size has been explicitly set to 512.
[2026.03.31-03.01.48:346][  0]LogHMD: PokeAHoleMaterial loaded successfully
[2026.03.31-03.01.48:351][  0]LogUObjectArray: 17178 objects as part of root set at end of initial load.
[2026.03.31-03.01.48:351][  0]LogUObjectAllocator: 4302048 out of 0 bytes used by permanent object pool.
[2026.03.31-03.01.48:351][  0]LogUObjectArray: CloseDisregardForGC: 0/0 objects in disregard for GC pool
[2026.03.31-03.01.48:597][  0]LogNiagaraDebuggerClient: Niagara Debugger Client Initialized | Session: 7F11748A4C4ED9A4F44595BA4D454EC3 | Instance: 46ACCEAA4DEFC64DF97FC79E93F3F7CE (DESKTOP-U8PTTJO-28260).
[2026.03.31-03.01.48:627][  0]LogPython: Using Python 3.7.7
[2026.03.31-03.01.49:127][  0]LogTcpMessaging: Initializing TcpMessaging bridge
[2026.03.31-03.01.49:131][  0]LogUdpMessaging: Initializing bridge on interface 0.0.0.0:0 to multicast group 230.0.0.1:6666.
[2026.03.31-03.01.49:445][  0]LogOpenImageDenoise: OIDN starting up
[2026.03.31-03.01.49:485][  0]LogAndroidPermission: UAndroidPermissionCallbackProxy::GetInstance
[2026.03.31-03.01.49:507][  0]LogAudioCaptureCore: Display: No Audio Capture implementations found. Audio input will be silent.
[2026.03.31-03.01.49:507][  0]LogAudioCaptureCore: Display: No Audio Capture implementations found. Audio input will be silent.
[2026.03.31-03.01.49:618][  0]SourceControl: Source control is disabled
[2026.03.31-03.01.49:618][  0]SourceControl: Source control is disabled
[2026.03.31-03.01.49:624][  0]SourceControl: Source control is disabled
[2026.03.31-03.01.49:626][  0]SourceControl: Source control is disabled
[2026.03.31-03.01.49:634][  0]SourceControl: Source control is disabled
[2026.03.31-03.01.49:639][  0]LogUProjectInfo: Found projects:
[2026.03.31-03.01.49:652][  0]LogCollectionManager: Loaded 0 collections in 0.000502 seconds
[2026.03.31-03.01.49:673][  0]LogFileCache: Scanning file cache for directory 'C:/Github/Others/CPSC399_Game/CPSC399Game/Saved/Collections/' took 0.00s
[2026.03.31-03.01.49:673][  0]LogFileCache: Scanning file cache for directory 'C:/Github/Others/CPSC399_Game/CPSC399Game/Content/Developers/aneki/Collections/' took 0.00s
[2026.03.31-03.01.49:673][  0]LogFileCache: Scanning file cache for directory 'C:/Github/Others/CPSC399_Game/CPSC399Game/Content/Collections/' took 0.00s
[2026.03.31-03.01.49:673][  0]LogOcInput: OculusInput pre-init called
[2026.03.31-03.01.49:890][  0]LogEngine: Initializing Engine...
[2026.03.31-03.01.49:893][  0]LogHMD: Failed to enumerate extensions. Please check that you have a valid OpenXR runtime installed.
[2026.03.31-03.01.49:893][  0]LogHMD: Failed to initialize OpenVR with code 110
[2026.03.31-03.01.49:893][  0]LogMagicLeap: Warning: VR disabled because ZI is not enabled.  To enable, in the editor, Edit -> Project Settings -> Plugins -> Magic Leap Plugin -> Enable Zero Iteration
[2026.03.31-03.01.49:893][  0]LogStats: UGameplayTagsManager::InitializeManager -  0.000 s
[2026.03.31-03.01.49:995][  0]LogInit: Initializing FReadOnlyCVARCache
[2026.03.31-03.01.50:007][  0]LogAIModule: Creating AISystem for world Untitled
[2026.03.31-03.01.50:007][  0]LogAudio: Display: Initializing Audio Device Manager...
[2026.03.31-03.01.50:010][  0]LogAudio: Display: Loading Default Audio Settings Objects...
[2026.03.31-03.01.50:011][  0]LogAudio: Display: No default SoundConcurrencyObject specified (or failed to load).
[2026.03.31-03.01.50:011][  0]LogAudio: Display: Audio Device Manager Initialized
[2026.03.31-03.01.50:011][  0]LogAudio: Display: Creating Audio Device:                 Id: 1, Scope: Shared, Realtime: True
[2026.03.31-03.01.50:011][  0]LogAudioMixer: Display: Audio Mixer Platform Settings:
[2026.03.31-03.01.50:011][  0]LogAudioMixer: Display: 	Sample Rate:						  48000
[2026.03.31-03.01.50:011][  0]LogAudioMixer: Display: 	Callback Buffer Frame Size Requested: 1024
[2026.03.31-03.01.50:011][  0]LogAudioMixer: Display: 	Callback Buffer Frame Size To Use:	  1024
[2026.03.31-03.01.50:011][  0]LogAudioMixer: Display: 	Number of buffers to queue:			  2
[2026.03.31-03.01.50:011][  0]LogAudioMixer: Display: 	Max Channels (voices):				  32
[2026.03.31-03.01.50:011][  0]LogAudioMixer: Display: 	Number of Async Source Workers:		  0
[2026.03.31-03.01.50:011][  0]LogAudio: Display: AudioDevice MaxSources: 32
[2026.03.31-03.01.50:011][  0]LogAudio: Display: Audio Spatialization Plugin: None (built-in).
[2026.03.31-03.01.50:011][  0]LogAudio: Display: Audio Reverb Plugin: None (built-in).
[2026.03.31-03.01.50:011][  0]LogAudio: Display: Audio Occlusion Plugin: None (built-in).
[2026.03.31-03.01.50:011][  0]LogAudioMixer: Display: Initializing audio mixer.
[2026.03.31-03.01.50:023][  0]LogAudioMixer: Display: 0: FrontLeft
[2026.03.31-03.01.50:023][  0]LogAudioMixer: Display: 1: FrontRight
[2026.03.31-03.01.50:023][  0]LogAudioMixer: Display: 2: FrontCenter
[2026.03.31-03.01.50:023][  0]LogAudioMixer: Display: 3: LowFrequency
[2026.03.31-03.01.50:023][  0]LogAudioMixer: Display: 4: BackLeft
[2026.03.31-03.01.50:023][  0]LogAudioMixer: Display: 5: BackRight
[2026.03.31-03.01.50:023][  0]LogAudioMixer: Display: 6: SideLeft
[2026.03.31-03.01.50:023][  0]LogAudioMixer: Display: 7: SideRight
[2026.03.31-03.01.50:040][  0]LogAudioMixer: Display: Using Audio Device Speakers (Logitech G733 Gaming Headset)
[2026.03.31-03.01.50:043][  0]LogAudioMixer: Display: Initializing Sound Submixes...
[2026.03.31-03.01.50:045][  0]LogAudioMixer: Display: Creating Master Submix 'MasterSubmixDefault'
[2026.03.31-03.01.50:045][  0]LogAudioMixer: Display: Creating Master Submix 'MasterReverbSubmixDefault'
[2026.03.31-03.01.50:046][  0]LogAudioMixer: Display: Creating Master Submix 'MasterEQSubmixDefault'
[2026.03.31-03.01.50:046][  0]LogAudioMixer: FMixerPlatformXAudio2::StartAudioStream() called
[2026.03.31-03.01.50:046][  0]LogAudioMixer: Display: Output buffers initialized: Frames=1024, Channels=8, Samples=8192
[2026.03.31-03.01.50:047][  0]LogAudioMixer: Display: Starting AudioMixerPlatformInterface::RunInternal()
[2026.03.31-03.01.50:047][  0]LogAudioMixer: Display: FMixerPlatformXAudio2::SubmitBuffer() called for the first time
[2026.03.31-03.01.50:047][  0]LogInit: FAudioDevice initialized.
[2026.03.31-03.01.50:048][  0]LogAudio: Display: Audio Device (ID: 1) registered with world 'Untitled'.
[2026.03.31-03.01.50:048][  0]LogNetVersion: Set ProjectVersion to 1.0.0.0. Version Checksum will be recalculated on next use.
[2026.03.31-03.01.50:097][  0]LogDerivedDataCache: Saved boot cache 0.05s 94MB C:/Users/aneki/AppData/Local/UnrealEngine/4.27/DerivedDataCache/Boot.ddc.
[2026.03.31-03.01.50:097][  0]LogInit: Texture streaming: Enabled
[2026.03.31-03.01.50:111][  0]LogAnalytics: Display: [UEEditor.Rocket.Release] APIServer = https://datarouter.ol.epicgames.com/. AppVersion = 4.27.2-18319896+++UE4+Release-4.27
[2026.03.31-03.01.50:115][  0]LogEngineSessionManager: EngineSessionManager initialized
[2026.03.31-03.01.50:115][  0]LogEditorSessionSummary: Verbose: Initializing EditorSessionSummaryWriter for editor session tracking
[2026.03.31-03.01.50:117][  0]LogEditorSessionSummary: EditorSessionSummaryWriter initialized
[2026.03.31-03.01.50:145][  0]LogInit: Transaction tracking system initialized
[2026.03.31-03.01.50:166][  0]BlueprintLog: New page: Editor Load
[2026.03.31-03.01.50:228][  0]LocalizationService: Localization service is disabled
[2026.03.31-03.01.50:258][  0]TimingProfiler: Initialize
[2026.03.31-03.01.50:258][  0]TimingProfiler: OnSessionChanged
[2026.03.31-03.01.50:258][  0]LoadingProfiler: Initialize
[2026.03.31-03.01.50:258][  0]LoadingProfiler: OnSessionChanged
[2026.03.31-03.01.50:258][  0]NetworkingProfiler: Initialize
[2026.03.31-03.01.50:258][  0]NetworkingProfiler: OnSessionChanged
[2026.03.31-03.01.50:258][  0]MemoryProfiler: Initialize
[2026.03.31-03.01.50:258][  0]MemoryProfiler: OnSessionChanged
[2026.03.31-03.01.50:392][  0]LogCook: Display: CookSettings for Memory: MemoryMaxUsedVirtual 0MiB, MemoryMaxUsedPhysical 16384MiB, MemoryMinFreeVirtual 0MiB, MemoryMinFreePhysical 1024MiB
[2026.03.31-03.01.50:392][  0]LogCook: Display: Mobile HDR setting 1
[2026.03.31-03.01.50:584][  0]LogFileCache: Scanning file cache for directory 'C:/Github/Others/CPSC399_Game/CPSC399Game/Content/' took 0.00s
[2026.03.31-03.01.50:767][  0]LogInit: Display: Engine is initialized. Leaving FEngineLoop::Init()
[2026.03.31-03.01.50:770][  0]SourceControl: Source control is disabled
[2026.03.31-03.01.50:770][  0]LogUnrealEdMisc: Loading editor; pre map load, took 7.587
[2026.03.31-03.01.50:770][  0]Cmd: MAP LOAD FILE="C:/Github/Others/CPSC399_Game/CPSC399Game/Content/ThirdPersonBP/Maps/ThirdPersonExampleMap.umap" TEMPLATE=0 SHOWPROGRESS=1 FEATURELEVEL=3
[2026.03.31-03.01.50:770][  0]LightingResults: New page: Lighting Build
[2026.03.31-03.01.50:772][  0]LogWorld: UWorld::CleanupWorld for Untitled, bSessionEnded=true, bCleanupResources=true
[2026.03.31-03.01.50:772][  0]LogSlate: InvalidateAllWidgets triggered.  All widgets were invalidated
[2026.03.31-03.01.50:772][  0]MapCheck: New page: Map Check
[2026.03.31-03.01.50:772][  0]LightingResults: New page: Lighting Build
[2026.03.31-03.01.50:775][  0]LogAudio: Display: Audio Device unregistered from world 'None'.
[2026.03.31-03.01.50:779][  0]LogUObjectHash: Compacting FUObjectHashTables data took   0.75ms
[2026.03.31-03.01.51:028][  0]LogAudio: Display: Audio Device (ID: 1) registered with world 'ThirdPersonExampleMap'.
[2026.03.31-03.01.51:029][  0]LogAIModule: Creating AISystem for world ThirdPersonExampleMap
[2026.03.31-03.01.51:046][  0]LogEditorServer: Finished looking for orphan Actors (0.000 secs)
[2026.03.31-03.01.51:053][  0]LogUObjectHash: Compacting FUObjectHashTables data took   0.73ms
[2026.03.31-03.01.51:053][  0]Cmd: MAP CHECKDEP NOCLEARLOG
[2026.03.31-03.01.51:053][  0]MapCheck: Map check complete: 0 Error(s), 0 Warning(s), took 0.157ms to complete.
[2026.03.31-03.01.51:053][  0]LogFileHelpers: Loading map 'ThirdPersonExampleMap' took 0.283
[2026.03.31-03.01.51:055][  0]LogUnrealEdMisc: Total Editor Startup Time, took 7.871
[2026.03.31-03.01.51:142][  0]LogSlate: Updating window title bar state: overlay mode, drag disabled, window buttons hidden, title bar hidden
[2026.03.31-03.01.51:147][  0]LogSlate: Updating window title bar state: overlay mode, drag disabled, window buttons hidden, title bar hidden
[2026.03.31-03.01.51:152][  0]LogSlate: Updating window title bar state: overlay mode, drag disabled, window buttons hidden, title bar hidden
[2026.03.31-03.01.51:157][  0]LogSlate: Updating window title bar state: overlay mode, drag disabled, window buttons hidden, title bar hidden
[2026.03.31-03.01.51:170][  0]LogNativeClassHierarchy: Verbose: Native class hierarchy populated in 0.0100 seconds. Added 3822 classes and 928 folders.
[2026.03.31-03.01.51:172][  0]LogNativeClassHierarchy: Verbose: Native class hierarchy updated for 'WidgetCarousel' in 0.0003 seconds. Added 0 classes and 0 folders.
[2026.03.31-03.01.51:174][  0]LogPakFile: PakFile PrimaryIndexSize=187
[2026.03.31-03.01.51:174][  0]LogPakFile: PakFile PathHashIndexSize=101
[2026.03.31-03.01.51:174][  0]LogPakFile: PakFile FullDirectoryIndexSize=148
[2026.03.31-03.01.51:174][  0]LogShaderLibrary: Display: ShaderCodeLibraryPakFileMountedCallback: PakFile 'F:/Unreal Engine/UE_4.27/FeaturePacks/FP_FirstPerson.upack' (chunk index -1, root 'root:/') mounted
[2026.03.31-03.01.51:174][  0]LogShaderLibrary: Display: ShaderCodeLibraryPakFileMountedCallback: pending pak file info (ChunkID:-1 Root:root:/ File:F:/Unreal Engine/UE_4.27/FeaturePacks/FP_FirstPerson.upack)
[2026.03.31-03.01.51:174][  0]LogPakFile: OnPakFileMounted2Time == 0.000047
[2026.03.31-03.01.51:174][  0]LogPakFile: PakFile PrimaryIndexSize=189
[2026.03.31-03.01.51:174][  0]LogPakFile: PakFile PathHashIndexSize=101
[2026.03.31-03.01.51:175][  0]LogPakFile: PakFile FullDirectoryIndexSize=152
[2026.03.31-03.01.51:175][  0]LogShaderLibrary: Display: ShaderCodeLibraryPakFileMountedCallback: PakFile 'F:/Unreal Engine/UE_4.27/FeaturePacks/FP_FirstPersonBP.upack' (chunk index -1, root 'root:/') mounted
[2026.03.31-03.01.51:175][  0]LogShaderLibrary: Display: ShaderCodeLibraryPakFileMountedCallback: pending pak file info (ChunkID:-1 Root:root:/ File:F:/Unreal Engine/UE_4.27/FeaturePacks/FP_FirstPersonBP.upack)
[2026.03.31-03.01.51:175][  0]LogPakFile: OnPakFileMounted2Time == 0.000026
[2026.03.31-03.01.51:175][  0]LogPakFile: PakFile PrimaryIndexSize=191
[2026.03.31-03.01.51:175][  0]LogPakFile: PakFile PathHashIndexSize=101
[2026.03.31-03.01.51:175][  0]LogPakFile: PakFile FullDirectoryIndexSize=160
[2026.03.31-03.01.51:175][  0]LogShaderLibrary: Display: ShaderCodeLibraryPakFileMountedCallback: PakFile 'F:/Unreal Engine/UE_4.27/FeaturePacks/MobileStarterContent.upack' (chunk index -1, root 'root:/') mounted
[2026.03.31-03.01.51:175][  0]LogShaderLibrary: Display: ShaderCodeLibraryPakFileMountedCallback: pending pak file info (ChunkID:-1 Root:root:/ File:F:/Unreal Engine/UE_4.27/FeaturePacks/MobileStarterContent.upack)
[2026.03.31-03.01.51:175][  0]LogPakFile: OnPakFileMounted2Time == 0.000023
[2026.03.31-03.01.51:175][  0]LogPakFile: PakFile PrimaryIndexSize=185
[2026.03.31-03.01.51:175][  0]LogPakFile: PakFile PathHashIndexSize=101
[2026.03.31-03.01.51:176][  0]LogPakFile: PakFile FullDirectoryIndexSize=148
[2026.03.31-03.01.51:176][  0]LogShaderLibrary: Display: ShaderCodeLibraryPakFileMountedCallback: PakFile 'F:/Unreal Engine/UE_4.27/FeaturePacks/StarterContent.upack' (chunk index -1, root 'root:/') mounted
[2026.03.31-03.01.51:176][  0]LogShaderLibrary: Display: ShaderCodeLibraryPakFileMountedCallback: pending pak file info (ChunkID:-1 Root:root:/ File:F:/Unreal Engine/UE_4.27/FeaturePacks/StarterContent.upack)
[2026.03.31-03.01.51:176][  0]LogPakFile: OnPakFileMounted2Time == 0.000024
[2026.03.31-03.01.51:176][  0]LogPakFile: PakFile PrimaryIndexSize=190
[2026.03.31-03.01.51:176][  0]LogPakFile: PakFile PathHashIndexSize=101
[2026.03.31-03.01.51:176][  0]LogPakFile: PakFile FullDirectoryIndexSize=154
[2026.03.31-03.01.51:176][  0]LogShaderLibrary: Display: ShaderCodeLibraryPakFileMountedCallback: PakFile 'F:/Unreal Engine/UE_4.27/FeaturePacks/TP_2DSideScroller.upack' (chunk index -1, root 'root:/') mounted
[2026.03.31-03.01.51:176][  0]LogShaderLibrary: Display: ShaderCodeLibraryPakFileMountedCallback: pending pak file info (ChunkID:-1 Root:root:/ File:F:/Unreal Engine/UE_4.27/FeaturePacks/TP_2DSideScroller.upack)
[2026.03.31-03.01.51:176][  0]LogPakFile: OnPakFileMounted2Time == 0.000037
[2026.03.31-03.01.51:177][  0]LogPakFile: PakFile PrimaryIndexSize=192
[2026.03.31-03.01.51:177][  0]LogPakFile: PakFile PathHashIndexSize=101
[2026.03.31-03.01.51:177][  0]LogPakFile: PakFile FullDirectoryIndexSize=158
[2026.03.31-03.01.51:177][  0]LogShaderLibrary: Display: ShaderCodeLibraryPakFileMountedCallback: PakFile 'F:/Unreal Engine/UE_4.27/FeaturePacks/TP_2DSideScrollerBP.upack' (chunk index -1, root 'root:/') mounted
[2026.03.31-03.01.51:177][  0]LogShaderLibrary: Display: ShaderCodeLibraryPakFileMountedCallback: pending pak file info (ChunkID:-1 Root:root:/ File:F:/Unreal Engine/UE_4.27/FeaturePacks/TP_2DSideScrollerBP.upack)
[2026.03.31-03.01.51:177][  0]LogPakFile: OnPakFileMounted2Time == 0.000023
[2026.03.31-03.01.51:178][  0]LogPakFile: PakFile PrimaryIndexSize=182
[2026.03.31-03.01.51:178][  0]LogPakFile: PakFile PathHashIndexSize=101
[2026.03.31-03.01.51:178][  0]LogPakFile: PakFile FullDirectoryIndexSize=138
[2026.03.31-03.01.51:178][  0]LogShaderLibrary: Display: ShaderCodeLibraryPakFileMountedCallback: PakFile 'F:/Unreal Engine/UE_4.27/FeaturePacks/TP_Flying.upack' (chunk index -1, root 'root:/') mounted
[2026.03.31-03.01.51:178][  0]LogShaderLibrary: Display: ShaderCodeLibraryPakFileMountedCallback: pending pak file info (ChunkID:-1 Root:root:/ File:F:/Unreal Engine/UE_4.27/FeaturePacks/TP_Flying.upack)
[2026.03.31-03.01.51:178][  0]LogPakFile: OnPakFileMounted2Time == 0.000022
[2026.03.31-03.01.51:178][  0]LogPakFile: PakFile PrimaryIndexSize=184
[2026.03.31-03.01.51:178][  0]LogPakFile: PakFile PathHashIndexSize=101
[2026.03.31-03.01.51:178][  0]LogPakFile: PakFile FullDirectoryIndexSize=142
[2026.03.31-03.01.51:178][  0]LogShaderLibrary: Display: ShaderCodeLibraryPakFileMountedCallback: PakFile 'F:/Unreal Engine/UE_4.27/FeaturePacks/TP_FlyingBP.upack' (chunk index -1, root 'root:/') mounted
[2026.03.31-03.01.51:178][  0]LogShaderLibrary: Display: ShaderCodeLibraryPakFileMountedCallback: pending pak file info (ChunkID:-1 Root:root:/ File:F:/Unreal Engine/UE_4.27/FeaturePacks/TP_FlyingBP.upack)
[2026.03.31-03.01.51:178][  0]LogPakFile: OnPakFileMounted2Time == 0.000022
[2026.03.31-03.01.51:179][  0]LogPakFile: PakFile PrimaryIndexSize=188
[2026.03.31-03.01.51:179][  0]LogPakFile: PakFile PathHashIndexSize=101
[2026.03.31-03.01.51:179][  0]LogPakFile: PakFile FullDirectoryIndexSize=150
[2026.03.31-03.01.51:179][  0]LogShaderLibrary: Display: ShaderCodeLibraryPakFileMountedCallback: PakFile 'F:/Unreal Engine/UE_4.27/FeaturePacks/TP_HandheldARBP.upack' (chunk index -1, root 'root:/') mounted
[2026.03.31-03.01.51:179][  0]LogShaderLibrary: Display: ShaderCodeLibraryPakFileMountedCallback: pending pak file info (ChunkID:-1 Root:root:/ File:F:/Unreal Engine/UE_4.27/FeaturePacks/TP_HandheldARBP.upack)
[2026.03.31-03.01.51:179][  0]LogPakFile: OnPakFileMounted2Time == 0.000022
[2026.03.31-03.01.51:179][  0]LogPakFile: PakFile PrimaryIndexSize=182
[2026.03.31-03.01.51:179][  0]LogPakFile: PakFile PathHashIndexSize=101
[2026.03.31-03.01.51:179][  0]LogPakFile: PakFile FullDirectoryIndexSize=138
[2026.03.31-03.01.51:179][  0]LogShaderLibrary: Display: ShaderCodeLibraryPakFileMountedCallback: PakFile 'F:/Unreal Engine/UE_4.27/FeaturePacks/TP_Puzzle.upack' (chunk index -1, root 'root:/') mounted
[2026.03.31-03.01.51:179][  0]LogShaderLibrary: Display: ShaderCodeLibraryPakFileMountedCallback: pending pak file info (ChunkID:-1 Root:root:/ File:F:/Unreal Engine/UE_4.27/FeaturePacks/TP_Puzzle.upack)
[2026.03.31-03.01.51:179][  0]LogPakFile: OnPakFileMounted2Time == 0.000023
[2026.03.31-03.01.51:180][  0]LogPakFile: PakFile PrimaryIndexSize=184
[2026.03.31-03.01.51:180][  0]LogPakFile: PakFile PathHashIndexSize=101
[2026.03.31-03.01.51:180][  0]LogPakFile: PakFile FullDirectoryIndexSize=142
[2026.03.31-03.01.51:180][  0]LogShaderLibrary: Display: ShaderCodeLibraryPakFileMountedCallback: PakFile 'F:/Unreal Engine/UE_4.27/FeaturePacks/TP_PuzzleBP.upack' (chunk index -1, root 'root:/') mounted
[2026.03.31-03.01.51:180][  0]LogShaderLibrary: Display: ShaderCodeLibraryPakFileMountedCallback: pending pak file info (ChunkID:-1 Root:root:/ File:F:/Unreal Engine/UE_4.27/FeaturePacks/TP_PuzzleBP.upack)
[2026.03.31-03.01.51:180][  0]LogPakFile: OnPakFileMounted2Time == 0.000023
[2026.03.31-03.01.51:180][  0]LogPakFile: PakFile PrimaryIndexSize=183
[2026.03.31-03.01.51:180][  0]LogPakFile: PakFile PathHashIndexSize=101
[2026.03.31-03.01.51:180][  0]LogPakFile: PakFile FullDirectoryIndexSize=140
[2026.03.31-03.01.51:180][  0]LogShaderLibrary: Display: ShaderCodeLibraryPakFileMountedCallback: PakFile 'F:/Unreal Engine/UE_4.27/FeaturePacks/TP_Rolling.upack' (chunk index -1, root 'root:/') mounted
[2026.03.31-03.01.51:180][  0]LogShaderLibrary: Display: ShaderCodeLibraryPakFileMountedCallback: pending pak file info (ChunkID:-1 Root:root:/ File:F:/Unreal Engine/UE_4.27/FeaturePacks/TP_Rolling.upack)
[2026.03.31-03.01.51:180][  0]LogPakFile: OnPakFileMounted2Time == 0.000023
[2026.03.31-03.01.51:181][  0]LogPakFile: PakFile PrimaryIndexSize=185
[2026.03.31-03.01.51:181][  0]LogPakFile: PakFile PathHashIndexSize=101
[2026.03.31-03.01.51:181][  0]LogPakFile: PakFile FullDirectoryIndexSize=144
[2026.03.31-03.01.51:181][  0]LogShaderLibrary: Display: ShaderCodeLibraryPakFileMountedCallback: PakFile 'F:/Unreal Engine/UE_4.27/FeaturePacks/TP_RollingBP.upack' (chunk index -1, root 'root:/') mounted
[2026.03.31-03.01.51:181][  0]LogShaderLibrary: Display: ShaderCodeLibraryPakFileMountedCallback: pending pak file info (ChunkID:-1 Root:root:/ File:F:/Unreal Engine/UE_4.27/FeaturePacks/TP_RollingBP.upack)
[2026.03.31-03.01.51:181][  0]LogPakFile: OnPakFileMounted2Time == 0.000023
[2026.03.31-03.01.51:181][  0]LogPakFile: PakFile PrimaryIndexSize=188
[2026.03.31-03.01.51:181][  0]LogPakFile: PakFile PathHashIndexSize=101
[2026.03.31-03.01.51:181][  0]LogPakFile: PakFile FullDirectoryIndexSize=150
[2026.03.31-03.01.51:181][  0]LogShaderLibrary: Display: ShaderCodeLibraryPakFileMountedCallback: PakFile 'F:/Unreal Engine/UE_4.27/FeaturePacks/TP_SideScroller.upack' (chunk index -1, root 'root:/') mounted
[2026.03.31-03.01.51:181][  0]LogShaderLibrary: Display: ShaderCodeLibraryPakFileMountedCallback: pending pak file info (ChunkID:-1 Root:root:/ File:F:/Unreal Engine/UE_4.27/FeaturePacks/TP_SideScroller.upack)
[2026.03.31-03.01.51:181][  0]LogPakFile: OnPakFileMounted2Time == 0.000022
[2026.03.31-03.01.51:182][  0]LogPakFile: PakFile PrimaryIndexSize=190
[2026.03.31-03.01.51:182][  0]LogPakFile: PakFile PathHashIndexSize=101
[2026.03.31-03.01.51:182][  0]LogPakFile: PakFile FullDirectoryIndexSize=154
[2026.03.31-03.01.51:182][  0]LogShaderLibrary: Display: ShaderCodeLibraryPakFileMountedCallback: PakFile 'F:/Unreal Engine/UE_4.27/FeaturePacks/TP_SideScrollerBP.upack' (chunk index -1, root 'root:/') mounted
[2026.03.31-03.01.51:182][  0]LogShaderLibrary: Display: ShaderCodeLibraryPakFileMountedCallback: pending pak file info (ChunkID:-1 Root:root:/ File:F:/Unreal Engine/UE_4.27/FeaturePacks/TP_SideScrollerBP.upack)
[2026.03.31-03.01.51:182][  0]LogPakFile: OnPakFileMounted2Time == 0.000022
[2026.03.31-03.01.51:182][  0]LogPakFile: PakFile PrimaryIndexSize=187
[2026.03.31-03.01.51:182][  0]LogPakFile: PakFile PathHashIndexSize=101
[2026.03.31-03.01.51:182][  0]LogPakFile: PakFile FullDirectoryIndexSize=148
[2026.03.31-03.01.51:182][  0]LogShaderLibrary: Display: ShaderCodeLibraryPakFileMountedCallback: PakFile 'F:/Unreal Engine/UE_4.27/FeaturePacks/TP_ThirdPerson.upack' (chunk index -1, root 'root:/') mounted
[2026.03.31-03.01.51:182][  0]LogShaderLibrary: Display: ShaderCodeLibraryPakFileMountedCallback: pending pak file info (ChunkID:-1 Root:root:/ File:F:/Unreal Engine/UE_4.27/FeaturePacks/TP_ThirdPerson.upack)
[2026.03.31-03.01.51:182][  0]LogPakFile: OnPakFileMounted2Time == 0.000022
[2026.03.31-03.01.51:183][  0]LogPakFile: PakFile PrimaryIndexSize=189
[2026.03.31-03.01.51:183][  0]LogPakFile: PakFile PathHashIndexSize=101
[2026.03.31-03.01.51:183][  0]LogPakFile: PakFile FullDirectoryIndexSize=152
[2026.03.31-03.01.51:183][  0]LogShaderLibrary: Display: ShaderCodeLibraryPakFileMountedCallback: PakFile 'F:/Unreal Engine/UE_4.27/FeaturePacks/TP_ThirdPersonBP.upack' (chunk index -1, root 'root:/') mounted
[2026.03.31-03.01.51:183][  0]LogShaderLibrary: Display: ShaderCodeLibraryPakFileMountedCallback: pending pak file info (ChunkID:-1 Root:root:/ File:F:/Unreal Engine/UE_4.27/FeaturePacks/TP_ThirdPersonBP.upack)
[2026.03.31-03.01.51:183][  0]LogPakFile: OnPakFileMounted2Time == 0.000022
[2026.03.31-03.01.51:183][  0]LogPakFile: PakFile PrimaryIndexSize=183
[2026.03.31-03.01.51:183][  0]LogPakFile: PakFile PathHashIndexSize=101
[2026.03.31-03.01.51:183][  0]LogPakFile: PakFile FullDirectoryIndexSize=140
[2026.03.31-03.01.51:183][  0]LogShaderLibrary: Display: ShaderCodeLibraryPakFileMountedCallback: PakFile 'F:/Unreal Engine/UE_4.27/FeaturePacks/TP_TopDown.upack' (chunk index -1, root 'root:/') mounted
[2026.03.31-03.01.51:183][  0]LogShaderLibrary: Display: ShaderCodeLibraryPakFileMountedCallback: pending pak file info (ChunkID:-1 Root:root:/ File:F:/Unreal Engine/UE_4.27/FeaturePacks/TP_TopDown.upack)
[2026.03.31-03.01.51:183][  0]LogPakFile: OnPakFileMounted2Time == 0.000029
[2026.03.31-03.01.51:184][  0]LogPakFile: PakFile PrimaryIndexSize=185
[2026.03.31-03.01.51:184][  0]LogPakFile: PakFile PathHashIndexSize=101
[2026.03.31-03.01.51:184][  0]LogPakFile: PakFile FullDirectoryIndexSize=144
[2026.03.31-03.01.51:184][  0]LogShaderLibrary: Display: ShaderCodeLibraryPakFileMountedCallback: PakFile 'F:/Unreal Engine/UE_4.27/FeaturePacks/TP_TopDownBP.upack' (chunk index -1, root 'root:/') mounted
[2026.03.31-03.01.51:184][  0]LogShaderLibrary: Display: ShaderCodeLibraryPakFileMountedCallback: pending pak file info (ChunkID:-1 Root:root:/ File:F:/Unreal Engine/UE_4.27/FeaturePacks/TP_TopDownBP.upack)
[2026.03.31-03.01.51:184][  0]LogPakFile: OnPakFileMounted2Time == 0.000023
[2026.03.31-03.01.51:184][  0]LogPakFile: PakFile PrimaryIndexSize=185
[2026.03.31-03.01.51:184][  0]LogPakFile: PakFile PathHashIndexSize=101
[2026.03.31-03.01.51:184][  0]LogPakFile: PakFile FullDirectoryIndexSize=144
[2026.03.31-03.01.51:184][  0]LogShaderLibrary: Display: ShaderCodeLibraryPakFileMountedCallback: PakFile 'F:/Unreal Engine/UE_4.27/FeaturePacks/TP_TwinStick.upack' (chunk index -1, root 'root:/') mounted
[2026.03.31-03.01.51:184][  0]LogShaderLibrary: Display: ShaderCodeLibraryPakFileMountedCallback: pending pak file info (ChunkID:-1 Root:root:/ File:F:/Unreal Engine/UE_4.27/FeaturePacks/TP_TwinStick.upack)
[2026.03.31-03.01.51:184][  0]LogPakFile: OnPakFileMounted2Time == 0.000022
[2026.03.31-03.01.51:185][  0]LogPakFile: PakFile PrimaryIndexSize=187
[2026.03.31-03.01.51:185][  0]LogPakFile: PakFile PathHashIndexSize=101
[2026.03.31-03.01.51:185][  0]LogPakFile: PakFile FullDirectoryIndexSize=148
[2026.03.31-03.01.51:185][  0]LogShaderLibrary: Display: ShaderCodeLibraryPakFileMountedCallback: PakFile 'F:/Unreal Engine/UE_4.27/FeaturePacks/TP_TwinStickBP.upack' (chunk index -1, root 'root:/') mounted
[2026.03.31-03.01.51:185][  0]LogShaderLibrary: Display: ShaderCodeLibraryPakFileMountedCallback: pending pak file info (ChunkID:-1 Root:root:/ File:F:/Unreal Engine/UE_4.27/FeaturePacks/TP_TwinStickBP.upack)
[2026.03.31-03.01.51:185][  0]LogPakFile: OnPakFileMounted2Time == 0.000022
[2026.03.31-03.01.51:185][  0]LogPakFile: PakFile PrimaryIndexSize=183
[2026.03.31-03.01.51:185][  0]LogPakFile: PakFile PathHashIndexSize=101
[2026.03.31-03.01.51:185][  0]LogPakFile: PakFile FullDirectoryIndexSize=140
[2026.03.31-03.01.51:185][  0]LogShaderLibrary: Display: ShaderCodeLibraryPakFileMountedCallback: PakFile 'F:/Unreal Engine/UE_4.27/FeaturePacks/TP_Vehicle.upack' (chunk index -1, root 'root:/') mounted
[2026.03.31-03.01.51:185][  0]LogShaderLibrary: Display: ShaderCodeLibraryPakFileMountedCallback: pending pak file info (ChunkID:-1 Root:root:/ File:F:/Unreal Engine/UE_4.27/FeaturePacks/TP_Vehicle.upack)
[2026.03.31-03.01.51:185][  0]LogPakFile: OnPakFileMounted2Time == 0.000021
[2026.03.31-03.01.51:186][  0]LogPakFile: PakFile PrimaryIndexSize=186
[2026.03.31-03.01.51:186][  0]LogPakFile: PakFile PathHashIndexSize=101
[2026.03.31-03.01.51:186][  0]LogPakFile: PakFile FullDirectoryIndexSize=146
[2026.03.31-03.01.51:186][  0]LogShaderLibrary: Display: ShaderCodeLibraryPakFileMountedCallback: PakFile 'F:/Unreal Engine/UE_4.27/FeaturePacks/TP_VehicleAdv.upack' (chunk index -1, root 'root:/') mounted
[2026.03.31-03.01.51:186][  0]LogShaderLibrary: Display: ShaderCodeLibraryPakFileMountedCallback: pending pak file info (ChunkID:-1 Root:root:/ File:F:/Unreal Engine/UE_4.27/FeaturePacks/TP_VehicleAdv.upack)
[2026.03.31-03.01.51:186][  0]LogPakFile: OnPakFileMounted2Time == 0.000023
[2026.03.31-03.01.51:186][  0]LogPakFile: PakFile PrimaryIndexSize=188
[2026.03.31-03.01.51:186][  0]LogPakFile: PakFile PathHashIndexSize=101
[2026.03.31-03.01.51:186][  0]LogPakFile: PakFile FullDirectoryIndexSize=150
[2026.03.31-03.01.51:186][  0]LogShaderLibrary: Display: ShaderCodeLibraryPakFileMountedCallback: PakFile 'F:/Unreal Engine/UE_4.27/FeaturePacks/TP_VehicleAdvBP.upack' (chunk index -1, root 'root:/') mounted
[2026.03.31-03.01.51:186][  0]LogShaderLibrary: Display: ShaderCodeLibraryPakFileMountedCallback: pending pak file info (ChunkID:-1 Root:root:/ File:F:/Unreal Engine/UE_4.27/FeaturePacks/TP_VehicleAdvBP.upack)
[2026.03.31-03.01.51:186][  0]LogPakFile: OnPakFileMounted2Time == 0.000022
[2026.03.31-03.01.51:186][  0]LogPakFile: PakFile PrimaryIndexSize=185
[2026.03.31-03.01.51:186][  0]LogPakFile: PakFile PathHashIndexSize=101
[2026.03.31-03.01.51:186][  0]LogPakFile: PakFile FullDirectoryIndexSize=144
[2026.03.31-03.01.51:186][  0]LogShaderLibrary: Display: ShaderCodeLibraryPakFileMountedCallback: PakFile 'F:/Unreal Engine/UE_4.27/FeaturePacks/TP_VehicleBP.upack' (chunk index -1, root 'root:/') mounted
[2026.03.31-03.01.51:186][  0]LogShaderLibrary: Display: ShaderCodeLibraryPakFileMountedCallback: pending pak file info (ChunkID:-1 Root:root:/ File:F:/Unreal Engine/UE_4.27/FeaturePacks/TP_VehicleBP.upack)
[2026.03.31-03.01.51:186][  0]LogPakFile: OnPakFileMounted2Time == 0.000022
[2026.03.31-03.01.51:187][  0]LogPakFile: PakFile PrimaryIndexSize=192
[2026.03.31-03.01.51:187][  0]LogPakFile: PakFile PathHashIndexSize=101
[2026.03.31-03.01.51:187][  0]LogPakFile: PakFile FullDirectoryIndexSize=158
[2026.03.31-03.01.51:187][  0]LogShaderLibrary: Display: ShaderCodeLibraryPakFileMountedCallback: PakFile 'F:/Unreal Engine/UE_4.27/FeaturePacks/TP_VirtualRealityBP.upack' (chunk index -1, root 'root:/') mounted
[2026.03.31-03.01.51:187][  0]LogShaderLibrary: Display: ShaderCodeLibraryPakFileMountedCallback: pending pak file info (ChunkID:-1 Root:root:/ File:F:/Unreal Engine/UE_4.27/FeaturePacks/TP_VirtualRealityBP.upack)
[2026.03.31-03.01.51:187][  0]LogPakFile: OnPakFileMounted2Time == 0.000023
[2026.03.31-03.01.51:241][  0]LogNativeClassHierarchy: Verbose: Native class hierarchy updated for 'AddContentDialog' in 0.0003 seconds. Added 0 classes and 0 folders.
[2026.03.31-03.01.51:241][  0]LogNativeClassHierarchy: Verbose: Native class hierarchy updated for 'SceneOutliner' in 0.0002 seconds. Added 2 classes and 0 folders.
[2026.03.31-03.01.51:273][  0]LogSlate: Took 0.000250 seconds to synchronously load lazily loaded font '../../../Engine/Content/Slate/Fonts/Roboto-Regular.ttf' (155K)
[2026.03.31-03.01.51:275][  0]LogSlate: Took 0.000181 seconds to synchronously load lazily loaded font '../../../Engine/Content/Editor/Slate/Fonts/FontAwesome.ttf' (139K)
[2026.03.31-03.01.51:276][  0]LogSlate: Took 0.000178 seconds to synchronously load lazily loaded font '../../../Engine/Content/Slate/Fonts/Roboto-Bold.ttf' (160K)
[2026.03.31-03.01.51:345][  0]LogRenderer: Reallocating scene render targets to support 1392x648 Format 10 NumSamples 1 (Frame:1).
[2026.03.31-03.01.51:513][  0]LogNativeClassHierarchy: Verbose: Native class hierarchy updated for 'HierarchicalLODOutliner' in 0.0003 seconds. Added 0 classes and 0 folders.
[2026.03.31-03.01.51:513][  0]LogInput: Warning: Action Jump uses invalid key OculusGo_Left_Trigger_Click.
[2026.03.31-03.01.51:514][  0]LogInput: Warning: Action ResetVR uses invalid key OculusGo_Left_Trackpad_Click.
[2026.03.31-03.01.51:514][  0]LogInput: Warning: Use -RemoveInvalidKeys to remove instances of these keys from the action mapping.
[2026.03.31-03.01.51:514][  0]LogLoad: (Engine Initialization) Total time: 8.33 seconds
[2026.03.31-03.01.51:514][  0]LogLoad: (Engine Initialization) Total Blueprint compile time: 0.00 seconds
[2026.03.31-03.01.51:551][  0]LogAssetRegistry: Asset discovery search completed in 4.0023 seconds
[2026.03.31-03.01.51:557][  0]LogCollectionManager: Fixed up redirectors for 0 collections in 0.000003 seconds (updated 0 objects)
[2026.03.31-03.01.51:558][  0]LogContentStreaming: Texture pool size now 1000 MB
[2026.03.31-03.01.51:653][  4]LogSlate: Took 0.000346 seconds to synchronously load lazily loaded font '../../../Engine/Content/Slate/Fonts/Roboto-Light.ttf' (167K)
[2026.03.31-03.01.58:480][778]LogTemp: Repeating last play command: Selected Viewport
[2026.03.31-03.01.58:487][778]LogPlayLevel: PlayLevel: No blueprints needed recompiling
[2026.03.31-03.01.58:487][778]PIE: New page: PIE session: ThirdPersonExampleMap (Mar 30, 2026, 3:01:58 PM)
[2026.03.31-03.01.58:489][778]LogOnline: OSS: Creating online subsystem instance for: NULL
[2026.03.31-03.01.58:490][778]LogOnline: OSS: TryLoadSubsystemAndSetDefault: Loaded subsystem for module [NULL]
[2026.03.31-03.01.58:490][778]LogPlayLevel: Creating play world package: /Game/ThirdPersonBP/Maps/UEDPIE_0_ThirdPersonExampleMap
[2026.03.31-03.01.58:506][778]LogPlayLevel: PIE: StaticDuplicateObject took: (0.015186s)
[2026.03.31-03.01.58:507][778]LogAIModule: Creating AISystem for world ThirdPersonExampleMap
[2026.03.31-03.01.58:507][778]LogPlayLevel: PIE: World Init took: (0.001317s)
[2026.03.31-03.01.58:507][778]LogPlayLevel: PIE: Created PIE world by copying editor world from /Game/ThirdPersonBP/Maps/ThirdPersonExampleMap.ThirdPersonExampleMap to /Game/ThirdPersonBP/Maps/UEDPIE_0_ThirdPersonExampleMap.ThirdPersonExampleMap (0.016743s)
[2026.03.31-03.01.58:512][778]LogUObjectHash: Compacting FUObjectHashTables data took   0.56ms
[2026.03.31-03.01.58:513][778]LogAudio: Display: Creating Audio Device:                 Id: 2, Scope: Unique, Realtime: True
[2026.03.31-03.01.58:513][778]LogAudioMixer: Display: Audio Mixer Platform Settings:
[2026.03.31-03.01.58:513][778]LogAudioMixer: Display: 	Sample Rate:						  48000
[2026.03.31-03.01.58:513][778]LogAudioMixer: Display: 	Callback Buffer Frame Size Requested: 1024
[2026.03.31-03.01.58:513][778]LogAudioMixer: Display: 	Callback Buffer Frame Size To Use:	  1024
[2026.03.31-03.01.58:513][778]LogAudioMixer: Display: 	Number of buffers to queue:			  2
[2026.03.31-03.01.58:513][778]LogAudioMixer: Display: 	Max Channels (voices):				  32
[2026.03.31-03.01.58:513][778]LogAudioMixer: Display: 	Number of Async Source Workers:		  0
[2026.03.31-03.01.58:513][778]LogAudio: Display: AudioDevice MaxSources: 32
[2026.03.31-03.01.58:513][778]LogAudio: Display: Audio Spatialization Plugin: None (built-in).
[2026.03.31-03.01.58:513][778]LogAudio: Display: Audio Reverb Plugin: None (built-in).
[2026.03.31-03.01.58:513][778]LogAudio: Display: Audio Occlusion Plugin: None (built-in).
[2026.03.31-03.01.58:513][778]LogAudioMixer: Display: Initializing audio mixer.
[2026.03.31-03.01.58:517][778]LogAudioMixer: Display: 0: FrontLeft
[2026.03.31-03.01.58:517][778]LogAudioMixer: Display: 1: FrontRight
[2026.03.31-03.01.58:517][778]LogAudioMixer: Display: 2: FrontCenter
[2026.03.31-03.01.58:517][778]LogAudioMixer: Display: 3: LowFrequency
[2026.03.31-03.01.58:517][778]LogAudioMixer: Display: 4: BackLeft
[2026.03.31-03.01.58:517][778]LogAudioMixer: Display: 5: BackRight
[2026.03.31-03.01.58:517][778]LogAudioMixer: Display: 6: SideLeft
[2026.03.31-03.01.58:517][778]LogAudioMixer: Display: 7: SideRight
[2026.03.31-03.01.58:529][778]LogAudioMixer: Display: Using Audio Device Speakers (Logitech G733 Gaming Headset)
[2026.03.31-03.01.58:530][778]LogAudioMixer: Display: Initializing Sound Submixes...
[2026.03.31-03.01.58:530][778]LogAudioMixer: Display: Creating Master Submix 'MasterSubmixDefault'
[2026.03.31-03.01.58:530][778]LogAudioMixer: Display: Creating Master Submix 'MasterReverbSubmixDefault'
[2026.03.31-03.01.58:530][778]LogAudioMixer: Display: Creating Master Submix 'MasterEQSubmixDefault'
[2026.03.31-03.01.58:530][778]LogAudioMixer: FMixerPlatformXAudio2::StartAudioStream() called
[2026.03.31-03.01.58:530][778]LogAudioMixer: Display: Output buffers initialized: Frames=1024, Channels=8, Samples=8192
[2026.03.31-03.01.58:531][778]LogAudioMixer: Display: Starting AudioMixerPlatformInterface::RunInternal()
[2026.03.31-03.01.58:531][778]LogAudioMixer: Display: FMixerPlatformXAudio2::SubmitBuffer() called for the first time
[2026.03.31-03.01.58:531][778]LogInit: FAudioDevice initialized.
[2026.03.31-03.01.58:531][778]LogAudio: Display: Audio Device (ID: 2) registered with world 'ThirdPersonExampleMap'.
[2026.03.31-03.01.58:541][778]LogLoad: Game class is 'ThirdPersonGameMode_C'
[2026.03.31-03.01.58:545][778]LogWorld: Bringing World /Game/ThirdPersonBP/Maps/UEDPIE_0_ThirdPersonExampleMap.ThirdPersonExampleMap up for play (max tick rate 0) at 2026.03.30-21.01.58
[2026.03.31-03.01.58:545][778]LogWorld: Bringing up level for play took: 0.002550
[2026.03.31-03.01.58:545][778]LogOnline: OSS: Creating online subsystem instance for: :Context_5
[2026.03.31-03.01.58:548][778]LogNativeClassHierarchy: Verbose: Native class hierarchy updated for 'MovieSceneCapture' in 0.0004 seconds. Added 20 classes and 0 folders.
[2026.03.31-03.01.58:568][778]PIE: Server logged in
[2026.03.31-03.01.58:569][778]PIE: Play in editor total start time 0.083 seconds.
[2026.03.31-03.02.20:570][364]LogSlate: Updating window title bar state: overlay mode, drag disabled, window buttons hidden, title bar hidden
[2026.03.31-03.02.20:570][364]LogWorld: BeginTearingDown for /Game/ThirdPersonBP/Maps/UEDPIE_0_ThirdPersonExampleMap
[2026.03.31-03.02.20:571][364]LogWorld: UWorld::CleanupWorld for ThirdPersonExampleMap, bSessionEnded=true, bCleanupResources=true
[2026.03.31-03.02.20:572][364]LogSlate: InvalidateAllWidgets triggered.  All widgets were invalidated
[2026.03.31-03.02.20:580][364]LogPlayLevel: Display: Shutting down PIE online subsystems
[2026.03.31-03.02.20:582][364]LogSlate: InvalidateAllWidgets triggered.  All widgets were invalidated
[2026.03.31-03.02.20:585][364]LogAudio: Display: Audio Device unregistered from world 'None'.
[2026.03.31-03.02.20:585][364]LogAudioMixer: FMixerPlatformXAudio2::StopAudioStream() called
[2026.03.31-03.02.20:587][364]LogAudioMixer: FMixerPlatformXAudio2::StopAudioStream() called
[2026.03.31-03.02.20:588][364]LogSlate: Updating window title bar state: overlay mode, drag disabled, window buttons hidden, title bar hidden
[2026.03.31-03.02.20:590][364]LogUObjectHash: Compacting FUObjectHashTables data took   0.72ms
[2026.03.31-03.02.20:651][370]LogPlayLevel: Display: Destroying online subsystem :Context_5
[2026.03.31-03.02.32:138][743]Cmd: SELECT NONE
[2026.03.31-03.30.09:708][864]LogContentBrowser: Deferred new asset folder creation: NewFolder
[2026.03.31-03.30.09:721][864]LogContentBrowser: Creating deferred item: NewFolder
[2026.03.31-03.30.21:293][245]LogContentBrowser: Attempting asset rename: NewFolder -> Menus
[2026.03.31-03.30.21:293][245]LogContentBrowser: End creating deferred item NewFolder
[2026.03.31-03.30.29:382][142]LogContentBrowser: Deferred new asset file creation: NewWidgetBlueprint
[2026.03.31-03.30.29:389][142]LogContentBrowser: Creating deferred item: NewWidgetBlueprint
[2026.03.31-03.30.35:982][933]LogContentBrowser: Attempting asset rename: NewWidgetBlueprint -> MainMenu
[2026.03.31-03.30.36:057][933]LogContentBrowser: End creating deferred item NewWidgetBlueprint
[2026.03.31-03.30.37:126][ 60]LogSlate: Took 0.000255 seconds to synchronously load lazily loaded font '../../../Engine/Content/Slate/Fonts/Roboto-Light.ttf' (167K)
[2026.03.31-03.30.37:142][ 60]LogAssetEditorSubsystem: Opening Asset editor for WidgetBlueprint /Game/Menus/MainMenu.MainMenu
[2026.03.31-03.30.37:474][ 60]LogNativeClassHierarchy: Verbose: Native class hierarchy updated for 'BlueprintGraph' in 0.0008 seconds. Added 126 classes and 0 folders.
[2026.03.31-03.30.39:288][ 60]LogSlate: Took 0.000217 seconds to synchronously load lazily loaded font '../../../Engine/Content/Slate/Fonts/Roboto-BoldCondensed.ttf' (158K)
[2026.03.31-03.34.12:066][471]LogSlate: Window 'Color Picker' being destroyed
[2026.03.31-03.38.05:639][697]Cmd: OBJ SAVEPACKAGE PACKAGE="/Game/Menus/MainMenu" FILE="C:/Github/Others/CPSC399_Game/CPSC399Game/Content/Menus/MainMenu.uasset" SILENT=true
[2026.03.31-03.38.05:686][697]LogSavePackage: Moving 'C:/Github/Others/CPSC399_Game/CPSC399Game/Saved/MainMenu17DF9A1148D01C90E76C59AB5E1BFA97.tmp' to 'C:/Github/Others/CPSC399_Game/CPSC399Game/Content/Menus/MainMenu.uasset'
[2026.03.31-03.38.05:720][697]AssetCheck: New page: Asset Save: MainMenu
[2026.03.31-03.38.05:720][697]LogContentValidation: Display: Validating WidgetBlueprint /Game/Menus/MainMenu.MainMenu
[2026.03.31-03.38.11:954][413]BlueprintLog: New page: Compile MainMenu
[2026.03.31-03.38.12:056][413]LogUObjectHash: Compacting FUObjectHashTables data took   3.93ms
[2026.03.31-03.38.12:134][413]LogSlate: Took 0.016701 seconds to synchronously load lazily loaded font '../../../Engine/Content/Slate/Fonts/DroidSansMono.ttf' (77K)
[2026.03.31-03.40.32:941][735]LogUObjectHash: Compacting FUObjectHashTables data took   2.91ms
[2026.03.31-03.40.32:948][735]LogFileHelpers: Editor autosave (incl. external actors) for '/Game/ThirdPersonBP/Maps/ThirdPersonExampleMap' took 0.031
[2026.03.31-03.40.32:960][735]OBJ SavePackage: Generating thumbnails for [0] asset(s) in package [/Game/Menus/MainMenu] ([2] browsable assets)...
[2026.03.31-03.40.32:960][735]OBJ SavePackage: Finished generating thumbnails for package [/Game/Menus/MainMenu]
[2026.03.31-03.40.32:960][735]Cmd: OBJ SAVEPACKAGE PACKAGE="/Game/Menus/MainMenu" FILE="C:/Github/Others/CPSC399_Game/CPSC399Game/Saved/Autosaves/Game/Menus/MainMenu_Auto1.uasset" SILENT=false AUTOSAVING=true
[2026.03.31-03.40.32:967][735]LogSavePackage: Moving 'C:/Github/Others/CPSC399_Game/CPSC399Game/Saved/MainMenu_Auto159C7168948C69591C8670B8F9D6BF602.tmp' to 'C:/Github/Others/CPSC399_Game/CPSC399Game/Saved/Autosaves/Game/Menus/MainMenu_Auto1.uasset'
[2026.03.31-03.40.32:967][735]LogFileHelpers: Auto-saving content packages took 0.019
[2026.03.31-03.50.33:444][476]LogUObjectHash: Compacting FUObjectHashTables data took   1.25ms
[2026.03.31-03.50.33:455][476]LogFileHelpers: Editor autosave (incl. external actors) for '/Game/ThirdPersonBP/Maps/ThirdPersonExampleMap' took 0.040
[2026.03.31-03.50.33:456][476]OBJ SavePackage: Generating thumbnails for [0] asset(s) in package [/Game/Menus/MainMenu] ([2] browsable assets)...
[2026.03.31-03.50.33:456][476]OBJ SavePackage: Finished generating thumbnails for package [/Game/Menus/MainMenu]
[2026.03.31-03.50.33:456][476]Cmd: OBJ SAVEPACKAGE PACKAGE="/Game/Menus/MainMenu" FILE="C:/Github/Others/CPSC399_Game/CPSC399Game/Saved/Autosaves/Game/Menus/MainMenu_Auto2.uasset" SILENT=false AUTOSAVING=true
[2026.03.31-03.50.33:463][476]LogSavePackage: Moving 'C:/Github/Others/CPSC399_Game/CPSC399Game/Saved/MainMenu_Auto2FDC3F7B44BD696A89B15DCB2A0DB8F17.tmp' to 'C:/Github/Others/CPSC399_Game/CPSC399Game/Saved/Autosaves/Game/Menus/MainMenu_Auto2.uasset'
[2026.03.31-03.50.33:464][476]LogFileHelpers: Auto-saving content packages took 0.009
[2026.03.31-04.33.31:648][415]BlueprintLog: New page: Compile MainMenu
[2026.03.31-04.33.31:688][415]LogUObjectHash: Compacting FUObjectHashTables data took   4.53ms
[2026.03.31-04.33.35:263][808]Cmd: OBJ SAVEPACKAGE PACKAGE="/Game/Menus/MainMenu" FILE="C:/Github/Others/CPSC399_Game/CPSC399Game/Content/Menus/MainMenu.uasset" SILENT=true
[2026.03.31-04.33.35:271][808]LogSavePackage: Moving 'C:/Github/Others/CPSC399_Game/CPSC399Game/Saved/MainMenu0DF12042428C6097A7B16D9904E22B62.tmp' to 'C:/Github/Others/CPSC399_Game/CPSC399Game/Content/Menus/MainMenu.uasset'
[2026.03.31-04.33.35:284][808]AssetCheck: New page: Asset Save: MainMenu
[2026.03.31-04.33.35:284][808]LogContentValidation: Display: Validating WidgetBlueprint /Game/Menus/MainMenu.MainMenu
[2026.03.31-04.33.37:202][ 16]LogSlate: Window 'MainMenu' being destroyed
[2026.03.31-04.33.37:207][ 16]LogSlate: Window 'MainMenu' being destroyed
[2026.03.31-04.33.37:326][ 16]LogWorld: UWorld::CleanupWorld for World_5, bSessionEnded=true, bCleanupResources=true
[2026.03.31-04.33.37:327][ 16]LogSlate: InvalidateAllWidgets triggered.  All widgets were invalidated
[2026.03.31-04.33.37:343][ 16]LogWorld: UWorld::CleanupWorld for World_4, bSessionEnded=true, bCleanupResources=true
[2026.03.31-04.33.37:343][ 16]LogSlate: InvalidateAllWidgets triggered.  All widgets were invalidated
[2026.03.31-04.33.49:896][482]LogAssetEditorSubsystem: Opening Asset editor for Blueprint /Game/ThirdPersonBP/Blueprints/ThirdPersonCharacter.ThirdPersonCharacter
[2026.03.31-04.33.50:705][483]LogSlate: Took 0.000461 seconds to synchronously load lazily loaded font '../../../Engine/Content/Slate/Fonts/Roboto-Italic.ttf' (157K)
[2026.03.31-04.34.38:349][  7]LogUObjectHash: Compacting FUObjectHashTables data took   4.02ms
[2026.03.31-04.34.38:351][  7]LogFileHelpers: Editor autosave (incl. external actors) for '/Game/ThirdPersonBP/Maps/ThirdPersonExampleMap' took 0.060
[2026.03.31-04.34.38:351][  7]OBJ SavePackage: Generating thumbnails for [2] asset(s) in package [/Game/ThirdPersonBP/Blueprints/ThirdPersonCharacter] ([2] browsable assets)...
[2026.03.31-04.34.38:404][  7]OBJ SavePackage:     Rendered thumbnail for [BlueprintGeneratedClass /Game/ThirdPersonBP/Blueprints/ThirdPersonCharacter.ThirdPersonCharacter_C]
[2026.03.31-04.34.38:416][  7]OBJ SavePackage:     Rendered thumbnail for [Blueprint /Game/ThirdPersonBP/Blueprints/ThirdPersonCharacter.ThirdPersonCharacter]
[2026.03.31-04.34.38:416][  7]OBJ SavePackage: Finished generating thumbnails for package [/Game/ThirdPersonBP/Blueprints/ThirdPersonCharacter]
[2026.03.31-04.34.38:465][  7]LogSavePackage: Moving 'C:/Github/Others/CPSC399_Game/CPSC399Game/Saved/ThirdPersonCharacter_Auto39ED11BF24612261C920E519D60259427.tmp' to 'C:/Github/Others/CPSC399_Game/CPSC399Game/Saved/Autosaves/Game/ThirdPersonBP/Blueprints/ThirdPersonCharacter_Auto3.uasset'
[2026.03.31-04.34.38:466][  7]LogFileHelpers: Auto-saving content packages took 0.115
[2026.03.31-04.36.11:097][353]LogEditorClassViewer: Warning: Class /Engine/Tutorial/InWorldBlueprintEditing/TutorialAssets/IWBE_Blutility.IWBE_Blutility_C has parent /Script/Blutility.PlacedEditorUtilityBase, but this parent is not found. The Class will not be shown in ClassViewer.
[2026.03.31-04.38.58:118][635]BlueprintLog: New page: Compile ThirdPersonCharacter
[2026.03.31-04.38.58:156][635]LogBlueprint: Error: [AssetLog] C:\Github\Others\CPSC399_Game\CPSC399Game\Content\ThirdPersonBP\Blueprints\ThirdPersonCharacter.uasset: [Compiler] This blueprint (self) is not a PlayerController, therefore ' Target ' must have a connection.
[2026.03.31-04.38.58:156][635]LogBlueprint: Error: [AssetLog] C:\Github\Others\CPSC399_Game\CPSC399Game\Content\ThirdPersonBP\Blueprints\ThirdPersonCharacter.uasset: [Compiler] This blueprint (self) is not a UserWidget, therefore ' Target ' must have a connection.
[2026.03.31-04.38.58:168][635]LogBlueprint: Error: [AssetLog] C:\Github\Others\CPSC399_Game\CPSC399Game\Content\ThirdPersonBP\Blueprints\ThirdPersonCharacter.uasset: [Compiler] Variable node  Set bShowMouseCursor  uses an invalid target.  It may depend on a node that is not connected to the execution chain, and got purged.
[2026.03.31-04.38.58:240][635]LogUObjectHash: Compacting FUObjectHashTables data took   2.39ms
[2026.03.31-04.51.20:026][118]LogUObjectHash: Compacting FUObjectHashTables data took   2.96ms
[2026.03.31-04.51.20:081][118]LogSavePackage: Moving 'C:/Github/Others/CPSC399_Game/CPSC399Game/Saved/ThirdPersonExampleMap_Auto48A6509CE4B9B8A85CAF38AA75DDE4400.tmp' to 'C:/Github/Others/CPSC399_Game/CPSC399Game/Saved/Autosaves/Game/ThirdPersonBP/Maps/ThirdPersonExampleMap_Auto4.umap'
[2026.03.31-04.51.20:115][118]LogFileHelpers: Editor autosave (incl. external actors) for '/Game/ThirdPersonBP/Maps/ThirdPersonExampleMap' took 0.113
[2026.03.31-04.51.20:115][118]LogFileHelpers: Editor autosave (incl. sublevels & external actors) for all levels took 0.113
[2026.03.31-04.51.20:116][118]OBJ SavePackage: Generating thumbnails for [1] asset(s) in package [/Game/ThirdPersonBP/Blueprints/ThirdPersonCharacter] ([2] browsable assets)...
[2026.03.31-04.51.20:152][118]OBJ SavePackage:     Rendered thumbnail for [Blueprint /Game/ThirdPersonBP/Blueprints/ThirdPersonCharacter.ThirdPersonCharacter]
[2026.03.31-04.51.20:152][118]OBJ SavePackage: Finished generating thumbnails for package [/Game/ThirdPersonBP/Blueprints/ThirdPersonCharacter]
[2026.03.31-04.51.20:173][118]LogSavePackage: Moving 'C:/Github/Others/CPSC399_Game/CPSC399Game/Saved/ThirdPersonCharacter_Auto44A8DE8CC4CE6950C67C8079403378DB3.tmp' to 'C:/Github/Others/CPSC399_Game/CPSC399Game/Saved/Autosaves/Game/ThirdPersonBP/Blueprints/ThirdPersonCharacter_Auto4.uasset'
[2026.03.31-04.51.20:174][118]LogFileHelpers: Auto-saving content packages took 0.059
[2026.03.31-04.52.54:542][617]BlueprintLog: New page: Compile ThirdPersonCharacter
[2026.03.31-04.52.54:584][617]LogUObjectHash: Compacting FUObjectHashTables data took   1.80ms
[2026.03.31-04.52.56:891][839]Cmd: OBJ SAVEPACKAGE PACKAGE="/Game/ThirdPersonBP/Blueprints/ThirdPersonCharacter" FILE="C:/Github/Others/CPSC399_Game/CPSC399Game/Content/ThirdPersonBP/Blueprints/ThirdPersonCharacter.uasset" SILENT=true
[2026.03.31-04.52.56:912][839]LogSavePackage: Moving 'C:/Github/Others/CPSC399_Game/CPSC399Game/Saved/ThirdPersonCharacter945D4FE845DBC92AEFBB6F8349B2735F.tmp' to 'C:/Github/Others/CPSC399_Game/CPSC399Game/Content/ThirdPersonBP/Blueprints/ThirdPersonCharacter.uasset'
[2026.03.31-04.52.56:928][839]AssetCheck: New page: Asset Save: ThirdPersonCharacter
[2026.03.31-04.52.56:928][839]LogContentValidation: Display: Validating Blueprint /Game/ThirdPersonBP/Blueprints/ThirdPersonCharacter.ThirdPersonCharacter
[2026.03.31-04.52.58:887][ 48]LogTemp: Repeating last play command: Selected Viewport
[2026.03.31-04.52.58:891][ 48]LogPlayLevel: PlayLevel: No blueprints needed recompiling
[2026.03.31-04.52.58:891][ 48]PIE: New page: PIE session: ThirdPersonExampleMap (Mar 30, 2026, 4:52:58 PM)
[2026.03.31-04.52.58:891][ 48]LogPlayLevel: Creating play world package: /Game/ThirdPersonBP/Maps/UEDPIE_0_ThirdPersonExampleMap
[2026.03.31-04.52.58:902][ 48]LogPlayLevel: PIE: StaticDuplicateObject took: (0.010477s)
[2026.03.31-04.52.58:903][ 48]LogAIModule: Creating AISystem for world ThirdPersonExampleMap
[2026.03.31-04.52.58:904][ 48]LogPlayLevel: PIE: World Init took: (0.001353s)
[2026.03.31-04.52.58:904][ 48]LogPlayLevel: PIE: Created PIE world by copying editor world from /Game/ThirdPersonBP/Maps/ThirdPersonExampleMap.ThirdPersonExampleMap to /Game/ThirdPersonBP/Maps/UEDPIE_0_ThirdPersonExampleMap.ThirdPersonExampleMap (0.012026s)
[2026.03.31-04.52.58:924][ 48]LogUObjectHash: Compacting FUObjectHashTables data took   1.94ms
[2026.03.31-04.52.58:925][ 48]LogAudio: Display: Creating Audio Device:                 Id: 3, Scope: Unique, Realtime: True
[2026.03.31-04.52.58:925][ 48]LogAudioMixer: Display: Audio Mixer Platform Settings:
[2026.03.31-04.52.58:925][ 48]LogAudioMixer: Display: 	Sample Rate:						  48000
[2026.03.31-04.52.58:925][ 48]LogAudioMixer: Display: 	Callback Buffer Frame Size Requested: 1024
[2026.03.31-04.52.58:925][ 48]LogAudioMixer: Display: 	Callback Buffer Frame Size To Use:	  1024
[2026.03.31-04.52.58:925][ 48]LogAudioMixer: Display: 	Number of buffers to queue:			  2
[2026.03.31-04.52.58:925][ 48]LogAudioMixer: Display: 	Max Channels (voices):				  32
[2026.03.31-04.52.58:925][ 48]LogAudioMixer: Display: 	Number of Async Source Workers:		  0
[2026.03.31-04.52.58:925][ 48]LogAudio: Display: AudioDevice MaxSources: 32
[2026.03.31-04.52.58:925][ 48]LogAudio: Display: Audio Spatialization Plugin: None (built-in).
[2026.03.31-04.52.58:925][ 48]LogAudio: Display: Audio Reverb Plugin: None (built-in).
[2026.03.31-04.52.58:926][ 48]LogAudio: Display: Audio Occlusion Plugin: None (built-in).
[2026.03.31-04.52.58:926][ 48]LogAudioMixer: Display: Initializing audio mixer.
[2026.03.31-04.52.58:930][ 48]LogAudioMixer: Display: 0: FrontLeft
[2026.03.31-04.52.58:930][ 48]LogAudioMixer: Display: 1: FrontRight
[2026.03.31-04.52.58:930][ 48]LogAudioMixer: Display: 2: FrontCenter
[2026.03.31-04.52.58:930][ 48]LogAudioMixer: Display: 3: LowFrequency
[2026.03.31-04.52.58:930][ 48]LogAudioMixer: Display: 4: BackLeft
[2026.03.31-04.52.58:930][ 48]LogAudioMixer: Display: 5: BackRight
[2026.03.31-04.52.58:930][ 48]LogAudioMixer: Display: 6: SideLeft
[2026.03.31-04.52.58:930][ 48]LogAudioMixer: Display: 7: SideRight
[2026.03.31-04.52.58:943][ 48]LogAudioMixer: Display: Using Audio Device Speakers (Logitech G733 Gaming Headset)
[2026.03.31-04.52.58:943][ 48]LogAudioMixer: Display: Initializing Sound Submixes...
[2026.03.31-04.52.58:943][ 48]LogAudioMixer: Display: Creating Master Submix 'MasterSubmixDefault'
[2026.03.31-04.52.58:943][ 48]LogAudioMixer: Display: Creating Master Submix 'MasterReverbSubmixDefault'
[2026.03.31-04.52.58:944][ 48]LogAudioMixer: Display: Creating Master Submix 'MasterEQSubmixDefault'
[2026.03.31-04.52.58:944][ 48]LogAudioMixer: FMixerPlatformXAudio2::StartAudioStream() called
[2026.03.31-04.52.58:944][ 48]LogAudioMixer: Display: Output buffers initialized: Frames=1024, Channels=8, Samples=8192
[2026.03.31-04.52.58:945][ 48]LogAudioMixer: Display: Starting AudioMixerPlatformInterface::RunInternal()
[2026.03.31-04.52.58:945][ 48]LogAudioMixer: Display: FMixerPlatformXAudio2::SubmitBuffer() called for the first time
[2026.03.31-04.52.58:945][ 48]LogInit: FAudioDevice initialized.
[2026.03.31-04.52.58:945][ 48]LogAudio: Display: Audio Device (ID: 3) registered with world 'ThirdPersonExampleMap'.
[2026.03.31-04.52.58:957][ 48]LogLoad: Game class is 'ThirdPersonGameMode_C'
[2026.03.31-04.52.58:960][ 48]LogWorld: Bringing World /Game/ThirdPersonBP/Maps/UEDPIE_0_ThirdPersonExampleMap.ThirdPersonExampleMap up for play (max tick rate 0) at 2026.03.30-22.52.58
[2026.03.31-04.52.58:960][ 48]LogWorld: Bringing up level for play took: 0.002682
[2026.03.31-04.52.58:960][ 48]LogOnline: OSS: Creating online subsystem instance for: :Context_12
[2026.03.31-04.52.58:974][ 48]PIE: Server logged in
[2026.03.31-04.52.58:975][ 48]PIE: Play in editor total start time 0.085 seconds.
[2026.03.31-04.53.02:058][410]LogViewport: Display: Viewport MouseLockMode Changed, LockOnCapture -> DoNotLock
[2026.03.31-04.53.02:058][410]LogViewport: Display: Viewport MouseCaptureMode Changed, CapturePermanently_IncludingInitialMouseDown -> NoCapture
[2026.03.31-04.53.03:182][537]LogNet: Browse: /Game/ThirdPersonBP/Maps/ThirdPersonExampleMap?listen
[2026.03.31-04.53.03:186][537]LogLoad: LoadMap: /Game/ThirdPersonBP/Maps/ThirdPersonExampleMap?listen
[2026.03.31-04.53.03:186][537]LogWorld: BeginTearingDown for /Game/ThirdPersonBP/Maps/UEDPIE_0_ThirdPersonExampleMap
[2026.03.31-04.53.03:192][537]LogWorld: UWorld::CleanupWorld for ThirdPersonExampleMap, bSessionEnded=true, bCleanupResources=true
[2026.03.31-04.53.03:192][537]LogSlate: InvalidateAllWidgets triggered.  All widgets were invalidated
[2026.03.31-04.53.03:246][537]LogAudio: Display: Audio Device unregistered from world 'None'.
[2026.03.31-04.53.03:250][537]LogUObjectHash: Compacting FUObjectHashTables data took   1.84ms
[2026.03.31-04.53.03:260][537]LogPlayLevel: Creating play world package: /Game/ThirdPersonBP/Maps/UEDPIE_0_ThirdPersonExampleMap
[2026.03.31-04.53.03:271][537]LogPlayLevel: PIE: StaticDuplicateObject took: (0.010456s)
[2026.03.31-04.53.03:272][537]LogAIModule: Creating AISystem for world ThirdPersonExampleMap
[2026.03.31-04.53.03:272][537]LogPlayLevel: PIE: World Init took: (0.001167s)
[2026.03.31-04.53.03:272][537]LogPlayLevel: PIE: Created PIE world by copying editor world from /Game/ThirdPersonBP/Maps/ThirdPersonExampleMap.ThirdPersonExampleMap to /Game/ThirdPersonBP/Maps/UEDPIE_0_ThirdPersonExampleMap.ThirdPersonExampleMap (0.011850s)
[2026.03.31-04.53.03:272][537]LogAudio: Display: Audio Device (ID: 3) registered with world 'ThirdPersonExampleMap'.
[2026.03.31-04.53.03:272][537]LogLoad: Game class is 'ThirdPersonGameMode_C'
[2026.03.31-04.53.03:296][537]LogNet: ReplicationDriverClass is null! Not using ReplicationDriver.
[2026.03.31-04.53.03:311][537]LogNetCore: DDoS detection status: detection enabled: 0 analytics enabled: 0
[2026.03.31-04.53.03:312][537]LogInit: WinSock: Socket queue. Rx: 131072 (config 131072) Tx: 131072 (config 131072)
[2026.03.31-04.53.03:316][537]LogNet: Created socket for bind address: 0.0.0.0 on port 7777
[2026.03.31-04.53.03:320][537]PacketHandlerLog: Loaded PacketHandler component: Engine.EngineHandlerComponentFactory (StatelessConnectHandlerComponent)
[2026.03.31-04.53.03:331][537]LogNet: GameNetDriver IpNetDriver_0 IpNetDriver listening on port 7777
[2026.03.31-04.53.03:333][537]LogWorld: Bringing World /Game/ThirdPersonBP/Maps/UEDPIE_0_ThirdPersonExampleMap.ThirdPersonExampleMap up for play (max tick rate 0) at 2026.03.30-22.53.03
[2026.03.31-04.53.03:333][537]LogWorld: Bringing up level for play took: 0.001702
[2026.03.31-04.53.03:348][537]LogLoad: Took 0.161434 seconds to LoadMap(/Game/ThirdPersonBP/Maps/UEDPIE_0_ThirdPersonExampleMap)
[2026.03.31-04.53.07:358][979]LogSlate: Updating window title bar state: overlay mode, drag disabled, window buttons hidden, title bar hidden
[2026.03.31-04.53.07:358][979]LogWorld: BeginTearingDown for /Game/ThirdPersonBP/Maps/UEDPIE_0_ThirdPersonExampleMap
[2026.03.31-04.53.07:358][979]LogWorld: UWorld::CleanupWorld for ThirdPersonExampleMap, bSessionEnded=true, bCleanupResources=true
[2026.03.31-04.53.07:358][979]LogSlate: InvalidateAllWidgets triggered.  All widgets were invalidated
[2026.03.31-04.53.07:369][979]LogNet: World NetDriver shutdown IpNetDriver_0 [GameNetDriver]
[2026.03.31-04.53.07:369][979]LogNet: DestroyNamedNetDriver IpNetDriver_0 [GameNetDriver]
[2026.03.31-04.53.07:369][979]LogExit: GameNetDriver IpNetDriver_0 shut down
[2026.03.31-04.53.07:371][979]LogPlayLevel: Display: Shutting down PIE online subsystems
[2026.03.31-04.53.07:375][979]LogSlate: InvalidateAllWidgets triggered.  All widgets were invalidated
[2026.03.31-04.53.07:400][979]LogAudio: Display: Audio Device unregistered from world 'None'.
[2026.03.31-04.53.07:400][979]LogAudioMixer: FMixerPlatformXAudio2::StopAudioStream() called
[2026.03.31-04.53.07:401][979]LogAudioMixer: FMixerPlatformXAudio2::StopAudioStream() called
[2026.03.31-04.53.07:403][979]LogSlate: Updating window title bar state: overlay mode, drag disabled, window buttons hidden, title bar hidden
[2026.03.31-04.53.07:434][979]LogUObjectHash: Compacting FUObjectHashTables data took   2.95ms
[2026.03.31-04.53.07:452][980]LogPlayLevel: Display: Destroying online subsystem :Context_12
[2026.03.31-04.53.09:891][265]LogUObjectHash: Compacting FUObjectHashTables data took   2.45ms
[2026.03.31-04.53.12:349][265]LogSlate: Window 'Save Content' being destroyed
[2026.03.31-04.53.12:393][265]LogUObjectHash: Compacting FUObjectHashTables data took   0.52ms
[2026.03.31-04.53.12:411][265]LogSavePackage: Moving 'C:/Github/Others/CPSC399_Game/CPSC399Game/Saved/ThirdPersonExampleMap280A4E1C4828B0A7B984C088DDF436F3.tmp' to 'C:/Github/Others/CPSC399_Game/CPSC399Game/Content/ThirdPersonBP/Maps/ThirdPersonExampleMap.umap'
[2026.03.31-04.53.12:424][265]LogFileHelpers: Saving map 'ThirdPersonExampleMap' took 0.051
[2026.03.31-04.53.12:435][265]LogSlate: Window 'ThirdPersonCharacter' being destroyed
[2026.03.31-04.53.12:480][265]LogWorld: UWorld::CleanupWorld for World_10, bSessionEnded=true, bCleanupResources=true
[2026.03.31-04.53.12:480][265]LogSlate: InvalidateAllWidgets triggered.  All widgets were invalidated
[2026.03.31-04.53.12:545][265]LogSlate: Window 'CPSC399Game - Unreal Editor' being destroyed
[2026.03.31-04.53.12:656][265]AssetCheck: New page: Asset Save: ThirdPersonExampleMap
[2026.03.31-04.53.12:656][265]LogContentValidation: Display: Validating World /Game/ThirdPersonBP/Maps/ThirdPersonExampleMap.ThirdPersonExampleMap
[2026.03.31-04.53.12:660][266]Cmd: QUIT_EDITOR
[2026.03.31-04.53.12:660][266]LogCore: Engine exit requested (reason: UUnrealEdEngine::CloseEditor())
[2026.03.31-04.53.12:663][266]LogCore: Engine exit requested (reason: EngineExit() was called; note: exit was already requested)
[2026.03.31-04.53.13:339][266]LogAudio: Display: Beginning Audio Device Manager Shutdown (Module: AudioMixerXAudio2)...
[2026.03.31-04.53.13:339][266]LogAudio: Display: Destroying 1 Remaining Audio Device(s)...
[2026.03.31-04.53.13:339][266]LogAudio: Display: Audio Device unregistered from world 'ThirdPersonExampleMap'.
[2026.03.31-04.53.13:339][266]LogAudioMixer: FMixerPlatformXAudio2::StopAudioStream() called
[2026.03.31-04.53.13:340][266]LogAudioMixer: FMixerPlatformXAudio2::StopAudioStream() called
[2026.03.31-04.53.13:357][266]LogAudio: Display: Audio Device Manager Shutdown
[2026.03.31-04.53.13:358][266]LogWindowsTextInputMethodSystem: Display: IME system deactivated.
[2026.03.31-04.53.13:370][266]LogExit: Preparing to exit.
[2026.03.31-04.53.13:604][266]LogUObjectHash: Compacting FUObjectHashTables data took   3.10ms
[2026.03.31-04.53.13:761][266]LogWorld: UWorld::CleanupWorld for World_11, bSessionEnded=true, bCleanupResources=true
[2026.03.31-04.53.13:764][266]LogWorld: UWorld::CleanupWorld for World_0, bSessionEnded=true, bCleanupResources=true
[2026.03.31-04.53.13:765][266]LogWorld: UWorld::CleanupWorld for World_1, bSessionEnded=true, bCleanupResources=true
[2026.03.31-04.53.13:768][266]LogWorld: UWorld::CleanupWorld for World_2, bSessionEnded=true, bCleanupResources=true
[2026.03.31-04.53.13:770][266]LogWorld: UWorld::CleanupWorld for World_3, bSessionEnded=true, bCleanupResources=true
[2026.03.31-04.53.13:772][266]LogWorld: UWorld::CleanupWorld for World_7, bSessionEnded=true, bCleanupResources=true
[2026.03.31-04.53.13:773][266]LogWorld: UWorld::CleanupWorld for World_6, bSessionEnded=true, bCleanupResources=true
[2026.03.31-04.53.13:865][266]LogWorld: UWorld::CleanupWorld for None, bSessionEnded=true, bCleanupResources=true
[2026.03.31-04.53.13:865][266]LogExit: Editor shut down
[2026.03.31-04.53.13:866][266]LogExit: Transaction tracking system shut down
[2026.03.31-04.53.13:875][266]LogDemo: Cleaned up 0 splitscreen connections with owner deletion
[2026.03.31-04.53.14:253][266]LogExit: Object subsystem successfully closed.
[2026.03.31-04.53.14:275][266]LogShaderCompilers: Display: === FShaderJobCache stats ===
[2026.03.31-04.53.14:275][266]LogShaderCompilers: Display: Total job queries 0, among them cache hits 0 (0.00%)
[2026.03.31-04.53.14:275][266]LogShaderCompilers: Display: Tracking 0 distinct input hashes that result in 0 distinct outputs (0.00%)
[2026.03.31-04.53.14:275][266]LogShaderCompilers: Display: RAM used: 0.00 MB (0.00 GB) of 819.20 MB (0.80 GB) budget. Usage: 0.00%
[2026.03.31-04.53.14:275][266]LogShaderCompilers: Display: ================================================
[2026.03.31-04.53.14:289][266]LogShaderCompilers: Display: Shaders left to compile 0
[2026.03.31-04.53.14:304][266]LogModuleManager: Shutting down and abandoning module SequencerWidgets (878)
[2026.03.31-04.53.14:304][266]LogModuleManager: Shutting down and abandoning module BlueprintGraph (876)
[2026.03.31-04.53.14:304][266]LogModuleManager: Shutting down and abandoning module MovieSceneCapture (874)
[2026.03.31-04.53.14:304][266]LogModuleManager: Shutting down and abandoning module Voice (872)
[2026.03.31-04.53.14:310][266]LogModuleManager: Shutting down and abandoning module HierarchicalLODOutliner (870)
[2026.03.31-04.53.14:310][266]LogModuleManager: Shutting down and abandoning module SceneOutliner (868)
[2026.03.31-04.53.14:310][266]LogModuleManager: Shutting down and abandoning module AddContentDialog (866)
[2026.03.31-04.53.14:312][266]LogModuleManager: Shutting down and abandoning module WidgetCarousel (865)
[2026.03.31-04.53.14:312][266]LogModuleManager: Shutting down and abandoning module EditorWidgets (862)
[2026.03.31-04.53.14:312][266]LogModuleManager: Shutting down and abandoning module StatsViewer (860)
[2026.03.31-04.53.14:312][266]LogModuleManager: Shutting down and abandoning module PIEPreviewDeviceProfileSelector (858)
[2026.03.31-04.53.14:312][266]LogModuleManager: Shutting down and abandoning module SequenceRecorderSections (856)
[2026.03.31-04.53.14:312][266]LogModuleManager: Shutting down and abandoning module AutomationWorker (854)
[2026.03.31-04.53.14:312][266]LogModuleManager: Shutting down and abandoning module SteamVREditor (852)
[2026.03.31-04.53.14:312][266]LogModuleManager: Shutting down and abandoning module OculusMR (850)
[2026.03.31-04.53.14:312][266]LogModuleManager: Shutting down and abandoning module TakeRecorderSources (848)
[2026.03.31-04.53.14:312][266]LogModuleManager: Shutting down and abandoning module TakeRecorder (847)
[2026.03.31-04.53.14:312][266]LogModuleManager: Shutting down and abandoning module TakeTrackRecorders (844)
[2026.03.31-04.53.14:312][266]LogModuleManager: Shutting down and abandoning module TakesCore (842)
[2026.03.31-04.53.14:312][266]LogModuleManager: Shutting down and abandoning module OpenXRInput (840)
[2026.03.31-04.53.14:312][266]LogModuleManager: Shutting down and abandoning module GooglePADEditor (838)
[2026.03.31-04.53.14:312][266]LogModuleManager: Shutting down and abandoning module AudioCaptureEditor (836)
[2026.03.31-04.53.14:312][266]LogModuleManager: Shutting down and abandoning module TemplateSequenceEditor (834)
[2026.03.31-04.53.14:312][266]LogModuleManager: Shutting down and abandoning module MatineeToLevelSequence (832)
[2026.03.31-04.53.14:312][266]LogModuleManager: Shutting down and abandoning module LevelSequenceEditor (830)
[2026.03.31-04.53.14:312][266]LogModuleManager: Shutting down and abandoning module WmfMediaFactory (828)
[2026.03.31-04.53.14:312][266]LogModuleManager: Shutting down and abandoning module WmfMediaEditor (826)
[2026.03.31-04.53.14:312][266]LogModuleManager: Shutting down and abandoning module WebMMediaFactory (824)
[2026.03.31-04.53.14:312][266]LogModuleManager: Shutting down and abandoning module WebMMediaEditor (822)
[2026.03.31-04.53.14:312][266]LogModuleManager: Shutting down and abandoning module WebMMedia (820)
[2026.03.31-04.53.14:312][266]LogModuleManager: Shutting down and abandoning module ActorSequenceEditor (818)
[2026.03.31-04.53.14:312][266]LogModuleManager: Shutting down and abandoning module MediaPlayerEditor (816)
[2026.03.31-04.53.14:312][266]LogModuleManager: Shutting down and abandoning module MediaCompositingEditor (814)
[2026.03.31-04.53.14:312][266]LogModuleManager: Shutting down and abandoning module SequenceRecorder (813)
[2026.03.31-04.53.14:312][266]LogModuleManager: Shutting down and abandoning module OpenExrWrapper (810)
[2026.03.31-04.53.14:313][266]LogModuleManager: Shutting down and abandoning module ImgMediaFactory (808)
[2026.03.31-04.53.14:313][266]LogModuleManager: Shutting down and abandoning module ImgMediaEditor (806)
[2026.03.31-04.53.14:313][266]LogModuleManager: Shutting down and abandoning module AvfMediaFactory (804)
[2026.03.31-04.53.14:313][266]LogModuleManager: Shutting down and abandoning module AvfMediaEditor (802)
[2026.03.31-04.53.14:313][266]LogModuleManager: Shutting down and abandoning module AndroidMediaFactory (800)
[2026.03.31-04.53.14:313][266]LogModuleManager: Shutting down and abandoning module AndroidMediaEditor (798)
[2026.03.31-04.53.14:313][266]LogModuleManager: Shutting down and abandoning module MagicLeapMediaCodecFactory (796)
[2026.03.31-04.53.14:313][266]LogModuleManager: Shutting down and abandoning module MagicLeapMediaFactory (794)
[2026.03.31-04.53.14:313][266]LogModuleManager: Shutting down and abandoning module MagicLeapMediaEditor (792)
[2026.03.31-04.53.14:313][266]LogModuleManager: Shutting down and abandoning module PlanarCut (790)
[2026.03.31-04.53.14:313][266]LogModuleManager: Shutting down and abandoning module CharacterAI (788)
[2026.03.31-04.53.14:313][266]LogModuleManager: Shutting down and abandoning module TextureAlignMode (786)
[2026.03.31-04.53.14:313][266]LogModuleManager: Shutting down and abandoning module BspMode (784)
[2026.03.31-04.53.14:313][266]LogModuleManager: Shutting down and abandoning module GeometryMode (782)
[2026.03.31-04.53.14:313][266]LogModuleManager: Shutting down and abandoning module CameraShakePreviewer (780)
[2026.03.31-04.53.14:313][266]LogModuleManager: Shutting down and abandoning module SmartSnapping (778)
[2026.03.31-04.53.14:313][266]LogModuleManager: Shutting down and abandoning module SessionServices (776)
[2026.03.31-04.53.14:313][266]LogModuleManager: Shutting down and abandoning module MeshPaint (774)
[2026.03.31-04.53.14:313][266]LogModuleManager: Shutting down and abandoning module VirtualTexturingEditor (772)
[2026.03.31-04.53.14:313][266]LogModuleManager: Shutting down and abandoning module FoliageEdit (770)
[2026.03.31-04.53.14:313][266]LogModuleManager: Shutting down and abandoning module LandscapeEditor (768)
[2026.03.31-04.53.14:313][266]LogModuleManager: Shutting down and abandoning module MeshPaintMode (766)
[2026.03.31-04.53.14:313][266]LogModuleManager: Shutting down and abandoning module SceneDepthPickerMode (764)
[2026.03.31-04.53.14:313][266]LogModuleManager: Shutting down and abandoning module ActorPickerMode (762)
[2026.03.31-04.53.14:313][266]LogModuleManager: Shutting down and abandoning module PlacementMode (760)
[2026.03.31-04.53.14:313][266]LogModuleManager: Shutting down and abandoning module ViewportSnapping (758)
[2026.03.31-04.53.14:313][266]LogModuleManager: Shutting down and abandoning module ViewportInteraction (756)
[2026.03.31-04.53.14:313][266]LogModuleManager: Shutting down and abandoning module ClothPainter (754)
[2026.03.31-04.53.14:313][266]LogModuleManager: Shutting down and abandoning module SkeletalMeshEditor (753)
[2026.03.31-04.53.14:313][266]LogModuleManager: Shutting down and abandoning module LogVisualizer (750)
[2026.03.31-04.53.14:313][266]LogModuleManager: Shutting down and abandoning module IntroTutorials (748)
[2026.03.31-04.53.14:313][266]LogModuleManager: Shutting down and abandoning module GameProjectGeneration (747)
[2026.03.31-04.53.14:313][266]LogModuleManager: Shutting down and abandoning module LuminPlatformEditor (744)
[2026.03.31-04.53.14:313][266]LogModuleManager: Shutting down and abandoning module IOSPlatformEditor (742)
[2026.03.31-04.53.14:313][266]LogModuleManager: Shutting down and abandoning module AndroidPlatformEditor (740)
[2026.03.31-04.53.14:313][266]LogModuleManager: Shutting down and abandoning module AndroidDeviceDetection (739)
[2026.03.31-04.53.15:905][266]LogModuleManager: Shutting down and abandoning module WindowsPlatformEditor (736)
[2026.03.31-04.53.15:905][266]LogModuleManager: Shutting down and abandoning module LuminRuntimeSettings (734)
[2026.03.31-04.53.15:905][266]LogModuleManager: Shutting down and abandoning module IOSRuntimeSettings (732)
[2026.03.31-04.53.15:905][266]LogModuleManager: Shutting down and abandoning module AndroidRuntimeSettings (730)
[2026.03.31-04.53.15:905][266]LogModuleManager: Shutting down and abandoning module TraceInsights (728)
[2026.03.31-04.53.15:905][266]MemoryProfiler: Shutdown
[2026.03.31-04.53.15:905][266]NetworkingProfiler: Shutdown
[2026.03.31-04.53.15:905][266]LoadingProfiler: Shutdown
[2026.03.31-04.53.15:905][266]TimingProfiler: Shutdown
[2026.03.31-04.53.15:905][266]LogModuleManager: Shutting down and abandoning module TraceServices (727)
[2026.03.31-04.53.15:905][266]LogModuleManager: Shutting down and abandoning module EditorInteractiveToolsFramework (724)
[2026.03.31-04.53.15:905][266]LogModuleManager: Shutting down and abandoning module TimeManagementEditor (722)
[2026.03.31-04.53.15:905][266]LogModuleManager: Shutting down and abandoning module InputBindingEditor (720)
[2026.03.31-04.53.15:905][266]LogModuleManager: Shutting down and abandoning module MergeActors (718)
[2026.03.31-04.53.15:906][266]LogModuleManager: Shutting down and abandoning module LocalizationDashboard (716)
[2026.03.31-04.53.15:906][266]LogModuleManager: Shutting down and abandoning module LocalizationService (715)
[2026.03.31-04.53.15:906][266]LogModuleManager: Shutting down and abandoning module HardwareTargeting (712)
[2026.03.31-04.53.15:906][266]LogModuleManager: Shutting down and abandoning module DeviceProfileEditor (710)
[2026.03.31-04.53.15:906][266]LogModuleManager: Shutting down and abandoning module UndoHistory (708)
[2026.03.31-04.53.15:906][266]LogModuleManager: Shutting down and abandoning module XmlParser (706)
[2026.03.31-04.53.15:906][266]LogModuleManager: Shutting down and abandoning module Blutility (704)
[2026.03.31-04.53.15:906][266]LogModuleManager: Shutting down and abandoning module ProjectSettingsViewer (702)
[2026.03.31-04.53.15:906][266]LogModuleManager: Shutting down and abandoning module ProjectTargetPlatformEditor (701)
[2026.03.31-04.53.15:906][266]LogModuleManager: Shutting down and abandoning module EditorSettingsViewer (698)
[2026.03.31-04.53.15:906][266]LogModuleManager: Shutting down and abandoning module InternationalizationSettings (697)
[2026.03.31-04.53.15:906][266]LogModuleManager: Shutting down and abandoning module SettingsEditor (694)
[2026.03.31-04.53.15:906][266]LogModuleManager: Shutting down and abandoning module ProjectLauncher (692)
[2026.03.31-04.53.15:906][266]LogModuleManager: Shutting down and abandoning module SessionFrontend (690)
[2026.03.31-04.53.15:906][266]LogModuleManager: Shutting down and abandoning module ProfilerClient (688)
[2026.03.31-04.53.15:906][266]LogModuleManager: Shutting down and abandoning module DeviceManager (686)
[2026.03.31-04.53.15:906][266]LogModuleManager: Shutting down and abandoning module TargetDeviceServices (685)
[2026.03.31-04.53.15:938][266]LogModuleManager: Shutting down and abandoning module AutomationController (682)
[2026.03.31-04.53.15:938][266]LogModuleManager: Shutting down and abandoning module AutomationWindow (680)
[2026.03.31-04.53.15:938][266]LogModuleManager: Shutting down and abandoning module Layers (678)
[2026.03.31-04.53.15:938][266]LogModuleManager: Shutting down and abandoning module ComponentVisualizers (676)
[2026.03.31-04.53.15:938][266]LogModuleManager: Shutting down and abandoning module DetailCustomizations (674)
[2026.03.31-04.53.15:938][266]LogModuleManager: Shutting down and abandoning module PackagesDialog (672)
[2026.03.31-04.53.15:938][266]LogModuleManager: Shutting down and abandoning module AnimationBlueprintEditor (670)
[2026.03.31-04.53.15:938][266]LogModuleManager: Shutting down and abandoning module Persona (668)
[2026.03.31-04.53.15:938][266]LogModuleManager: Shutting down and abandoning module AdvancedPreviewScene (667)
[2026.03.31-04.53.15:938][266]LogModuleManager: Shutting down and abandoning module AnimGraph (665)
[2026.03.31-04.53.15:938][266]LogModuleManager: Shutting down and abandoning module Kismet (662)
[2026.03.31-04.53.15:944][266]LogModuleManager: Shutting down and abandoning module KismetWidgets (661)
[2026.03.31-04.53.15:944][266]LogModuleManager: Shutting down and abandoning module GraphEditor (658)
[2026.03.31-04.53.15:944][266]LogModuleManager: Shutting down and abandoning module StructViewer (656)
[2026.03.31-04.53.15:944][266]LogModuleManager: Shutting down and abandoning module ClassViewer (654)
[2026.03.31-04.53.15:946][266]LogModuleManager: Shutting down and abandoning module Toolbox (652)
[2026.03.31-04.53.15:946][266]LogModuleManager: Shutting down and abandoning module ModuleUI (650)
[2026.03.31-04.53.15:946][266]LogModuleManager: Shutting down and abandoning module OutputLog (648)
[2026.03.31-04.53.15:946][266]LogModuleManager: Shutting down and abandoning module GammaUI (646)
[2026.03.31-04.53.15:946][266]LogModuleManager: Shutting down and abandoning module Documentation (644)
[2026.03.31-04.53.15:947][266]LogModuleManager: Shutting down and abandoning module LiveCoding (642)
[2026.03.31-04.53.15:947][266]LogModuleManager: Shutting down and abandoning module LevelSequence (640)
[2026.03.31-04.53.15:947][266]LogModuleManager: Shutting down and abandoning module MovieSceneTracks (638)
[2026.03.31-04.53.15:947][266]LogModuleManager: Shutting down and abandoning module MovieScene (636)
[2026.03.31-04.53.15:947][266]LogModuleManager: Shutting down and abandoning module StreamingPauseRendering (634)
[2026.03.31-04.53.15:947][266]LogModuleManager: Shutting down and abandoning module LauncherPlatform (632)
[2026.03.31-04.53.15:947][266]LogModuleManager: Shutting down and abandoning module AnalyticsET (630)
[2026.03.31-04.53.15:947][266]LogModuleManager: Shutting down and abandoning module PortalServices (628)
[2026.03.31-04.53.15:947][266]LogModuleManager: Shutting down and abandoning module PortalRpc (626)
[2026.03.31-04.53.15:947][266]LogModuleManager: Shutting down and abandoning module MessagingRpc (624)
[2026.03.31-04.53.15:947][266]LogModuleManager: Shutting down and abandoning module AudioMixerXAudio2 (622)
[2026.03.31-04.53.15:947][266]LogModuleManager: Shutting down and abandoning module AudioMixerCore (621)
[2026.03.31-04.53.15:947][266]LogModuleManager: Shutting down and abandoning module AIModule (618)
[2026.03.31-04.53.15:947][266]LogModuleManager: Shutting down and abandoning module GameplayDebugger (617)
[2026.03.31-04.53.15:947][266]LogModuleManager: Shutting down and abandoning module AITestSuite (615)
[2026.03.31-04.53.15:947][266]LogModuleManager: Shutting down and abandoning module NavigationSystem (613)
[2026.03.31-04.53.15:947][266]LogModuleManager: Shutting down and abandoning module ImageWriteQueue (610)
[2026.03.31-04.53.15:951][266]LogModuleManager: Shutting down and abandoning module ProfilerService (608)
[2026.03.31-04.53.16:114][266]LogModuleManager: Shutting down and abandoning module TaskGraph (606)
[2026.03.31-04.53.16:114][266]LogModuleManager: Shutting down and abandoning module AudioSynesthesiaEditor (604)
[2026.03.31-04.53.16:114][266]LogModuleManager: Shutting down and abandoning module OculusEditor (602)
[2026.03.31-04.53.16:114][266]LogModuleManager: Shutting down and abandoning module OculusInput (600)
[2026.03.31-04.53.16:114][266]LogModuleManager: Shutting down and abandoning module ContentBrowserFileDataSource (598)
[2026.03.31-04.53.16:114][266]LogModuleManager: Shutting down and abandoning module ContentBrowserClassDataSource (596)
[2026.03.31-04.53.16:114][266]LogModuleManager: Shutting down and abandoning module ContentBrowserAssetDataSource (594)
[2026.03.31-04.53.16:114][266]LogModuleManager: Shutting down and abandoning module CollectionManager (593)
[2026.03.31-04.53.16:114][266]LogModuleManager: Shutting down and abandoning module VisualStudioSourceCodeAccess (590)
[2026.03.31-04.53.16:114][266]LogModuleManager: Shutting down and abandoning module VisualStudioCodeSourceCodeAccess (588)
[2026.03.31-04.53.16:114][266]LogModuleManager: Shutting down and abandoning module UObjectPlugin (586)
[2026.03.31-04.53.16:114][266]LogModuleManager: Shutting down and abandoning module SubversionSourceControl (584)
[2026.03.31-04.53.16:115][266]LogModuleManager: Shutting down and abandoning module RiderSourceCodeAccess (582)
[2026.03.31-04.53.16:115][266]LogModuleManager: Shutting down and abandoning module PluginUtils (580)
[2026.03.31-04.53.16:115][266]LogModuleManager: Shutting down and abandoning module PlasticSourceControl (578)
[2026.03.31-04.53.16:115][266]LogModuleManager: Shutting down and abandoning module PerforceSourceControl (576)
[2026.03.31-04.53.16:115][266]LogModuleManager: Shutting down and abandoning module TakeSequencer (574)
[2026.03.31-04.53.16:115][266]LogModuleManager: Shutting down and abandoning module TakeMovieScene (572)
[2026.03.31-04.53.16:115][266]LogModuleManager: Shutting down and abandoning module GitSourceControl (570)
[2026.03.31-04.53.16:115][266]LogModuleManager: Shutting down and abandoning module SourceControl (569)
[2026.03.31-04.53.16:115][266]LogModuleManager: Shutting down and abandoning module CLionSourceCodeAccess (566)
[2026.03.31-04.53.16:115][266]LogModuleManager: Shutting down and abandoning module AnimationSharingEd (564)
[2026.03.31-04.53.16:115][266]LogModuleManager: Shutting down and abandoning module ScreenshotTools (562)
[2026.03.31-04.53.16:115][266]LogModuleManager: Shutting down and abandoning module SynthesisEditor (560)
[2026.03.31-04.53.16:115][266]LogModuleManager: Shutting down and abandoning module Synthesis (558)
[2026.03.31-04.53.16:115][266]LogModuleManager: Shutting down and abandoning module ProceduralMeshComponentEditor (556)
[2026.03.31-04.53.16:115][266]LogModuleManager: Shutting down and abandoning module ProceduralMeshComponent (554)
[2026.03.31-04.53.16:115][266]LogModuleManager: Shutting down and abandoning module OpenXREditor (552)
[2026.03.31-04.53.16:115][266]LogModuleManager: Shutting down and abandoning module MobilePatchingUtils (550)
[2026.03.31-04.53.16:115][266]LogModuleManager: Shutting down and abandoning module GooglePAD (548)
[2026.03.31-04.53.16:115][266]LogModuleManager: Shutting down and abandoning module EditableMesh (546)
[2026.03.31-04.53.16:115][266]LogModuleManager: Shutting down and abandoning module CustomMeshComponent (544)
[2026.03.31-04.53.16:115][266]LogModuleManager: Shutting down and abandoning module CableComponent (542)
[2026.03.31-04.53.16:115][266]LogModuleManager: Shutting down and abandoning module AudioCapture (540)
[2026.03.31-04.53.16:115][266]LogModuleManager: Shutting down and abandoning module AudioCaptureRtAudio (539)
[2026.03.31-04.53.16:115][266]LogModuleManager: Shutting down and abandoning module AssetTags (536)
[2026.03.31-04.53.16:115][266]LogModuleManager: Shutting down and abandoning module ArchVisCharacter (534)
[2026.03.31-04.53.16:115][266]LogModuleManager: Shutting down and abandoning module AppleImageUtilsBlueprintSupport (532)
[2026.03.31-04.53.16:115][266]LogModuleManager: Shutting down and abandoning module AppleImageUtils (530)
[2026.03.31-04.53.16:115][266]LogModuleManager: Shutting down and abandoning module AndroidPermission (528)
[2026.03.31-04.53.16:115][266]LogModuleManager: Shutting down and abandoning module ActorLayerUtilitiesEditor (526)
[2026.03.31-04.53.16:115][266]LogModuleManager: Shutting down and abandoning module ActorLayerUtilities (524)
[2026.03.31-04.53.16:115][266]LogModuleManager: Shutting down and abandoning module TemplateSequence (522)
[2026.03.31-04.53.16:115][266]LogModuleManager: Shutting down and abandoning module MediaCompositing (520)
[2026.03.31-04.53.16:115][266]LogModuleManager: Shutting down and abandoning module ImgMedia (518)
[2026.03.31-04.53.16:115][266]LogModuleManager: Shutting down and abandoning module MagicLeapSharedWorld (516)
[2026.03.31-04.53.16:115][266]LogModuleManager: Shutting down and abandoning module MagicLeapLightEstimation (514)
[2026.03.31-04.53.16:115][266]LogModuleManager: Shutting down and abandoning module MagicLeapHelperVulkan (512)
[2026.03.31-04.53.16:115][266]LogModuleManager: Shutting down and abandoning module MagicLeapHelperOpenGL (510)
[2026.03.31-04.53.16:115][266]LogModuleManager: Shutting down and abandoning module MagicLeapAudio (508)
[2026.03.31-04.53.16:115][266]LogModuleManager: Shutting down and abandoning module OpenImageDenoise (506)
[2026.03.31-04.53.16:115][266]LogOpenImageDenoise: OIDN shutting down
[2026.03.31-04.53.16:115][266]LogModuleManager: Shutting down and abandoning module MotoSynthEditor (504)
[2026.03.31-04.53.16:115][266]LogModuleManager: Shutting down and abandoning module MotoSynth (502)
[2026.03.31-04.53.16:115][266]LogModuleManager: Shutting down and abandoning module MeshConversion (500)
[2026.03.31-04.53.16:115][266]LogModuleManager: Shutting down and abandoning module DynamicMesh (498)
[2026.03.31-04.53.16:115][266]LogModuleManager: Shutting down and abandoning module GeometryAlgorithms (496)
[2026.03.31-04.53.16:115][266]LogModuleManager: Shutting down and abandoning module GeometricObjects (494)
[2026.03.31-04.53.16:115][266]LogModuleManager: Shutting down and abandoning module GeometryCollectionTracks (492)
[2026.03.31-04.53.16:115][266]LogModuleManager: Shutting down and abandoning module GeometryCollectionSequencer (491)
[2026.03.31-04.53.16:115][266]LogModuleManager: Shutting down and abandoning module GeometryCollectionEditor (488)
[2026.03.31-04.53.16:115][266]LogModuleManager: Shutting down and abandoning module GeometryCacheTracks (486)
[2026.03.31-04.53.16:115][266]LogModuleManager: Shutting down and abandoning module GeometryCacheStreamer (484)
[2026.03.31-04.53.16:115][266]LogModuleManager: Shutting down and abandoning module GeometryCacheSequencer (482)
[2026.03.31-04.53.16:115][266]LogModuleManager: Shutting down and abandoning module NiagaraEditorWidgets (480)
[2026.03.31-04.53.16:115][266]LogModuleManager: Shutting down and abandoning module FractureEditor (478)
[2026.03.31-04.53.16:115][266]LogModuleManager: Shutting down and abandoning module ChaosNiagara (476)
[2026.03.31-04.53.16:115][266]LogModuleManager: Shutting down and abandoning module ChaosSolverEditor (474)
[2026.03.31-04.53.16:115][266]LogModuleManager: Shutting down and abandoning module FieldSystemEngine (473)
[2026.03.31-04.53.16:115][266]LogModuleManager: Shutting down and abandoning module ChaosClothEditor (470)
[2026.03.31-04.53.16:115][266]LogModuleManager: Shutting down and abandoning module VariantManagerContentEditor (468)
[2026.03.31-04.53.16:115][266]LogModuleManager: Shutting down and abandoning module BackChannel (466)
[2026.03.31-04.53.16:115][266]LogModuleManager: Shutting down and abandoning module AutomationUtilsEditor (464)
[2026.03.31-04.53.16:115][266]LogModuleManager: Shutting down and abandoning module AutomationUtils (462)
[2026.03.31-04.53.16:115][266]LogModuleManager: Shutting down and abandoning module AlembicImporter (460)
[2026.03.31-04.53.16:115][266]LogModuleManager: Shutting down and abandoning module AlembicLibrary (459)
[2026.03.31-04.53.16:115][266]LogModuleManager: Shutting down and abandoning module GeometryCache (458)
[2026.03.31-04.53.16:115][266]LogModuleManager: Shutting down and abandoning module GeometryCacheEd (457)
[2026.03.31-04.53.16:116][266]LogModuleManager: Shutting down and abandoning module DatasmithContentEditor (452)
[2026.03.31-04.53.16:116][266]LogModuleManager: Shutting down and abandoning module MobileLauncherProfileWizard (450)
[2026.03.31-04.53.16:116][266]LogModuleManager: Shutting down and abandoning module SpeedTreeImporter (448)
[2026.03.31-04.53.16:116][266]LogModuleManager: Shutting down and abandoning module PluginBrowser (446)
[2026.03.31-04.53.16:116][266]LogModuleManager: Shutting down and abandoning module MaterialAnalyzer (444)
[2026.03.31-04.53.16:116][266]LogModuleManager: Shutting down and abandoning module CurveEditorTools (442)
[2026.03.31-04.53.16:116][266]LogModuleManager: Shutting down and abandoning module CryptoKeysOpenSSL (440)
[2026.03.31-04.53.16:116][266]LogModuleManager: Shutting down and abandoning module CryptoKeys (438)
[2026.03.31-04.53.16:116][266]LogModuleManager: Shutting down and abandoning module OodleNetworkHandlerComponent (436)
[2026.03.31-04.53.16:116][266]LogModuleManager: Shutting down and abandoning module LightPropagationVolumeEditor (434)
[2026.03.31-04.53.16:116][266]LogModuleManager: Shutting down and abandoning module LiveLinkSequencer (432)
[2026.03.31-04.53.16:116][266]LogModuleManager: Shutting down and abandoning module LiveLinkMovieScene (430)
[2026.03.31-04.53.16:116][266]LogModuleManager: Shutting down and abandoning module LiveLinkGraphNode (428)
[2026.03.31-04.53.16:116][266]LogModuleManager: Shutting down and abandoning module LiveLinkEditor (426)
[2026.03.31-04.53.16:116][266]LogModuleManager: Shutting down and abandoning module LiveLinkComponents (424)
[2026.03.31-04.53.16:116][266]LogModuleManager: Shutting down and abandoning module LiveLink (422)
[2026.03.31-04.53.16:827][266]LogModuleManager: Shutting down and abandoning module PaperTiledImporter (420)
[2026.03.31-04.53.16:827][266]LogModuleManager: Shutting down and abandoning module PaperSpriteSheetImporter (418)
[2026.03.31-04.53.16:827][266]LogModuleManager: Shutting down and abandoning module Paper2DEditor (416)
[2026.03.31-04.53.16:827][266]LogModuleManager: Shutting down and abandoning module MeshPaintingToolset (414)
[2026.03.31-04.53.16:827][266]LogModuleManager: Shutting down and abandoning module MeshPaintEditorMode (412)
[2026.03.31-04.53.16:827][266]LogModuleManager: Shutting down and abandoning module PropertyAccessNode (410)
[2026.03.31-04.53.16:827][266]LogModuleManager: Shutting down and abandoning module AnimationSharing (408)
[2026.03.31-04.53.16:827][266]LogModuleManager: Shutting down and abandoning module SoundFields (406)
[2026.03.31-04.53.16:827][266]LogModuleManager: Shutting down and abandoning module SignificanceManager (404)
[2026.03.31-04.53.16:827][266]LogModuleManager: Shutting down and abandoning module RuntimePhysXCooking (402)
[2026.03.31-04.53.16:827][266]LogModuleManager: Shutting down and abandoning module PropertyAccessEditor (400)
[2026.03.31-04.53.16:827][266]LogModuleManager: Shutting down and abandoning module PhysXVehiclesEditor (398)
[2026.03.31-04.53.16:827][266]LogModuleManager: Shutting down and abandoning module LocationServicesBPLibrary (394)
[2026.03.31-04.53.16:827][266]LogModuleManager: Shutting down and abandoning module AudioSynesthesia (392)
[2026.03.31-04.53.16:827][266]LogModuleManager: Shutting down and abandoning module AudioSynesthesiaCore (390)
[2026.03.31-04.53.16:827][266]LogModuleManager: Shutting down and abandoning module ActorSequence (388)
[2026.03.31-04.53.16:827][266]LogModuleManager: Shutting down and abandoning module ImgMediaEngine (386)
[2026.03.31-04.53.16:827][266]LogModuleManager: Shutting down and abandoning module UdpMessaging (384)
[2026.03.31-04.53.16:928][266]LogModuleManager: Shutting down and abandoning module TcpMessaging (382)
[2026.03.31-04.53.17:028][266]LogModuleManager: Shutting down and abandoning module MagicLeapARPin (380)
[2026.03.31-04.53.17:028][266]LogModuleManager: Shutting down and abandoning module MagicLeapHandMeshing (378)
[2026.03.31-04.53.17:028][266]LogModuleManager: Shutting down and abandoning module MagicLeapSecureStorage (376)
[2026.03.31-04.53.17:028][266]LogModuleManager: Shutting down and abandoning module MagicLeapPrivileges (374)
[2026.03.31-04.53.17:028][266]LogModuleManager: Shutting down and abandoning module MagicLeapPlanes (372)
[2026.03.31-04.53.17:028][266]LogMagicLeapPlanes: Planes tracker already destroyed.
[2026.03.31-04.53.17:028][266]LogModuleManager: Shutting down and abandoning module MagicLeapImageTracker (370)
[2026.03.31-04.53.17:028][266]LogModuleManager: Shutting down and abandoning module MagicLeapIdentity (368)
[2026.03.31-04.53.17:028][266]LogModuleManager: Shutting down and abandoning module MagicLeapHandTracking (366)
[2026.03.31-04.53.17:028][266]LogModuleManager: Shutting down and abandoning module MagicLeapEyeTracker (364)
[2026.03.31-04.53.17:028][266]LogModuleManager: Shutting down and abandoning module MagicLeapController (362)
[2026.03.31-04.53.17:028][266]LogModuleManager: Shutting down and abandoning module MagicLeapARPinImpl (360)
[2026.03.31-04.53.17:028][266]LogModuleManager: Shutting down and abandoning module MagicLeapAR (358)
[2026.03.31-04.53.17:028][266]LogModuleManager: Shutting down and abandoning module PythonScriptPlugin (356)
[2026.03.31-04.53.17:028][266]LogModuleManager: Shutting down and abandoning module NiagaraAnimNotifies (354)
[2026.03.31-04.53.17:028][266]LogModuleManager: Shutting down and abandoning module Niagara (352)
[2026.03.31-04.53.17:028][266]LogModuleManager: Shutting down and abandoning module SignalProcessing (351)
[2026.03.31-04.53.17:028][266]LogModuleManager: Shutting down and abandoning module NiagaraEditor (349)
[2026.03.31-04.53.17:028][266]LogModuleManager: Shutting down and abandoning module NiagaraCore (346)
[2026.03.31-04.53.17:028][266]LogModuleManager: Shutting down and abandoning module GameplayTagsEditor (344)
[2026.03.31-04.53.17:028][266]LogModuleManager: Shutting down and abandoning module FacialAnimationEditor (342)
[2026.03.31-04.53.17:028][266]LogModuleManager: Shutting down and abandoning module FacialAnimation (340)
[2026.03.31-04.53.17:028][266]LogModuleManager: Shutting down and abandoning module DataValidation (338)
[2026.03.31-04.53.17:028][266]LogModuleManager: Shutting down and abandoning module AssetManagerEditor (336)
[2026.03.31-04.53.17:029][266]LogModuleManager: Shutting down and abandoning module LevelEditor (335)
[2026.03.31-04.53.17:030][266]LogModuleManager: Shutting down and abandoning module PixelInspectorModule (334)
[2026.03.31-04.53.17:030][266]LogModuleManager: Shutting down and abandoning module CommonMenuExtensions (332)
[2026.03.31-04.53.17:030][266]LogModuleManager: Shutting down and abandoning module MainFrame (330)
[2026.03.31-04.53.17:031][266]LogModuleManager: Shutting down and abandoning module HotReload (329)
[2026.03.31-04.53.17:031][266]LogModuleManager: Shutting down and abandoning module ToolMenus (325)
[2026.03.31-04.53.17:031][266]LogModuleManager: Shutting down and abandoning module ContentBrowser (323)
[2026.03.31-04.53.17:031][266]LogModuleManager: Shutting down and abandoning module ContentBrowserData (322)
[2026.03.31-04.53.17:031][266]LogModuleManager: Shutting down and abandoning module TreeMap (319)
[2026.03.31-04.53.17:031][266]LogModuleManager: Shutting down and abandoning module EnvironmentQueryEditor (316)
[2026.03.31-04.53.17:031][266]LogModuleManager: Shutting down and abandoning module GameplayCameras (314)
[2026.03.31-04.53.17:031][266]LogModuleManager: Shutting down and abandoning module LightPropagationVolumeRuntime (312)
[2026.03.31-04.53.17:031][266]LogModuleManager: Shutting down and abandoning module Paper2D (310)
[2026.03.31-04.53.17:031][266]LogModuleManager: Shutting down and abandoning module WindowsMoviePlayer (308)
[2026.03.31-04.53.17:036][266]LogModuleManager: Shutting down and abandoning module WebMMoviePlayer (306)
[2026.03.31-04.53.17:036][266]LogModuleManager: Shutting down and abandoning module NetworkReplayStreaming (304)
[2026.03.31-04.53.17:036][266]LogModuleManager: Shutting down and abandoning module PacketHandler (302)
[2026.03.31-04.53.17:036][266]LogModuleManager: Shutting down and abandoning module ClothingSystemEditor (300)
[2026.03.31-04.53.17:036][266]LogModuleManager: Shutting down and abandoning module ClothingSystemRuntimeNv (298)
[2026.03.31-04.53.17:036][266]LogModuleManager: Shutting down and abandoning module MediaAssets (296)
[2026.03.31-04.53.17:036][266]LogModuleManager: Shutting down and abandoning module Overlay (294)
[2026.03.31-04.53.17:036][266]LogModuleManager: Shutting down and abandoning module OverlayEditor (293)
[2026.03.31-04.53.17:036][266]LogModuleManager: Shutting down and abandoning module VREditor (290)
[2026.03.31-04.53.17:036][266]LogModuleManager: Shutting down and abandoning module StringTableEditor (288)
[2026.03.31-04.53.17:036][266]LogModuleManager: Shutting down and abandoning module GameplayTasksEditor (286)
[2026.03.31-04.53.17:036][266]LogModuleManager: Shutting down and abandoning module BehaviorTreeEditor (284)
[2026.03.31-04.53.17:036][266]LogModuleManager: Shutting down and abandoning module FunctionalTesting (282)
[2026.03.31-04.53.17:036][266]LogModuleManager: Shutting down and abandoning module CollisionAnalyzer (280)
[2026.03.31-04.53.17:037][266]LogModuleManager: Shutting down and abandoning module WorkspaceMenuStructure (279)
[2026.03.31-04.53.17:037][266]LogModuleManager: Shutting down and abandoning module UMG (276)
[2026.03.31-04.53.17:037][266]LogModuleManager: Shutting down and abandoning module UMGEditor (275)
[2026.03.31-04.53.17:037][266]LogModuleManager: Shutting down and abandoning module MessageLog (273)
[2026.03.31-04.53.17:037][266]LogModuleManager: Shutting down and abandoning module SlateReflector (268)
[2026.03.31-04.53.17:037][266]LogModuleManager: Shutting down and abandoning module Slate (266)
[2026.03.31-04.53.17:037][266]LogModuleManager: Shutting down and abandoning module SlateCore (264)
[2026.03.31-04.53.17:037][266]LogModuleManager: Shutting down and abandoning module LandscapeEditorUtilities (262)
[2026.03.31-04.53.17:037][266]LogModuleManager: Shutting down and abandoning module UnrealEd (260)
[2026.03.31-04.53.17:037][266]LogModuleManager: Shutting down and abandoning module MRMesh (258)
[2026.03.31-04.53.17:037][266]LogModuleManager: Shutting down and abandoning module SourceCodeAccess (256)
[2026.03.31-04.53.17:037][266]LogModuleManager: Shutting down and abandoning module HeadMountedDisplay (254)
[2026.03.31-04.53.17:037][266]LogModuleManager: Shutting down and abandoning module XAudio2 (252)
[2026.03.31-04.53.17:037][266]LogModuleManager: Shutting down and abandoning module Networking (250)
[2026.03.31-04.53.17:037][266]LogModuleManager: Shutting down and abandoning module Core (248)
[2026.03.31-04.53.17:037][266]LogModuleManager: Shutting down and abandoning module MaterialEditor (246)
[2026.03.31-04.53.17:038][266]LogModuleManager: Shutting down and abandoning module MovieSceneTools (244)
[2026.03.31-04.53.17:038][266]LogModuleManager: Shutting down and abandoning module CurveEditor (243)
[2026.03.31-04.53.17:038][266]LogModuleManager: Shutting down and abandoning module Sequencer (241)
[2026.03.31-04.53.17:038][266]LogModuleManager: Shutting down and abandoning module EditorStyle (240)
[2026.03.31-04.53.17:039][266]LogModuleManager: Shutting down and abandoning module KismetCompiler (236)
[2026.03.31-04.53.17:039][266]LogModuleManager: Shutting down and abandoning module MeshBuilder (234)
[2026.03.31-04.53.17:039][266]LogModuleManager: Shutting down and abandoning module MeshUtilities (232)
[2026.03.31-04.53.17:039][266]LogModuleManager: Shutting down and abandoning module MeshMergeUtilities (231)
[2026.03.31-04.53.17:039][266]LogModuleManager: Shutting down and abandoning module MeshReductionInterface (230)
[2026.03.31-04.53.17:039][266]LogModuleManager: Shutting down and abandoning module MeshBoneReduction (229)
[2026.03.31-04.53.17:039][266]LogModuleManager: Shutting down and abandoning module SkeletalMeshReduction (227)
[2026.03.31-04.53.17:039][266]LogModuleManager: Shutting down and abandoning module ProxyLODMeshReduction (225)
[2026.03.31-04.53.17:039][266]LogModuleManager: Shutting down and abandoning module QuadricMeshReduction (223)
[2026.03.31-04.53.17:039][266]LogModuleManager: Shutting down and abandoning module MaterialBaking (219)
[2026.03.31-04.53.17:039][266]LogModuleManager: Shutting down and abandoning module NullInstallBundleManager (214)
[2026.03.31-04.53.17:039][266]LogModuleManager: Shutting down and abandoning module DerivedDataCache (212)
[2026.03.31-04.53.17:039][266]LogModuleManager: Shutting down and abandoning module TargetPlatform (210)
[2026.03.31-04.53.17:039][266]LogModuleManager: Shutting down and abandoning module VulkanShaderFormat (209)
[2026.03.31-04.53.17:040][266]LogModuleManager: Shutting down and abandoning module ShaderFormatVectorVM (207)
[2026.03.31-04.53.17:040][266]LogModuleManager: Shutting down and abandoning module ShaderFormatOpenGL (205)
[2026.03.31-04.53.17:040][266]LogModuleManager: Shutting down and abandoning module ShaderFormatD3D (203)
[2026.03.31-04.53.17:040][266]LogModuleManager: Shutting down and abandoning module MetalShaderFormat (201)
[2026.03.31-04.53.17:040][266]LogModuleManager: Shutting down and abandoning module TextureFormatOodle (199)
[2026.03.31-04.53.17:040][266]LogModuleManager: Shutting down and abandoning module TextureFormatUncompressed (197)
[2026.03.31-04.53.17:040][266]LogModuleManager: Shutting down and abandoning module TextureFormatPVR (195)
[2026.03.31-04.53.17:040][266]LogModuleManager: Shutting down and abandoning module TextureFormatETC2 (193)
[2026.03.31-04.53.17:040][266]LogModuleManager: Shutting down and abandoning module TextureFormatDXT (191)
[2026.03.31-04.53.17:040][266]LogModuleManager: Shutting down and abandoning module TextureFormatIntelISPCTexComp (189)
[2026.03.31-04.53.17:040][266]LogModuleManager: Shutting down and abandoning module TextureFormatASTC (187)
[2026.03.31-04.53.17:040][266]LogModuleManager: Shutting down and abandoning module ImageWrapper (186)
[2026.03.31-04.53.17:040][266]LogModuleManager: Shutting down and abandoning module AudioFormatOpus (183)
[2026.03.31-04.53.17:040][266]LogModuleManager: Shutting down and abandoning module AudioFormatOgg (181)
[2026.03.31-04.53.17:040][266]LogModuleManager: Shutting down and abandoning module AudioFormatADPCM (179)
[2026.03.31-04.53.17:040][266]LogModuleManager: Shutting down and abandoning module WindowsServerTargetPlatform (177)
[2026.03.31-04.53.17:040][266]LogModuleManager: Shutting down and abandoning module WindowsClientTargetPlatform (175)
[2026.03.31-04.53.17:040][266]LogModuleManager: Shutting down and abandoning module WindowsTargetPlatform (173)
[2026.03.31-04.53.17:040][266]LogModuleManager: Shutting down and abandoning module WindowsNoEditorTargetPlatform (171)
[2026.03.31-04.53.17:040][266]LogModuleManager: Shutting down and abandoning module TVOSTargetPlatform (169)
[2026.03.31-04.53.17:044][266]LogModuleManager: Shutting down and abandoning module MacServerTargetPlatform (167)
[2026.03.31-04.53.17:044][266]LogModuleManager: Shutting down and abandoning module MacClientTargetPlatform (165)
[2026.03.31-04.53.17:044][266]LogModuleManager: Shutting down and abandoning module MacTargetPlatform (163)
[2026.03.31-04.53.17:044][266]LogModuleManager: Shutting down and abandoning module MacNoEditorTargetPlatform (161)
[2026.03.31-04.53.17:044][266]LogModuleManager: Shutting down and abandoning module LuminTargetPlatform (159)
[2026.03.31-04.53.17:048][266]LogModuleManager: Shutting down and abandoning module LinuxAArch64ServerTargetPlatform (157)
[2026.03.31-04.53.17:048][266]LogModuleManager: Shutting down and abandoning module LinuxAArch64ClientTargetPlatform (155)
[2026.03.31-04.53.17:048][266]LogModuleManager: Shutting down and abandoning module LinuxAArch64NoEditorTargetPlatform (153)
[2026.03.31-04.53.17:048][266]LogModuleManager: Shutting down and abandoning module LinuxServerTargetPlatform (151)
[2026.03.31-04.53.17:048][266]LogModuleManager: Shutting down and abandoning module LinuxClientTargetPlatform (149)
[2026.03.31-04.53.17:048][266]LogModuleManager: Shutting down and abandoning module LinuxNoEditorTargetPlatform (147)
[2026.03.31-04.53.17:048][266]LogModuleManager: Shutting down and abandoning module LinuxTargetPlatform (145)
[2026.03.31-04.53.17:048][266]LogModuleManager: Shutting down and abandoning module Messaging (143)
[2026.03.31-04.53.17:048][266]LogModuleManager: Shutting down and abandoning module IOSTargetPlatform (141)
[2026.03.31-04.53.17:052][266]LogModuleManager: Shutting down and abandoning module AndroidTargetPlatform (139)
[2026.03.31-04.53.17:062][266]LogModuleManager: Shutting down and abandoning module AllDesktopTargetPlatform (137)
[2026.03.31-04.53.17:062][266]LogModuleManager: Shutting down and abandoning module D3D11RHI (134)
[2026.03.31-04.53.17:062][266]LogModuleManager: Shutting down and abandoning module InputCore (132)
[2026.03.31-04.53.17:062][266]LogModuleManager: Shutting down and abandoning module Settings (130)
[2026.03.31-04.53.17:062][266]LogModuleManager: Shutting down and abandoning module DirectoryWatcher (128)
[2026.03.31-04.53.17:063][266]LogModuleManager: Shutting down and abandoning module PhysXCooking (126)
[2026.03.31-04.53.17:063][266]LogModuleManager: Shutting down and abandoning module Chaos (124)
[2026.03.31-04.53.17:063][266]LogModuleManager: Shutting down and abandoning module WindowsPlatformFeatures (122)
[2026.03.31-04.53.17:063][266]LogModuleManager: Shutting down and abandoning module GameplayMediaEncoder (121)
[2026.03.31-04.53.17:063][266]LogModuleManager: Shutting down and abandoning module AVEncoder (120)
[2026.03.31-04.53.17:063][266]LogModuleManager: Shutting down and abandoning module SteamVRInputDevice (116)
[2026.03.31-04.53.17:063][266]LogModuleManager: Shutting down and abandoning module SteamVRInput (114)
[2026.03.31-04.53.17:063][266]LogModuleManager: Shutting down and abandoning module SteamVR (112)
[2026.03.31-04.53.17:063][266]LogHMD: Freeing OpenVRDLLHandle.
[2026.03.31-04.53.17:063][266]LogModuleManager: Shutting down and abandoning module OculusHMD (110)
[2026.03.31-04.53.17:063][266]LogModuleManager: Shutting down and abandoning module PixWinPlugin (108)
[2026.03.31-04.53.17:063][266]LogModuleManager: Shutting down and abandoning module OpenXREyeTracker (106)
[2026.03.31-04.53.17:063][266]LogModuleManager: Shutting down and abandoning module OpenXRHandTracking (104)
[2026.03.31-04.53.17:063][266]LogSlate: Slate User Destroyed.  User Index 0, Is Virtual User: 0
[2026.03.31-04.53.17:063][266]LogModuleManager: Shutting down and abandoning module OpenXRAR (102)
[2026.03.31-04.53.17:063][266]LogModuleManager: Shutting down and abandoning module AugmentedReality (101)
[2026.03.31-04.53.17:063][266]LogModuleManager: Shutting down and abandoning module OpenXRHMD (98)
[2026.03.31-04.53.17:064][266]LogModuleManager: Shutting down and abandoning module ExampleDeviceProfileSelector (96)
[2026.03.31-04.53.17:064][266]LogModuleManager: Shutting down and abandoning module ChunkDownloader (94)
[2026.03.31-04.53.17:064][266]LogModuleManager: Shutting down and abandoning module OnlineBlueprintSupport (92)
[2026.03.31-04.53.17:064][266]LogModuleManager: Shutting down and abandoning module LauncherChunkInstaller (88)
[2026.03.31-04.53.17:064][266]LogModuleManager: Shutting down and abandoning module OnlineSubsystem (86)
[2026.03.31-04.53.17:065][266]LogModuleManager: Shutting down and abandoning module XMPP (81)
[2026.03.31-04.53.17:065][266]LogModuleManager: Shutting down and abandoning module WebSockets (80)
[2026.03.31-04.53.17:093][266]LogModuleManager: Shutting down and abandoning module HTTP (77)
[2026.03.31-04.53.17:093][266]LogHttp: Display: Http module shutting down, but needs to wait on 1 outstanding Http requests:
[2026.03.31-04.53.17:093][266]LogHttp: Display: 	verb=[POST] url=[https://datarouter.ol.epicgames.com/datarouter/api/v1/public/data?SessionID=%7B2CF27848-43F8-9685-C527-AF89D1C40F67%7D&AppID=UEEditor.Rocket.Release&AppVersion=4.27.2-18319896%2B%2B%2BUE4%2BRelease-4.27&UserID=8fcc38ac48a66c8769f65980695484d0%7C6166004a434a48438f2a089efd603187%7C76f2bdca-bd28-4f11-b47b-d1fed44a7397&AppEnvironment=datacollector-binary&UploadType=eteventstream] refs=[1] status=Processing
[2026.03.31-04.53.17:093][266]LogHttp: Display: cleaning up 1 outstanding Http requests.
[2026.03.31-04.53.17:113][266]LogModuleManager: Shutting down and abandoning module SSL (76)
[2026.03.31-04.53.17:115][266]LogModuleManager: Shutting down and abandoning module WmfMedia (72)
[2026.03.31-04.53.17:116][266]LogModuleManager: Shutting down and abandoning module Media (71)
[2026.03.31-04.53.17:117][266]LogModuleManager: Shutting down and abandoning module MediaInfo (70)
[2026.03.31-04.53.17:117][266]LogModuleManager: Shutting down and abandoning module ExrReaderGpu (66)
[2026.03.31-04.53.17:117][266]LogModuleManager: Shutting down and abandoning module MLSDK (64)
[2026.03.31-04.53.17:117][266]LogModuleManager: Shutting down and abandoning module MagicLeap (62)
[2026.03.31-04.53.17:117][266]LogModuleManager: Shutting down and abandoning module NiagaraVertexFactories (60)
[2026.03.31-04.53.17:117][266]LogModuleManager: Shutting down and abandoning module NiagaraShader (58)
[2026.03.31-04.53.17:117][266]LogModuleManager: Shutting down and abandoning module ChaosCloth (56)
[2026.03.31-04.53.17:117][266]LogModuleManager: Shutting down and abandoning module VariantManagerContent (54)
[2026.03.31-04.53.17:117][266]LogModuleManager: Shutting down and abandoning module DatasmithContent (52)
[2026.03.31-04.53.17:117][266]LogModuleManager: Shutting down and abandoning module AISupportModule (50)
[2026.03.31-04.53.17:117][266]LogModuleManager: Shutting down and abandoning module DesktopPlatform (48)
[2026.03.31-04.53.17:117][266]LogModuleManager: Shutting down and abandoning module PythonScriptPluginPreload (46)
[2026.03.31-04.53.17:117][266]LogModuleManager: Shutting down and abandoning module PlatformCryptoOpenSSL (44)
[2026.03.31-04.53.17:117][266]LogModuleManager: Shutting down and abandoning module PlatformCryptoTypes (42)
[2026.03.31-04.53.17:117][266]LogModuleManager: Shutting down and abandoning module PlatformCrypto (40)
[2026.03.31-04.53.17:117][266]LogModuleManager: Shutting down and abandoning module OodleDataCompressionFormat (38)
[2026.03.31-04.53.17:117][266]LogModuleManager: Shutting down and abandoning module XGEController (36)
[2026.03.31-04.53.17:117][266]LogModuleManager: Shutting down and abandoning module AnimationModifiers (34)
[2026.03.31-04.53.17:117][266]LogModuleManager: Shutting down and abandoning module AudioEditor (32)
[2026.03.31-04.53.17:118][266]LogModuleManager: Shutting down and abandoning module PropertyEditor (31)
[2026.03.31-04.53.17:118][266]LogModuleManager: Shutting down and abandoning module TextureCompressor (28)
[2026.03.31-04.53.17:118][266]LogModuleManager: Shutting down and abandoning module RenderCore (26)
[2026.03.31-04.53.17:118][266]LogModuleManager: Shutting down and abandoning module Landscape (24)
[2026.03.31-04.53.17:118][266]LogModuleManager: Shutting down and abandoning module SlateRHIRenderer (22)
[2026.03.31-04.53.17:119][266]LogModuleManager: Shutting down and abandoning module AnimGraphRuntime (20)
[2026.03.31-04.53.17:119][266]LogModuleManager: Shutting down and abandoning module Renderer (18)
[2026.03.31-04.53.17:120][266]LogModuleManager: Shutting down and abandoning module Engine (16)
[2026.03.31-04.53.17:120][266]LogModuleManager: Shutting down and abandoning module CoreUObject (14)
[2026.03.31-04.53.17:120][266]LogModuleManager: Shutting down and abandoning module NetworkFile (12)
[2026.03.31-04.53.17:120][266]LogModuleManager: Shutting down and abandoning module CookedIterativeFile (10)
[2026.03.31-04.53.17:120][266]LogModuleManager: Shutting down and abandoning module StreamingFile (8)
[2026.03.31-04.53.17:120][266]LogModuleManager: Shutting down and abandoning module SandboxFile (6)
[2026.03.31-04.53.17:120][266]LogModuleManager: Shutting down and abandoning module PakFile (4)
[2026.03.31-04.53.17:120][266]LogModuleManager: Shutting down and abandoning module RSA (3)
[2026.03.31-04.53.17:120][266]LogContentStreaming: Display: There are 1 unreleased StreamingManagers
[2026.03.31-04.53.17:135][266]LogD3D11RHI: Shutdown
[2026.03.31-04.53.17:135][266]LogD3D11RHI: CleanupD3DDevice
[2026.03.31-04.53.17:138][266]LogExit: Exiting.
[2026.03.31-04.53.17:153][266]Log file closed, 03/30/26 22:53:17
