Log file open, 04/07/26 17:55:47
LogWindows: Failed to load 'aqProf.dll' (GetLastError=126)
LogWindows: File 'aqProf.dll' does not exist
LogWindows: Failed to load 'VtuneApi.dll' (GetLastError=126)
LogWindows: File 'VtuneApi.dll' does not exist
LogWindows: Failed to load 'VtuneApi32e.dll' (GetLastError=126)
LogWindows: File 'VtuneApi32e.dll' does not exist
LogConsoleResponse: Display: Failed to find resolution value strings in scalability ini. Falling back to default.
LogConsoleResponse: Display: Failed to find resolution value strings in scalability ini. Falling back to default.
LogInit: Display: Running engine for game: CPSC399Game
LogPlatformFile: Not using cached read wrapper
LogTaskGraph: Started task graph with 5 named threads and 59 total threads with 3 sets of task threads.
LogStats: Stats thread started at 0.188901
LogICUInternationalization: ICU TimeZone Detection - Raw Offset: -7:00, Platform Override: ''
LogInit: Display: Loading text-based GConfig....
LogPluginManager: Mounting plugin MeshPainting
LogPluginManager: Mounting plugin XGEController
LogPluginManager: Mounting plugin Paper2D
LogPluginManager: Mounting plugin LiveLink
LogPluginManager: Mounting plugin CameraShakePreviewer
LogPluginManager: Mounting plugin GameplayCameras
LogPluginManager: Mounting plugin EnvironmentQueryEditor
LogPluginManager: Mounting plugin AISupport
LogPluginManager: Mounting plugin AnimationSharing
LogPluginManager: Mounting plugin CLionSourceCodeAccess
LogPluginManager: Mounting plugin GitSourceControl
LogPluginManager: Mounting plugin CodeLiteSourceCodeAccess
LogPluginManager: Mounting plugin KDevelopSourceCodeAccess
LogPluginManager: Mounting plugin NullSourceCodeAccess
LogPluginManager: Mounting plugin PerforceSourceControl
LogPluginManager: Mounting plugin PixWinPlugin
LogPluginManager: Mounting plugin PlasticSourceControl
LogPluginManager: Mounting plugin PluginUtils
LogPluginManager: Mounting plugin PropertyAccessNode
LogPluginManager: Mounting plugin RiderSourceCodeAccess
LogPluginManager: Mounting plugin SubversionSourceControl
LogPluginManager: Mounting plugin TextureFormatOodle
LogPluginManager: Mounting plugin UObjectPlugin
LogPluginManager: Mounting plugin VisualStudioCodeSourceCodeAccess
LogPluginManager: Mounting plugin VisualStudioSourceCodeAccess
LogPluginManager: Mounting plugin XCodeSourceCodeAccess
LogPluginManager: Mounting plugin AssetManagerEditor
LogPluginManager: Mounting plugin CryptoKeys
LogPluginManager: Mounting plugin CurveEditorTools
LogPluginManager: Mounting plugin DataValidation
LogPluginManager: Mounting plugin FacialAnimation
LogPluginManager: Mounting plugin GameplayTagsEditor
LogPluginManager: Mounting plugin GeometryMode
LogPluginManager: Mounting plugin MacGraphicsSwitching
LogPluginManager: Mounting plugin MaterialAnalyzer
LogPluginManager: Mounting plugin MobileLauncherProfileWizard
LogPluginManager: Mounting plugin SpeedTreeImporter
LogPluginManager: Mounting plugin PluginBrowser
LogPluginManager: Mounting plugin AlembicImporter
LogPluginManager: Mounting plugin AutomationUtils
LogPluginManager: Mounting plugin BackChannel
LogPluginManager: Mounting plugin ChaosCloth
LogPluginManager: Mounting plugin ChaosEditor
LogPluginManager: Mounting plugin ChaosSolverPlugin
LogPluginManager: Mounting plugin ChaosClothEditor
LogPluginManager: Mounting plugin ChaosNiagara
LogPluginManager: Mounting plugin CharacterAI
LogPluginManager: Mounting plugin AndroidMedia
LogPluginManager: Mounting plugin AvfMedia
LogPluginManager: Mounting plugin Niagara
LogPluginManager: Mounting plugin ImgMedia
LogPluginManager: Mounting plugin MediaCompositing
LogPluginManager: Mounting plugin MediaPlayerEditor
LogPluginManager: Mounting plugin WebMMedia
LogPluginManager: Mounting plugin WmfMedia
LogPluginManager: Mounting plugin DatasmithContent
LogPluginManager: Mounting plugin VariantManagerContent
LogPluginManager: Mounting plugin GeometryCache
LogPluginManager: Mounting plugin GeometryCollectionPlugin
LogPluginManager: Mounting plugin GeometryProcessing
LogPluginManager: Mounting plugin MotoSynth
LogPluginManager: Mounting plugin OpenImageDenoise
LogPluginManager: Mounting plugin PlatformCrypto
LogPluginManager: Mounting plugin PlanarCut
LogPluginManager: Mounting plugin PythonScriptPlugin
LogPluginManager: Mounting plugin SkeletalReduction
LogPluginManager: Mounting plugin LuminPlatformFeatures
LogPluginManager: Mounting plugin MagicLeap
LogPluginManager: Mounting plugin MagicLeapLightEstimation
LogPluginManager: Mounting plugin ProxyLODPlugin
LogPluginManager: Mounting plugin MagicLeapMedia
LogPluginManager: Mounting plugin MagicLeapPassableWorld
LogPluginManager: Mounting plugin MLSDK
LogPluginManager: Mounting plugin OodleNetwork
LogPluginManager: Mounting plugin OodleData
LogPluginManager: Mounting plugin UdpMessaging
LogPluginManager: Mounting plugin TcpMessaging
LogPluginManager: Mounting plugin ActorSequence
LogPluginManager: Mounting plugin LevelSequenceEditor
LogPluginManager: Mounting plugin MatineeToLevelSequence
LogPluginManager: Mounting plugin OnlineSubsystem
LogPluginManager: Mounting plugin TemplateSequence
LogPluginManager: Mounting plugin OnlineSubsystemNull
LogPluginManager: Mounting plugin OnlineSubsystemUtils
LogPluginManager: Mounting plugin LauncherChunkInstaller
LogPluginManager: Mounting plugin ScreenshotTools
LogPluginManager: Mounting plugin ActorLayerUtilities
LogPluginManager: Mounting plugin AndroidDeviceProfileSelector
LogPluginManager: Mounting plugin AndroidMoviePlayer
LogPluginManager: Mounting plugin AndroidPermission
LogPluginManager: Mounting plugin AppleImageUtils
LogPluginManager: Mounting plugin AppleMoviePlayer
LogPluginManager: Mounting plugin ArchVisCharacter
LogPluginManager: Mounting plugin AssetTags
LogPluginManager: Mounting plugin CableComponent
LogPluginManager: Mounting plugin ChunkDownloader
LogPluginManager: Mounting plugin AudioSynesthesia
LogPluginManager: Mounting plugin CustomMeshComponent
LogPluginManager: Mounting plugin EditableMesh
LogPluginManager: Mounting plugin GoogleCloudMessaging
LogPluginManager: Mounting plugin GooglePAD
LogPluginManager: Mounting plugin ExampleDeviceProfileSelector
LogPluginManager: Mounting plugin AudioCapture
LogPluginManager: Mounting plugin IOSDeviceProfileSelector
LogPluginManager: Mounting plugin LinuxDeviceProfileSelector
LogPluginManager: Mounting plugin Takes
LogPluginManager: Mounting plugin LocationServicesBPLibrary
LogPluginManager: Mounting plugin MobilePatchingUtils
LogPluginManager: Mounting plugin OpenXREyeTracker
LogPluginManager: Mounting plugin OpenXRHandTracking
LogPluginManager: Mounting plugin ProceduralMeshComponent
LogPluginManager: Mounting plugin RuntimePhysXCooking
LogPluginManager: Mounting plugin PropertyAccessEditor
LogPluginManager: Mounting plugin PhysXVehicles
LogPluginManager: Mounting plugin SoundFields
LogPluginManager: Mounting plugin PostSplashScreen
LogPluginManager: Mounting plugin Synthesis
LogPluginManager: Mounting plugin WebMMoviePlayer
LogPluginManager: Mounting plugin SignificanceManager
LogPluginManager: Mounting plugin OpenXR
LogPluginManager: Mounting plugin WindowsMoviePlayer
LogPluginManager: Mounting plugin LightPropagationVolume
LogPluginManager: Mounting plugin ContentBrowserClassDataSource
LogPluginManager: Mounting plugin ContentBrowserFileDataSource
LogPluginManager: Mounting plugin ContentBrowserAssetDataSource
LogPluginManager: Mounting plugin OnlineSubsystemIOS
LogPluginManager: Mounting plugin OnlineSubsystemGooglePlay
LogPluginManager: Mounting plugin OculusVR
LogPluginManager: Mounting plugin SteamVR
PixWinPlugin: PIX capture plugin failed to initialize! Check that the process is launched from PIX.
LogInit: Using libcurl 7.55.1-DEV
LogInit:  - built for x86_64-pc-win32
LogInit:  - supports SSL with OpenSSL/1.1.1
LogInit:  - supports HTTP deflate (compression) using libz 1.2.8
LogInit:  - other features:
LogInit:      CURL_VERSION_SSL
LogInit:      CURL_VERSION_LIBZ
LogInit:      CURL_VERSION_IPV6
LogInit:      CURL_VERSION_ASYNCHDNS
LogInit:      CURL_VERSION_LARGEFILE
LogInit:      CURL_VERSION_IDN
LogInit:  CurlRequestOptions (configurable via config and command line):
LogInit:  - bVerifyPeer = true  - Libcurl will verify peer certificate
LogInit:  - bUseHttpProxy = false  - Libcurl will NOT use HTTP proxy
LogInit:  - bDontReuseConnections = false  - Libcurl will reuse connections
LogInit:  - MaxHostConnections = 16  - Libcurl will limit the number of connections to a host
LogInit:  - LocalHostAddr = Default
LogInit:  - BufferSize = 65536
LogOnline: OSS: Creating online subsystem instance for: NULL
LogInit: WinSock: version 1.1 (2.2), MaxSocks=32767, MaxUdp=65467
LogOnline: OSS: TryLoadSubsystemAndSetDefault: Loaded subsystem for module [NULL]
LogOculusPluginWrapper: OculusPlugin initialized successfully
LogHMD: Failed initializing OVRPlugin 1.59.0
LogInit: Build: ++UE4+Release-4.27-CL-18319896
LogInit: Engine Version: 4.27.2-18319896+++UE4+Release-4.27
LogInit: Compatible Engine Version: 4.27.0-17155196+++UE4+Release-4.27
LogInit: Net CL: 17155196
LogInit: OS: Windows 10 (Release 2009) (), CPU: 12th Gen Intel(R) Core(TM) i7-12700H, GPU: NVIDIA GeForce RTX 3050 Ti Laptop GPU
LogInit: Compiled (64-bit): Nov 30 2021 07:12:08
LogInit: Compiled with Visual C++: 19.24.28315.00
LogInit: Build Configuration: Development
LogInit: Branch Name: ++UE4+Release-4.27
LogInit: Command Line:  -AUTH_LOGIN=unused -AUTH_PASSWORD=d368410c9fe642d983f52f453eab86fc -AUTH_TYPE=exchangecode -epicapp=UE_4.27 -epicenv=Prod -EpicPortal -epicusername=777-Arpit-777 -epicuserid=204d6d5d502243a9a55e59676d61b6bc -epiclocale=en -epicsandboxid=ue
LogInit: Base Directory: C:/Program Files/Epic Games/UE_4.27/Engine/Binaries/Win64/
LogInit: Allocator: TBB
LogInit: Installed Engine Build: 1
LogDevObjectVersion: Number of dev versions registered: 29
LogDevObjectVersion:   Dev-Blueprints (B0D832E4-1F89-4F0D-ACCF-7EB736FD4AA2): 10
LogDevObjectVersion:   Dev-Build (E1C64328-A22C-4D53-A36C-8E866417BD8C): 0
LogDevObjectVersion:   Dev-Core (375EC13C-06E4-48FB-B500-84F0262A717E): 4
LogDevObjectVersion:   Dev-Editor (E4B068ED-F494-42E9-A231-DA0B2E46BB41): 40
LogDevObjectVersion:   Dev-Framework (CFFC743F-43B0-4480-9391-14DF171D2073): 37
LogDevObjectVersion:   Dev-Mobile (B02B49B5-BB20-44E9-A304-32B752E40360): 3
LogDevObjectVersion:   Dev-Networking (A4E4105C-59A1-49B5-A7C5-40C4547EDFEE): 0
LogDevObjectVersion:   Dev-Online (39C831C9-5AE6-47DC-9A44-9C173E1C8E7C): 0
LogDevObjectVersion:   Dev-Physics (78F01B33-EBEA-4F98-B9B4-84EACCB95AA2): 14
LogDevObjectVersion:   Dev-Platform (6631380F-2D4D-43E0-8009-CF276956A95A): 0
LogDevObjectVersion:   Dev-Rendering (12F88B9F-8875-4AFC-A67C-D90C383ABD29): 45
LogDevObjectVersion:   Dev-Sequencer (7B5AE74C-D270-4C10-A958-57980B212A5A): 13
LogDevObjectVersion:   Dev-VR (D7296918-1DD6-4BDD-9DE2-64A83CC13884): 3
LogDevObjectVersion:   Dev-LoadTimes (C2A15278-BFE7-4AFE-6C17-90FF531DF755): 1
LogDevObjectVersion:   Private-Geometry (6EACA3D4-40EC-4CC1-B786-8BED09428FC5): 3
LogDevObjectVersion:   Dev-AnimPhys (29E575DD-E0A3-4627-9D10-D276232CDCEA): 17
LogDevObjectVersion:   Dev-Anim (AF43A65D-7FD3-4947-9873-3E8ED9C1BB05): 15
LogDevObjectVersion:   Dev-ReflectionCapture (6B266CEC-1EC7-4B8F-A30B-E4D90942FC07): 1
LogDevObjectVersion:   Dev-Automation (0DF73D61-A23F-47EA-B727-89E90C41499A): 1
LogDevObjectVersion:   FortniteMain (601D1886-AC64-4F84-AA16-D3DE0DEAC7D6): 47
LogDevObjectVersion:   FortniteRelease (E7086368-6B23-4C58-8439-1B7016265E91): 1
LogDevObjectVersion:   Dev-Enterprise (9DFFBCD6-494F-0158-E221-12823C92A888): 10
LogDevObjectVersion:   Dev-Niagara (F2AED0AC-9AFE-416F-8664-AA7FFA26D6FC): 1
LogDevObjectVersion:   Dev-Destruction (174F1F0B-B4C6-45A5-B13F-2EE8D0FB917D): 10
LogDevObjectVersion:   Dev-Physics-Ext (35F94A83-E258-406C-A318-09F59610247C): 41
LogDevObjectVersion:   Dev-PhysicsMaterial-Chaos (B68FC16E-8B1B-42E2-B453-215C058844FE): 1
LogDevObjectVersion:   Dev-CineCamera (B2E18506-4273-CFC2-A54E-F4BB758BBA07): 1
LogDevObjectVersion:   Dev-VirtualProduction (64F58936-FD1B-42BA-BA96-7289D5D0FA4E): 1
LogDevObjectVersion:   Dev-MediaFramework (6F0ED827-A609-4895-9C91-998D90180EA4): 2
LogInit: Presizing for max 25165824 objects, including 0 objects not considered by GC, pre-allocating 0 bytes for permanent pool.
LogConfig: Applying CVar settings from Section [/Script/Engine.StreamingSettings] File [C:/Users/asus/Desktop/Assign 565/My project/CPSC399_Game/CPSC399Game/Saved/Config/Windows/Engine.ini]
LogConfig: Setting CVar [[s.MinBulkDataSizeForAsyncLoading:131072]]
LogConfig: Setting CVar [[s.AsyncLoadingThreadEnabled:0]]
LogConfig: Setting CVar [[s.EventDrivenLoaderEnabled:1]]
LogConfig: Setting CVar [[s.WarnIfTimeLimitExceeded:0]]
LogConfig: Setting CVar [[s.TimeLimitExceededMultiplier:1.5]]
LogConfig: Setting CVar [[s.TimeLimitExceededMinTime:0.005]]
LogConfig: Setting CVar [[s.UseBackgroundLevelStreaming:1]]
LogConfig: Setting CVar [[s.PriorityAsyncLoadingExtraTime:15.0]]
LogConfig: Setting CVar [[s.LevelStreamingActorsUpdateTimeLimit:5.0]]
LogConfig: Setting CVar [[s.PriorityLevelStreamingActorsUpdateExtraTime:5.0]]
LogConfig: Setting CVar [[s.LevelStreamingComponentsRegistrationGranularity:10]]
LogConfig: Setting CVar [[s.UnregisterComponentsTimeLimit:1.0]]
LogConfig: Setting CVar [[s.LevelStreamingComponentsUnregistrationGranularity:5]]
LogConfig: Setting CVar [[s.FlushStreamingOnExit:1]]
LogInit: Object subsystem initialized
LogConfig: Setting CVar [[con.DebugEarlyDefault:1]]
LogConfig: Setting CVar [[r.setres:1280x720]]
[2026.04.07-23.55.48:183][  0]LogConfig: Setting CVar [[r.VSync:0]]
[2026.04.07-23.55.48:183][  0]LogConfig: Setting CVar [[r.RHICmdBypass:0]]
[2026.04.07-23.55.48:183][  0]LogConfig: Applying CVar settings from Section [/Script/Engine.RendererSettings] File [C:/Users/asus/Desktop/Assign 565/My project/CPSC399_Game/CPSC399Game/Saved/Config/Windows/Engine.ini]
[2026.04.07-23.55.48:183][  0]LogConfig: Setting CVar [[r.GPUCrashDebugging:0]]
[2026.04.07-23.55.48:183][  0]LogConfig: Setting CVar [[r.Mobile.DisableVertexFog:1]]
[2026.04.07-23.55.48:183][  0]LogConfig: Setting CVar [[r.Shadow.CSM.MaxMobileCascades:2]]
[2026.04.07-23.55.48:183][  0]LogConfig: Setting CVar [[r.MobileMSAA:1]]
[2026.04.07-23.55.48:183][  0]LogConfig: Setting CVar [[r.Mobile.AllowDitheredLODTransition:0]]
[2026.04.07-23.55.48:183][  0]LogConfig: Setting CVar [[r.Mobile.AllowSoftwareOcclusion:0]]
[2026.04.07-23.55.48:183][  0]LogConfig: Setting CVar [[r.Mobile.VirtualTextures:0]]
[2026.04.07-23.55.48:183][  0]LogConfig: Setting CVar [[r.DiscardUnusedQuality:0]]
[2026.04.07-23.55.48:183][  0]LogConfig: Setting CVar [[r.AllowOcclusionQueries:1]]
[2026.04.07-23.55.48:183][  0]LogConfig: Setting CVar [[r.MinScreenRadiusForLights:0.030000]]
[2026.04.07-23.55.48:183][  0]LogConfig: Setting CVar [[r.MinScreenRadiusForDepthPrepass:0.030000]]
[2026.04.07-23.55.48:183][  0]LogConfig: Setting CVar [[r.MinScreenRadiusForCSMDepth:0.010000]]
[2026.04.07-23.55.48:183][  0]LogConfig: Setting CVar [[r.PrecomputedVisibilityWarning:0]]
[2026.04.07-23.55.48:183][  0]LogConfig: Setting CVar [[r.TextureStreaming:1]]
[2026.04.07-23.55.48:183][  0]LogConfig: Setting CVar [[Compat.UseDXT5NormalMaps:0]]
[2026.04.07-23.55.48:183][  0]LogConfig: Setting CVar [[r.VirtualTextures:0]]
[2026.04.07-23.55.48:183][  0]LogConfig: Setting CVar [[r.VT.EnableAutoImport:1]]
[2026.04.07-23.55.48:183][  0]LogConfig: Setting CVar [[r.VirtualTexturedLightmaps:0]]
[2026.04.07-23.55.48:183][  0]LogConfig: Setting CVar [[r.VT.TileSize:128]]
[2026.04.07-23.55.48:183][  0]LogConfig: Setting CVar [[r.VT.TileBorderSize:4]]
[2026.04.07-23.55.48:183][  0]LogConfig: Setting CVar [[r.vt.FeedbackFactor:16]]
[2026.04.07-23.55.48:183][  0]LogConfig: Setting CVar [[r.VT.EnableCompressZlib:1]]
[2026.04.07-23.55.48:183][  0]LogConfig: Setting CVar [[r.VT.EnableCompressCrunch:0]]
[2026.04.07-23.55.48:183][  0]LogConfig: Setting CVar [[r.ClearCoatNormal:0]]
[2026.04.07-23.55.48:183][  0]LogConfig: Setting CVar [[r.ReflectionCaptureResolution:128]]
[2026.04.07-23.55.48:183][  0]LogConfig: Setting CVar [[r.Mobile.ReflectionCaptureCompression:0]]
[2026.04.07-23.55.48:183][  0]LogConfig: Setting CVar [[r.ReflectionEnvironmentLightmapMixBasedOnRoughness:1]]
[2026.04.07-23.55.48:183][  0]LogConfig: Setting CVar [[r.ForwardShading:0]]
[2026.04.07-23.55.48:183][  0]LogConfig: Setting CVar [[r.VertexFoggingForOpaque:1]]
[2026.04.07-23.55.48:183][  0]LogConfig: Setting CVar [[r.AllowStaticLighting:1]]
[2026.04.07-23.55.48:183][  0]LogConfig: Setting CVar [[r.NormalMapsForStaticLighting:0]]
[2026.04.07-23.55.48:183][  0]LogConfig: Setting CVar [[r.GenerateMeshDistanceFields:0]]
[2026.04.07-23.55.48:183][  0]LogConfig: Setting CVar [[r.DistanceFieldBuild.EightBit:0]]
[2026.04.07-23.55.48:183][  0]LogConfig: Setting CVar [[r.GenerateLandscapeGIData:0]]
[2026.04.07-23.55.48:183][  0]LogConfig: Setting CVar [[r.DistanceFieldBuild.Compress:0]]
[2026.04.07-23.55.48:183][  0]LogConfig: Setting CVar [[r.TessellationAdaptivePixelsPerTriangle:48.000000]]
[2026.04.07-23.55.48:183][  0]LogConfig: Setting CVar [[r.SeparateTranslucency:1]]
[2026.04.07-23.55.48:184][  0]LogConfig: Setting CVar [[r.TranslucentSortPolicy:0]]
[2026.04.07-23.55.48:184][  0]LogConfig: Setting CVar [[vr.VRS.HMDFixedFoveationLevel:0]]
[2026.04.07-23.55.48:184][  0]LogConfig: Setting CVar [[r.CustomDepth:1]]
[2026.04.07-23.55.48:184][  0]LogConfig: Setting CVar [[r.CustomDepthTemporalAAJitter:1]]
[2026.04.07-23.55.48:184][  0]LogConfig: Setting CVar [[r.PostProcessing.PropagateAlpha:0]]
[2026.04.07-23.55.48:184][  0]LogConfig: Setting CVar [[r.DefaultFeature.Bloom:1]]
[2026.04.07-23.55.48:184][  0]LogConfig: Setting CVar [[r.DefaultFeature.AmbientOcclusion:1]]
[2026.04.07-23.55.48:184][  0]LogConfig: Setting CVar [[r.DefaultFeature.AmbientOcclusionStaticFraction:1]]
[2026.04.07-23.55.48:184][  0]LogConfig: Setting CVar [[r.DefaultFeature.AutoExposure:0]]
[2026.04.07-23.55.48:184][  0]LogConfig: Setting CVar [[r.DefaultFeature.AutoExposure.Method:0]]
[2026.04.07-23.55.48:184][  0]LogConfig: Setting CVar [[r.DefaultFeature.AutoExposure.Bias:1.000000]]
[2026.04.07-23.55.48:184][  0]LogConfig: Setting CVar [[r.DefaultFeature.AutoExposure.ExtendDefaultLuminanceRange:0]]
[2026.04.07-23.55.48:184][  0]LogConfig: Setting CVar [[r.UsePreExposure:1]]
[2026.04.07-23.55.48:184][  0]LogConfig: Setting CVar [[r.EyeAdaptation.EditorOnly:0]]
[2026.04.07-23.55.48:184][  0]LogConfig: Setting CVar [[r.DefaultFeature.MotionBlur:0]]
[2026.04.07-23.55.48:184][  0]LogConfig: Setting CVar [[r.DefaultFeature.LensFlare:0]]
[2026.04.07-23.55.48:184][  0]LogConfig: Setting CVar [[r.TemporalAA.Upsampling:0]]
[2026.04.07-23.55.48:184][  0]LogConfig: Setting CVar [[r.SSGI.Enable:0]]
[2026.04.07-23.55.48:184][  0]LogConfig: Setting CVar [[r.DefaultFeature.AntiAliasing:0]]
[2026.04.07-23.55.48:184][  0]LogConfig: Setting CVar [[r.DefaultFeature.LightUnits:1]]
[2026.04.07-23.55.48:184][  0]LogConfig: Setting CVar [[r.DefaultBackBufferPixelFormat:4]]
[2026.04.07-23.55.48:184][  0]LogConfig: Setting CVar [[r.Shadow.UnbuiltPreviewInGame:1]]
[2026.04.07-23.55.48:184][  0]LogConfig: Setting CVar [[r.StencilForLODDither:0]]
[2026.04.07-23.55.48:184][  0]LogConfig: Setting CVar [[r.EarlyZPass:3]]
[2026.04.07-23.55.48:184][  0]LogConfig: Setting CVar [[r.EarlyZPassOnlyMaterialMasking:0]]
[2026.04.07-23.55.48:184][  0]LogConfig: Setting CVar [[r.DBuffer:1]]
[2026.04.07-23.55.48:184][  0]LogConfig: Setting CVar [[r.ClearSceneMethod:1]]
[2026.04.07-23.55.48:184][  0]LogConfig: Setting CVar [[r.BasePassOutputsVelocity:0]]
[2026.04.07-23.55.48:184][  0]LogConfig: Setting CVar [[r.VertexDeformationOutputsVelocity:0]]
[2026.04.07-23.55.48:184][  0]LogConfig: Setting CVar [[r.SelectiveBasePassOutputs:0]]
[2026.04.07-23.55.48:184][  0]LogConfig: Setting CVar [[fx.GPUSimulationTextureSizeX:1024]]
[2026.04.07-23.55.48:184][  0]LogConfig: Setting CVar [[fx.GPUSimulationTextureSizeY:1024]]
[2026.04.07-23.55.48:184][  0]LogConfig: Setting CVar [[r.AllowGlobalClipPlane:0]]
[2026.04.07-23.55.48:184][  0]LogConfig: Setting CVar [[r.GBufferFormat:1]]
[2026.04.07-23.55.48:184][  0]LogConfig: Setting CVar [[r.MorphTarget.Mode:1]]
[2026.04.07-23.55.48:184][  0]LogConfig: Setting CVar [[vr.InstancedStereo:0]]
[2026.04.07-23.55.48:184][  0]LogConfig: Setting CVar [[r.MobileHDR:1]]
[2026.04.07-23.55.48:184][  0]LogConfig: Setting CVar [[vr.MobileMultiView:0]]
[2026.04.07-23.55.48:184][  0]LogConfig: Setting CVar [[r.Mobile.UseHWsRGBEncoding:0]]
[2026.04.07-23.55.48:184][  0]LogConfig: Setting CVar [[vr.RoundRobinOcclusion:0]]
[2026.04.07-23.55.48:184][  0]LogConfig: Setting CVar [[vr.ODSCapture:0]]
[2026.04.07-23.55.48:184][  0]LogConfig: Setting CVar [[r.MeshStreaming:0]]
[2026.04.07-23.55.48:184][  0]LogConfig: Setting CVar [[r.WireframeCullThreshold:5.000000]]
[2026.04.07-23.55.48:184][  0]LogConfig: Setting CVar [[r.RayTracing:0]]
[2026.04.07-23.55.48:184][  0]LogConfig: Setting CVar [[r.RayTracing.UseTextureLod:0]]
[2026.04.07-23.55.48:184][  0]LogConfig: Setting CVar [[r.SupportStationarySkylight:1]]
[2026.04.07-23.55.48:184][  0]LogConfig: Setting CVar [[r.SupportLowQualityLightmaps:1]]
[2026.04.07-23.55.48:184][  0]LogConfig: Setting CVar [[r.SupportPointLightWholeSceneShadows:1]]
[2026.04.07-23.55.48:184][  0]LogConfig: Setting CVar [[r.SupportAtmosphericFog:1]]
[2026.04.07-23.55.48:184][  0]LogConfig: Setting CVar [[r.SupportSkyAtmosphere:1]]
[2026.04.07-23.55.48:184][  0]LogConfig: Setting CVar [[r.SupportSkyAtmosphereAffectsHeightFog:0]]
[2026.04.07-23.55.48:184][  0]LogConfig: Setting CVar [[r.SkinCache.CompileShaders:0]]
[2026.04.07-23.55.48:184][  0]LogConfig: Setting CVar [[r.SkinCache.DefaultBehavior:1]]
[2026.04.07-23.55.48:184][  0]LogConfig: Setting CVar [[r.SkinCache.SceneMemoryLimitInMB:128.000000]]
[2026.04.07-23.55.48:184][  0]LogConfig: Setting CVar [[r.Mobile.EnableStaticAndCSMShadowReceivers:1]]
[2026.04.07-23.55.48:184][  0]LogConfig: Setting CVar [[r.Mobile.EnableMovableLightCSMShaderCulling:1]]
[2026.04.07-23.55.48:184][  0]LogConfig: Setting CVar [[r.Mobile.AllowDistanceFieldShadows:1]]
[2026.04.07-23.55.48:184][  0]LogConfig: Setting CVar [[r.Mobile.AllowMovableDirectionalLights:1]]
[2026.04.07-23.55.48:184][  0]LogConfig: Setting CVar [[r.MobileNumDynamicPointLights:4]]
[2026.04.07-23.55.48:184][  0]LogConfig: Setting CVar [[r.MobileDynamicPointLightsUseStaticBranch:1]]
[2026.04.07-23.55.48:184][  0]LogConfig: Setting CVar [[r.Mobile.EnableMovableSpotlights:0]]
[2026.04.07-23.55.48:184][  0]LogConfig: Setting CVar [[r.Mobile.EnableMovableSpotlightsShadow:0]]
[2026.04.07-23.55.48:184][  0]LogConfig: Setting CVar [[r.GPUSkin.Support16BitBoneIndex:0]]
[2026.04.07-23.55.48:184][  0]LogConfig: Setting CVar [[r.GPUSkin.Limit2BoneInfluences:0]]
[2026.04.07-23.55.48:184][  0]LogConfig: Setting CVar [[r.SupportDepthOnlyIndexBuffers:1]]
[2026.04.07-23.55.48:184][  0]LogConfig: Setting CVar [[r.SupportReversedIndexBuffers:1]]
[2026.04.07-23.55.48:184][  0]LogConfig: Setting CVar [[r.LightPropagationVolume:0]]
[2026.04.07-23.55.48:184][  0]LogConfig: Setting CVar [[r.Mobile.AmbientOcclusion:0]]
[2026.04.07-23.55.48:184][  0]LogConfig: Setting CVar [[r.GPUSkin.UnlimitedBoneInfluences:0]]
[2026.04.07-23.55.48:184][  0]LogConfig: Setting CVar [[r.GPUSkin.UnlimitedBoneInfluencesThreshold:8]]
[2026.04.07-23.55.48:184][  0]LogConfig: Setting CVar [[r.Mobile.PlanarReflectionMode:0]]
[2026.04.07-23.55.48:184][  0]LogConfig: Setting CVar [[r.Mobile.SupportsGen4TAA:0]]
[2026.04.07-23.55.48:184][  0]LogConfig: Applying CVar settings from Section [/Script/Engine.RendererOverrideSettings] File [C:/Users/asus/Desktop/Assign 565/My project/CPSC399_Game/CPSC399Game/Saved/Config/Windows/Engine.ini]
[2026.04.07-23.55.48:184][  0]LogConfig: Applying CVar settings from Section [/Script/Engine.StreamingSettings] File [C:/Users/asus/Desktop/Assign 565/My project/CPSC399_Game/CPSC399Game/Saved/Config/Windows/Engine.ini]
[2026.04.07-23.55.48:184][  0]LogConfig: Setting CVar [[s.MinBulkDataSizeForAsyncLoading:131072]]
[2026.04.07-23.55.48:184][  0]LogConfig: Setting CVar [[s.AsyncLoadingThreadEnabled:0]]
[2026.04.07-23.55.48:184][  0]LogConfig: Setting CVar [[s.EventDrivenLoaderEnabled:1]]
[2026.04.07-23.55.48:184][  0]LogConfig: Setting CVar [[s.WarnIfTimeLimitExceeded:0]]
[2026.04.07-23.55.48:184][  0]LogConfig: Setting CVar [[s.TimeLimitExceededMultiplier:1.5]]
[2026.04.07-23.55.48:184][  0]LogConfig: Setting CVar [[s.TimeLimitExceededMinTime:0.005]]
[2026.04.07-23.55.48:184][  0]LogConfig: Setting CVar [[s.UseBackgroundLevelStreaming:1]]
[2026.04.07-23.55.48:184][  0]LogConfig: Setting CVar [[s.PriorityAsyncLoadingExtraTime:15.0]]
[2026.04.07-23.55.48:184][  0]LogConfig: Setting CVar [[s.LevelStreamingActorsUpdateTimeLimit:5.0]]
[2026.04.07-23.55.48:184][  0]LogConfig: Setting CVar [[s.PriorityLevelStreamingActorsUpdateExtraTime:5.0]]
[2026.04.07-23.55.48:184][  0]LogConfig: Setting CVar [[s.LevelStreamingComponentsRegistrationGranularity:10]]
[2026.04.07-23.55.48:184][  0]LogConfig: Setting CVar [[s.UnregisterComponentsTimeLimit:1.0]]
[2026.04.07-23.55.48:184][  0]LogConfig: Setting CVar [[s.LevelStreamingComponentsUnregistrationGranularity:5]]
[2026.04.07-23.55.48:184][  0]LogConfig: Setting CVar [[s.FlushStreamingOnExit:1]]
[2026.04.07-23.55.48:184][  0]LogConfig: Applying CVar settings from Section [/Script/Engine.GarbageCollectionSettings] File [C:/Users/asus/Desktop/Assign 565/My project/CPSC399_Game/CPSC399Game/Saved/Config/Windows/Engine.ini]
[2026.04.07-23.55.48:184][  0]LogConfig: Setting CVar [[gc.MaxObjectsNotConsideredByGC:1]]
[2026.04.07-23.55.48:184][  0]LogConfig: Setting CVar [[gc.SizeOfPermanentObjectPool:0]]
[2026.04.07-23.55.48:184][  0]LogConfig: Setting CVar [[gc.FlushStreamingOnGC:0]]
[2026.04.07-23.55.48:184][  0]LogConfig: Setting CVar [[gc.NumRetriesBeforeForcingGC:10]]
[2026.04.07-23.55.48:184][  0]LogConfig: Setting CVar [[gc.AllowParallelGC:1]]
[2026.04.07-23.55.48:184][  0]LogConfig: Setting CVar [[gc.TimeBetweenPurgingPendingKillObjects:61.1]]
[2026.04.07-23.55.48:184][  0]LogConfig: Setting CVar [[gc.MaxObjectsInEditor:25165824]]
[2026.04.07-23.55.48:184][  0]LogConfig: Setting CVar [[gc.IncrementalBeginDestroyEnabled:1]]
[2026.04.07-23.55.48:184][  0]LogConfig: Setting CVar [[gc.CreateGCClusters:1]]
[2026.04.07-23.55.48:184][  0]LogConfig: Setting CVar [[gc.MinGCClusterSize:5]]
[2026.04.07-23.55.48:184][  0]LogConfig: Setting CVar [[gc.ActorClusteringEnabled:0]]
[2026.04.07-23.55.48:184][  0]LogConfig: Setting CVar [[gc.BlueprintClusteringEnabled:0]]
[2026.04.07-23.55.48:184][  0]LogConfig: Setting CVar [[gc.UseDisregardForGCOnDedicatedServers:0]]
[2026.04.07-23.55.48:184][  0]LogConfig: Setting CVar [[gc.MultithreadedDestructionEnabled:1]]
[2026.04.07-23.55.48:184][  0]LogConfig: Applying CVar settings from Section [/Script/Engine.NetworkSettings] File [C:/Users/asus/Desktop/Assign 565/My project/CPSC399_Game/CPSC399Game/Saved/Config/Windows/Engine.ini]
[2026.04.07-23.55.48:184][  0]LogConfig: Applying CVar settings from Section [/Script/UnrealEd.CookerSettings] File [C:/Users/asus/Desktop/Assign 565/My project/CPSC399_Game/CPSC399Game/Saved/Config/Windows/Engine.ini]
[2026.04.07-23.55.48:188][  0]LogConfig: Applying CVar settings from Section [ViewDistanceQuality@3] File [C:/Users/asus/Desktop/Assign 565/My project/CPSC399_Game/CPSC399Game/Saved/Config/Windows/Scalability.ini]
[2026.04.07-23.55.48:188][  0]LogConfig: Setting CVar [[r.SkeletalMeshLODBias:0]]
[2026.04.07-23.55.48:188][  0]LogConfig: Setting CVar [[r.ViewDistanceScale:1.0]]
[2026.04.07-23.55.48:188][  0]LogConfig: Applying CVar settings from Section [AntiAliasingQuality@3] File [C:/Users/asus/Desktop/Assign 565/My project/CPSC399_Game/CPSC399Game/Saved/Config/Windows/Scalability.ini]
[2026.04.07-23.55.48:188][  0]LogConfig: Setting CVar [[r.PostProcessAAQuality:4]]
[2026.04.07-23.55.48:188][  0]LogConfig: Applying CVar settings from Section [ShadowQuality@3] File [C:/Users/asus/Desktop/Assign 565/My project/CPSC399_Game/CPSC399Game/Saved/Config/Windows/Scalability.ini]
[2026.04.07-23.55.48:188][  0]LogConfig: Setting CVar [[r.LightFunctionQuality:1]]
[2026.04.07-23.55.48:188][  0]LogConfig: Setting CVar [[r.ShadowQuality:5]]
[2026.04.07-23.55.48:188][  0]LogConfig: Setting CVar [[r.Shadow.CSM.MaxCascades:10]]
[2026.04.07-23.55.48:188][  0]LogConfig: Setting CVar [[r.Shadow.MaxResolution:2048]]
[2026.04.07-23.55.48:188][  0]LogConfig: Setting CVar [[r.Shadow.MaxCSMResolution:2048]]
[2026.04.07-23.55.48:188][  0]LogConfig: Setting CVar [[r.Shadow.RadiusThreshold:0.01]]
[2026.04.07-23.55.48:188][  0]LogConfig: Setting CVar [[r.Shadow.DistanceScale:1.0]]
[2026.04.07-23.55.48:188][  0]LogConfig: Setting CVar [[r.Shadow.CSM.TransitionScale:1.0]]
[2026.04.07-23.55.48:188][  0]LogConfig: Setting CVar [[r.Shadow.PreShadowResolutionFactor:1.0]]
[2026.04.07-23.55.48:188][  0]LogConfig: Setting CVar [[r.DistanceFieldShadowing:1]]
[2026.04.07-23.55.48:188][  0]LogConfig: Setting CVar [[r.DistanceFieldAO:1]]
[2026.04.07-23.55.48:188][  0]LogConfig: Setting CVar [[r.AOQuality:2]]
[2026.04.07-23.55.48:188][  0]LogConfig: Setting CVar [[r.VolumetricFog:1]]
[2026.04.07-23.55.48:188][  0]LogConfig: Setting CVar [[r.VolumetricFog.GridPixelSize:8]]
[2026.04.07-23.55.48:188][  0]LogConfig: Setting CVar [[r.VolumetricFog.GridSizeZ:128]]
[2026.04.07-23.55.48:188][  0]LogConfig: Setting CVar [[r.VolumetricFog.HistoryMissSupersampleCount:4]]
[2026.04.07-23.55.48:188][  0]LogConfig: Setting CVar [[r.LightMaxDrawDistanceScale:1]]
[2026.04.07-23.55.48:188][  0]LogConfig: Setting CVar [[r.CapsuleShadows:1]]
[2026.04.07-23.55.48:188][  0]LogConfig: Applying CVar settings from Section [PostProcessQuality@3] File [C:/Users/asus/Desktop/Assign 565/My project/CPSC399_Game/CPSC399Game/Saved/Config/Windows/Scalability.ini]
[2026.04.07-23.55.48:188][  0]LogConfig: Setting CVar [[r.MotionBlurQuality:4]]
[2026.04.07-23.55.48:188][  0]LogConfig: Setting CVar [[r.AmbientOcclusionMipLevelFactor:0.4]]
[2026.04.07-23.55.48:188][  0]LogConfig: Setting CVar [[r.AmbientOcclusionMaxQuality:100]]
[2026.04.07-23.55.48:188][  0]LogConfig: Setting CVar [[r.AmbientOcclusionLevels:-1]]
[2026.04.07-23.55.48:188][  0]LogConfig: Setting CVar [[r.AmbientOcclusionRadiusScale:1.0]]
[2026.04.07-23.55.48:188][  0]LogConfig: Setting CVar [[r.DepthOfFieldQuality:2]]
[2026.04.07-23.55.48:188][  0]LogConfig: Setting CVar [[r.RenderTargetPoolMin:400]]
[2026.04.07-23.55.48:188][  0]LogConfig: Setting CVar [[r.LensFlareQuality:2]]
[2026.04.07-23.55.48:188][  0]LogConfig: Setting CVar [[r.SceneColorFringeQuality:1]]
[2026.04.07-23.55.48:188][  0]LogConfig: Setting CVar [[r.EyeAdaptationQuality:2]]
[2026.04.07-23.55.48:188][  0]LogConfig: Setting CVar [[r.BloomQuality:5]]
[2026.04.07-23.55.48:188][  0]LogConfig: Setting CVar [[r.FastBlurThreshold:100]]
[2026.04.07-23.55.48:188][  0]LogConfig: Setting CVar [[r.Upscale.Quality:3]]
[2026.04.07-23.55.48:188][  0]LogConfig: Setting CVar [[r.Tonemapper.GrainQuantization:1]]
[2026.04.07-23.55.48:188][  0]LogConfig: Setting CVar [[r.LightShaftQuality:1]]
[2026.04.07-23.55.48:188][  0]LogConfig: Setting CVar [[r.Filter.SizeScale:1]]
[2026.04.07-23.55.48:188][  0]LogConfig: Setting CVar [[r.Tonemapper.Quality:5]]
[2026.04.07-23.55.48:188][  0]LogConfig: Setting CVar [[r.DOF.Gather.AccumulatorQuality:1        ; higher gathering accumulator quality]]
[2026.04.07-23.55.48:188][  0]LogConfig: Setting CVar [[r.DOF.Gather.PostfilterMethod:1          ; Median3x3 postfilering method]]
[2026.04.07-23.55.48:188][  0]LogConfig: Setting CVar [[r.DOF.Gather.EnableBokehSettings:0       ; no bokeh simulation when gathering]]
[2026.04.07-23.55.48:188][  0]LogConfig: Setting CVar [[r.DOF.Gather.RingCount:4                 ; medium number of samples when gathering]]
[2026.04.07-23.55.48:188][  0]LogConfig: Setting CVar [[r.DOF.Scatter.ForegroundCompositing:1    ; additive foreground scattering]]
[2026.04.07-23.55.48:188][  0]LogConfig: Setting CVar [[r.DOF.Scatter.BackgroundCompositing:2    ; additive background scattering]]
[2026.04.07-23.55.48:188][  0]LogConfig: Setting CVar [[r.DOF.Scatter.EnableBokehSettings:1      ; bokeh simulation when scattering]]
[2026.04.07-23.55.48:188][  0]LogConfig: Setting CVar [[r.DOF.Scatter.MaxSpriteRatio:0.1         ; only a maximum of 10% of scattered bokeh]]
[2026.04.07-23.55.48:189][  0]LogConfig: Setting CVar [[r.DOF.Recombine.Quality:1                ; cheap slight out of focus]]
[2026.04.07-23.55.48:189][  0]LogConfig: Setting CVar [[r.DOF.Recombine.EnableBokehSettings:0    ; no bokeh simulation on slight out of focus]]
[2026.04.07-23.55.48:189][  0]LogConfig: Setting CVar [[r.DOF.TemporalAAQuality:1                ; more stable temporal accumulation]]
[2026.04.07-23.55.48:189][  0]LogConfig: Setting CVar [[r.DOF.Kernel.MaxForegroundRadius:0.025]]
[2026.04.07-23.55.48:189][  0]LogConfig: Setting CVar [[r.DOF.Kernel.MaxBackgroundRadius:0.025]]
[2026.04.07-23.55.48:189][  0]LogConfig: Applying CVar settings from Section [TextureQuality@3] File [C:/Users/asus/Desktop/Assign 565/My project/CPSC399_Game/CPSC399Game/Saved/Config/Windows/Scalability.ini]
[2026.04.07-23.55.48:189][  0]LogConfig: Setting CVar [[r.Streaming.MipBias:0]]
[2026.04.07-23.55.48:189][  0]LogConfig: Setting CVar [[r.Streaming.AmortizeCPUToGPUCopy:0]]
[2026.04.07-23.55.48:189][  0]LogConfig: Setting CVar [[r.Streaming.MaxNumTexturesToStreamPerFrame:0]]
[2026.04.07-23.55.48:189][  0]LogConfig: Setting CVar [[r.Streaming.Boost:1]]
[2026.04.07-23.55.48:189][  0]LogConfig: Setting CVar [[r.MaxAnisotropy:8]]
[2026.04.07-23.55.48:189][  0]LogConfig: Setting CVar [[r.VT.MaxAnisotropy:8]]
[2026.04.07-23.55.48:189][  0]LogConfig: Setting CVar [[r.Streaming.LimitPoolSizeToVRAM:0]]
[2026.04.07-23.55.48:189][  0]LogConfig: Setting CVar [[r.Streaming.PoolSize:1000]]
[2026.04.07-23.55.48:189][  0]LogConfig: Setting CVar [[r.Streaming.MaxEffectiveScreenSize:0]]
[2026.04.07-23.55.48:189][  0]LogConfig: Applying CVar settings from Section [EffectsQuality@3] File [C:/Users/asus/Desktop/Assign 565/My project/CPSC399_Game/CPSC399Game/Saved/Config/Windows/Scalability.ini]
[2026.04.07-23.55.48:189][  0]LogConfig: Setting CVar [[r.TranslucencyLightingVolumeDim:64]]
[2026.04.07-23.55.48:189][  0]LogConfig: Setting CVar [[r.RefractionQuality:2]]
[2026.04.07-23.55.48:189][  0]LogConfig: Setting CVar [[r.SSR.Quality:3]]
[2026.04.07-23.55.48:189][  0]LogConfig: Setting CVar [[r.SSR.HalfResSceneColor:0]]
[2026.04.07-23.55.48:189][  0]LogConfig: Setting CVar [[r.SceneColorFormat:4]]
[2026.04.07-23.55.48:189][  0]LogConfig: Setting CVar [[r.DetailMode:2]]
[2026.04.07-23.55.48:189][  0]LogConfig: Setting CVar [[r.TranslucencyVolumeBlur:1]]
[2026.04.07-23.55.48:189][  0]LogConfig: Setting CVar [[r.MaterialQualityLevel:1 ; High quality]]
[2026.04.07-23.55.48:189][  0]LogConfig: Setting CVar [[r.AnisotropicMaterials:1]]
[2026.04.07-23.55.48:189][  0]LogConfig: Setting CVar [[r.SSS.Scale:1]]
[2026.04.07-23.55.48:189][  0]LogConfig: Setting CVar [[r.SSS.SampleSet:2]]
[2026.04.07-23.55.48:189][  0]LogConfig: Setting CVar [[r.SSS.Quality:1]]
[2026.04.07-23.55.48:189][  0]LogConfig: Setting CVar [[r.SSS.HalfRes:0]]
[2026.04.07-23.55.48:189][  0]LogConfig: Setting CVar [[r.SSGI.Quality:3]]
[2026.04.07-23.55.48:189][  0]LogConfig: Setting CVar [[r.EmitterSpawnRateScale:1.0]]
[2026.04.07-23.55.48:189][  0]LogConfig: Setting CVar [[r.ParticleLightQuality:2]]
[2026.04.07-23.55.48:189][  0]LogConfig: Setting CVar [[r.SkyAtmosphere.AerialPerspectiveLUT.FastApplyOnOpaque:1 ; Always have FastSkyLUT 1 in this case to avoid wrong sky]]
[2026.04.07-23.55.48:189][  0]LogConfig: Setting CVar [[r.SkyAtmosphere.AerialPerspectiveLUT.SampleCountMaxPerSlice:4]]
[2026.04.07-23.55.48:189][  0]LogConfig: Setting CVar [[r.SkyAtmosphere.AerialPerspectiveLUT.DepthResolution:16.0]]
[2026.04.07-23.55.48:189][  0]LogConfig: Setting CVar [[r.SkyAtmosphere.FastSkyLUT:1]]
[2026.04.07-23.55.48:189][  0]LogConfig: Setting CVar [[r.SkyAtmosphere.FastSkyLUT.SampleCountMin:4.0]]
[2026.04.07-23.55.48:189][  0]LogConfig: Setting CVar [[r.SkyAtmosphere.FastSkyLUT.SampleCountMax:128.0]]
[2026.04.07-23.55.48:189][  0]LogConfig: Setting CVar [[r.SkyAtmosphere.SampleCountMin:4.0]]
[2026.04.07-23.55.48:189][  0]LogConfig: Setting CVar [[r.SkyAtmosphere.SampleCountMax:128.0]]
[2026.04.07-23.55.48:189][  0]LogConfig: Setting CVar [[r.SkyAtmosphere.TransmittanceLUT.UseSmallFormat:0]]
[2026.04.07-23.55.48:189][  0]LogConfig: Setting CVar [[r.SkyAtmosphere.TransmittanceLUT.SampleCount:10.0]]
[2026.04.07-23.55.48:189][  0]LogConfig: Setting CVar [[r.SkyAtmosphere.MultiScatteringLUT.SampleCount:15.0]]
[2026.04.07-23.55.48:189][  0]LogConfig: Setting CVar [[r.SkyLight.RealTimeReflectionCapture:1]]
[2026.04.07-23.55.48:189][  0]LogConfig: Applying CVar settings from Section [FoliageQuality@3] File [C:/Users/asus/Desktop/Assign 565/My project/CPSC399_Game/CPSC399Game/Saved/Config/Windows/Scalability.ini]
[2026.04.07-23.55.48:189][  0]LogConfig: Setting CVar [[foliage.DensityScale:1.0]]
[2026.04.07-23.55.48:189][  0]LogConfig: Setting CVar [[grass.DensityScale:1.0]]
[2026.04.07-23.55.48:189][  0]LogConfig: Applying CVar settings from Section [ShadingQuality@3] File [C:/Users/asus/Desktop/Assign 565/My project/CPSC399_Game/CPSC399Game/Saved/Config/Windows/Scalability.ini]
[2026.04.07-23.55.48:189][  0]LogConfig: Setting CVar [[r.HairStrands.SkyLighting.IntegrationType:2]]
[2026.04.07-23.55.48:189][  0]LogConfig: Setting CVar [[r.HairStrands.SkyAO.SampleCount:4]]
[2026.04.07-23.55.48:189][  0]LogConfig: Setting CVar [[r.HairStrands.Visibility.MSAA.SamplePerPixel:4]]
[2026.04.07-23.55.48:189][  0]LogInit: Selected Device Profile: [Windows]
[2026.04.07-23.55.48:189][  0]LogInit: Applying CVar settings loaded from the selected device profile: [Windows]
[2026.04.07-23.55.48:189][  0]LogHAL: Display: Platform has ~ 16 GB [16781983744 / 17179869184 / 16], which maps to Larger [LargestMinGB=32, LargerMinGB=12, DefaultMinGB=8, SmallerMinGB=6, SmallestMinGB=0)
[2026.04.07-23.55.48:189][  0]LogInit: Going up to parent DeviceProfile []
[2026.04.07-23.55.48:189][  0]LogConfig: Applying CVar settings from Section [ViewDistanceQuality@3] File [C:/Users/asus/Desktop/Assign 565/My project/CPSC399_Game/CPSC399Game/Saved/Config/Windows/Scalability.ini]
[2026.04.07-23.55.48:189][  0]LogConfig: Setting CVar [[r.SkeletalMeshLODBias:0]]
[2026.04.07-23.55.48:189][  0]LogConfig: Setting CVar [[r.ViewDistanceScale:1.0]]
[2026.04.07-23.55.48:189][  0]LogConfig: Applying CVar settings from Section [AntiAliasingQuality@3] File [C:/Users/asus/Desktop/Assign 565/My project/CPSC399_Game/CPSC399Game/Saved/Config/Windows/Scalability.ini]
[2026.04.07-23.55.48:189][  0]LogConfig: Setting CVar [[r.PostProcessAAQuality:4]]
[2026.04.07-23.55.48:189][  0]LogConfig: Applying CVar settings from Section [ShadowQuality@3] File [C:/Users/asus/Desktop/Assign 565/My project/CPSC399_Game/CPSC399Game/Saved/Config/Windows/Scalability.ini]
[2026.04.07-23.55.48:189][  0]LogConfig: Setting CVar [[r.LightFunctionQuality:1]]
[2026.04.07-23.55.48:189][  0]LogConfig: Setting CVar [[r.ShadowQuality:5]]
[2026.04.07-23.55.48:189][  0]LogConfig: Setting CVar [[r.Shadow.CSM.MaxCascades:10]]
[2026.04.07-23.55.48:189][  0]LogConfig: Setting CVar [[r.Shadow.MaxResolution:2048]]
[2026.04.07-23.55.48:189][  0]LogConfig: Setting CVar [[r.Shadow.MaxCSMResolution:2048]]
[2026.04.07-23.55.48:189][  0]LogConfig: Setting CVar [[r.Shadow.RadiusThreshold:0.01]]
[2026.04.07-23.55.48:189][  0]LogConfig: Setting CVar [[r.Shadow.DistanceScale:1.0]]
[2026.04.07-23.55.48:189][  0]LogConfig: Setting CVar [[r.Shadow.CSM.TransitionScale:1.0]]
[2026.04.07-23.55.48:189][  0]LogConfig: Setting CVar [[r.Shadow.PreShadowResolutionFactor:1.0]]
[2026.04.07-23.55.48:189][  0]LogConfig: Setting CVar [[r.DistanceFieldShadowing:1]]
[2026.04.07-23.55.48:189][  0]LogConfig: Setting CVar [[r.DistanceFieldAO:1]]
[2026.04.07-23.55.48:189][  0]LogConfig: Setting CVar [[r.AOQuality:2]]
[2026.04.07-23.55.48:189][  0]LogConfig: Setting CVar [[r.VolumetricFog:1]]
[2026.04.07-23.55.48:189][  0]LogConfig: Setting CVar [[r.VolumetricFog.GridPixelSize:8]]
[2026.04.07-23.55.48:189][  0]LogConfig: Setting CVar [[r.VolumetricFog.GridSizeZ:128]]
[2026.04.07-23.55.48:189][  0]LogConfig: Setting CVar [[r.VolumetricFog.HistoryMissSupersampleCount:4]]
[2026.04.07-23.55.48:189][  0]LogConfig: Setting CVar [[r.LightMaxDrawDistanceScale:1]]
[2026.04.07-23.55.48:189][  0]LogConfig: Setting CVar [[r.CapsuleShadows:1]]
[2026.04.07-23.55.48:189][  0]LogConfig: Applying CVar settings from Section [PostProcessQuality@3] File [C:/Users/asus/Desktop/Assign 565/My project/CPSC399_Game/CPSC399Game/Saved/Config/Windows/Scalability.ini]
[2026.04.07-23.55.48:189][  0]LogConfig: Setting CVar [[r.MotionBlurQuality:4]]
[2026.04.07-23.55.48:189][  0]LogConfig: Setting CVar [[r.AmbientOcclusionMipLevelFactor:0.4]]
[2026.04.07-23.55.48:189][  0]LogConfig: Setting CVar [[r.AmbientOcclusionMaxQuality:100]]
[2026.04.07-23.55.48:189][  0]LogConfig: Setting CVar [[r.AmbientOcclusionLevels:-1]]
[2026.04.07-23.55.48:189][  0]LogConfig: Setting CVar [[r.AmbientOcclusionRadiusScale:1.0]]
[2026.04.07-23.55.48:189][  0]LogConfig: Setting CVar [[r.DepthOfFieldQuality:2]]
[2026.04.07-23.55.48:189][  0]LogConfig: Setting CVar [[r.RenderTargetPoolMin:400]]
[2026.04.07-23.55.48:189][  0]LogConfig: Setting CVar [[r.LensFlareQuality:2]]
[2026.04.07-23.55.48:189][  0]LogConfig: Setting CVar [[r.SceneColorFringeQuality:1]]
[2026.04.07-23.55.48:189][  0]LogConfig: Setting CVar [[r.EyeAdaptationQuality:2]]
[2026.04.07-23.55.48:189][  0]LogConfig: Setting CVar [[r.BloomQuality:5]]
[2026.04.07-23.55.48:189][  0]LogConfig: Setting CVar [[r.FastBlurThreshold:100]]
[2026.04.07-23.55.48:189][  0]LogConfig: Setting CVar [[r.Upscale.Quality:3]]
[2026.04.07-23.55.48:189][  0]LogConfig: Setting CVar [[r.Tonemapper.GrainQuantization:1]]
[2026.04.07-23.55.48:189][  0]LogConfig: Setting CVar [[r.LightShaftQuality:1]]
[2026.04.07-23.55.48:189][  0]LogConfig: Setting CVar [[r.Filter.SizeScale:1]]
[2026.04.07-23.55.48:189][  0]LogConfig: Setting CVar [[r.Tonemapper.Quality:5]]
[2026.04.07-23.55.48:189][  0]LogConfig: Setting CVar [[r.DOF.Gather.AccumulatorQuality:1        ; higher gathering accumulator quality]]
[2026.04.07-23.55.48:189][  0]LogConfig: Setting CVar [[r.DOF.Gather.PostfilterMethod:1          ; Median3x3 postfilering method]]
[2026.04.07-23.55.48:189][  0]LogConfig: Setting CVar [[r.DOF.Gather.EnableBokehSettings:0       ; no bokeh simulation when gathering]]
[2026.04.07-23.55.48:189][  0]LogConfig: Setting CVar [[r.DOF.Gather.RingCount:4                 ; medium number of samples when gathering]]
[2026.04.07-23.55.48:189][  0]LogConfig: Setting CVar [[r.DOF.Scatter.ForegroundCompositing:1    ; additive foreground scattering]]
[2026.04.07-23.55.48:189][  0]LogConfig: Setting CVar [[r.DOF.Scatter.BackgroundCompositing:2    ; additive background scattering]]
[2026.04.07-23.55.48:189][  0]LogConfig: Setting CVar [[r.DOF.Scatter.EnableBokehSettings:1      ; bokeh simulation when scattering]]
[2026.04.07-23.55.48:189][  0]LogConfig: Setting CVar [[r.DOF.Scatter.MaxSpriteRatio:0.1         ; only a maximum of 10% of scattered bokeh]]
[2026.04.07-23.55.48:189][  0]LogConfig: Setting CVar [[r.DOF.Recombine.Quality:1                ; cheap slight out of focus]]
[2026.04.07-23.55.48:189][  0]LogConfig: Setting CVar [[r.DOF.Recombine.EnableBokehSettings:0    ; no bokeh simulation on slight out of focus]]
[2026.04.07-23.55.48:189][  0]LogConfig: Setting CVar [[r.DOF.TemporalAAQuality:1                ; more stable temporal accumulation]]
[2026.04.07-23.55.48:189][  0]LogConfig: Setting CVar [[r.DOF.Kernel.MaxForegroundRadius:0.025]]
[2026.04.07-23.55.48:189][  0]LogConfig: Setting CVar [[r.DOF.Kernel.MaxBackgroundRadius:0.025]]
[2026.04.07-23.55.48:189][  0]LogConfig: Applying CVar settings from Section [TextureQuality@3] File [C:/Users/asus/Desktop/Assign 565/My project/CPSC399_Game/CPSC399Game/Saved/Config/Windows/Scalability.ini]
[2026.04.07-23.55.48:189][  0]LogConfig: Setting CVar [[r.Streaming.MipBias:0]]
[2026.04.07-23.55.48:189][  0]LogConfig: Setting CVar [[r.Streaming.AmortizeCPUToGPUCopy:0]]
[2026.04.07-23.55.48:189][  0]LogConfig: Setting CVar [[r.Streaming.MaxNumTexturesToStreamPerFrame:0]]
[2026.04.07-23.55.48:189][  0]LogConfig: Setting CVar [[r.Streaming.Boost:1]]
[2026.04.07-23.55.48:189][  0]LogConfig: Setting CVar [[r.MaxAnisotropy:8]]
[2026.04.07-23.55.48:189][  0]LogConfig: Setting CVar [[r.VT.MaxAnisotropy:8]]
[2026.04.07-23.55.48:189][  0]LogConfig: Setting CVar [[r.Streaming.LimitPoolSizeToVRAM:0]]
[2026.04.07-23.55.48:189][  0]LogConfig: Setting CVar [[r.Streaming.PoolSize:1000]]
[2026.04.07-23.55.48:189][  0]LogConfig: Setting CVar [[r.Streaming.MaxEffectiveScreenSize:0]]
[2026.04.07-23.55.48:189][  0]LogConfig: Applying CVar settings from Section [EffectsQuality@3] File [C:/Users/asus/Desktop/Assign 565/My project/CPSC399_Game/CPSC399Game/Saved/Config/Windows/Scalability.ini]
[2026.04.07-23.55.48:189][  0]LogConfig: Setting CVar [[r.TranslucencyLightingVolumeDim:64]]
[2026.04.07-23.55.48:189][  0]LogConfig: Setting CVar [[r.RefractionQuality:2]]
[2026.04.07-23.55.48:189][  0]LogConfig: Setting CVar [[r.SSR.Quality:3]]
[2026.04.07-23.55.48:189][  0]LogConfig: Setting CVar [[r.SSR.HalfResSceneColor:0]]
[2026.04.07-23.55.48:189][  0]LogConfig: Setting CVar [[r.SceneColorFormat:4]]
[2026.04.07-23.55.48:189][  0]LogConfig: Setting CVar [[r.DetailMode:2]]
[2026.04.07-23.55.48:189][  0]LogConfig: Setting CVar [[r.TranslucencyVolumeBlur:1]]
[2026.04.07-23.55.48:189][  0]LogConfig: Setting CVar [[r.MaterialQualityLevel:1 ; High quality]]
[2026.04.07-23.55.48:189][  0]LogConfig: Setting CVar [[r.AnisotropicMaterials:1]]
[2026.04.07-23.55.48:189][  0]LogConfig: Setting CVar [[r.SSS.Scale:1]]
[2026.04.07-23.55.48:189][  0]LogConfig: Setting CVar [[r.SSS.SampleSet:2]]
[2026.04.07-23.55.48:189][  0]LogConfig: Setting CVar [[r.SSS.Quality:1]]
[2026.04.07-23.55.48:189][  0]LogConfig: Setting CVar [[r.SSS.HalfRes:0]]
[2026.04.07-23.55.48:189][  0]LogConfig: Setting CVar [[r.SSGI.Quality:3]]
[2026.04.07-23.55.48:189][  0]LogConfig: Setting CVar [[r.EmitterSpawnRateScale:1.0]]
[2026.04.07-23.55.48:189][  0]LogConfig: Setting CVar [[r.ParticleLightQuality:2]]
[2026.04.07-23.55.48:189][  0]LogConfig: Setting CVar [[r.SkyAtmosphere.AerialPerspectiveLUT.FastApplyOnOpaque:1 ; Always have FastSkyLUT 1 in this case to avoid wrong sky]]
[2026.04.07-23.55.48:190][  0]LogConfig: Setting CVar [[r.SkyAtmosphere.AerialPerspectiveLUT.SampleCountMaxPerSlice:4]]
[2026.04.07-23.55.48:190][  0]LogConfig: Setting CVar [[r.SkyAtmosphere.AerialPerspectiveLUT.DepthResolution:16.0]]
[2026.04.07-23.55.48:190][  0]LogConfig: Setting CVar [[r.SkyAtmosphere.FastSkyLUT:1]]
[2026.04.07-23.55.48:190][  0]LogConfig: Setting CVar [[r.SkyAtmosphere.FastSkyLUT.SampleCountMin:4.0]]
[2026.04.07-23.55.48:190][  0]LogConfig: Setting CVar [[r.SkyAtmosphere.FastSkyLUT.SampleCountMax:128.0]]
[2026.04.07-23.55.48:190][  0]LogConfig: Setting CVar [[r.SkyAtmosphere.SampleCountMin:4.0]]
[2026.04.07-23.55.48:190][  0]LogConfig: Setting CVar [[r.SkyAtmosphere.SampleCountMax:128.0]]
[2026.04.07-23.55.48:190][  0]LogConfig: Setting CVar [[r.SkyAtmosphere.TransmittanceLUT.UseSmallFormat:0]]
[2026.04.07-23.55.48:190][  0]LogConfig: Setting CVar [[r.SkyAtmosphere.TransmittanceLUT.SampleCount:10.0]]
[2026.04.07-23.55.48:190][  0]LogConfig: Setting CVar [[r.SkyAtmosphere.MultiScatteringLUT.SampleCount:15.0]]
[2026.04.07-23.55.48:190][  0]LogConfig: Setting CVar [[r.SkyLight.RealTimeReflectionCapture:1]]
[2026.04.07-23.55.48:190][  0]LogConfig: Applying CVar settings from Section [FoliageQuality@3] File [C:/Users/asus/Desktop/Assign 565/My project/CPSC399_Game/CPSC399Game/Saved/Config/Windows/Scalability.ini]
[2026.04.07-23.55.48:190][  0]LogConfig: Setting CVar [[foliage.DensityScale:1.0]]
[2026.04.07-23.55.48:190][  0]LogConfig: Setting CVar [[grass.DensityScale:1.0]]
[2026.04.07-23.55.48:190][  0]LogConfig: Applying CVar settings from Section [ShadingQuality@3] File [C:/Users/asus/Desktop/Assign 565/My project/CPSC399_Game/CPSC399Game/Saved/Config/Windows/Scalability.ini]
[2026.04.07-23.55.48:190][  0]LogConfig: Setting CVar [[r.HairStrands.SkyLighting.IntegrationType:2]]
[2026.04.07-23.55.48:190][  0]LogConfig: Setting CVar [[r.HairStrands.SkyAO.SampleCount:4]]
[2026.04.07-23.55.48:190][  0]LogConfig: Setting CVar [[r.HairStrands.Visibility.MSAA.SamplePerPixel:4]]
[2026.04.07-23.55.48:190][  0]LogConfig: Applying CVar settings from Section [Startup] File [../../../Engine/Config/ConsoleVariables.ini]
[2026.04.07-23.55.48:190][  0]LogConfig: Setting CVar [[net.UseAdaptiveNetUpdateFrequency:0]]
[2026.04.07-23.55.48:190][  0]LogConfig: Setting CVar [[p.chaos.AllowCreatePhysxBodies:1]]
[2026.04.07-23.55.48:190][  0]LogConfig: Setting CVar [[fx.SkipVectorVMBackendOptimizations:1]]
[2026.04.07-23.55.48:190][  0]LogConfig: Applying CVar settings from Section [ConsoleVariables] File [C:/Users/asus/Desktop/Assign 565/My project/CPSC399_Game/CPSC399Game/Saved/Config/Windows/Engine.ini]
[2026.04.07-23.55.48:190][  0]LogConfig: Applying CVar settings from Section [ConsoleVariables] File [C:/Users/asus/Desktop/Assign 565/My project/CPSC399_Game/CPSC399Game/Saved/Config/Windows/Editor.ini]
[2026.04.07-23.55.48:190][  0]LogInit: Computer: ARPIT
[2026.04.07-23.55.48:190][  0]LogInit: User: asus
[2026.04.07-23.55.48:190][  0]LogInit: CPU Page size=4096, Cores=14
[2026.04.07-23.55.48:190][  0]LogInit: High frequency timer resolution =10.000000 MHz
[2026.04.07-23.55.48:190][  0]LogMemory: Memory total: Physical=15.6GB (16GB approx)
[2026.04.07-23.55.48:190][  0]LogMemory: Platform Memory Stats for Windows
[2026.04.07-23.55.48:190][  0]LogMemory: Process Physical Memory: 158.31 MB used, 158.31 MB peak
[2026.04.07-23.55.48:190][  0]LogMemory: Process Virtual Memory: 133.48 MB used, 133.48 MB peak
[2026.04.07-23.55.48:190][  0]LogMemory: Physical Memory: 9066.79 MB used,  6937.76 MB free, 16004.55 MB total
[2026.04.07-23.55.48:190][  0]LogMemory: Virtual Memory: 134214792.00 MB used,  2937.05 MB free, 134217728.00 MB total
[2026.04.07-23.55.48:193][  0]LogWindows: WindowsPlatformFeatures enabled
[2026.04.07-23.55.48:222][  0]LogInit: Physics initialised using underlying interface: PhysX
[2026.04.07-23.55.48:223][  0]LogInit: Using OS detected language (en-US).
[2026.04.07-23.55.48:223][  0]LogInit: Using OS detected locale (en-US).
[2026.04.07-23.55.48:226][  0]LogTextLocalizationManager: No specific localization for 'en-US' exists, so the 'en' localization will be used.
[2026.04.07-23.55.48:344][  0]LogInit: Setting process to per monitor DPI aware
[2026.04.07-23.55.48:354][  0]LogWindowsTextInputMethodSystem: Display: IME system deactivated.
[2026.04.07-23.55.48:361][  0]LogSlate: New Slate User Created.  User Index 0, Is Virtual User: 0
[2026.04.07-23.55.48:361][  0]LogSlate: Slate User Registered.  User Index 0, Is Virtual User: 0
[2026.04.07-23.55.48:432][  0]LogD3D11RHI: Loaded GFSDK_Aftermath_Lib.x64.dll
[2026.04.07-23.55.48:454][  0]LogHMD: Failed to initialize OpenVR with code 110
[2026.04.07-23.55.48:454][  0]LogD3D11RHI: D3D11 min allowed feature level: 11_0
[2026.04.07-23.55.48:454][  0]LogD3D11RHI: D3D11 max allowed feature level: 11_0
[2026.04.07-23.55.48:454][  0]LogD3D11RHI: D3D11 adapters:
[2026.04.07-23.55.48:605][  0]LogD3D11RHI:    0. 'NVIDIA GeForce RTX 3050 Ti Laptop GPU' (Feature Level 11_0)
[2026.04.07-23.55.48:605][  0]LogD3D11RHI:       3962/0/8002 MB DedicatedVideo/DedicatedSystem/SharedSystem, Outputs:1, VendorId:0x10de
[2026.04.07-23.55.48:667][  0]LogD3D11RHI:    1. 'Intel(R) Iris(R) Xe Graphics' (Feature Level 11_0)
[2026.04.07-23.55.48:667][  0]LogD3D11RHI:       128/0/8002 MB DedicatedVideo/DedicatedSystem/SharedSystem, Outputs:0, VendorId:0x8086
[2026.04.07-23.55.48:671][  0]LogD3D11RHI:    2. 'Microsoft Basic Render Driver' (Feature Level 11_0)
[2026.04.07-23.55.48:671][  0]LogD3D11RHI:       0/0/8002 MB DedicatedVideo/DedicatedSystem/SharedSystem, Outputs:0, VendorId:0x1414
[2026.04.07-23.55.48:671][  0]LogD3D11RHI: Chosen D3D11 Adapter:
[2026.04.07-23.55.48:671][  0]LogD3D11RHI:     Description : NVIDIA GeForce RTX 3050 Ti Laptop GPU
[2026.04.07-23.55.48:671][  0]LogD3D11RHI:     VendorId    : 10de
[2026.04.07-23.55.48:671][  0]LogD3D11RHI:     DeviceId    : 25a0
[2026.04.07-23.55.48:671][  0]LogD3D11RHI:     SubSysId    : 1ccc1043
[2026.04.07-23.55.48:671][  0]LogD3D11RHI:     Revision    : 00a1
[2026.04.07-23.55.48:671][  0]LogD3D11RHI:     DedicatedVideoMemory : 4154458112 bytes
[2026.04.07-23.55.48:671][  0]LogD3D11RHI:     DedicatedSystemMemory : 0 bytes
[2026.04.07-23.55.48:671][  0]LogD3D11RHI:     SharedSystemMemory : 8390991872 bytes
[2026.04.07-23.55.48:671][  0]LogD3D11RHI:     AdapterLuid : 0 50683
[2026.04.07-23.55.48:677][  0]LogD3D11RHI: Creating new Direct3DDevice
[2026.04.07-23.55.48:677][  0]LogD3D11RHI:     GPU DeviceId: 0x25a0 (for the marketing name, search the web for "GPU Device Id")
[2026.04.07-23.55.48:677][  0]LogWindows: EnumDisplayDevices:
[2026.04.07-23.55.48:677][  0]LogWindows:    0. 'NVIDIA GeForce RTX 3050 Ti Laptop GPU' (P:1 D:1)
[2026.04.07-23.55.48:677][  0]LogWindows:    1. 'NVIDIA GeForce RTX 3050 Ti Laptop GPU' (P:0 D:0)
[2026.04.07-23.55.48:677][  0]LogWindows:    2. 'NVIDIA GeForce RTX 3050 Ti Laptop GPU' (P:0 D:0)
[2026.04.07-23.55.48:677][  0]LogWindows:    3. 'NVIDIA GeForce RTX 3050 Ti Laptop GPU' (P:0 D:0)
[2026.04.07-23.55.48:677][  0]LogWindows:    4. 'Intel(R) Iris(R) Xe Graphics' (P:0 D:0)
[2026.04.07-23.55.48:677][  0]LogWindows:    5. 'Intel(R) Iris(R) Xe Graphics' (P:0 D:0)
[2026.04.07-23.55.48:677][  0]LogWindows:    6. 'Intel(R) Iris(R) Xe Graphics' (P:0 D:0)
[2026.04.07-23.55.48:678][  0]LogWindows:    7. 'Intel(R) Iris(R) Xe Graphics' (P:0 D:0)
[2026.04.07-23.55.48:678][  0]LogWindows: DebugString: PrimaryIsNotTheChoosenAdapter PrimaryIsNotTheChoosenAdapter PrimaryIsNotTheChoosenAdapter PrimaryIsNotTheChoosenAdapter FoundDriverCount:4 
[2026.04.07-23.55.48:678][  0]LogD3D11RHI:     Adapter Name: NVIDIA GeForce RTX 3050 Ti Laptop GPU
[2026.04.07-23.55.48:678][  0]LogD3D11RHI:   Driver Version: 566.07 (internal:32.0.15.6607, unified:566.07)
[2026.04.07-23.55.48:678][  0]LogD3D11RHI:      Driver Date: 10-20-2024
[2026.04.07-23.55.48:678][  0]LogRHI: Texture pool is 2773 MB (70% of 3962 MB)
[2026.04.07-23.55.48:678][  0]LogD3D11RHI: Creating D3DDevice using adapter:
[2026.04.07-23.55.48:678][  0]LogD3D11RHI:     Description : NVIDIA GeForce RTX 3050 Ti Laptop GPU
[2026.04.07-23.55.48:678][  0]LogD3D11RHI:     VendorId    : 10de
[2026.04.07-23.55.48:678][  0]LogD3D11RHI:     DeviceId    : 25a0
[2026.04.07-23.55.48:678][  0]LogD3D11RHI:     SubSysId    : 1ccc1043
[2026.04.07-23.55.48:678][  0]LogD3D11RHI:     Revision    : 00a1
[2026.04.07-23.55.48:678][  0]LogD3D11RHI:     DedicatedVideoMemory : 4154458112 bytes
[2026.04.07-23.55.48:678][  0]LogD3D11RHI:     DedicatedSystemMemory : 0 bytes
[2026.04.07-23.55.48:678][  0]LogD3D11RHI:     SharedSystemMemory : 8390991872 bytes
[2026.04.07-23.55.48:678][  0]LogD3D11RHI:     AdapterLuid : 0 50683
[2026.04.07-23.55.48:764][  0]LogD3D11RHI: RHI has support for 64 bit atomics
[2026.04.07-23.55.48:764][  0]LogD3D11RHI: Async texture creation enabled
[2026.04.07-23.55.48:764][  0]LogD3D11RHI: Array index from any shader is supported
[2026.04.07-23.55.48:783][  0]LogD3D11RHI: GPU Timing Frequency: 1000.000000 (Debug: 2 2)
[2026.04.07-23.55.48:806][  0]LogRHI: GeForceNow SDK initialized: 1
[2026.04.07-23.55.49:019][  0]LogTargetPlatformManager: Display: Loaded TargetPlatform 'AllDesktop'
[2026.04.07-23.55.49:034][  0]LogTargetPlatformManager: Display: Loaded TargetPlatform 'Android'
[2026.04.07-23.55.49:034][  0]LogTargetPlatformManager: Display: Loaded TargetPlatform 'Android_ASTC'
[2026.04.07-23.55.49:034][  0]LogTargetPlatformManager: Display: Loaded TargetPlatform 'Android_DXT'
[2026.04.07-23.55.49:034][  0]LogTargetPlatformManager: Display: Loaded TargetPlatform 'Android_ETC2'
[2026.04.07-23.55.49:034][  0]LogTargetPlatformManager: Display: Loaded TargetPlatform 'AndroidClient'
[2026.04.07-23.55.49:034][  0]LogTargetPlatformManager: Display: Loaded TargetPlatform 'Android_ASTCClient'
[2026.04.07-23.55.49:034][  0]LogTargetPlatformManager: Display: Loaded TargetPlatform 'Android_DXTClient'
[2026.04.07-23.55.49:034][  0]LogTargetPlatformManager: Display: Loaded TargetPlatform 'Android_ETC2Client'
[2026.04.07-23.55.49:034][  0]LogTargetPlatformManager: Display: Loaded TargetPlatform 'Android_Multi'
[2026.04.07-23.55.49:034][  0]LogTargetPlatformManager: Display: Loaded TargetPlatform 'Android_MultiClient'
[2026.04.07-23.55.49:047][  0]LogTargetPlatformManager: Display: Loaded TargetPlatform 'IOSClient'
[2026.04.07-23.55.49:047][  0]LogTargetPlatformManager: Display: Loaded TargetPlatform 'IOS'
[2026.04.07-23.55.49:053][  0]LogTargetPlatformManager: Display: Loaded TargetPlatform 'Linux'
[2026.04.07-23.55.49:056][  0]LogTargetPlatformManager: Display: Loaded TargetPlatform 'LinuxNoEditor'
[2026.04.07-23.55.49:059][  0]LogTargetPlatformManager: Display: Loaded TargetPlatform 'LinuxClient'
[2026.04.07-23.55.49:062][  0]LogTargetPlatformManager: Display: Loaded TargetPlatform 'LinuxServer'
[2026.04.07-23.55.49:068][  0]LogTargetPlatformManager: Display: Loaded TargetPlatform 'LinuxAArch64NoEditor'
[2026.04.07-23.55.49:072][  0]LogTargetPlatformManager: Display: Loaded TargetPlatform 'LinuxAArch64Client'
[2026.04.07-23.55.49:075][  0]LogTargetPlatformManager: Display: Loaded TargetPlatform 'LinuxAArch64Server'
[2026.04.07-23.55.49:090][  0]LogTargetPlatformManager: Display: Loaded TargetPlatform 'Lumin'
[2026.04.07-23.55.49:090][  0]LogTargetPlatformManager: Display: Loaded TargetPlatform 'LuminClient'
[2026.04.07-23.55.49:096][  0]LogTargetPlatformManager: Display: Loaded TargetPlatform 'MacNoEditor'
[2026.04.07-23.55.49:099][  0]LogTargetPlatformManager: Display: Loaded TargetPlatform 'Mac'
[2026.04.07-23.55.49:102][  0]LogTargetPlatformManager: Display: Loaded TargetPlatform 'MacClient'
[2026.04.07-23.55.49:104][  0]LogTargetPlatformManager: Display: Loaded TargetPlatform 'MacServer'
[2026.04.07-23.55.49:111][  0]LogTargetPlatformManager: Display: Loaded TargetPlatform 'TVOSClient'
[2026.04.07-23.55.49:111][  0]LogTargetPlatformManager: Display: Loaded TargetPlatform 'TVOS'
[2026.04.07-23.55.49:117][  0]LogTargetPlatformManager: Display: Loaded TargetPlatform 'WindowsNoEditor'
[2026.04.07-23.55.49:120][  0]LogTargetPlatformManager: Display: Loaded TargetPlatform 'Windows'
[2026.04.07-23.55.49:123][  0]LogTargetPlatformManager: Display: Loaded TargetPlatform 'WindowsClient'
[2026.04.07-23.55.49:126][  0]LogTargetPlatformManager: Display: Loaded TargetPlatform 'WindowsServer'
[2026.04.07-23.55.49:126][  0]LogTargetPlatformManager: Display: Building Assets For Windows
[2026.04.07-23.55.49:130][  0]LogAudioDebug: Display: Lib vorbis DLL was dynamically loaded.
[2026.04.07-23.55.49:149][  0]LogTextureFormatOodle: Display: Oodle Texture 2.9.0 init RDO Off
[2026.04.07-23.55.49:170][  0]LogRendererCore: Ray tracing is disabled. Reason: r.RayTracing=0.
[2026.04.07-23.55.49:170][  0]LogShaderCompilers: Guid format shader working directory is -39 characters bigger than the processId version (../../../../../../Users/asus/Desktop/Assign 565/My project/CPSC399_Game/CPSC399Game/Intermediate/Shaders/WorkingDirectory/10748/).
[2026.04.07-23.55.49:170][  0]LogShaderCompilers: Cleaned the shader compiler working directory 'C:/Users/asus/AppData/Local/Temp/UnrealShaderWorkingDir/263DD54B4F55465ACA6E6D999866E42B/'.
[2026.04.07-23.55.49:170][  0]LogXGEController: Cannot use XGE Controller as Incredibuild is not installed on this machine.
[2026.04.07-23.55.49:170][  0]LogShaderCompilers: Cannot use XGE Shader Compiler as Incredibuild is not installed on this machine.
[2026.04.07-23.55.49:170][  0]LogShaderCompilers: Display: Using Local Shader Compiler.
[2026.04.07-23.55.49:697][  0]LogDerivedDataCache: Display: Max Cache Size: 512 MB
[2026.04.07-23.55.49:738][  0]LogDerivedDataCache: Loaded boot cache 0.04s 94MB C:/Users/asus/AppData/Local/UnrealEngine/4.27/DerivedDataCache/Boot.ddc.
[2026.04.07-23.55.49:738][  0]LogDerivedDataCache: Display: Loaded Boot cache: C:/Users/asus/AppData/Local/UnrealEngine/4.27/DerivedDataCache/Boot.ddc
[2026.04.07-23.55.49:738][  0]LogDerivedDataCache: FDerivedDataBackendGraph:  Pak pak cache file ../../../../../../Users/asus/Desktop/Assign 565/My project/CPSC399_Game/CPSC399Game/DerivedDataCache/DDC.ddp not found, will not use a pak cache.
[2026.04.07-23.55.49:738][  0]LogDerivedDataCache: Unable to find inner node Pak for hierarchical cache Hierarchy.
[2026.04.07-23.55.49:738][  0]LogDerivedDataCache: FDerivedDataBackendGraph:  CompressedPak pak cache file ../../../../../../Users/asus/Desktop/Assign 565/My project/CPSC399_Game/CPSC399Game/DerivedDataCache/Compressed.ddp not found, will not use a pak cache.
[2026.04.07-23.55.49:738][  0]LogDerivedDataCache: Unable to find inner node CompressedPak for hierarchical cache Hierarchy.
[2026.04.07-23.55.49:751][  0]LogDerivedDataCache: Display: Pak cache opened for reading ../../../Engine/DerivedDataCache/Compressed.ddp.
[2026.04.07-23.55.49:752][  0]LogDerivedDataCache: FDerivedDataBackendGraph:  EnterprisePak pak cache file ../../../Enterprise/DerivedDataCache/Compressed.ddp not found, will not use a pak cache.
[2026.04.07-23.55.49:752][  0]LogDerivedDataCache: Unable to find inner node EnterprisePak for hierarchical cache Hierarchy.
[2026.04.07-23.55.49:756][  0]LogDerivedDataCache: Speed tests for C:/Users/asus/AppData/Local/UnrealEngine/Common/DerivedDataCache took 0.00 seconds
[2026.04.07-23.55.49:756][  0]LogDerivedDataCache: Display: Performance to C:/Users/asus/AppData/Local/UnrealEngine/Common/DerivedDataCache: Latency=0.02ms. RandomReadSpeed=2094.83MBs, RandomWriteSpeed=235.72MBs. Assigned SpeedClass 'Local'
[2026.04.07-23.55.49:757][  0]LogDerivedDataCache: Using Local data cache path C:/Users/asus/AppData/Local/UnrealEngine/Common/DerivedDataCache: Writable
[2026.04.07-23.55.49:757][  0]LogDerivedDataCache: Shared data cache path not found in *engine.ini, will not use an Shared cache.
[2026.04.07-23.55.49:757][  0]LogDerivedDataCache: Unable to find inner node Shared for hierarchical cache Hierarchy.
[2026.04.07-23.55.49:787][  0]LogSlate: Using FreeType 2.10.0
[2026.04.07-23.55.49:788][  0]LogSlate: SlateFontServices - WITH_FREETYPE: 1, WITH_HARFBUZZ: 1
[2026.04.07-23.55.49:806][  0]LogAssetRegistry: FAssetRegistry took 0.0022 seconds to start up
[2026.04.07-23.55.50:023][  0]LogAssetDataTags: Warning: Bad init magic, archive '../../../../../../Users/asus/Desktop/Assign 565/My project/CPSC399_Game/CPSC399Game/Intermediate/CachedAssetRegistry.bin' is corrupt
[2026.04.07-23.55.50:023][  0]LogInit: Selected Device Profile: [Windows]
[2026.04.07-23.55.50:023][  0]LogInit: Active device profile: [000001F700D70F00][000001F77EC73300 49] Windows
[2026.04.07-23.55.50:023][  0]LogInit: Profiles: [000001F700D70F00][000001F77EC73300 49] Windows, [000001F700D32400][000001F77EC7B480 49] WindowsNoEditor, [000001F700D71F00][000001F77EC7F600 49] WindowsServer, [000001F700D31600][000001F77EC83780 49] WindowsClient, [000001F700D71000][000001F77EC87900 49] IOS, [000001F700D33A00][000001F77EC8BA80 49] iPadAir, [000001F700D73300][000001F77EC8FC00 49] iPadAir2, [000001F700CD5300][000001F77EC96340 49] IPadPro, [000001F700CD5400][000001F77EC92380 49] iPadAir3, [000001F700D30B00][000001F77EC9A500 49] iPadAir4, [000001F700CD6100][000001F77EC9E680 49] iPadMini2, [000001F700D33400][000001F77ECA2800 49] iPadMini3, [000001F700CD6C00][000001F77ECA6980 49] iPadMini4, [000001F700D32700][000001F77ECAAB00 49] iPadMini5, [000001F700D00E00][000001F77F69ED40 49] iPhone6, [000001F700D00F00][000001F77EC76D80 49] iPodTouch6, [000001F700D73700][000001F77F6A6FC0 49] iPhone7, [000001F700D72800][000001F77F6A3000 49] iPodTouch7, [000001F700CD4C00][000001F77F6AF180 49] iPhone5S, [000001F700D71300][000001F77F6B3300 49] iPhone6Plus, [000001F700D70600][000001F77F6B7480 49] iPhone6S, [000001F700D01300][000001F77F6BB600 49] iPhone6SPlus, [000001F700D70B00][000001F77F6BF780 49] iPhone7Plus, [000001F700D01600][000001F77F6C3900 49] iPhoneSE, [000001F700D70A00][000001F77F6C7A80 49] iPhone8, [000001F700D01200][000001F77F6CBC00 49] iPhone8Plus, [000001F700CD6B00][000001F77F6CE200 49] iPhoneX, [000001F700D00C00][000001F77F6D2380 49] iPhoneXS, [000001F700CD7A00][000001F77F6D6500 49] iPhoneXSMax, [000001F700D03800][000001F77F6DA680 49] iPhoneXR, [000001F700CD4D00][000001F77F6DE800 49] iPhone11, [000001F700D02600][000001F77F6E2980 49] iPhone11Pro, [000001F700CD6900][000001F77F6E6B00 49] iPhone11ProMax, [000001F700D00200][000001F77F6EAC80 49] iPhoneSE2, [000001F700CD4B00][000001F77F6AADC0 49] iPhone12Mini, [000001F700D02A00][000001F77F6EEF00 49] iPhone12, [000001F700CD6E00][000001F77F6F3040 49] iPhone12Pro, [000001F700D00A00][000001F77F6F7180 49] iPhone12ProMax, [000001F700CD7200][000001F77F6FF300 49] iPadPro105, [000001F700D03600][000001F77F703480 49] iPadPro129, [000001F700CD6000][000001F77F707600 49] iPadPro97, [000001F700D02000][000001F77F70B780 49] iPadPro2_129, [000001F700CD6400][000001F77F70F900 49] iPad5, [000001F700D01400][000001F77F713A80 49] iPad6, [000001F700CD5000][000001F77F717C00 49] iPad7, [000001F700D01700][000001F77F71A200 49] iPad8, [000001F700CD7C00][000001F77F71E380 49] iPadPro11, [000001F700D01800][000001F77F722500 49] iPadPro2_11, [000001F700CD4600][000001F77F726680 49] iPadPro3_129, [000001F700D00D00][000001F77F72A800 49] iPadPro4_129, [000001F700CD7100][000001F77F72E980 49] AppleTV, [000001F700D00800][000001F77F732B00 49] AppleTV4K, [000001F700CD4500][000001F77F736C80 49] TVOS, [000001F700D00500][000001F77F73AE00 49] Mac, [000001F700CD4700][000001F77F6FAF40 49] MacClient, [000001F700D01500][000001F77F73F080 49] MacNoEditor, [000001F700CD5500][000001F77F7431C0 49] MacServer, [000001F700D02E00][000001F77F747300 49] Linux, [000001F700CD4400][000001F77F74F480 49] LinuxAArch64, [000001F700D01E00][000001F77F753600 49] LinuxNoEditor, [000001F700CD5C00][000001F77F757780 49] LinuxAArch64NoEditor, [000001F700D02900][000001F77F75B900 49] LinuxClient, [000001F700CD6D00][000001F77F75FA80 49] LinuxAArch64Client, [000001F700D00100][000001F77F763C00 49] LinuxServer, [000001F700CD5E00][000001F77F766200 49] LinuxAArch64Server, [000001F700D00B00][000001F77F76A380 49] Android, [000001F700CD5A00][000001F77F76E500 49] Android_Low, [000001F700D02F00][000001F77F772680 49] Android_Mid, [000001F700CD5100][000001F77F776800 49] Android_High, [000001F700D03000][000001F77F77A980 49] Android_Default, [000001F700CD5700][000001F77F77EB00 49] Android_Adreno4xx, [000001F700D01900][000001F77F782C80 49] Android_Adreno5xx_Low, [000001F700CD4A00][000001F77F786E00 49] Android_Adreno5xx, [000001F700D03400][000001F77F78AF80 49] Android_Adreno6xx, [000001F700CD4E00][000001F77F78F100 49] Android_Adreno6xx_Vulkan, [000001F700D03100][000001F77F74B240 49] Android_Mali_T6xx, [000001F700D72F00][000001F77F793380 49] Android_Mali_T7xx, [000001F700D30800][000001F77F7974C0 49] Android_Mali_T8xx, [000001F700D71200][000001F77F79F640 49] Android_Mali_G71, [000001F700D30E00][000001F77F7A37C0 49] Android_Mali_G72, [000001F700D71100][000001F77F7A7940 49] Android_Mali_G72_Vulkan, [000001F700D32500][000001F77F7ABAC0 49] Android_Mali_G76, [000001F700D71500][000001F77F7AE0C0 49] Android_Mali_G76_Vulkan, [000001F700D32000][000001F77F7B2240 49] Android_Mali_G77, [000001F700D73F00][000001F77F7B63C0 49] Android_Mali_G77_Vulkan, [000001F700D31D00][000001F77F7BA540 49] Android_Mali_G78, [000001F700D70300][000001F77F7BE6C0 49] Android_Mali_G78_Vulkan, [000001F700D30400][000001F77F7C2840 49] Android_Mali_G710, [000001F700D73600][000001F77F7C69C0 49] Android_Mali_G710_Vulkan, [000001F700D33100][000001F77F80AB40 49] Android_Vulkan_SM5, [000001F700D70900][000001F77F80ECC0 49] Android_PowerVR_G6xxx, [000001F700D30A00][000001F77F812E40 49] Android_PowerVR_GT7xxx, [000001F700D70D00][000001F77F816FC0 49] Android_PowerVR_GE8xxx, [000001F700D33C00][000001F77F81B140 49] Android_PowerVR_GM9xxx, [000001F700D72300][000001F77F81F2C0 49] Android_PowerVR_GM9xxx_Vulkan, [000001F700D31200][000001F77F79B400 49] Android_TegraK1, [000001F700D72A00][000001F77F823540 49] Android_Unknown_Vulkan, [000001F700D33000][000001F77F827680 49] Lumin, [000001F700D71C00][000001F77F82B7C0 49] Lumin_Desktop, [000001F700D32E00][000001F77F833940 49] HoloLens, 
[2026.04.07-23.55.50:142][  0]LogMeshReduction: Using QuadricMeshReduction for automatic static mesh reduction
[2026.04.07-23.55.50:142][  0]LogMeshReduction: Using SimplygonMeshReduction for automatic skeletal mesh reduction
[2026.04.07-23.55.50:142][  0]LogMeshReduction: Using ProxyLODMeshReduction for automatic mesh merging
[2026.04.07-23.55.50:142][  0]LogMeshReduction: No distributed automatic mesh merging module available
[2026.04.07-23.55.50:142][  0]LogMeshMerging: No distributed automatic mesh merging module available
[2026.04.07-23.55.50:153][  0]LogNetVersion: CPSC399Game 1.0.0, NetCL: 17155196, EngineNetVer: 17, GameNetVer: 0 (Checksum: 2010562307)
[2026.04.07-23.55.50:489][  0]LogTexture: Default maximum texture size for cubemaps generated from long-lat sources has been changed from 512 to unlimited. In order to preserve old behaiour for '/Engine/MapTemplates/Sky/DaylightAmbientCubemap.DaylightAmbientCubemap', its maximum texture size has been explicitly set to 512.
[2026.04.07-23.55.50:542][  0]LogHMD: PokeAHoleMaterial loaded successfully
[2026.04.07-23.55.50:549][  0]LogUObjectArray: 17178 objects as part of root set at end of initial load.
[2026.04.07-23.55.50:549][  0]LogUObjectAllocator: 4302048 out of 0 bytes used by permanent object pool.
[2026.04.07-23.55.50:549][  0]LogUObjectArray: CloseDisregardForGC: 0/0 objects in disregard for GC pool
[2026.04.07-23.55.50:856][  0]LogNiagaraDebuggerClient: Niagara Debugger Client Initialized | Session: 7CD5BC754F4D7870FF0A01AA23E4C03A | Instance: 6494F71D45AFE12C99444591B119FA3F (ARPIT-10748).
[2026.04.07-23.55.50:894][  0]LogPython: Using Python 3.7.7
[2026.04.07-23.55.51:348][  0]LogUdpMessaging: Initializing bridge on interface 0.0.0.0:0 to multicast group 230.0.0.1:6666.
[2026.04.07-23.55.51:354][  0]LogTcpMessaging: Initializing TcpMessaging bridge
[2026.04.07-23.55.51:459][  0]SourceControl: Source control is disabled
[2026.04.07-23.55.51:459][  0]SourceControl: Source control is disabled
[2026.04.07-23.55.51:463][  0]SourceControl: Source control is disabled
[2026.04.07-23.55.51:465][  0]SourceControl: Source control is disabled
[2026.04.07-23.55.51:472][  0]SourceControl: Source control is disabled
[2026.04.07-23.55.51:476][  0]LogUProjectInfo: Found projects:
[2026.04.07-23.55.51:627][  0]LogOpenImageDenoise: OIDN starting up
[2026.04.07-23.55.51:647][  0]LogAndroidPermission: UAndroidPermissionCallbackProxy::GetInstance
[2026.04.07-23.55.51:679][  0]LogAudioCaptureCore: Display: No Audio Capture implementations found. Audio input will be silent.
[2026.04.07-23.55.51:679][  0]LogAudioCaptureCore: Display: No Audio Capture implementations found. Audio input will be silent.
[2026.04.07-23.55.51:743][  0]LogCollectionManager: Loaded 0 collections in 0.001111 seconds
[2026.04.07-23.55.51:761][  0]LogFileCache: Scanning file cache for directory 'C:/Users/asus/Desktop/Assign 565/My project/CPSC399_Game/CPSC399Game/Saved/Collections/' took 0.00s
[2026.04.07-23.55.51:761][  0]LogFileCache: Scanning file cache for directory 'C:/Users/asus/Desktop/Assign 565/My project/CPSC399_Game/CPSC399Game/Content/Developers/asus/Collections/' took 0.00s
[2026.04.07-23.55.51:761][  0]LogFileCache: Scanning file cache for directory 'C:/Users/asus/Desktop/Assign 565/My project/CPSC399_Game/CPSC399Game/Content/Collections/' took 0.00s
[2026.04.07-23.55.51:761][  0]LogOcInput: OculusInput pre-init called
[2026.04.07-23.55.51:926][  0]LogEngine: Initializing Engine...
[2026.04.07-23.55.51:937][  0]LogHMD: Failed to enumerate extensions. Please check that you have a valid OpenXR runtime installed.
[2026.04.07-23.55.51:938][  0]LogHMD: Failed to initialize OpenVR with code 110
[2026.04.07-23.55.51:938][  0]LogMagicLeap: Warning: VR disabled because ZI is not enabled.  To enable, in the editor, Edit -> Project Settings -> Plugins -> Magic Leap Plugin -> Enable Zero Iteration
[2026.04.07-23.55.51:938][  0]LogStats: UGameplayTagsManager::InitializeManager -  0.000 s
[2026.04.07-23.55.52:021][  0]LogInit: Initializing FReadOnlyCVARCache
[2026.04.07-23.55.52:027][  0]LogAIModule: Creating AISystem for world Untitled
[2026.04.07-23.55.52:030][  0]LogAudio: Display: Initializing Audio Device Manager...
[2026.04.07-23.55.52:033][  0]LogAudio: Display: Loading Default Audio Settings Objects...
[2026.04.07-23.55.52:033][  0]LogAudio: Display: No default SoundConcurrencyObject specified (or failed to load).
[2026.04.07-23.55.52:034][  0]LogAudio: Display: Audio Device Manager Initialized
[2026.04.07-23.55.52:034][  0]LogAudio: Display: Creating Audio Device:                 Id: 1, Scope: Shared, Realtime: True
[2026.04.07-23.55.52:034][  0]LogAudioMixer: Display: Audio Mixer Platform Settings:
[2026.04.07-23.55.52:034][  0]LogAudioMixer: Display: 	Sample Rate:						  48000
[2026.04.07-23.55.52:034][  0]LogAudioMixer: Display: 	Callback Buffer Frame Size Requested: 1024
[2026.04.07-23.55.52:034][  0]LogAudioMixer: Display: 	Callback Buffer Frame Size To Use:	  1024
[2026.04.07-23.55.52:034][  0]LogAudioMixer: Display: 	Number of buffers to queue:			  2
[2026.04.07-23.55.52:034][  0]LogAudioMixer: Display: 	Max Channels (voices):				  32
[2026.04.07-23.55.52:034][  0]LogAudioMixer: Display: 	Number of Async Source Workers:		  0
[2026.04.07-23.55.52:034][  0]LogAudio: Display: AudioDevice MaxSources: 32
[2026.04.07-23.55.52:034][  0]LogAudio: Display: Audio Spatialization Plugin: None (built-in).
[2026.04.07-23.55.52:034][  0]LogAudio: Display: Audio Reverb Plugin: None (built-in).
[2026.04.07-23.55.52:034][  0]LogAudio: Display: Audio Occlusion Plugin: None (built-in).
[2026.04.07-23.55.52:034][  0]LogAudioMixer: Display: Initializing audio mixer.
[2026.04.07-23.55.52:044][  0]LogAudioMixer: Display: 0: FrontLeft
[2026.04.07-23.55.52:044][  0]LogAudioMixer: Display: 1: FrontRight
[2026.04.07-23.55.52:114][  0]LogAudioMixer: Display: Using Audio Device Speakers (C-Media(R) Audio)
[2026.04.07-23.55.52:116][  0]LogAudioMixer: Display: Initializing Sound Submixes...
[2026.04.07-23.55.52:118][  0]LogAudioMixer: Display: Creating Master Submix 'MasterSubmixDefault'
[2026.04.07-23.55.52:118][  0]LogAudioMixer: Display: Creating Master Submix 'MasterReverbSubmixDefault'
[2026.04.07-23.55.52:119][  0]LogAudioMixer: Display: Creating Master Submix 'MasterEQSubmixDefault'
[2026.04.07-23.55.52:119][  0]LogAudioMixer: FMixerPlatformXAudio2::StartAudioStream() called
[2026.04.07-23.55.52:119][  0]LogAudioMixer: Display: Output buffers initialized: Frames=1024, Channels=2, Samples=2048
[2026.04.07-23.55.52:120][  0]LogAudioMixer: Display: Starting AudioMixerPlatformInterface::RunInternal()
[2026.04.07-23.55.52:120][  0]LogAudioMixer: Display: FMixerPlatformXAudio2::SubmitBuffer() called for the first time
[2026.04.07-23.55.52:120][  0]LogInit: FAudioDevice initialized.
[2026.04.07-23.55.52:120][  0]LogAudio: Display: Audio Device (ID: 1) registered with world 'Untitled'.
[2026.04.07-23.55.52:120][  0]LogNetVersion: Set ProjectVersion to 1.0.0.0. Version Checksum will be recalculated on next use.
[2026.04.07-23.55.52:204][  0]LogDerivedDataCache: Saved boot cache 0.08s 94MB C:/Users/asus/AppData/Local/UnrealEngine/4.27/DerivedDataCache/Boot.ddc.
[2026.04.07-23.55.52:204][  0]LogInit: Texture streaming: Enabled
[2026.04.07-23.55.52:214][  0]LogAnalytics: Display: [UEEditor.Rocket.Release] APIServer = https://datarouter.ol.epicgames.com/. AppVersion = 4.27.2-18319896+++UE4+Release-4.27
[2026.04.07-23.55.52:220][  0]LogEngineSessionManager: EngineSessionManager initialized
[2026.04.07-23.55.52:220][  0]LogEditorSessionSummary: Verbose: Initializing EditorSessionSummaryWriter for editor session tracking
[2026.04.07-23.55.52:222][  0]LogEditorSessionSummary: EditorSessionSummaryWriter initialized
[2026.04.07-23.55.52:242][  0]LogInit: Transaction tracking system initialized
[2026.04.07-23.55.52:258][  0]BlueprintLog: New page: Editor Load
[2026.04.07-23.55.52:301][  0]LocalizationService: Localization service is disabled
[2026.04.07-23.55.52:318][  0]TimingProfiler: Initialize
[2026.04.07-23.55.52:318][  0]TimingProfiler: OnSessionChanged
[2026.04.07-23.55.52:318][  0]LoadingProfiler: Initialize
[2026.04.07-23.55.52:318][  0]LoadingProfiler: OnSessionChanged
[2026.04.07-23.55.52:318][  0]NetworkingProfiler: Initialize
[2026.04.07-23.55.52:318][  0]NetworkingProfiler: OnSessionChanged
[2026.04.07-23.55.52:318][  0]MemoryProfiler: Initialize
[2026.04.07-23.55.52:318][  0]MemoryProfiler: OnSessionChanged
[2026.04.07-23.55.52:416][  0]LogCook: Display: CookSettings for Memory: MemoryMaxUsedVirtual 0MiB, MemoryMaxUsedPhysical 16384MiB, MemoryMinFreeVirtual 0MiB, MemoryMinFreePhysical 1024MiB
[2026.04.07-23.55.52:416][  0]LogCook: Display: Mobile HDR setting 1
[2026.04.07-23.55.52:544][  0]LogFileCache: Scanning file cache for directory 'C:/Users/asus/Desktop/Assign 565/My project/CPSC399_Game/CPSC399Game/Content/' took 0.00s
[2026.04.07-23.55.52:667][  0]LogInit: Display: Engine is initialized. Leaving FEngineLoop::Init()
[2026.04.07-23.55.52:669][  0]SourceControl: Source control is disabled
[2026.04.07-23.55.52:669][  0]LogUnrealEdMisc: Loading editor; pre map load, took 5.197
[2026.04.07-23.55.52:669][  0]Cmd: MAP LOAD FILE="../../../../../../Users/asus/Desktop/Assign 565/My project/CPSC399_Game/CPSC399Game/Content/ThirdPersonBP/Maps/ThirdPersonExampleMap.umap" TEMPLATE=0 SHOWPROGRESS=1 FEATURELEVEL=3
[2026.04.07-23.55.52:669][  0]LightingResults: New page: Lighting Build
[2026.04.07-23.55.52:671][  0]LogWorld: UWorld::CleanupWorld for Untitled, bSessionEnded=true, bCleanupResources=true
[2026.04.07-23.55.52:671][  0]LogSlate: InvalidateAllWidgets triggered.  All widgets were invalidated
[2026.04.07-23.55.52:671][  0]MapCheck: New page: Map Check
[2026.04.07-23.55.52:671][  0]LightingResults: New page: Lighting Build
[2026.04.07-23.55.52:675][  0]LogAudio: Display: Audio Device unregistered from world 'None'.
[2026.04.07-23.55.52:677][  0]LogUObjectHash: Compacting FUObjectHashTables data took   0.52ms
[2026.04.07-23.55.53:010][  0]LogAudio: Display: Audio Device (ID: 1) registered with world 'ThirdPersonExampleMap'.
[2026.04.07-23.55.53:010][  0]LogAIModule: Creating AISystem for world ThirdPersonExampleMap
[2026.04.07-23.55.53:024][  0]LogEditorServer: Finished looking for orphan Actors (0.000 secs)
[2026.04.07-23.55.53:030][  0]LogUObjectHash: Compacting FUObjectHashTables data took   0.59ms
[2026.04.07-23.55.53:030][  0]Cmd: MAP CHECKDEP NOCLEARLOG
[2026.04.07-23.55.53:031][  0]MapCheck: Map check complete: 0 Error(s), 0 Warning(s), took 0.139ms to complete.
[2026.04.07-23.55.53:031][  0]LogFileHelpers: Loading map 'ThirdPersonExampleMap' took 0.361
[2026.04.07-23.55.53:033][  0]LogUnrealEdMisc: Total Editor Startup Time, took 5.561
[2026.04.07-23.55.53:160][  0]LogSlate: Updating window title bar state: overlay mode, drag disabled, window buttons hidden, title bar hidden
[2026.04.07-23.55.53:164][  0]LogSlate: Updating window title bar state: overlay mode, drag disabled, window buttons hidden, title bar hidden
[2026.04.07-23.55.53:168][  0]LogSlate: Updating window title bar state: overlay mode, drag disabled, window buttons hidden, title bar hidden
[2026.04.07-23.55.53:172][  0]LogSlate: Updating window title bar state: overlay mode, drag disabled, window buttons hidden, title bar hidden
[2026.04.07-23.55.53:192][  0]LogNativeClassHierarchy: Verbose: Native class hierarchy populated in 0.0067 seconds. Added 3823 classes and 930 folders.
[2026.04.07-23.55.53:196][  0]LogNativeClassHierarchy: Verbose: Native class hierarchy updated for 'WidgetCarousel' in 0.0002 seconds. Added 0 classes and 0 folders.
[2026.04.07-23.55.53:208][  0]LogPakFile: PakFile PrimaryIndexSize=187
[2026.04.07-23.55.53:208][  0]LogPakFile: PakFile PathHashIndexSize=101
[2026.04.07-23.55.53:208][  0]LogPakFile: PakFile FullDirectoryIndexSize=148
[2026.04.07-23.55.53:208][  0]LogShaderLibrary: Display: ShaderCodeLibraryPakFileMountedCallback: PakFile 'C:/Program Files/Epic Games/UE_4.27/FeaturePacks/FP_FirstPerson.upack' (chunk index -1, root 'root:/') mounted
[2026.04.07-23.55.53:208][  0]LogShaderLibrary: Display: ShaderCodeLibraryPakFileMountedCallback: pending pak file info (ChunkID:-1 Root:root:/ File:C:/Program Files/Epic Games/UE_4.27/FeaturePacks/FP_FirstPerson.upack)
[2026.04.07-23.55.53:208][  0]LogPakFile: OnPakFileMounted2Time == 0.000043
[2026.04.07-23.55.53:218][  0]LogPakFile: PakFile PrimaryIndexSize=189
[2026.04.07-23.55.53:218][  0]LogPakFile: PakFile PathHashIndexSize=101
[2026.04.07-23.55.53:218][  0]LogPakFile: PakFile FullDirectoryIndexSize=152
[2026.04.07-23.55.53:218][  0]LogShaderLibrary: Display: ShaderCodeLibraryPakFileMountedCallback: PakFile 'C:/Program Files/Epic Games/UE_4.27/FeaturePacks/FP_FirstPersonBP.upack' (chunk index -1, root 'root:/') mounted
[2026.04.07-23.55.53:218][  0]LogShaderLibrary: Display: ShaderCodeLibraryPakFileMountedCallback: pending pak file info (ChunkID:-1 Root:root:/ File:C:/Program Files/Epic Games/UE_4.27/FeaturePacks/FP_FirstPersonBP.upack)
[2026.04.07-23.55.53:218][  0]LogPakFile: OnPakFileMounted2Time == 0.000034
[2026.04.07-23.55.53:226][  0]LogPakFile: PakFile PrimaryIndexSize=191
[2026.04.07-23.55.53:226][  0]LogPakFile: PakFile PathHashIndexSize=101
[2026.04.07-23.55.53:226][  0]LogPakFile: PakFile FullDirectoryIndexSize=160
[2026.04.07-23.55.53:226][  0]LogShaderLibrary: Display: ShaderCodeLibraryPakFileMountedCallback: PakFile 'C:/Program Files/Epic Games/UE_4.27/FeaturePacks/MobileStarterContent.upack' (chunk index -1, root 'root:/') mounted
[2026.04.07-23.55.53:226][  0]LogShaderLibrary: Display: ShaderCodeLibraryPakFileMountedCallback: pending pak file info (ChunkID:-1 Root:root:/ File:C:/Program Files/Epic Games/UE_4.27/FeaturePacks/MobileStarterContent.upack)
[2026.04.07-23.55.53:226][  0]LogPakFile: OnPakFileMounted2Time == 0.000031
[2026.04.07-23.55.53:232][  0]LogPakFile: PakFile PrimaryIndexSize=185
[2026.04.07-23.55.53:232][  0]LogPakFile: PakFile PathHashIndexSize=101
[2026.04.07-23.55.53:232][  0]LogPakFile: PakFile FullDirectoryIndexSize=148
[2026.04.07-23.55.53:232][  0]LogShaderLibrary: Display: ShaderCodeLibraryPakFileMountedCallback: PakFile 'C:/Program Files/Epic Games/UE_4.27/FeaturePacks/StarterContent.upack' (chunk index -1, root 'root:/') mounted
[2026.04.07-23.55.53:232][  0]LogShaderLibrary: Display: ShaderCodeLibraryPakFileMountedCallback: pending pak file info (ChunkID:-1 Root:root:/ File:C:/Program Files/Epic Games/UE_4.27/FeaturePacks/StarterContent.upack)
[2026.04.07-23.55.53:232][  0]LogPakFile: OnPakFileMounted2Time == 0.000058
[2026.04.07-23.55.53:240][  0]LogPakFile: PakFile PrimaryIndexSize=190
[2026.04.07-23.55.53:240][  0]LogPakFile: PakFile PathHashIndexSize=101
[2026.04.07-23.55.53:240][  0]LogPakFile: PakFile FullDirectoryIndexSize=154
[2026.04.07-23.55.53:240][  0]LogShaderLibrary: Display: ShaderCodeLibraryPakFileMountedCallback: PakFile 'C:/Program Files/Epic Games/UE_4.27/FeaturePacks/TP_2DSideScroller.upack' (chunk index -1, root 'root:/') mounted
[2026.04.07-23.55.53:240][  0]LogShaderLibrary: Display: ShaderCodeLibraryPakFileMountedCallback: pending pak file info (ChunkID:-1 Root:root:/ File:C:/Program Files/Epic Games/UE_4.27/FeaturePacks/TP_2DSideScroller.upack)
[2026.04.07-23.55.53:240][  0]LogPakFile: OnPakFileMounted2Time == 0.000046
[2026.04.07-23.55.53:246][  0]LogPakFile: PakFile PrimaryIndexSize=192
[2026.04.07-23.55.53:246][  0]LogPakFile: PakFile PathHashIndexSize=101
[2026.04.07-23.55.53:246][  0]LogPakFile: PakFile FullDirectoryIndexSize=158
[2026.04.07-23.55.53:246][  0]LogShaderLibrary: Display: ShaderCodeLibraryPakFileMountedCallback: PakFile 'C:/Program Files/Epic Games/UE_4.27/FeaturePacks/TP_2DSideScrollerBP.upack' (chunk index -1, root 'root:/') mounted
[2026.04.07-23.55.53:246][  0]LogShaderLibrary: Display: ShaderCodeLibraryPakFileMountedCallback: pending pak file info (ChunkID:-1 Root:root:/ File:C:/Program Files/Epic Games/UE_4.27/FeaturePacks/TP_2DSideScrollerBP.upack)
[2026.04.07-23.55.53:246][  0]LogPakFile: OnPakFileMounted2Time == 0.000028
[2026.04.07-23.55.53:252][  0]LogPakFile: PakFile PrimaryIndexSize=182
[2026.04.07-23.55.53:252][  0]LogPakFile: PakFile PathHashIndexSize=101
[2026.04.07-23.55.53:252][  0]LogPakFile: PakFile FullDirectoryIndexSize=138
[2026.04.07-23.55.53:252][  0]LogShaderLibrary: Display: ShaderCodeLibraryPakFileMountedCallback: PakFile 'C:/Program Files/Epic Games/UE_4.27/FeaturePacks/TP_Flying.upack' (chunk index -1, root 'root:/') mounted
[2026.04.07-23.55.53:252][  0]LogShaderLibrary: Display: ShaderCodeLibraryPakFileMountedCallback: pending pak file info (ChunkID:-1 Root:root:/ File:C:/Program Files/Epic Games/UE_4.27/FeaturePacks/TP_Flying.upack)
[2026.04.07-23.55.53:252][  0]LogPakFile: OnPakFileMounted2Time == 0.000032
[2026.04.07-23.55.53:259][  0]LogPakFile: PakFile PrimaryIndexSize=184
[2026.04.07-23.55.53:259][  0]LogPakFile: PakFile PathHashIndexSize=101
[2026.04.07-23.55.53:259][  0]LogPakFile: PakFile FullDirectoryIndexSize=142
[2026.04.07-23.55.53:259][  0]LogShaderLibrary: Display: ShaderCodeLibraryPakFileMountedCallback: PakFile 'C:/Program Files/Epic Games/UE_4.27/FeaturePacks/TP_FlyingBP.upack' (chunk index -1, root 'root:/') mounted
[2026.04.07-23.55.53:259][  0]LogShaderLibrary: Display: ShaderCodeLibraryPakFileMountedCallback: pending pak file info (ChunkID:-1 Root:root:/ File:C:/Program Files/Epic Games/UE_4.27/FeaturePacks/TP_FlyingBP.upack)
[2026.04.07-23.55.53:259][  0]LogPakFile: OnPakFileMounted2Time == 0.000030
[2026.04.07-23.55.53:265][  0]LogPakFile: PakFile PrimaryIndexSize=188
[2026.04.07-23.55.53:265][  0]LogPakFile: PakFile PathHashIndexSize=101
[2026.04.07-23.55.53:265][  0]LogPakFile: PakFile FullDirectoryIndexSize=150
[2026.04.07-23.55.53:265][  0]LogShaderLibrary: Display: ShaderCodeLibraryPakFileMountedCallback: PakFile 'C:/Program Files/Epic Games/UE_4.27/FeaturePacks/TP_HandheldARBP.upack' (chunk index -1, root 'root:/') mounted
[2026.04.07-23.55.53:265][  0]LogShaderLibrary: Display: ShaderCodeLibraryPakFileMountedCallback: pending pak file info (ChunkID:-1 Root:root:/ File:C:/Program Files/Epic Games/UE_4.27/FeaturePacks/TP_HandheldARBP.upack)
[2026.04.07-23.55.53:265][  0]LogPakFile: OnPakFileMounted2Time == 0.000028
[2026.04.07-23.55.53:274][  0]LogPakFile: PakFile PrimaryIndexSize=182
[2026.04.07-23.55.53:274][  0]LogPakFile: PakFile PathHashIndexSize=101
[2026.04.07-23.55.53:274][  0]LogPakFile: PakFile FullDirectoryIndexSize=138
[2026.04.07-23.55.53:274][  0]LogShaderLibrary: Display: ShaderCodeLibraryPakFileMountedCallback: PakFile 'C:/Program Files/Epic Games/UE_4.27/FeaturePacks/TP_Puzzle.upack' (chunk index -1, root 'root:/') mounted
[2026.04.07-23.55.53:274][  0]LogShaderLibrary: Display: ShaderCodeLibraryPakFileMountedCallback: pending pak file info (ChunkID:-1 Root:root:/ File:C:/Program Files/Epic Games/UE_4.27/FeaturePacks/TP_Puzzle.upack)
[2026.04.07-23.55.53:274][  0]LogPakFile: OnPakFileMounted2Time == 0.000031
[2026.04.07-23.55.53:289][  0]LogPakFile: PakFile PrimaryIndexSize=184
[2026.04.07-23.55.53:289][  0]LogPakFile: PakFile PathHashIndexSize=101
[2026.04.07-23.55.53:289][  0]LogPakFile: PakFile FullDirectoryIndexSize=142
[2026.04.07-23.55.53:289][  0]LogShaderLibrary: Display: ShaderCodeLibraryPakFileMountedCallback: PakFile 'C:/Program Files/Epic Games/UE_4.27/FeaturePacks/TP_PuzzleBP.upack' (chunk index -1, root 'root:/') mounted
[2026.04.07-23.55.53:289][  0]LogShaderLibrary: Display: ShaderCodeLibraryPakFileMountedCallback: pending pak file info (ChunkID:-1 Root:root:/ File:C:/Program Files/Epic Games/UE_4.27/FeaturePacks/TP_PuzzleBP.upack)
[2026.04.07-23.55.53:289][  0]LogPakFile: OnPakFileMounted2Time == 0.000030
[2026.04.07-23.55.53:300][  0]LogPakFile: PakFile PrimaryIndexSize=183
[2026.04.07-23.55.53:300][  0]LogPakFile: PakFile PathHashIndexSize=101
[2026.04.07-23.55.53:300][  0]LogPakFile: PakFile FullDirectoryIndexSize=140
[2026.04.07-23.55.53:300][  0]LogShaderLibrary: Display: ShaderCodeLibraryPakFileMountedCallback: PakFile 'C:/Program Files/Epic Games/UE_4.27/FeaturePacks/TP_Rolling.upack' (chunk index -1, root 'root:/') mounted
[2026.04.07-23.55.53:300][  0]LogShaderLibrary: Display: ShaderCodeLibraryPakFileMountedCallback: pending pak file info (ChunkID:-1 Root:root:/ File:C:/Program Files/Epic Games/UE_4.27/FeaturePacks/TP_Rolling.upack)
[2026.04.07-23.55.53:300][  0]LogPakFile: OnPakFileMounted2Time == 0.000030
[2026.04.07-23.55.53:307][  0]LogPakFile: PakFile PrimaryIndexSize=185
[2026.04.07-23.55.53:307][  0]LogPakFile: PakFile PathHashIndexSize=101
[2026.04.07-23.55.53:307][  0]LogPakFile: PakFile FullDirectoryIndexSize=144
[2026.04.07-23.55.53:307][  0]LogShaderLibrary: Display: ShaderCodeLibraryPakFileMountedCallback: PakFile 'C:/Program Files/Epic Games/UE_4.27/FeaturePacks/TP_RollingBP.upack' (chunk index -1, root 'root:/') mounted
[2026.04.07-23.55.53:307][  0]LogShaderLibrary: Display: ShaderCodeLibraryPakFileMountedCallback: pending pak file info (ChunkID:-1 Root:root:/ File:C:/Program Files/Epic Games/UE_4.27/FeaturePacks/TP_RollingBP.upack)
[2026.04.07-23.55.53:307][  0]LogPakFile: OnPakFileMounted2Time == 0.000032
[2026.04.07-23.55.53:313][  0]LogPakFile: PakFile PrimaryIndexSize=188
[2026.04.07-23.55.53:313][  0]LogPakFile: PakFile PathHashIndexSize=101
[2026.04.07-23.55.53:313][  0]LogPakFile: PakFile FullDirectoryIndexSize=150
[2026.04.07-23.55.53:313][  0]LogShaderLibrary: Display: ShaderCodeLibraryPakFileMountedCallback: PakFile 'C:/Program Files/Epic Games/UE_4.27/FeaturePacks/TP_SideScroller.upack' (chunk index -1, root 'root:/') mounted
[2026.04.07-23.55.53:313][  0]LogShaderLibrary: Display: ShaderCodeLibraryPakFileMountedCallback: pending pak file info (ChunkID:-1 Root:root:/ File:C:/Program Files/Epic Games/UE_4.27/FeaturePacks/TP_SideScroller.upack)
[2026.04.07-23.55.53:313][  0]LogPakFile: OnPakFileMounted2Time == 0.000030
[2026.04.07-23.55.53:319][  0]LogPakFile: PakFile PrimaryIndexSize=190
[2026.04.07-23.55.53:319][  0]LogPakFile: PakFile PathHashIndexSize=101
[2026.04.07-23.55.53:319][  0]LogPakFile: PakFile FullDirectoryIndexSize=154
[2026.04.07-23.55.53:319][  0]LogShaderLibrary: Display: ShaderCodeLibraryPakFileMountedCallback: PakFile 'C:/Program Files/Epic Games/UE_4.27/FeaturePacks/TP_SideScrollerBP.upack' (chunk index -1, root 'root:/') mounted
[2026.04.07-23.55.53:319][  0]LogShaderLibrary: Display: ShaderCodeLibraryPakFileMountedCallback: pending pak file info (ChunkID:-1 Root:root:/ File:C:/Program Files/Epic Games/UE_4.27/FeaturePacks/TP_SideScrollerBP.upack)
[2026.04.07-23.55.53:319][  0]LogPakFile: OnPakFileMounted2Time == 0.000033
[2026.04.07-23.55.53:326][  0]LogPakFile: PakFile PrimaryIndexSize=187
[2026.04.07-23.55.53:326][  0]LogPakFile: PakFile PathHashIndexSize=101
[2026.04.07-23.55.53:326][  0]LogPakFile: PakFile FullDirectoryIndexSize=148
[2026.04.07-23.55.53:326][  0]LogShaderLibrary: Display: ShaderCodeLibraryPakFileMountedCallback: PakFile 'C:/Program Files/Epic Games/UE_4.27/FeaturePacks/TP_ThirdPerson.upack' (chunk index -1, root 'root:/') mounted
[2026.04.07-23.55.53:326][  0]LogShaderLibrary: Display: ShaderCodeLibraryPakFileMountedCallback: pending pak file info (ChunkID:-1 Root:root:/ File:C:/Program Files/Epic Games/UE_4.27/FeaturePacks/TP_ThirdPerson.upack)
[2026.04.07-23.55.53:326][  0]LogPakFile: OnPakFileMounted2Time == 0.000032
[2026.04.07-23.55.53:332][  0]LogPakFile: PakFile PrimaryIndexSize=189
[2026.04.07-23.55.53:332][  0]LogPakFile: PakFile PathHashIndexSize=101
[2026.04.07-23.55.53:332][  0]LogPakFile: PakFile FullDirectoryIndexSize=152
[2026.04.07-23.55.53:332][  0]LogShaderLibrary: Display: ShaderCodeLibraryPakFileMountedCallback: PakFile 'C:/Program Files/Epic Games/UE_4.27/FeaturePacks/TP_ThirdPersonBP.upack' (chunk index -1, root 'root:/') mounted
[2026.04.07-23.55.53:332][  0]LogShaderLibrary: Display: ShaderCodeLibraryPakFileMountedCallback: pending pak file info (ChunkID:-1 Root:root:/ File:C:/Program Files/Epic Games/UE_4.27/FeaturePacks/TP_ThirdPersonBP.upack)
[2026.04.07-23.55.53:332][  0]LogPakFile: OnPakFileMounted2Time == 0.000028
[2026.04.07-23.55.53:339][  0]LogPakFile: PakFile PrimaryIndexSize=183
[2026.04.07-23.55.53:339][  0]LogPakFile: PakFile PathHashIndexSize=101
[2026.04.07-23.55.53:339][  0]LogPakFile: PakFile FullDirectoryIndexSize=140
[2026.04.07-23.55.53:339][  0]LogShaderLibrary: Display: ShaderCodeLibraryPakFileMountedCallback: PakFile 'C:/Program Files/Epic Games/UE_4.27/FeaturePacks/TP_TopDown.upack' (chunk index -1, root 'root:/') mounted
[2026.04.07-23.55.53:339][  0]LogShaderLibrary: Display: ShaderCodeLibraryPakFileMountedCallback: pending pak file info (ChunkID:-1 Root:root:/ File:C:/Program Files/Epic Games/UE_4.27/FeaturePacks/TP_TopDown.upack)
[2026.04.07-23.55.53:339][  0]LogPakFile: OnPakFileMounted2Time == 0.000040
[2026.04.07-23.55.53:344][  0]LogPakFile: PakFile PrimaryIndexSize=185
[2026.04.07-23.55.53:344][  0]LogPakFile: PakFile PathHashIndexSize=101
[2026.04.07-23.55.53:344][  0]LogPakFile: PakFile FullDirectoryIndexSize=144
[2026.04.07-23.55.53:344][  0]LogShaderLibrary: Display: ShaderCodeLibraryPakFileMountedCallback: PakFile 'C:/Program Files/Epic Games/UE_4.27/FeaturePacks/TP_TopDownBP.upack' (chunk index -1, root 'root:/') mounted
[2026.04.07-23.55.53:344][  0]LogShaderLibrary: Display: ShaderCodeLibraryPakFileMountedCallback: pending pak file info (ChunkID:-1 Root:root:/ File:C:/Program Files/Epic Games/UE_4.27/FeaturePacks/TP_TopDownBP.upack)
[2026.04.07-23.55.53:344][  0]LogPakFile: OnPakFileMounted2Time == 0.000027
[2026.04.07-23.55.53:353][  0]LogPakFile: PakFile PrimaryIndexSize=185
[2026.04.07-23.55.53:353][  0]LogPakFile: PakFile PathHashIndexSize=101
[2026.04.07-23.55.53:353][  0]LogPakFile: PakFile FullDirectoryIndexSize=144
[2026.04.07-23.55.53:353][  0]LogShaderLibrary: Display: ShaderCodeLibraryPakFileMountedCallback: PakFile 'C:/Program Files/Epic Games/UE_4.27/FeaturePacks/TP_TwinStick.upack' (chunk index -1, root 'root:/') mounted
[2026.04.07-23.55.53:353][  0]LogShaderLibrary: Display: ShaderCodeLibraryPakFileMountedCallback: pending pak file info (ChunkID:-1 Root:root:/ File:C:/Program Files/Epic Games/UE_4.27/FeaturePacks/TP_TwinStick.upack)
[2026.04.07-23.55.53:353][  0]LogPakFile: OnPakFileMounted2Time == 0.000029
[2026.04.07-23.55.53:358][  0]LogPakFile: PakFile PrimaryIndexSize=187
[2026.04.07-23.55.53:358][  0]LogPakFile: PakFile PathHashIndexSize=101
[2026.04.07-23.55.53:358][  0]LogPakFile: PakFile FullDirectoryIndexSize=148
[2026.04.07-23.55.53:358][  0]LogShaderLibrary: Display: ShaderCodeLibraryPakFileMountedCallback: PakFile 'C:/Program Files/Epic Games/UE_4.27/FeaturePacks/TP_TwinStickBP.upack' (chunk index -1, root 'root:/') mounted
[2026.04.07-23.55.53:358][  0]LogShaderLibrary: Display: ShaderCodeLibraryPakFileMountedCallback: pending pak file info (ChunkID:-1 Root:root:/ File:C:/Program Files/Epic Games/UE_4.27/FeaturePacks/TP_TwinStickBP.upack)
[2026.04.07-23.55.53:358][  0]LogPakFile: OnPakFileMounted2Time == 0.000028
[2026.04.07-23.55.53:365][  0]LogPakFile: PakFile PrimaryIndexSize=183
[2026.04.07-23.55.53:365][  0]LogPakFile: PakFile PathHashIndexSize=101
[2026.04.07-23.55.53:365][  0]LogPakFile: PakFile FullDirectoryIndexSize=140
[2026.04.07-23.55.53:365][  0]LogShaderLibrary: Display: ShaderCodeLibraryPakFileMountedCallback: PakFile 'C:/Program Files/Epic Games/UE_4.27/FeaturePacks/TP_Vehicle.upack' (chunk index -1, root 'root:/') mounted
[2026.04.07-23.55.53:365][  0]LogShaderLibrary: Display: ShaderCodeLibraryPakFileMountedCallback: pending pak file info (ChunkID:-1 Root:root:/ File:C:/Program Files/Epic Games/UE_4.27/FeaturePacks/TP_Vehicle.upack)
[2026.04.07-23.55.53:365][  0]LogPakFile: OnPakFileMounted2Time == 0.000029
[2026.04.07-23.55.53:371][  0]LogPakFile: PakFile PrimaryIndexSize=186
[2026.04.07-23.55.53:371][  0]LogPakFile: PakFile PathHashIndexSize=101
[2026.04.07-23.55.53:371][  0]LogPakFile: PakFile FullDirectoryIndexSize=146
[2026.04.07-23.55.53:371][  0]LogShaderLibrary: Display: ShaderCodeLibraryPakFileMountedCallback: PakFile 'C:/Program Files/Epic Games/UE_4.27/FeaturePacks/TP_VehicleAdv.upack' (chunk index -1, root 'root:/') mounted
[2026.04.07-23.55.53:371][  0]LogShaderLibrary: Display: ShaderCodeLibraryPakFileMountedCallback: pending pak file info (ChunkID:-1 Root:root:/ File:C:/Program Files/Epic Games/UE_4.27/FeaturePacks/TP_VehicleAdv.upack)
[2026.04.07-23.55.53:371][  0]LogPakFile: OnPakFileMounted2Time == 0.000028
[2026.04.07-23.55.53:377][  0]LogPakFile: PakFile PrimaryIndexSize=188
[2026.04.07-23.55.53:377][  0]LogPakFile: PakFile PathHashIndexSize=101
[2026.04.07-23.55.53:377][  0]LogPakFile: PakFile FullDirectoryIndexSize=150
[2026.04.07-23.55.53:377][  0]LogShaderLibrary: Display: ShaderCodeLibraryPakFileMountedCallback: PakFile 'C:/Program Files/Epic Games/UE_4.27/FeaturePacks/TP_VehicleAdvBP.upack' (chunk index -1, root 'root:/') mounted
[2026.04.07-23.55.53:377][  0]LogShaderLibrary: Display: ShaderCodeLibraryPakFileMountedCallback: pending pak file info (ChunkID:-1 Root:root:/ File:C:/Program Files/Epic Games/UE_4.27/FeaturePacks/TP_VehicleAdvBP.upack)
[2026.04.07-23.55.53:377][  0]LogPakFile: OnPakFileMounted2Time == 0.000027
[2026.04.07-23.55.53:383][  0]LogPakFile: PakFile PrimaryIndexSize=185
[2026.04.07-23.55.53:383][  0]LogPakFile: PakFile PathHashIndexSize=101
[2026.04.07-23.55.53:383][  0]LogPakFile: PakFile FullDirectoryIndexSize=144
[2026.04.07-23.55.53:383][  0]LogShaderLibrary: Display: ShaderCodeLibraryPakFileMountedCallback: PakFile 'C:/Program Files/Epic Games/UE_4.27/FeaturePacks/TP_VehicleBP.upack' (chunk index -1, root 'root:/') mounted
[2026.04.07-23.55.53:383][  0]LogShaderLibrary: Display: ShaderCodeLibraryPakFileMountedCallback: pending pak file info (ChunkID:-1 Root:root:/ File:C:/Program Files/Epic Games/UE_4.27/FeaturePacks/TP_VehicleBP.upack)
[2026.04.07-23.55.53:383][  0]LogPakFile: OnPakFileMounted2Time == 0.000030
[2026.04.07-23.55.53:388][  0]LogPakFile: PakFile PrimaryIndexSize=192
[2026.04.07-23.55.53:388][  0]LogPakFile: PakFile PathHashIndexSize=101
[2026.04.07-23.55.53:388][  0]LogPakFile: PakFile FullDirectoryIndexSize=158
[2026.04.07-23.55.53:388][  0]LogShaderLibrary: Display: ShaderCodeLibraryPakFileMountedCallback: PakFile 'C:/Program Files/Epic Games/UE_4.27/FeaturePacks/TP_VirtualRealityBP.upack' (chunk index -1, root 'root:/') mounted
[2026.04.07-23.55.53:388][  0]LogShaderLibrary: Display: ShaderCodeLibraryPakFileMountedCallback: pending pak file info (ChunkID:-1 Root:root:/ File:C:/Program Files/Epic Games/UE_4.27/FeaturePacks/TP_VirtualRealityBP.upack)
[2026.04.07-23.55.53:388][  0]LogPakFile: OnPakFileMounted2Time == 0.000026
[2026.04.07-23.55.53:617][  0]LogNativeClassHierarchy: Verbose: Native class hierarchy updated for 'AddContentDialog' in 0.0002 seconds. Added 0 classes and 0 folders.
[2026.04.07-23.55.53:619][  0]LogNativeClassHierarchy: Verbose: Native class hierarchy updated for 'SceneOutliner' in 0.0002 seconds. Added 2 classes and 0 folders.
[2026.04.07-23.55.53:654][  0]LogSlate: Took 0.000176 seconds to synchronously load lazily loaded font '../../../Engine/Content/Slate/Fonts/Roboto-Regular.ttf' (155K)
[2026.04.07-23.55.53:661][  0]LogSlate: Took 0.006129 seconds to synchronously load lazily loaded font '../../../Engine/Content/Editor/Slate/Fonts/FontAwesome.ttf' (139K)
[2026.04.07-23.55.53:662][  0]LogSlate: Took 0.000144 seconds to synchronously load lazily loaded font '../../../Engine/Content/Slate/Fonts/Roboto-Bold.ttf' (160K)
[2026.04.07-23.55.53:745][  0]LogRenderer: Reallocating scene render targets to support 964x428 Format 10 NumSamples 1 (Frame:1).
[2026.04.07-23.55.53:836][  0]LogNativeClassHierarchy: Verbose: Native class hierarchy updated for 'HierarchicalLODOutliner' in 0.0002 seconds. Added 0 classes and 0 folders.
[2026.04.07-23.55.53:837][  0]LogInput: Warning: Action Jump uses invalid key OculusGo_Left_Trigger_Click.
[2026.04.07-23.55.53:837][  0]LogInput: Warning: Action ResetVR uses invalid key OculusGo_Left_Trackpad_Click.
[2026.04.07-23.55.53:837][  0]LogInput: Warning: Use -RemoveInvalidKeys to remove instances of these keys from the action mapping.
[2026.04.07-23.55.53:837][  0]LogLoad: (Engine Initialization) Total time: 6.36 seconds
[2026.04.07-23.55.53:837][  0]LogLoad: (Engine Initialization) Total Blueprint compile time: 0.00 seconds
[2026.04.07-23.55.53:879][  0]LogAssetRegistry: Asset discovery search completed in 4.0744 seconds
[2026.04.07-23.55.53:882][  0]LogCollectionManager: Fixed up redirectors for 0 collections in 0.000003 seconds (updated 0 objects)
[2026.04.07-23.55.53:883][  0]LogContentStreaming: Texture pool size now 1000 MB
[2026.04.07-23.55.53:920][  1]LogFileCache: Retrieving MD5 hashes for directory 'C:/Users/asus/Desktop/Assign 565/My project/CPSC399_Game/CPSC399Game/Content/' took 0.06s
[2026.04.07-23.55.53:981][  4]LogSlate: Took 0.005901 seconds to synchronously load lazily loaded font '../../../Engine/Content/Slate/Fonts/Roboto-Light.ttf' (167K)
[2026.04.07-23.58.42:002][491]LogUObjectHash: Compacting FUObjectHashTables data took   0.64ms
[2026.04.07-23.58.42:041][491]LogSlate: Window 'CPSC399Game - Unreal Editor' being destroyed
[2026.04.07-23.58.42:118][492]Cmd: QUIT_EDITOR
[2026.04.07-23.58.42:118][492]LogCore: Engine exit requested (reason: UUnrealEdEngine::CloseEditor())
[2026.04.07-23.58.42:120][492]LogCore: Engine exit requested (reason: EngineExit() was called; note: exit was already requested)
[2026.04.07-23.58.42:120][492]LogAudio: Display: Beginning Audio Device Manager Shutdown (Module: AudioMixerXAudio2)...
[2026.04.07-23.58.42:120][492]LogAudio: Display: Destroying 1 Remaining Audio Device(s)...
[2026.04.07-23.58.42:122][492]LogAudio: Display: Audio Device unregistered from world 'ThirdPersonExampleMap'.
[2026.04.07-23.58.42:122][492]LogAudioMixer: FMixerPlatformXAudio2::StopAudioStream() called
[2026.04.07-23.58.42:122][492]LogAudioMixer: FMixerPlatformXAudio2::StopAudioStream() called
[2026.04.07-23.58.42:124][492]LogAudio: Display: Audio Device Manager Shutdown
[2026.04.07-23.58.42:126][492]LogExit: Preparing to exit.
[2026.04.07-23.58.42:451][492]LogUObjectHash: Compacting FUObjectHashTables data took   0.50ms
[2026.04.07-23.58.42:574][492]LogDemo: Cleaned up 0 splitscreen connections with owner deletion
[2026.04.07-23.58.42:577][492]LogWorld: UWorld::CleanupWorld for None, bSessionEnded=true, bCleanupResources=true
[2026.04.07-23.58.42:577][492]LogExit: Editor shut down
[2026.04.07-23.58.42:578][492]LogExit: Transaction tracking system shut down
[2026.04.07-23.58.42:689][492]LogExit: Object subsystem successfully closed.
[2026.04.07-23.58.42:709][492]LogShaderCompilers: Display: === FShaderJobCache stats ===
[2026.04.07-23.58.42:709][492]LogShaderCompilers: Display: Total job queries 0, among them cache hits 0 (0.00%)
[2026.04.07-23.58.42:709][492]LogShaderCompilers: Display: Tracking 0 distinct input hashes that result in 0 distinct outputs (0.00%)
[2026.04.07-23.58.42:709][492]LogShaderCompilers: Display: RAM used: 0.00 MB (0.00 GB) of 819.20 MB (0.80 GB) budget. Usage: 0.00%
[2026.04.07-23.58.42:709][492]LogShaderCompilers: Display: ================================================
[2026.04.07-23.58.42:715][492]LogShaderCompilers: Display: Shaders left to compile 0
[2026.04.07-23.58.42:735][492]LogModuleManager: Shutting down and abandoning module HierarchicalLODOutliner (872)
[2026.04.07-23.58.42:735][492]LogModuleManager: Shutting down and abandoning module SceneOutliner (870)
[2026.04.07-23.58.42:735][492]LogModuleManager: Shutting down and abandoning module AddContentDialog (868)
[2026.04.07-23.58.42:736][492]LogModuleManager: Shutting down and abandoning module WidgetCarousel (867)
[2026.04.07-23.58.42:736][492]LogModuleManager: Shutting down and abandoning module EditorWidgets (864)
[2026.04.07-23.58.42:736][492]LogModuleManager: Shutting down and abandoning module StatsViewer (862)
[2026.04.07-23.58.42:736][492]LogModuleManager: Shutting down and abandoning module PIEPreviewDeviceProfileSelector (860)
[2026.04.07-23.58.42:736][492]LogModuleManager: Shutting down and abandoning module SequenceRecorderSections (858)
[2026.04.07-23.58.42:736][492]LogModuleManager: Shutting down and abandoning module AutomationWorker (856)
[2026.04.07-23.58.42:736][492]LogModuleManager: Shutting down and abandoning module SteamVREditor (854)
[2026.04.07-23.58.42:736][492]LogModuleManager: Shutting down and abandoning module OculusMR (852)
[2026.04.07-23.58.42:736][492]LogModuleManager: Shutting down and abandoning module OpenXRInput (850)
[2026.04.07-23.58.42:736][492]LogModuleManager: Shutting down and abandoning module TakeRecorderSources (848)
[2026.04.07-23.58.42:736][492]LogModuleManager: Shutting down and abandoning module TakeRecorder (847)
[2026.04.07-23.58.42:736][492]LogModuleManager: Shutting down and abandoning module TakeTrackRecorders (844)
[2026.04.07-23.58.42:736][492]LogModuleManager: Shutting down and abandoning module TakesCore (842)
[2026.04.07-23.58.42:736][492]LogModuleManager: Shutting down and abandoning module AudioCaptureEditor (840)
[2026.04.07-23.58.42:736][492]LogModuleManager: Shutting down and abandoning module GooglePADEditor (838)
[2026.04.07-23.58.42:736][492]LogModuleManager: Shutting down and abandoning module TemplateSequenceEditor (836)
[2026.04.07-23.58.42:736][492]LogModuleManager: Shutting down and abandoning module MatineeToLevelSequence (834)
[2026.04.07-23.58.42:736][492]LogModuleManager: Shutting down and abandoning module LevelSequenceEditor (832)
[2026.04.07-23.58.42:736][492]LogModuleManager: Shutting down and abandoning module ActorSequenceEditor (830)
[2026.04.07-23.58.42:736][492]LogModuleManager: Shutting down and abandoning module MagicLeapMediaCodecFactory (828)
[2026.04.07-23.58.42:736][492]LogModuleManager: Shutting down and abandoning module MagicLeapMediaFactory (826)
[2026.04.07-23.58.42:736][492]LogModuleManager: Shutting down and abandoning module MagicLeapMediaEditor (824)
[2026.04.07-23.58.42:736][492]LogModuleManager: Shutting down and abandoning module PlanarCut (822)
[2026.04.07-23.58.42:736][492]LogModuleManager: Shutting down and abandoning module WmfMediaFactory (820)
[2026.04.07-23.58.42:736][492]LogModuleManager: Shutting down and abandoning module WmfMediaEditor (818)
[2026.04.07-23.58.42:736][492]LogModuleManager: Shutting down and abandoning module WebMMediaFactory (816)
[2026.04.07-23.58.42:736][492]LogModuleManager: Shutting down and abandoning module WebMMediaEditor (814)
[2026.04.07-23.58.42:736][492]LogModuleManager: Shutting down and abandoning module WebMMedia (812)
[2026.04.07-23.58.42:736][492]LogModuleManager: Shutting down and abandoning module MediaPlayerEditor (810)
[2026.04.07-23.58.42:736][492]LogModuleManager: Shutting down and abandoning module MediaCompositingEditor (808)
[2026.04.07-23.58.42:736][492]LogModuleManager: Shutting down and abandoning module SequenceRecorder (807)
[2026.04.07-23.58.42:736][492]LogModuleManager: Shutting down and abandoning module OpenExrWrapper (804)
[2026.04.07-23.58.42:736][492]LogModuleManager: Shutting down and abandoning module ImgMediaFactory (802)
[2026.04.07-23.58.42:736][492]LogModuleManager: Shutting down and abandoning module ImgMediaEditor (800)
[2026.04.07-23.58.42:736][492]LogModuleManager: Shutting down and abandoning module AvfMediaFactory (798)
[2026.04.07-23.58.42:736][492]LogModuleManager: Shutting down and abandoning module AvfMediaEditor (796)
[2026.04.07-23.58.42:736][492]LogModuleManager: Shutting down and abandoning module AndroidMediaFactory (794)
[2026.04.07-23.58.42:736][492]LogModuleManager: Shutting down and abandoning module AndroidMediaEditor (792)
[2026.04.07-23.58.42:736][492]LogModuleManager: Shutting down and abandoning module CharacterAI (790)
[2026.04.07-23.58.42:736][492]LogModuleManager: Shutting down and abandoning module TextureAlignMode (788)
[2026.04.07-23.58.42:736][492]LogModuleManager: Shutting down and abandoning module BspMode (786)
[2026.04.07-23.58.42:736][492]LogModuleManager: Shutting down and abandoning module GeometryMode (784)
[2026.04.07-23.58.42:736][492]LogModuleManager: Shutting down and abandoning module CameraShakePreviewer (782)
[2026.04.07-23.58.42:736][492]LogModuleManager: Shutting down and abandoning module SmartSnapping (780)
[2026.04.07-23.58.42:736][492]LogModuleManager: Shutting down and abandoning module SessionServices (778)
[2026.04.07-23.58.42:736][492]LogModuleManager: Shutting down and abandoning module MeshPaint (776)
[2026.04.07-23.58.42:736][492]LogModuleManager: Shutting down and abandoning module VirtualTexturingEditor (774)
[2026.04.07-23.58.42:736][492]LogModuleManager: Shutting down and abandoning module FoliageEdit (772)
[2026.04.07-23.58.42:736][492]LogModuleManager: Shutting down and abandoning module LandscapeEditor (770)
[2026.04.07-23.58.42:736][492]LogModuleManager: Shutting down and abandoning module MeshPaintMode (768)
[2026.04.07-23.58.42:736][492]LogModuleManager: Shutting down and abandoning module SceneDepthPickerMode (766)
[2026.04.07-23.58.42:736][492]LogModuleManager: Shutting down and abandoning module ActorPickerMode (764)
[2026.04.07-23.58.42:736][492]LogModuleManager: Shutting down and abandoning module PlacementMode (762)
[2026.04.07-23.58.42:736][492]LogModuleManager: Shutting down and abandoning module ViewportSnapping (760)
[2026.04.07-23.58.42:736][492]LogModuleManager: Shutting down and abandoning module ViewportInteraction (758)
[2026.04.07-23.58.42:736][492]LogModuleManager: Shutting down and abandoning module ClothPainter (756)
[2026.04.07-23.58.42:736][492]LogModuleManager: Shutting down and abandoning module SkeletalMeshEditor (755)
[2026.04.07-23.58.42:736][492]LogModuleManager: Shutting down and abandoning module LogVisualizer (752)
[2026.04.07-23.58.42:736][492]LogModuleManager: Shutting down and abandoning module IntroTutorials (750)
[2026.04.07-23.58.42:737][492]LogModuleManager: Shutting down and abandoning module GameProjectGeneration (749)
[2026.04.07-23.58.42:737][492]LogModuleManager: Shutting down and abandoning module LuminPlatformEditor (746)
[2026.04.07-23.58.42:737][492]LogModuleManager: Shutting down and abandoning module IOSPlatformEditor (744)
[2026.04.07-23.58.42:737][492]LogModuleManager: Shutting down and abandoning module AndroidPlatformEditor (742)
[2026.04.07-23.58.42:737][492]LogModuleManager: Shutting down and abandoning module AndroidDeviceDetection (741)
[2026.04.07-23.58.43:459][492]LogModuleManager: Shutting down and abandoning module WindowsPlatformEditor (738)
[2026.04.07-23.58.43:459][492]LogModuleManager: Shutting down and abandoning module LuminRuntimeSettings (736)
[2026.04.07-23.58.43:459][492]LogModuleManager: Shutting down and abandoning module IOSRuntimeSettings (734)
[2026.04.07-23.58.43:459][492]LogModuleManager: Shutting down and abandoning module AndroidRuntimeSettings (732)
[2026.04.07-23.58.43:459][492]LogModuleManager: Shutting down and abandoning module TraceInsights (730)
[2026.04.07-23.58.43:459][492]MemoryProfiler: Shutdown
[2026.04.07-23.58.43:459][492]NetworkingProfiler: Shutdown
[2026.04.07-23.58.43:459][492]LoadingProfiler: Shutdown
[2026.04.07-23.58.43:459][492]TimingProfiler: Shutdown
[2026.04.07-23.58.43:460][492]LogModuleManager: Shutting down and abandoning module TraceServices (729)
[2026.04.07-23.58.43:460][492]LogModuleManager: Shutting down and abandoning module EditorInteractiveToolsFramework (726)
[2026.04.07-23.58.43:460][492]LogModuleManager: Shutting down and abandoning module TimeManagementEditor (724)
[2026.04.07-23.58.43:460][492]LogModuleManager: Shutting down and abandoning module InputBindingEditor (722)
[2026.04.07-23.58.43:460][492]LogModuleManager: Shutting down and abandoning module MergeActors (720)
[2026.04.07-23.58.43:460][492]LogModuleManager: Shutting down and abandoning module LocalizationDashboard (718)
[2026.04.07-23.58.43:460][492]LogModuleManager: Shutting down and abandoning module LocalizationService (717)
[2026.04.07-23.58.43:460][492]LogModuleManager: Shutting down and abandoning module HardwareTargeting (714)
[2026.04.07-23.58.43:460][492]LogModuleManager: Shutting down and abandoning module DeviceProfileEditor (712)
[2026.04.07-23.58.43:460][492]LogModuleManager: Shutting down and abandoning module UndoHistory (710)
[2026.04.07-23.58.43:460][492]LogModuleManager: Shutting down and abandoning module XmlParser (708)
[2026.04.07-23.58.43:460][492]LogModuleManager: Shutting down and abandoning module Blutility (706)
[2026.04.07-23.58.43:460][492]LogModuleManager: Shutting down and abandoning module ProjectSettingsViewer (704)
[2026.04.07-23.58.43:460][492]LogModuleManager: Shutting down and abandoning module ProjectTargetPlatformEditor (703)
[2026.04.07-23.58.43:460][492]LogModuleManager: Shutting down and abandoning module EditorSettingsViewer (700)
[2026.04.07-23.58.43:460][492]LogModuleManager: Shutting down and abandoning module InternationalizationSettings (699)
[2026.04.07-23.58.43:460][492]LogModuleManager: Shutting down and abandoning module SettingsEditor (696)
[2026.04.07-23.58.43:460][492]LogModuleManager: Shutting down and abandoning module ProjectLauncher (694)
[2026.04.07-23.58.43:460][492]LogModuleManager: Shutting down and abandoning module SessionFrontend (692)
[2026.04.07-23.58.43:460][492]LogModuleManager: Shutting down and abandoning module ProfilerClient (690)
[2026.04.07-23.58.43:460][492]LogModuleManager: Shutting down and abandoning module DeviceManager (688)
[2026.04.07-23.58.43:460][492]LogModuleManager: Shutting down and abandoning module TargetDeviceServices (687)
[2026.04.07-23.58.43:493][492]LogModuleManager: Shutting down and abandoning module AutomationController (684)
[2026.04.07-23.58.43:493][492]LogModuleManager: Shutting down and abandoning module AutomationWindow (682)
[2026.04.07-23.58.43:493][492]LogModuleManager: Shutting down and abandoning module Layers (680)
[2026.04.07-23.58.43:493][492]LogModuleManager: Shutting down and abandoning module ComponentVisualizers (678)
[2026.04.07-23.58.43:493][492]LogModuleManager: Shutting down and abandoning module DetailCustomizations (676)
[2026.04.07-23.58.43:493][492]LogModuleManager: Shutting down and abandoning module PackagesDialog (674)
[2026.04.07-23.58.43:493][492]LogModuleManager: Shutting down and abandoning module AnimationBlueprintEditor (672)
[2026.04.07-23.58.43:493][492]LogModuleManager: Shutting down and abandoning module Persona (670)
[2026.04.07-23.58.43:493][492]LogModuleManager: Shutting down and abandoning module AdvancedPreviewScene (669)
[2026.04.07-23.58.43:493][492]LogModuleManager: Shutting down and abandoning module AnimGraph (667)
[2026.04.07-23.58.43:493][492]LogModuleManager: Shutting down and abandoning module Kismet (664)
[2026.04.07-23.58.43:493][492]LogModuleManager: Shutting down and abandoning module KismetWidgets (663)
[2026.04.07-23.58.43:493][492]LogModuleManager: Shutting down and abandoning module GraphEditor (660)
[2026.04.07-23.58.43:493][492]LogModuleManager: Shutting down and abandoning module StructViewer (658)
[2026.04.07-23.58.43:493][492]LogModuleManager: Shutting down and abandoning module ClassViewer (656)
[2026.04.07-23.58.43:493][492]LogModuleManager: Shutting down and abandoning module Toolbox (654)
[2026.04.07-23.58.43:493][492]LogModuleManager: Shutting down and abandoning module ModuleUI (652)
[2026.04.07-23.58.43:493][492]LogModuleManager: Shutting down and abandoning module OutputLog (650)
[2026.04.07-23.58.43:493][492]LogModuleManager: Shutting down and abandoning module GammaUI (648)
[2026.04.07-23.58.43:493][492]LogModuleManager: Shutting down and abandoning module Documentation (646)
[2026.04.07-23.58.43:493][492]LogModuleManager: Shutting down and abandoning module LiveCoding (644)
[2026.04.07-23.58.43:493][492]LogModuleManager: Shutting down and abandoning module LevelSequence (642)
[2026.04.07-23.58.43:493][492]LogModuleManager: Shutting down and abandoning module MovieSceneTracks (640)
[2026.04.07-23.58.43:493][492]LogModuleManager: Shutting down and abandoning module MovieScene (638)
[2026.04.07-23.58.43:493][492]LogModuleManager: Shutting down and abandoning module StreamingPauseRendering (636)
[2026.04.07-23.58.43:493][492]LogModuleManager: Shutting down and abandoning module LauncherPlatform (634)
[2026.04.07-23.58.43:493][492]LogModuleManager: Shutting down and abandoning module AnalyticsET (632)
[2026.04.07-23.58.43:493][492]LogModuleManager: Shutting down and abandoning module PortalServices (630)
[2026.04.07-23.58.43:493][492]LogModuleManager: Shutting down and abandoning module PortalRpc (628)
[2026.04.07-23.58.43:493][492]LogModuleManager: Shutting down and abandoning module MessagingRpc (626)
[2026.04.07-23.58.43:493][492]LogModuleManager: Shutting down and abandoning module AudioMixerXAudio2 (624)
[2026.04.07-23.58.43:493][492]LogModuleManager: Shutting down and abandoning module AudioMixerCore (623)
[2026.04.07-23.58.43:493][492]LogModuleManager: Shutting down and abandoning module AIModule (620)
[2026.04.07-23.58.43:493][492]LogModuleManager: Shutting down and abandoning module GameplayDebugger (619)
[2026.04.07-23.58.43:493][492]LogModuleManager: Shutting down and abandoning module AITestSuite (617)
[2026.04.07-23.58.43:493][492]LogModuleManager: Shutting down and abandoning module NavigationSystem (615)
[2026.04.07-23.58.43:493][492]LogModuleManager: Shutting down and abandoning module ImageWriteQueue (612)
[2026.04.07-23.58.43:501][492]LogModuleManager: Shutting down and abandoning module ProfilerService (610)
[2026.04.07-23.58.43:530][492]LogModuleManager: Shutting down and abandoning module TaskGraph (608)
[2026.04.07-23.58.43:530][492]LogModuleManager: Shutting down and abandoning module AudioSynesthesiaEditor (606)
[2026.04.07-23.58.43:530][492]LogModuleManager: Shutting down and abandoning module OculusEditor (604)
[2026.04.07-23.58.43:531][492]LogModuleManager: Shutting down and abandoning module OculusInput (602)
[2026.04.07-23.58.43:531][492]LogModuleManager: Shutting down and abandoning module ContentBrowserAssetDataSource (600)
[2026.04.07-23.58.43:531][492]LogModuleManager: Shutting down and abandoning module ContentBrowserFileDataSource (598)
[2026.04.07-23.58.43:531][492]LogModuleManager: Shutting down and abandoning module ContentBrowserClassDataSource (596)
[2026.04.07-23.58.43:531][492]LogModuleManager: Shutting down and abandoning module CollectionManager (595)
[2026.04.07-23.58.43:531][492]LogModuleManager: Shutting down and abandoning module LightPropagationVolumeEditor (592)
[2026.04.07-23.58.43:531][492]LogModuleManager: Shutting down and abandoning module OpenXREditor (590)
[2026.04.07-23.58.43:531][492]LogModuleManager: Shutting down and abandoning module SynthesisEditor (588)
[2026.04.07-23.58.43:531][492]LogModuleManager: Shutting down and abandoning module Synthesis (586)
[2026.04.07-23.58.43:531][492]LogModuleManager: Shutting down and abandoning module ProceduralMeshComponentEditor (584)
[2026.04.07-23.58.43:531][492]LogModuleManager: Shutting down and abandoning module ProceduralMeshComponent (582)
[2026.04.07-23.58.43:531][492]LogModuleManager: Shutting down and abandoning module MobilePatchingUtils (580)
[2026.04.07-23.58.43:531][492]LogModuleManager: Shutting down and abandoning module TakeSequencer (578)
[2026.04.07-23.58.43:531][492]LogModuleManager: Shutting down and abandoning module TakeMovieScene (576)
[2026.04.07-23.58.43:531][492]LogModuleManager: Shutting down and abandoning module AudioCapture (574)
[2026.04.07-23.58.43:531][492]LogModuleManager: Shutting down and abandoning module AudioCaptureRtAudio (573)
[2026.04.07-23.58.43:531][492]LogModuleManager: Shutting down and abandoning module GooglePAD (570)
[2026.04.07-23.58.43:531][492]LogModuleManager: Shutting down and abandoning module EditableMesh (568)
[2026.04.07-23.58.43:531][492]LogModuleManager: Shutting down and abandoning module CustomMeshComponent (566)
[2026.04.07-23.58.43:531][492]LogModuleManager: Shutting down and abandoning module CableComponent (564)
[2026.04.07-23.58.43:531][492]LogModuleManager: Shutting down and abandoning module AssetTags (562)
[2026.04.07-23.58.43:531][492]LogModuleManager: Shutting down and abandoning module ArchVisCharacter (560)
[2026.04.07-23.58.43:531][492]LogModuleManager: Shutting down and abandoning module AppleImageUtilsBlueprintSupport (558)
[2026.04.07-23.58.43:531][492]LogModuleManager: Shutting down and abandoning module AppleImageUtils (556)
[2026.04.07-23.58.43:531][492]LogModuleManager: Shutting down and abandoning module AndroidPermission (554)
[2026.04.07-23.58.43:531][492]LogModuleManager: Shutting down and abandoning module ActorLayerUtilitiesEditor (552)
[2026.04.07-23.58.43:531][492]LogModuleManager: Shutting down and abandoning module ActorLayerUtilities (550)
[2026.04.07-23.58.43:531][492]LogModuleManager: Shutting down and abandoning module ScreenshotTools (548)
[2026.04.07-23.58.43:531][492]LogModuleManager: Shutting down and abandoning module TemplateSequence (546)
[2026.04.07-23.58.43:531][492]LogModuleManager: Shutting down and abandoning module OodleNetworkHandlerComponent (544)
[2026.04.07-23.58.43:531][492]LogModuleManager: Shutting down and abandoning module MagicLeapSharedWorld (542)
[2026.04.07-23.58.43:531][492]LogModuleManager: Shutting down and abandoning module MagicLeapLightEstimation (540)
[2026.04.07-23.58.43:531][492]LogModuleManager: Shutting down and abandoning module MagicLeapHelperVulkan (538)
[2026.04.07-23.58.43:531][492]LogModuleManager: Shutting down and abandoning module MagicLeapHelperOpenGL (536)
[2026.04.07-23.58.43:531][492]LogModuleManager: Shutting down and abandoning module MagicLeapAudio (534)
[2026.04.07-23.58.43:531][492]LogModuleManager: Shutting down and abandoning module OpenImageDenoise (532)
[2026.04.07-23.58.43:531][492]LogOpenImageDenoise: OIDN shutting down
[2026.04.07-23.58.43:531][492]LogModuleManager: Shutting down and abandoning module MotoSynthEditor (530)
[2026.04.07-23.58.43:532][492]LogModuleManager: Shutting down and abandoning module MotoSynth (528)
[2026.04.07-23.58.43:532][492]LogModuleManager: Shutting down and abandoning module MeshConversion (526)
[2026.04.07-23.58.43:532][492]LogModuleManager: Shutting down and abandoning module DynamicMesh (524)
[2026.04.07-23.58.43:532][492]LogModuleManager: Shutting down and abandoning module GeometryAlgorithms (522)
[2026.04.07-23.58.43:532][492]LogModuleManager: Shutting down and abandoning module GeometricObjects (520)
[2026.04.07-23.58.43:532][492]LogModuleManager: Shutting down and abandoning module GeometryCollectionTracks (518)
[2026.04.07-23.58.43:532][492]LogModuleManager: Shutting down and abandoning module GeometryCollectionSequencer (517)
[2026.04.07-23.58.43:532][492]LogModuleManager: Shutting down and abandoning module GeometryCollectionEditor (514)
[2026.04.07-23.58.43:532][492]LogModuleManager: Shutting down and abandoning module GeometryCacheTracks (512)
[2026.04.07-23.58.43:532][492]LogModuleManager: Shutting down and abandoning module GeometryCacheStreamer (510)
[2026.04.07-23.58.43:532][492]LogModuleManager: Shutting down and abandoning module GeometryCacheSequencer (508)
[2026.04.07-23.58.43:532][492]LogModuleManager: Shutting down and abandoning module VariantManagerContentEditor (506)
[2026.04.07-23.58.43:532][492]LogModuleManager: Shutting down and abandoning module DatasmithContentEditor (504)
[2026.04.07-23.58.43:532][492]LogModuleManager: Shutting down and abandoning module MediaCompositing (502)
[2026.04.07-23.58.43:532][492]LogModuleManager: Shutting down and abandoning module ImgMedia (500)
[2026.04.07-23.58.43:532][492]LogModuleManager: Shutting down and abandoning module NiagaraEditorWidgets (498)
[2026.04.07-23.58.43:532][492]LogModuleManager: Shutting down and abandoning module ChaosNiagara (496)
[2026.04.07-23.58.43:532][492]LogModuleManager: Shutting down and abandoning module ChaosClothEditor (494)
[2026.04.07-23.58.43:532][492]LogModuleManager: Shutting down and abandoning module ChaosSolverEditor (492)
[2026.04.07-23.58.43:532][492]LogModuleManager: Shutting down and abandoning module FractureEditor (490)
[2026.04.07-23.58.43:532][492]LogModuleManager: Shutting down and abandoning module FieldSystemEngine (489)
[2026.04.07-23.58.43:532][492]LogModuleManager: Shutting down and abandoning module BackChannel (486)
[2026.04.07-23.58.43:532][492]LogModuleManager: Shutting down and abandoning module AutomationUtilsEditor (484)
[2026.04.07-23.58.43:532][492]LogModuleManager: Shutting down and abandoning module AutomationUtils (482)
[2026.04.07-23.58.43:532][492]LogModuleManager: Shutting down and abandoning module AlembicImporter (480)
[2026.04.07-23.58.43:532][492]LogModuleManager: Shutting down and abandoning module AlembicLibrary (479)
[2026.04.07-23.58.43:532][492]LogModuleManager: Shutting down and abandoning module GeometryCache (478)
[2026.04.07-23.58.43:532][492]LogModuleManager: Shutting down and abandoning module GeometryCacheEd (477)
[2026.04.07-23.58.43:532][492]LogModuleManager: Shutting down and abandoning module PluginBrowser (472)
[2026.04.07-23.58.43:532][492]LogModuleManager: Shutting down and abandoning module SpeedTreeImporter (470)
[2026.04.07-23.58.43:532][492]LogModuleManager: Shutting down and abandoning module MobileLauncherProfileWizard (468)
[2026.04.07-23.58.43:532][492]LogModuleManager: Shutting down and abandoning module MaterialAnalyzer (466)
[2026.04.07-23.58.43:532][492]LogModuleManager: Shutting down and abandoning module CurveEditorTools (464)
[2026.04.07-23.58.43:532][492]LogModuleManager: Shutting down and abandoning module CryptoKeysOpenSSL (462)
[2026.04.07-23.58.43:532][492]LogModuleManager: Shutting down and abandoning module CryptoKeys (460)
[2026.04.07-23.58.43:532][492]LogModuleManager: Shutting down and abandoning module VisualStudioSourceCodeAccess (458)
[2026.04.07-23.58.43:532][492]LogModuleManager: Shutting down and abandoning module VisualStudioCodeSourceCodeAccess (456)
[2026.04.07-23.58.43:532][492]LogModuleManager: Shutting down and abandoning module UObjectPlugin (454)
[2026.04.07-23.58.43:532][492]LogModuleManager: Shutting down and abandoning module SubversionSourceControl (452)
[2026.04.07-23.58.43:532][492]LogModuleManager: Shutting down and abandoning module RiderSourceCodeAccess (450)
[2026.04.07-23.58.43:532][492]LogModuleManager: Shutting down and abandoning module PluginUtils (448)
[2026.04.07-23.58.43:532][492]LogModuleManager: Shutting down and abandoning module PlasticSourceControl (446)
[2026.04.07-23.58.43:532][492]LogModuleManager: Shutting down and abandoning module PerforceSourceControl (444)
[2026.04.07-23.58.43:532][492]LogModuleManager: Shutting down and abandoning module GitSourceControl (442)
[2026.04.07-23.58.43:532][492]LogModuleManager: Shutting down and abandoning module SourceControl (441)
[2026.04.07-23.58.43:532][492]LogModuleManager: Shutting down and abandoning module CLionSourceCodeAccess (438)
[2026.04.07-23.58.43:532][492]LogModuleManager: Shutting down and abandoning module AnimationSharingEd (436)
[2026.04.07-23.58.43:532][492]LogModuleManager: Shutting down and abandoning module LiveLinkSequencer (434)
[2026.04.07-23.58.43:532][492]LogModuleManager: Shutting down and abandoning module LiveLinkMovieScene (432)
[2026.04.07-23.58.43:532][492]LogModuleManager: Shutting down and abandoning module LiveLinkGraphNode (430)
[2026.04.07-23.58.43:532][492]LogModuleManager: Shutting down and abandoning module LiveLinkEditor (428)
[2026.04.07-23.58.43:532][492]LogModuleManager: Shutting down and abandoning module LiveLinkComponents (426)
[2026.04.07-23.58.43:532][492]LogModuleManager: Shutting down and abandoning module LiveLink (424)
[2026.04.07-23.58.44:524][492]LogModuleManager: Shutting down and abandoning module PaperTiledImporter (422)
[2026.04.07-23.58.44:525][492]LogModuleManager: Shutting down and abandoning module PaperSpriteSheetImporter (420)
[2026.04.07-23.58.44:525][492]LogModuleManager: Shutting down and abandoning module Paper2DEditor (418)
[2026.04.07-23.58.44:525][492]LogModuleManager: Shutting down and abandoning module MeshPaintingToolset (416)
[2026.04.07-23.58.44:525][492]LogModuleManager: Shutting down and abandoning module MeshPaintEditorMode (414)
[2026.04.07-23.58.44:525][492]LogModuleManager: Shutting down and abandoning module CPSC399Game (412)
[2026.04.07-23.58.44:525][492]LogModuleManager: Shutting down and abandoning module LightPropagationVolumeRuntime (410)
[2026.04.07-23.58.44:525][492]LogModuleManager: Shutting down and abandoning module SignificanceManager (408)
[2026.04.07-23.58.44:525][492]LogModuleManager: Shutting down and abandoning module SoundFields (406)
[2026.04.07-23.58.44:525][492]LogModuleManager: Shutting down and abandoning module PhysXVehiclesEditor (404)
[2026.04.07-23.58.44:525][492]LogModuleManager: Shutting down and abandoning module PropertyAccessEditor (400)
[2026.04.07-23.58.44:525][492]LogModuleManager: Shutting down and abandoning module RuntimePhysXCooking (398)
[2026.04.07-23.58.44:525][492]LogModuleManager: Shutting down and abandoning module LocationServicesBPLibrary (396)
[2026.04.07-23.58.44:525][492]LogModuleManager: Shutting down and abandoning module AudioSynesthesia (394)
[2026.04.07-23.58.44:525][492]LogModuleManager: Shutting down and abandoning module AudioSynesthesiaCore (392)
[2026.04.07-23.58.44:525][492]LogModuleManager: Shutting down and abandoning module ActorSequence (390)
[2026.04.07-23.58.44:525][492]LogModuleManager: Shutting down and abandoning module TcpMessaging (388)
[2026.04.07-23.58.44:625][492]LogModuleManager: Shutting down and abandoning module UdpMessaging (386)
[2026.04.07-23.58.44:726][492]LogModuleManager: Shutting down and abandoning module MagicLeapARPin (384)
[2026.04.07-23.58.44:726][492]LogModuleManager: Shutting down and abandoning module MagicLeapHandMeshing (382)
[2026.04.07-23.58.44:726][492]LogModuleManager: Shutting down and abandoning module MagicLeapSecureStorage (380)
[2026.04.07-23.58.44:726][492]LogModuleManager: Shutting down and abandoning module MagicLeapPrivileges (378)
[2026.04.07-23.58.44:726][492]LogModuleManager: Shutting down and abandoning module MagicLeapPlanes (376)
[2026.04.07-23.58.44:726][492]LogMagicLeapPlanes: Planes tracker already destroyed.
[2026.04.07-23.58.44:726][492]LogModuleManager: Shutting down and abandoning module MagicLeapImageTracker (374)
[2026.04.07-23.58.44:726][492]LogModuleManager: Shutting down and abandoning module MagicLeapIdentity (372)
[2026.04.07-23.58.44:726][492]LogModuleManager: Shutting down and abandoning module MagicLeapHandTracking (370)
[2026.04.07-23.58.44:726][492]LogModuleManager: Shutting down and abandoning module MagicLeapEyeTracker (368)
[2026.04.07-23.58.44:726][492]LogModuleManager: Shutting down and abandoning module MagicLeapController (366)
[2026.04.07-23.58.44:726][492]LogModuleManager: Shutting down and abandoning module MagicLeapARPinImpl (364)
[2026.04.07-23.58.44:726][492]LogModuleManager: Shutting down and abandoning module MagicLeapAR (362)
[2026.04.07-23.58.44:726][492]LogModuleManager: Shutting down and abandoning module PythonScriptPlugin (360)
[2026.04.07-23.58.44:726][492]LogModuleManager: Shutting down and abandoning module ImgMediaEngine (358)
[2026.04.07-23.58.44:726][492]LogModuleManager: Shutting down and abandoning module NiagaraAnimNotifies (356)
[2026.04.07-23.58.44:726][492]LogModuleManager: Shutting down and abandoning module Niagara (354)
[2026.04.07-23.58.44:726][492]LogModuleManager: Shutting down and abandoning module SignalProcessing (353)
[2026.04.07-23.58.44:726][492]LogModuleManager: Shutting down and abandoning module NiagaraEditor (351)
[2026.04.07-23.58.44:726][492]LogModuleManager: Shutting down and abandoning module NiagaraCore (348)
[2026.04.07-23.58.44:726][492]LogModuleManager: Shutting down and abandoning module GameplayTagsEditor (346)
[2026.04.07-23.58.44:726][492]LogModuleManager: Shutting down and abandoning module FacialAnimationEditor (344)
[2026.04.07-23.58.44:726][492]LogModuleManager: Shutting down and abandoning module FacialAnimation (342)
[2026.04.07-23.58.44:726][492]LogModuleManager: Shutting down and abandoning module DataValidation (340)
[2026.04.07-23.58.44:726][492]LogModuleManager: Shutting down and abandoning module AssetManagerEditor (338)
[2026.04.07-23.58.44:726][492]LogModuleManager: Shutting down and abandoning module LevelEditor (337)
[2026.04.07-23.58.44:727][492]LogModuleManager: Shutting down and abandoning module PixelInspectorModule (336)
[2026.04.07-23.58.44:727][492]LogModuleManager: Shutting down and abandoning module CommonMenuExtensions (334)
[2026.04.07-23.58.44:727][492]LogModuleManager: Shutting down and abandoning module MainFrame (332)
[2026.04.07-23.58.44:727][492]LogModuleManager: Shutting down and abandoning module HotReload (331)
[2026.04.07-23.58.44:727][492]LogModuleManager: Shutting down and abandoning module ToolMenus (327)
[2026.04.07-23.58.44:727][492]LogModuleManager: Shutting down and abandoning module ContentBrowser (325)
[2026.04.07-23.58.44:727][492]LogModuleManager: Shutting down and abandoning module ContentBrowserData (324)
[2026.04.07-23.58.44:727][492]LogModuleManager: Shutting down and abandoning module TreeMap (321)
[2026.04.07-23.58.44:727][492]LogModuleManager: Shutting down and abandoning module PropertyAccessNode (318)
[2026.04.07-23.58.44:727][492]LogModuleManager: Shutting down and abandoning module AnimationSharing (316)
[2026.04.07-23.58.44:727][492]LogModuleManager: Shutting down and abandoning module EnvironmentQueryEditor (314)
[2026.04.07-23.58.44:727][492]LogModuleManager: Shutting down and abandoning module GameplayCameras (312)
[2026.04.07-23.58.44:727][492]LogModuleManager: Shutting down and abandoning module Paper2D (310)
[2026.04.07-23.58.44:727][492]LogModuleManager: Shutting down and abandoning module WindowsMoviePlayer (308)
[2026.04.07-23.58.44:727][492]LogModuleManager: Shutting down and abandoning module WebMMoviePlayer (306)
[2026.04.07-23.58.44:727][492]LogModuleManager: Shutting down and abandoning module NetworkReplayStreaming (304)
[2026.04.07-23.58.44:727][492]LogModuleManager: Shutting down and abandoning module PacketHandler (302)
[2026.04.07-23.58.44:727][492]LogModuleManager: Shutting down and abandoning module ClothingSystemEditor (300)
[2026.04.07-23.58.44:727][492]LogModuleManager: Shutting down and abandoning module ClothingSystemRuntimeNv (298)
[2026.04.07-23.58.44:727][492]LogModuleManager: Shutting down and abandoning module MediaAssets (296)
[2026.04.07-23.58.44:727][492]LogModuleManager: Shutting down and abandoning module Overlay (294)
[2026.04.07-23.58.44:727][492]LogModuleManager: Shutting down and abandoning module OverlayEditor (293)
[2026.04.07-23.58.44:727][492]LogModuleManager: Shutting down and abandoning module VREditor (290)
[2026.04.07-23.58.44:728][492]LogModuleManager: Shutting down and abandoning module StringTableEditor (288)
[2026.04.07-23.58.44:728][492]LogModuleManager: Shutting down and abandoning module GameplayTasksEditor (286)
[2026.04.07-23.58.44:728][492]LogModuleManager: Shutting down and abandoning module BehaviorTreeEditor (284)
[2026.04.07-23.58.44:728][492]LogModuleManager: Shutting down and abandoning module FunctionalTesting (282)
[2026.04.07-23.58.44:728][492]LogModuleManager: Shutting down and abandoning module CollisionAnalyzer (280)
[2026.04.07-23.58.44:728][492]LogModuleManager: Shutting down and abandoning module WorkspaceMenuStructure (279)
[2026.04.07-23.58.44:728][492]LogModuleManager: Shutting down and abandoning module UMG (276)
[2026.04.07-23.58.44:728][492]LogModuleManager: Shutting down and abandoning module UMGEditor (275)
[2026.04.07-23.58.44:728][492]LogModuleManager: Shutting down and abandoning module MessageLog (273)
[2026.04.07-23.58.44:728][492]LogModuleManager: Shutting down and abandoning module SlateReflector (268)
[2026.04.07-23.58.44:728][492]LogModuleManager: Shutting down and abandoning module Slate (266)
[2026.04.07-23.58.44:728][492]LogModuleManager: Shutting down and abandoning module SlateCore (264)
[2026.04.07-23.58.44:728][492]LogModuleManager: Shutting down and abandoning module LandscapeEditorUtilities (262)
[2026.04.07-23.58.44:728][492]LogModuleManager: Shutting down and abandoning module UnrealEd (260)
[2026.04.07-23.58.44:728][492]LogModuleManager: Shutting down and abandoning module MRMesh (258)
[2026.04.07-23.58.44:728][492]LogModuleManager: Shutting down and abandoning module SourceCodeAccess (256)
[2026.04.07-23.58.44:728][492]LogModuleManager: Shutting down and abandoning module HeadMountedDisplay (254)
[2026.04.07-23.58.44:728][492]LogModuleManager: Shutting down and abandoning module XAudio2 (252)
[2026.04.07-23.58.44:728][492]LogModuleManager: Shutting down and abandoning module Networking (250)
[2026.04.07-23.58.44:728][492]LogModuleManager: Shutting down and abandoning module Core (248)
[2026.04.07-23.58.44:728][492]LogModuleManager: Shutting down and abandoning module MaterialEditor (246)
[2026.04.07-23.58.44:728][492]LogModuleManager: Shutting down and abandoning module MovieSceneTools (244)
[2026.04.07-23.58.44:728][492]LogModuleManager: Shutting down and abandoning module CurveEditor (243)
[2026.04.07-23.58.44:728][492]LogModuleManager: Shutting down and abandoning module Sequencer (241)
[2026.04.07-23.58.44:728][492]LogModuleManager: Shutting down and abandoning module EditorStyle (240)
[2026.04.07-23.58.44:729][492]LogModuleManager: Shutting down and abandoning module KismetCompiler (236)
[2026.04.07-23.58.44:729][492]LogModuleManager: Shutting down and abandoning module MeshBuilder (234)
[2026.04.07-23.58.44:729][492]LogModuleManager: Shutting down and abandoning module MeshUtilities (232)
[2026.04.07-23.58.44:729][492]LogModuleManager: Shutting down and abandoning module MeshMergeUtilities (231)
[2026.04.07-23.58.44:729][492]LogModuleManager: Shutting down and abandoning module MeshReductionInterface (230)
[2026.04.07-23.58.44:729][492]LogModuleManager: Shutting down and abandoning module MeshBoneReduction (229)
[2026.04.07-23.58.44:729][492]LogModuleManager: Shutting down and abandoning module ProxyLODMeshReduction (227)
[2026.04.07-23.58.44:729][492]LogModuleManager: Shutting down and abandoning module SkeletalMeshReduction (225)
[2026.04.07-23.58.44:729][492]LogModuleManager: Shutting down and abandoning module QuadricMeshReduction (223)
[2026.04.07-23.58.44:729][492]LogModuleManager: Shutting down and abandoning module MaterialBaking (219)
[2026.04.07-23.58.44:729][492]LogModuleManager: Shutting down and abandoning module NullInstallBundleManager (214)
[2026.04.07-23.58.44:729][492]LogModuleManager: Shutting down and abandoning module DerivedDataCache (212)
[2026.04.07-23.58.44:729][492]LogModuleManager: Shutting down and abandoning module TargetPlatform (210)
[2026.04.07-23.58.44:729][492]LogModuleManager: Shutting down and abandoning module VulkanShaderFormat (209)
[2026.04.07-23.58.44:729][492]LogModuleManager: Shutting down and abandoning module ShaderFormatVectorVM (207)
[2026.04.07-23.58.44:729][492]LogModuleManager: Shutting down and abandoning module ShaderFormatOpenGL (205)
[2026.04.07-23.58.44:729][492]LogModuleManager: Shutting down and abandoning module ShaderFormatD3D (203)
[2026.04.07-23.58.44:729][492]LogModuleManager: Shutting down and abandoning module MetalShaderFormat (201)
[2026.04.07-23.58.44:729][492]LogModuleManager: Shutting down and abandoning module TextureFormatOodle (199)
[2026.04.07-23.58.44:729][492]LogModuleManager: Shutting down and abandoning module TextureFormatUncompressed (197)
[2026.04.07-23.58.44:729][492]LogModuleManager: Shutting down and abandoning module TextureFormatPVR (195)
[2026.04.07-23.58.44:729][492]LogModuleManager: Shutting down and abandoning module TextureFormatETC2 (193)
[2026.04.07-23.58.44:729][492]LogModuleManager: Shutting down and abandoning module TextureFormatDXT (191)
[2026.04.07-23.58.44:729][492]LogModuleManager: Shutting down and abandoning module TextureFormatIntelISPCTexComp (189)
[2026.04.07-23.58.44:729][492]LogModuleManager: Shutting down and abandoning module TextureFormatASTC (187)
[2026.04.07-23.58.44:729][492]LogModuleManager: Shutting down and abandoning module ImageWrapper (186)
[2026.04.07-23.58.44:729][492]LogModuleManager: Shutting down and abandoning module AudioFormatOpus (183)
[2026.04.07-23.58.44:730][492]LogModuleManager: Shutting down and abandoning module AudioFormatOgg (181)
[2026.04.07-23.58.44:730][492]LogModuleManager: Shutting down and abandoning module AudioFormatADPCM (179)
[2026.04.07-23.58.44:730][492]LogModuleManager: Shutting down and abandoning module WindowsServerTargetPlatform (177)
[2026.04.07-23.58.44:730][492]LogModuleManager: Shutting down and abandoning module WindowsClientTargetPlatform (175)
[2026.04.07-23.58.44:730][492]LogModuleManager: Shutting down and abandoning module WindowsTargetPlatform (173)
[2026.04.07-23.58.44:730][492]LogModuleManager: Shutting down and abandoning module WindowsNoEditorTargetPlatform (171)
[2026.04.07-23.58.44:730][492]LogModuleManager: Shutting down and abandoning module TVOSTargetPlatform (169)
[2026.04.07-23.58.44:730][492]LogModuleManager: Shutting down and abandoning module MacServerTargetPlatform (167)
[2026.04.07-23.58.44:730][492]LogModuleManager: Shutting down and abandoning module MacClientTargetPlatform (165)
[2026.04.07-23.58.44:730][492]LogModuleManager: Shutting down and abandoning module MacTargetPlatform (163)
[2026.04.07-23.58.44:730][492]LogModuleManager: Shutting down and abandoning module MacNoEditorTargetPlatform (161)
[2026.04.07-23.58.44:730][492]LogModuleManager: Shutting down and abandoning module LuminTargetPlatform (159)
[2026.04.07-23.58.44:731][492]LogModuleManager: Shutting down and abandoning module LinuxAArch64ServerTargetPlatform (157)
[2026.04.07-23.58.44:731][492]LogModuleManager: Shutting down and abandoning module LinuxAArch64ClientTargetPlatform (155)
[2026.04.07-23.58.44:731][492]LogModuleManager: Shutting down and abandoning module LinuxAArch64NoEditorTargetPlatform (153)
[2026.04.07-23.58.44:731][492]LogModuleManager: Shutting down and abandoning module LinuxServerTargetPlatform (151)
[2026.04.07-23.58.44:731][492]LogModuleManager: Shutting down and abandoning module LinuxClientTargetPlatform (149)
[2026.04.07-23.58.44:731][492]LogModuleManager: Shutting down and abandoning module LinuxNoEditorTargetPlatform (147)
[2026.04.07-23.58.44:731][492]LogModuleManager: Shutting down and abandoning module LinuxTargetPlatform (145)
[2026.04.07-23.58.44:731][492]LogModuleManager: Shutting down and abandoning module Messaging (143)
[2026.04.07-23.58.44:731][492]LogModuleManager: Shutting down and abandoning module IOSTargetPlatform (141)
[2026.04.07-23.58.44:731][492]LogModuleManager: Shutting down and abandoning module AndroidTargetPlatform (139)
[2026.04.07-23.58.44:733][492]LogModuleManager: Shutting down and abandoning module AllDesktopTargetPlatform (137)
[2026.04.07-23.58.44:733][492]LogModuleManager: Shutting down and abandoning module D3D11RHI (134)
[2026.04.07-23.58.44:733][492]LogModuleManager: Shutting down and abandoning module InputCore (132)
[2026.04.07-23.58.44:733][492]LogModuleManager: Shutting down and abandoning module Settings (130)
[2026.04.07-23.58.44:733][492]LogModuleManager: Shutting down and abandoning module DirectoryWatcher (128)
[2026.04.07-23.58.44:733][492]LogModuleManager: Shutting down and abandoning module PhysXCooking (126)
[2026.04.07-23.58.44:733][492]LogModuleManager: Shutting down and abandoning module Chaos (124)
[2026.04.07-23.58.44:733][492]LogModuleManager: Shutting down and abandoning module WindowsPlatformFeatures (122)
[2026.04.07-23.58.44:733][492]LogModuleManager: Shutting down and abandoning module GameplayMediaEncoder (121)
[2026.04.07-23.58.44:733][492]LogModuleManager: Shutting down and abandoning module AVEncoder (120)
[2026.04.07-23.58.44:733][492]LogModuleManager: Shutting down and abandoning module SteamVRInputDevice (116)
[2026.04.07-23.58.44:733][492]LogModuleManager: Shutting down and abandoning module SteamVRInput (114)
[2026.04.07-23.58.44:733][492]LogModuleManager: Shutting down and abandoning module SteamVR (112)
[2026.04.07-23.58.44:733][492]LogHMD: Freeing OpenVRDLLHandle.
[2026.04.07-23.58.44:733][492]LogModuleManager: Shutting down and abandoning module OculusHMD (110)
[2026.04.07-23.58.44:733][492]LogModuleManager: Shutting down and abandoning module OpenXRAR (108)
[2026.04.07-23.58.44:733][492]LogModuleManager: Shutting down and abandoning module AugmentedReality (107)
[2026.04.07-23.58.44:733][492]LogModuleManager: Shutting down and abandoning module OpenXRHandTracking (104)
[2026.04.07-23.58.44:733][492]LogSlate: Slate User Destroyed.  User Index 0, Is Virtual User: 0
[2026.04.07-23.58.44:734][492]LogModuleManager: Shutting down and abandoning module OpenXRHMD (103)
[2026.04.07-23.58.44:734][492]LogModuleManager: Shutting down and abandoning module OpenXREyeTracker (100)
[2026.04.07-23.58.44:734][492]LogModuleManager: Shutting down and abandoning module ExampleDeviceProfileSelector (98)
[2026.04.07-23.58.44:734][492]LogModuleManager: Shutting down and abandoning module ChunkDownloader (96)
[2026.04.07-23.58.44:734][492]LogModuleManager: Shutting down and abandoning module LauncherChunkInstaller (94)
[2026.04.07-23.58.44:734][492]LogModuleManager: Shutting down and abandoning module OnlineBlueprintSupport (92)
[2026.04.07-23.58.44:734][492]LogModuleManager: Shutting down and abandoning module OnlineSubsystem (88)
[2026.04.07-23.58.44:734][492]LogModuleManager: Shutting down and abandoning module XMPP (83)
[2026.04.07-23.58.44:734][492]LogModuleManager: Shutting down and abandoning module WebSockets (82)
[2026.04.07-23.58.44:757][492]LogModuleManager: Shutting down and abandoning module HTTP (79)
[2026.04.07-23.58.44:757][492]LogHttp: Display: Http module shutting down, but needs to wait on 1 outstanding Http requests:
[2026.04.07-23.58.44:757][492]LogHttp: Display: 	verb=[POST] url=[https://datarouter.ol.epicgames.com/datarouter/api/v1/public/data?SessionID=%7BE81E6DF4-4FBF-09AB-B33D-819E91947C70%7D&AppID=UEEditor.Rocket.Release&AppVersion=4.27.2-18319896%2B%2B%2BUE4%2BRelease-4.27&UserID=c8ef8a324036cf40f68843b4a17adfba%7C204d6d5d502243a9a55e59676d61b6bc%7C03ad3b15-b0b0-4191-8804-4999ee70a7ff&AppEnvironment=datacollector-binary&UploadType=eteventstream] refs=[1] status=Processing
[2026.04.07-23.58.44:757][492]LogHttp: Display: cleaning up 1 outstanding Http requests.
[2026.04.07-23.58.44:768][492]LogModuleManager: Shutting down and abandoning module SSL (78)
[2026.04.07-23.58.44:769][492]LogModuleManager: Shutting down and abandoning module MLSDK (74)
[2026.04.07-23.58.44:769][492]LogModuleManager: Shutting down and abandoning module MagicLeap (72)
[2026.04.07-23.58.44:769][492]LogModuleManager: Shutting down and abandoning module VariantManagerContent (70)
[2026.04.07-23.58.44:769][492]LogModuleManager: Shutting down and abandoning module DatasmithContent (68)
[2026.04.07-23.58.44:769][492]LogModuleManager: Shutting down and abandoning module WmfMedia (66)
[2026.04.07-23.58.44:770][492]LogModuleManager: Shutting down and abandoning module Media (65)
[2026.04.07-23.58.44:771][492]LogModuleManager: Shutting down and abandoning module MediaInfo (64)
[2026.04.07-23.58.44:771][492]LogModuleManager: Shutting down and abandoning module ExrReaderGpu (60)
[2026.04.07-23.58.44:771][492]LogModuleManager: Shutting down and abandoning module NiagaraVertexFactories (58)
[2026.04.07-23.58.44:771][492]LogModuleManager: Shutting down and abandoning module NiagaraShader (56)
[2026.04.07-23.58.44:771][492]LogModuleManager: Shutting down and abandoning module ChaosCloth (54)
[2026.04.07-23.58.44:771][492]LogModuleManager: Shutting down and abandoning module PixWinPlugin (52)
[2026.04.07-23.58.44:771][492]LogModuleManager: Shutting down and abandoning module AISupportModule (50)
[2026.04.07-23.58.44:771][492]LogModuleManager: Shutting down and abandoning module DesktopPlatform (48)
[2026.04.07-23.58.44:771][492]LogModuleManager: Shutting down and abandoning module OodleDataCompressionFormat (46)
[2026.04.07-23.58.44:771][492]LogModuleManager: Shutting down and abandoning module PythonScriptPluginPreload (44)
[2026.04.07-23.58.44:771][492]LogModuleManager: Shutting down and abandoning module PlatformCryptoOpenSSL (42)
[2026.04.07-23.58.44:771][492]LogModuleManager: Shutting down and abandoning module PlatformCryptoTypes (40)
[2026.04.07-23.58.44:771][492]LogModuleManager: Shutting down and abandoning module PlatformCrypto (38)
[2026.04.07-23.58.44:771][492]LogModuleManager: Shutting down and abandoning module XGEController (36)
[2026.04.07-23.58.44:771][492]LogModuleManager: Shutting down and abandoning module AnimationModifiers (34)
[2026.04.07-23.58.44:771][492]LogModuleManager: Shutting down and abandoning module AudioEditor (32)
[2026.04.07-23.58.44:771][492]LogModuleManager: Shutting down and abandoning module PropertyEditor (31)
[2026.04.07-23.58.44:771][492]LogModuleManager: Shutting down and abandoning module TextureCompressor (28)
[2026.04.07-23.58.44:771][492]LogModuleManager: Shutting down and abandoning module RenderCore (26)
[2026.04.07-23.58.44:771][492]LogModuleManager: Shutting down and abandoning module Landscape (24)
[2026.04.07-23.58.44:771][492]LogModuleManager: Shutting down and abandoning module SlateRHIRenderer (22)
[2026.04.07-23.58.44:772][492]LogModuleManager: Shutting down and abandoning module AnimGraphRuntime (20)
[2026.04.07-23.58.44:772][492]LogModuleManager: Shutting down and abandoning module Renderer (18)
[2026.04.07-23.58.44:772][492]LogModuleManager: Shutting down and abandoning module Engine (16)
[2026.04.07-23.58.44:772][492]LogModuleManager: Shutting down and abandoning module CoreUObject (14)
[2026.04.07-23.58.44:772][492]LogModuleManager: Shutting down and abandoning module NetworkFile (12)
[2026.04.07-23.58.44:772][492]LogModuleManager: Shutting down and abandoning module CookedIterativeFile (10)
[2026.04.07-23.58.44:772][492]LogModuleManager: Shutting down and abandoning module StreamingFile (8)
[2026.04.07-23.58.44:772][492]LogModuleManager: Shutting down and abandoning module SandboxFile (6)
[2026.04.07-23.58.44:772][492]LogModuleManager: Shutting down and abandoning module PakFile (4)
[2026.04.07-23.58.44:772][492]LogModuleManager: Shutting down and abandoning module RSA (3)
[2026.04.07-23.58.44:772][492]LogContentStreaming: Display: There are 1 unreleased StreamingManagers
[2026.04.07-23.58.44:791][492]LogD3D11RHI: Shutdown
[2026.04.07-23.58.44:791][492]LogD3D11RHI: CleanupD3DDevice
[2026.04.07-23.58.44:792][492]LogExit: Exiting.
[2026.04.07-23.58.44:801][492]Log file closed, 04/07/26 17:58:44
