Log file open, 03/26/26 22:38:57
LogWindows: Failed to load 'aqProf.dll' (GetLastError=126)
LogWindows: File 'aqProf.dll' does not exist
LogWindows: Failed to load 'VtuneApi.dll' (GetLastError=126)
LogWindows: File 'VtuneApi.dll' does not exist
LogWindows: Failed to load 'VtuneApi32e.dll' (GetLastError=126)
LogWindows: File 'VtuneApi32e.dll' does not exist
LogConsoleResponse: Display: Failed to find resolution value strings in scalability ini. Falling back to default.
LogConsoleResponse: Display: Failed to find resolution value strings in scalability ini. Falling back to default.
LogInit: Display: Running engine for game: CPSC399Game
LogPlatformFile: Not using cached read wrapper
LogTaskGraph: Started task graph with 5 named threads and 47 total threads with 3 sets of task threads.
LogStats: Stats thread started at 0.623249
LogICUInternationalization: ICU TimeZone Detection - Raw Offset: -7:00, Platform Override: ''
LogInit: Display: Loading text-based GConfig....
LogPluginManager: Mounting plugin MeshPainting
LogPluginManager: Mounting plugin XGEController
LogPluginManager: Mounting plugin Paper2D
LogPluginManager: Mounting plugin EnvironmentQueryEditor
LogPluginManager: Mounting plugin LiveLink
LogPluginManager: Mounting plugin AISupport
LogPluginManager: Mounting plugin OodleData
LogPluginManager: Mounting plugin OodleNetwork
LogPluginManager: Mounting plugin LightPropagationVolume
LogPluginManager: Mounting plugin GameplayCameras
LogPluginManager: Mounting plugin CameraShakePreviewer
LogPluginManager: Mounting plugin CLionSourceCodeAccess
LogPluginManager: Mounting plugin GitSourceControl
LogPluginManager: Mounting plugin AnimationSharing
LogPluginManager: Mounting plugin CodeLiteSourceCodeAccess
LogPluginManager: Mounting plugin KDevelopSourceCodeAccess
LogPluginManager: Mounting plugin NullSourceCodeAccess
LogPluginManager: Mounting plugin PerforceSourceControl
LogPluginManager: Mounting plugin PixWinPlugin
LogPluginManager: Mounting plugin PluginUtils
LogPluginManager: Mounting plugin PropertyAccessNode
LogPluginManager: Mounting plugin PlasticSourceControl
LogPluginManager: Mounting plugin DatasmithContent
LogPluginManager: Mounting plugin AssetManagerEditor
LogPluginManager: Mounting plugin SubversionSourceControl
LogPluginManager: Mounting plugin CryptoKeys
LogPluginManager: Mounting plugin RiderSourceCodeAccess
LogPluginManager: Mounting plugin VariantManagerContent
LogPluginManager: Mounting plugin TextureFormatOodle
LogPluginManager: Mounting plugin UObjectPlugin
LogPluginManager: Mounting plugin XCodeSourceCodeAccess
LogPluginManager: Mounting plugin VisualStudioSourceCodeAccess
LogPluginManager: Mounting plugin CurveEditorTools
LogPluginManager: Mounting plugin VisualStudioCodeSourceCodeAccess
LogPluginManager: Mounting plugin DataValidation
LogPluginManager: Mounting plugin Niagara
LogPluginManager: Mounting plugin FacialAnimation
LogPluginManager: Mounting plugin AlembicImporter
LogPluginManager: Mounting plugin AutomationUtils
LogPluginManager: Mounting plugin GeometryMode
LogPluginManager: Mounting plugin BackChannel
LogPluginManager: Mounting plugin GameplayTagsEditor
LogPluginManager: Mounting plugin MaterialAnalyzer
LogPluginManager: Mounting plugin ChaosCloth
LogPluginManager: Mounting plugin PluginBrowser
LogPluginManager: Mounting plugin SpeedTreeImporter
LogPluginManager: Mounting plugin MacGraphicsSwitching
LogPluginManager: Mounting plugin MobileLauncherProfileWizard
LogPluginManager: Mounting plugin ChaosEditor
LogPluginManager: Mounting plugin ChaosClothEditor
LogPluginManager: Mounting plugin ChaosNiagara
LogPluginManager: Mounting plugin ChaosSolverPlugin
LogPluginManager: Mounting plugin CharacterAI
LogPluginManager: Mounting plugin GeometryCache
LogPluginManager: Mounting plugin GeometryCollectionPlugin
LogPluginManager: Mounting plugin GeometryProcessing
LogPluginManager: Mounting plugin OpenImageDenoise
LogPluginManager: Mounting plugin MotoSynth
LogPluginManager: Mounting plugin PlanarCut
LogPluginManager: Mounting plugin PlatformCrypto
LogPluginManager: Mounting plugin ProxyLODPlugin
LogPluginManager: Mounting plugin PythonScriptPlugin
LogPluginManager: Mounting plugin LuminPlatformFeatures
LogPluginManager: Mounting plugin SkeletalReduction
LogPluginManager: Mounting plugin MagicLeap
LogPluginManager: Mounting plugin AndroidMedia
LogPluginManager: Mounting plugin MagicLeapLightEstimation
LogPluginManager: Mounting plugin MagicLeapMedia
LogPluginManager: Mounting plugin AvfMedia
LogPluginManager: Mounting plugin MLSDK
LogPluginManager: Mounting plugin MagicLeapPassableWorld
LogPluginManager: Mounting plugin TcpMessaging
LogPluginManager: Mounting plugin MediaCompositing
LogPluginManager: Mounting plugin ImgMedia
LogPluginManager: Mounting plugin ActorSequence
LogPluginManager: Mounting plugin MediaPlayerEditor
LogPluginManager: Mounting plugin UdpMessaging
LogPluginManager: Mounting plugin LevelSequenceEditor
LogPluginManager: Mounting plugin WebMMedia
LogPluginManager: Mounting plugin WmfMedia
LogPluginManager: Mounting plugin TemplateSequence
LogPluginManager: Mounting plugin MatineeToLevelSequence
LogPluginManager: Mounting plugin OnlineSubsystem
LogPluginManager: Mounting plugin ActorLayerUtilities
LogPluginManager: Mounting plugin OnlineSubsystemNull
LogPluginManager: Mounting plugin OnlineSubsystemUtils
LogPluginManager: Mounting plugin AndroidDeviceProfileSelector
LogPluginManager: Mounting plugin AndroidPermission
LogPluginManager: Mounting plugin AndroidMoviePlayer
LogPluginManager: Mounting plugin AppleImageUtils
LogPluginManager: Mounting plugin AppleMoviePlayer
LogPluginManager: Mounting plugin ArchVisCharacter
LogPluginManager: Mounting plugin AssetTags
LogPluginManager: Mounting plugin AudioCapture
LogPluginManager: Mounting plugin AudioSynesthesia
LogPluginManager: Mounting plugin ChunkDownloader
LogPluginManager: Mounting plugin CableComponent
LogPluginManager: Mounting plugin CustomMeshComponent
LogPluginManager: Mounting plugin EditableMesh
LogPluginManager: Mounting plugin ExampleDeviceProfileSelector
LogPluginManager: Mounting plugin GooglePAD
LogPluginManager: Mounting plugin GoogleCloudMessaging
LogPluginManager: Mounting plugin IOSDeviceProfileSelector
LogPluginManager: Mounting plugin LinuxDeviceProfileSelector
LogPluginManager: Mounting plugin LocationServicesBPLibrary
LogPluginManager: Mounting plugin MobilePatchingUtils
LogPluginManager: Mounting plugin OpenXR
LogPluginManager: Mounting plugin OpenXRHandTracking
LogPluginManager: Mounting plugin OpenXREyeTracker
LogPluginManager: Mounting plugin PhysXVehicles
LogPluginManager: Mounting plugin PostSplashScreen
LogPluginManager: Mounting plugin ProceduralMeshComponent
LogPluginManager: Mounting plugin PropertyAccessEditor
LogPluginManager: Mounting plugin SignificanceManager
LogPluginManager: Mounting plugin RuntimePhysXCooking
LogPluginManager: Mounting plugin SoundFields
LogPluginManager: Mounting plugin LauncherChunkInstaller
LogPluginManager: Mounting plugin Synthesis
LogPluginManager: Mounting plugin ScreenshotTools
LogPluginManager: Mounting plugin WebMMoviePlayer
LogPluginManager: Mounting plugin WindowsMoviePlayer
LogPluginManager: Mounting plugin Takes
LogPluginManager: Mounting plugin ContentBrowserClassDataSource
LogPluginManager: Mounting plugin ContentBrowserFileDataSource
LogPluginManager: Mounting plugin ContentBrowserAssetDataSource
LogPluginManager: Mounting plugin OnlineSubsystemGooglePlay
LogPluginManager: Mounting plugin OnlineSubsystemIOS
LogPluginManager: Mounting plugin OculusVR
LogPluginManager: Mounting plugin SteamVR
PixWinPlugin: PIX capture plugin failed to initialize! Check that the process is launched from PIX.
LogInit: Using libcurl 7.55.1-DEV
LogInit:  - built for x86_64-pc-win32
LogInit:  - supports SSL with OpenSSL/1.1.1
LogInit:  - supports HTTP deflate (compression) using libz 1.2.8
LogInit:  - other features:
LogInit:      CURL_VERSION_SSL
LogInit:      CURL_VERSION_LIBZ
LogInit:      CURL_VERSION_IPV6
LogInit:      CURL_VERSION_ASYNCHDNS
LogInit:      CURL_VERSION_LARGEFILE
LogInit:      CURL_VERSION_IDN
LogInit:  CurlRequestOptions (configurable via config and command line):
LogInit:  - bVerifyPeer = true  - Libcurl will verify peer certificate
LogInit:  - bUseHttpProxy = false  - Libcurl will NOT use HTTP proxy
LogInit:  - bDontReuseConnections = false  - Libcurl will reuse connections
LogInit:  - MaxHostConnections = 16  - Libcurl will limit the number of connections to a host
LogInit:  - LocalHostAddr = Default
LogInit:  - BufferSize = 65536
LogOnline: OSS: Creating online subsystem instance for: NULL
LogInit: WinSock: version 1.1 (2.2), MaxSocks=32767, MaxUdp=65467
LogOnline: OSS: TryLoadSubsystemAndSetDefault: Loaded subsystem for module [NULL]
LogOculusPluginWrapper: OculusPlugin initialized successfully
LogHMD: Failed initializing OVRPlugin 1.59.0
LogInit: Build: ++UE4+Release-4.27-CL-18319896
LogInit: Engine Version: 4.27.2-18319896+++UE4+Release-4.27
LogInit: Compatible Engine Version: 4.27.0-17155196+++UE4+Release-4.27
LogInit: Net CL: 17155196
LogInit: OS: Windows 10 (Release 2009) (), CPU: 12th Gen Intel(R) Core(TM) i5-12600K, GPU: NVIDIA GeForce RTX 3080
LogInit: Compiled (64-bit): Nov 30 2021 07:12:08
LogInit: Compiled with Visual C++: 19.24.28315.00
LogInit: Build Configuration: Development
LogInit: Branch Name: ++UE4+Release-4.27
LogInit: Command Line: 
LogInit: Base Directory: D:/Epic Games/UE_4.27/Engine/Binaries/Win64/
LogInit: Allocator: TBB
LogInit: Installed Engine Build: 1
LogDevObjectVersion: Number of dev versions registered: 29
LogDevObjectVersion:   Dev-Blueprints (B0D832E4-1F89-4F0D-ACCF-7EB736FD4AA2): 10
LogDevObjectVersion:   Dev-Build (E1C64328-A22C-4D53-A36C-8E866417BD8C): 0
LogDevObjectVersion:   Dev-Core (375EC13C-06E4-48FB-B500-84F0262A717E): 4
LogDevObjectVersion:   Dev-Editor (E4B068ED-F494-42E9-A231-DA0B2E46BB41): 40
LogDevObjectVersion:   Dev-Framework (CFFC743F-43B0-4480-9391-14DF171D2073): 37
LogDevObjectVersion:   Dev-Mobile (B02B49B5-BB20-44E9-A304-32B752E40360): 3
LogDevObjectVersion:   Dev-Networking (A4E4105C-59A1-49B5-A7C5-40C4547EDFEE): 0
LogDevObjectVersion:   Dev-Online (39C831C9-5AE6-47DC-9A44-9C173E1C8E7C): 0
LogDevObjectVersion:   Dev-Physics (78F01B33-EBEA-4F98-B9B4-84EACCB95AA2): 14
LogDevObjectVersion:   Dev-Platform (6631380F-2D4D-43E0-8009-CF276956A95A): 0
LogDevObjectVersion:   Dev-Rendering (12F88B9F-8875-4AFC-A67C-D90C383ABD29): 45
LogDevObjectVersion:   Dev-Sequencer (7B5AE74C-D270-4C10-A958-57980B212A5A): 13
LogDevObjectVersion:   Dev-VR (D7296918-1DD6-4BDD-9DE2-64A83CC13884): 3
LogDevObjectVersion:   Dev-LoadTimes (C2A15278-BFE7-4AFE-6C17-90FF531DF755): 1
LogDevObjectVersion:   Private-Geometry (6EACA3D4-40EC-4CC1-B786-8BED09428FC5): 3
LogDevObjectVersion:   Dev-AnimPhys (29E575DD-E0A3-4627-9D10-D276232CDCEA): 17
LogDevObjectVersion:   Dev-Anim (AF43A65D-7FD3-4947-9873-3E8ED9C1BB05): 15
LogDevObjectVersion:   Dev-ReflectionCapture (6B266CEC-1EC7-4B8F-A30B-E4D90942FC07): 1
LogDevObjectVersion:   Dev-Automation (0DF73D61-A23F-47EA-B727-89E90C41499A): 1
LogDevObjectVersion:   FortniteMain (601D1886-AC64-4F84-AA16-D3DE0DEAC7D6): 47
LogDevObjectVersion:   FortniteRelease (E7086368-6B23-4C58-8439-1B7016265E91): 1
LogDevObjectVersion:   Dev-Enterprise (9DFFBCD6-494F-0158-E221-12823C92A888): 10
LogDevObjectVersion:   Dev-Niagara (F2AED0AC-9AFE-416F-8664-AA7FFA26D6FC): 1
LogDevObjectVersion:   Dev-Destruction (174F1F0B-B4C6-45A5-B13F-2EE8D0FB917D): 10
LogDevObjectVersion:   Dev-Physics-Ext (35F94A83-E258-406C-A318-09F59610247C): 41
LogDevObjectVersion:   Dev-PhysicsMaterial-Chaos (B68FC16E-8B1B-42E2-B453-215C058844FE): 1
LogDevObjectVersion:   Dev-CineCamera (B2E18506-4273-CFC2-A54E-F4BB758BBA07): 1
LogDevObjectVersion:   Dev-VirtualProduction (64F58936-FD1B-42BA-BA96-7289D5D0FA4E): 1
LogDevObjectVersion:   Dev-MediaFramework (6F0ED827-A609-4895-9C91-998D90180EA4): 2
LogInit: Presizing for max 25165824 objects, including 0 objects not considered by GC, pre-allocating 0 bytes for permanent pool.
LogConfig: Applying CVar settings from Section [/Script/Engine.StreamingSettings] File [C:/Users/titan/Desktop/CPSC399_Game/CPSC399Game/Saved/Config/Windows/Engine.ini]
LogConfig: Setting CVar [[s.MinBulkDataSizeForAsyncLoading:131072]]
LogConfig: Setting CVar [[s.AsyncLoadingThreadEnabled:0]]
LogConfig: Setting CVar [[s.EventDrivenLoaderEnabled:1]]
LogConfig: Setting CVar [[s.WarnIfTimeLimitExceeded:0]]
LogConfig: Setting CVar [[s.TimeLimitExceededMultiplier:1.5]]
LogConfig: Setting CVar [[s.TimeLimitExceededMinTime:0.005]]
LogConfig: Setting CVar [[s.UseBackgroundLevelStreaming:1]]
LogConfig: Setting CVar [[s.PriorityAsyncLoadingExtraTime:15.0]]
LogConfig: Setting CVar [[s.LevelStreamingActorsUpdateTimeLimit:5.0]]
LogConfig: Setting CVar [[s.PriorityLevelStreamingActorsUpdateExtraTime:5.0]]
LogConfig: Setting CVar [[s.LevelStreamingComponentsRegistrationGranularity:10]]
LogConfig: Setting CVar [[s.UnregisterComponentsTimeLimit:1.0]]
LogConfig: Setting CVar [[s.LevelStreamingComponentsUnregistrationGranularity:5]]
LogConfig: Setting CVar [[s.FlushStreamingOnExit:1]]
LogInit: Object subsystem initialized
LogConfig: Setting CVar [[con.DebugEarlyDefault:1]]
LogConfig: Setting CVar [[r.setres:1280x720]]
[2026.03.27-04.39.00:442][  0]LogConfig: Setting CVar [[r.VSync:0]]
[2026.03.27-04.39.00:442][  0]LogConfig: Setting CVar [[r.RHICmdBypass:0]]
[2026.03.27-04.39.00:442][  0]LogConfig: Applying CVar settings from Section [/Script/Engine.RendererSettings] File [C:/Users/titan/Desktop/CPSC399_Game/CPSC399Game/Saved/Config/Windows/Engine.ini]
[2026.03.27-04.39.00:442][  0]LogConfig: Setting CVar [[r.GPUCrashDebugging:0]]
[2026.03.27-04.39.00:442][  0]LogConfig: Setting CVar [[r.Mobile.DisableVertexFog:1]]
[2026.03.27-04.39.00:442][  0]LogConfig: Setting CVar [[r.Shadow.CSM.MaxMobileCascades:2]]
[2026.03.27-04.39.00:442][  0]LogConfig: Setting CVar [[r.MobileMSAA:1]]
[2026.03.27-04.39.00:442][  0]LogConfig: Setting CVar [[r.Mobile.AllowDitheredLODTransition:0]]
[2026.03.27-04.39.00:442][  0]LogConfig: Setting CVar [[r.Mobile.AllowSoftwareOcclusion:0]]
[2026.03.27-04.39.00:442][  0]LogConfig: Setting CVar [[r.Mobile.VirtualTextures:0]]
[2026.03.27-04.39.00:442][  0]LogConfig: Setting CVar [[r.DiscardUnusedQuality:0]]
[2026.03.27-04.39.00:442][  0]LogConfig: Setting CVar [[r.AllowOcclusionQueries:1]]
[2026.03.27-04.39.00:442][  0]LogConfig: Setting CVar [[r.MinScreenRadiusForLights:0.030000]]
[2026.03.27-04.39.00:442][  0]LogConfig: Setting CVar [[r.MinScreenRadiusForDepthPrepass:0.030000]]
[2026.03.27-04.39.00:442][  0]LogConfig: Setting CVar [[r.MinScreenRadiusForCSMDepth:0.010000]]
[2026.03.27-04.39.00:442][  0]LogConfig: Setting CVar [[r.PrecomputedVisibilityWarning:0]]
[2026.03.27-04.39.00:443][  0]LogConfig: Setting CVar [[r.TextureStreaming:1]]
[2026.03.27-04.39.00:443][  0]LogConfig: Setting CVar [[Compat.UseDXT5NormalMaps:0]]
[2026.03.27-04.39.00:443][  0]LogConfig: Setting CVar [[r.VirtualTextures:0]]
[2026.03.27-04.39.00:443][  0]LogConfig: Setting CVar [[r.VT.EnableAutoImport:1]]
[2026.03.27-04.39.00:443][  0]LogConfig: Setting CVar [[r.VirtualTexturedLightmaps:0]]
[2026.03.27-04.39.00:443][  0]LogConfig: Setting CVar [[r.VT.TileSize:128]]
[2026.03.27-04.39.00:443][  0]LogConfig: Setting CVar [[r.VT.TileBorderSize:4]]
[2026.03.27-04.39.00:443][  0]LogConfig: Setting CVar [[r.vt.FeedbackFactor:16]]
[2026.03.27-04.39.00:443][  0]LogConfig: Setting CVar [[r.VT.EnableCompressZlib:1]]
[2026.03.27-04.39.00:443][  0]LogConfig: Setting CVar [[r.VT.EnableCompressCrunch:0]]
[2026.03.27-04.39.00:443][  0]LogConfig: Setting CVar [[r.ClearCoatNormal:0]]
[2026.03.27-04.39.00:443][  0]LogConfig: Setting CVar [[r.ReflectionCaptureResolution:128]]
[2026.03.27-04.39.00:443][  0]LogConfig: Setting CVar [[r.Mobile.ReflectionCaptureCompression:0]]
[2026.03.27-04.39.00:443][  0]LogConfig: Setting CVar [[r.ReflectionEnvironmentLightmapMixBasedOnRoughness:1]]
[2026.03.27-04.39.00:443][  0]LogConfig: Setting CVar [[r.ForwardShading:0]]
[2026.03.27-04.39.00:443][  0]LogConfig: Setting CVar [[r.VertexFoggingForOpaque:1]]
[2026.03.27-04.39.00:443][  0]LogConfig: Setting CVar [[r.AllowStaticLighting:1]]
[2026.03.27-04.39.00:443][  0]LogConfig: Setting CVar [[r.NormalMapsForStaticLighting:0]]
[2026.03.27-04.39.00:443][  0]LogConfig: Setting CVar [[r.GenerateMeshDistanceFields:0]]
[2026.03.27-04.39.00:443][  0]LogConfig: Setting CVar [[r.DistanceFieldBuild.EightBit:0]]
[2026.03.27-04.39.00:443][  0]LogConfig: Setting CVar [[r.GenerateLandscapeGIData:0]]
[2026.03.27-04.39.00:443][  0]LogConfig: Setting CVar [[r.DistanceFieldBuild.Compress:0]]
[2026.03.27-04.39.00:443][  0]LogConfig: Setting CVar [[r.TessellationAdaptivePixelsPerTriangle:48.000000]]
[2026.03.27-04.39.00:443][  0]LogConfig: Setting CVar [[r.SeparateTranslucency:1]]
[2026.03.27-04.39.00:443][  0]LogConfig: Setting CVar [[r.TranslucentSortPolicy:0]]
[2026.03.27-04.39.00:443][  0]LogConfig: Setting CVar [[vr.VRS.HMDFixedFoveationLevel:0]]
[2026.03.27-04.39.00:443][  0]LogConfig: Setting CVar [[r.CustomDepth:1]]
[2026.03.27-04.39.00:443][  0]LogConfig: Setting CVar [[r.CustomDepthTemporalAAJitter:1]]
[2026.03.27-04.39.00:443][  0]LogConfig: Setting CVar [[r.PostProcessing.PropagateAlpha:0]]
[2026.03.27-04.39.00:443][  0]LogConfig: Setting CVar [[r.DefaultFeature.Bloom:1]]
[2026.03.27-04.39.00:443][  0]LogConfig: Setting CVar [[r.DefaultFeature.AmbientOcclusion:1]]
[2026.03.27-04.39.00:443][  0]LogConfig: Setting CVar [[r.DefaultFeature.AmbientOcclusionStaticFraction:1]]
[2026.03.27-04.39.00:443][  0]LogConfig: Setting CVar [[r.DefaultFeature.AutoExposure:0]]
[2026.03.27-04.39.00:443][  0]LogConfig: Setting CVar [[r.DefaultFeature.AutoExposure.Method:0]]
[2026.03.27-04.39.00:443][  0]LogConfig: Setting CVar [[r.DefaultFeature.AutoExposure.Bias:1.000000]]
[2026.03.27-04.39.00:443][  0]LogConfig: Setting CVar [[r.DefaultFeature.AutoExposure.ExtendDefaultLuminanceRange:0]]
[2026.03.27-04.39.00:443][  0]LogConfig: Setting CVar [[r.UsePreExposure:1]]
[2026.03.27-04.39.00:443][  0]LogConfig: Setting CVar [[r.EyeAdaptation.EditorOnly:0]]
[2026.03.27-04.39.00:443][  0]LogConfig: Setting CVar [[r.DefaultFeature.MotionBlur:0]]
[2026.03.27-04.39.00:443][  0]LogConfig: Setting CVar [[r.DefaultFeature.LensFlare:0]]
[2026.03.27-04.39.00:443][  0]LogConfig: Setting CVar [[r.TemporalAA.Upsampling:0]]
[2026.03.27-04.39.00:443][  0]LogConfig: Setting CVar [[r.SSGI.Enable:0]]
[2026.03.27-04.39.00:443][  0]LogConfig: Setting CVar [[r.DefaultFeature.AntiAliasing:0]]
[2026.03.27-04.39.00:443][  0]LogConfig: Setting CVar [[r.DefaultFeature.LightUnits:1]]
[2026.03.27-04.39.00:443][  0]LogConfig: Setting CVar [[r.DefaultBackBufferPixelFormat:4]]
[2026.03.27-04.39.00:443][  0]LogConfig: Setting CVar [[r.Shadow.UnbuiltPreviewInGame:1]]
[2026.03.27-04.39.00:443][  0]LogConfig: Setting CVar [[r.StencilForLODDither:0]]
[2026.03.27-04.39.00:443][  0]LogConfig: Setting CVar [[r.EarlyZPass:3]]
[2026.03.27-04.39.00:444][  0]LogConfig: Setting CVar [[r.EarlyZPassOnlyMaterialMasking:0]]
[2026.03.27-04.39.00:444][  0]LogConfig: Setting CVar [[r.DBuffer:1]]
[2026.03.27-04.39.00:444][  0]LogConfig: Setting CVar [[r.ClearSceneMethod:1]]
[2026.03.27-04.39.00:444][  0]LogConfig: Setting CVar [[r.BasePassOutputsVelocity:0]]
[2026.03.27-04.39.00:444][  0]LogConfig: Setting CVar [[r.VertexDeformationOutputsVelocity:0]]
[2026.03.27-04.39.00:444][  0]LogConfig: Setting CVar [[r.SelectiveBasePassOutputs:0]]
[2026.03.27-04.39.00:444][  0]LogConfig: Setting CVar [[fx.GPUSimulationTextureSizeX:1024]]
[2026.03.27-04.39.00:444][  0]LogConfig: Setting CVar [[fx.GPUSimulationTextureSizeY:1024]]
[2026.03.27-04.39.00:444][  0]LogConfig: Setting CVar [[r.AllowGlobalClipPlane:0]]
[2026.03.27-04.39.00:444][  0]LogConfig: Setting CVar [[r.GBufferFormat:1]]
[2026.03.27-04.39.00:444][  0]LogConfig: Setting CVar [[r.MorphTarget.Mode:1]]
[2026.03.27-04.39.00:444][  0]LogConfig: Setting CVar [[vr.InstancedStereo:0]]
[2026.03.27-04.39.00:444][  0]LogConfig: Setting CVar [[r.MobileHDR:1]]
[2026.03.27-04.39.00:444][  0]LogConfig: Setting CVar [[vr.MobileMultiView:0]]
[2026.03.27-04.39.00:444][  0]LogConfig: Setting CVar [[r.Mobile.UseHWsRGBEncoding:0]]
[2026.03.27-04.39.00:444][  0]LogConfig: Setting CVar [[vr.RoundRobinOcclusion:0]]
[2026.03.27-04.39.00:444][  0]LogConfig: Setting CVar [[vr.ODSCapture:0]]
[2026.03.27-04.39.00:444][  0]LogConfig: Setting CVar [[r.MeshStreaming:0]]
[2026.03.27-04.39.00:444][  0]LogConfig: Setting CVar [[r.WireframeCullThreshold:5.000000]]
[2026.03.27-04.39.00:444][  0]LogConfig: Setting CVar [[r.RayTracing:0]]
[2026.03.27-04.39.00:444][  0]LogConfig: Setting CVar [[r.RayTracing.UseTextureLod:0]]
[2026.03.27-04.39.00:444][  0]LogConfig: Setting CVar [[r.SupportStationarySkylight:1]]
[2026.03.27-04.39.00:444][  0]LogConfig: Setting CVar [[r.SupportLowQualityLightmaps:1]]
[2026.03.27-04.39.00:444][  0]LogConfig: Setting CVar [[r.SupportPointLightWholeSceneShadows:1]]
[2026.03.27-04.39.00:444][  0]LogConfig: Setting CVar [[r.SupportAtmosphericFog:1]]
[2026.03.27-04.39.00:444][  0]LogConfig: Setting CVar [[r.SupportSkyAtmosphere:1]]
[2026.03.27-04.39.00:444][  0]LogConfig: Setting CVar [[r.SupportSkyAtmosphereAffectsHeightFog:0]]
[2026.03.27-04.39.00:444][  0]LogConfig: Setting CVar [[r.SkinCache.CompileShaders:0]]
[2026.03.27-04.39.00:444][  0]LogConfig: Setting CVar [[r.SkinCache.DefaultBehavior:1]]
[2026.03.27-04.39.00:444][  0]LogConfig: Setting CVar [[r.SkinCache.SceneMemoryLimitInMB:128.000000]]
[2026.03.27-04.39.00:444][  0]LogConfig: Setting CVar [[r.Mobile.EnableStaticAndCSMShadowReceivers:1]]
[2026.03.27-04.39.00:444][  0]LogConfig: Setting CVar [[r.Mobile.EnableMovableLightCSMShaderCulling:1]]
[2026.03.27-04.39.00:444][  0]LogConfig: Setting CVar [[r.Mobile.AllowDistanceFieldShadows:1]]
[2026.03.27-04.39.00:444][  0]LogConfig: Setting CVar [[r.Mobile.AllowMovableDirectionalLights:1]]
[2026.03.27-04.39.00:444][  0]LogConfig: Setting CVar [[r.MobileNumDynamicPointLights:4]]
[2026.03.27-04.39.00:444][  0]LogConfig: Setting CVar [[r.MobileDynamicPointLightsUseStaticBranch:1]]
[2026.03.27-04.39.00:444][  0]LogConfig: Setting CVar [[r.Mobile.EnableMovableSpotlights:0]]
[2026.03.27-04.39.00:444][  0]LogConfig: Setting CVar [[r.Mobile.EnableMovableSpotlightsShadow:0]]
[2026.03.27-04.39.00:444][  0]LogConfig: Setting CVar [[r.GPUSkin.Support16BitBoneIndex:0]]
[2026.03.27-04.39.00:444][  0]LogConfig: Setting CVar [[r.GPUSkin.Limit2BoneInfluences:0]]
[2026.03.27-04.39.00:444][  0]LogConfig: Setting CVar [[r.SupportDepthOnlyIndexBuffers:1]]
[2026.03.27-04.39.00:444][  0]LogConfig: Setting CVar [[r.SupportReversedIndexBuffers:1]]
[2026.03.27-04.39.00:444][  0]LogConfig: Setting CVar [[r.LightPropagationVolume:0]]
[2026.03.27-04.39.00:444][  0]LogConfig: Setting CVar [[r.Mobile.AmbientOcclusion:0]]
[2026.03.27-04.39.00:444][  0]LogConfig: Setting CVar [[r.GPUSkin.UnlimitedBoneInfluences:0]]
[2026.03.27-04.39.00:444][  0]LogConfig: Setting CVar [[r.GPUSkin.UnlimitedBoneInfluencesThreshold:8]]
[2026.03.27-04.39.00:444][  0]LogConfig: Setting CVar [[r.Mobile.PlanarReflectionMode:0]]
[2026.03.27-04.39.00:444][  0]LogConfig: Setting CVar [[r.Mobile.SupportsGen4TAA:0]]
[2026.03.27-04.39.00:444][  0]LogConfig: Applying CVar settings from Section [/Script/Engine.RendererOverrideSettings] File [C:/Users/titan/Desktop/CPSC399_Game/CPSC399Game/Saved/Config/Windows/Engine.ini]
[2026.03.27-04.39.00:444][  0]LogConfig: Applying CVar settings from Section [/Script/Engine.StreamingSettings] File [C:/Users/titan/Desktop/CPSC399_Game/CPSC399Game/Saved/Config/Windows/Engine.ini]
[2026.03.27-04.39.00:444][  0]LogConfig: Setting CVar [[s.MinBulkDataSizeForAsyncLoading:131072]]
[2026.03.27-04.39.00:444][  0]LogConfig: Setting CVar [[s.AsyncLoadingThreadEnabled:0]]
[2026.03.27-04.39.00:444][  0]LogConfig: Setting CVar [[s.EventDrivenLoaderEnabled:1]]
[2026.03.27-04.39.00:444][  0]LogConfig: Setting CVar [[s.WarnIfTimeLimitExceeded:0]]
[2026.03.27-04.39.00:444][  0]LogConfig: Setting CVar [[s.TimeLimitExceededMultiplier:1.5]]
[2026.03.27-04.39.00:444][  0]LogConfig: Setting CVar [[s.TimeLimitExceededMinTime:0.005]]
[2026.03.27-04.39.00:444][  0]LogConfig: Setting CVar [[s.UseBackgroundLevelStreaming:1]]
[2026.03.27-04.39.00:444][  0]LogConfig: Setting CVar [[s.PriorityAsyncLoadingExtraTime:15.0]]
[2026.03.27-04.39.00:444][  0]LogConfig: Setting CVar [[s.LevelStreamingActorsUpdateTimeLimit:5.0]]
[2026.03.27-04.39.00:444][  0]LogConfig: Setting CVar [[s.PriorityLevelStreamingActorsUpdateExtraTime:5.0]]
[2026.03.27-04.39.00:444][  0]LogConfig: Setting CVar [[s.LevelStreamingComponentsRegistrationGranularity:10]]
[2026.03.27-04.39.00:444][  0]LogConfig: Setting CVar [[s.UnregisterComponentsTimeLimit:1.0]]
[2026.03.27-04.39.00:444][  0]LogConfig: Setting CVar [[s.LevelStreamingComponentsUnregistrationGranularity:5]]
[2026.03.27-04.39.00:444][  0]LogConfig: Setting CVar [[s.FlushStreamingOnExit:1]]
[2026.03.27-04.39.00:444][  0]LogConfig: Applying CVar settings from Section [/Script/Engine.GarbageCollectionSettings] File [C:/Users/titan/Desktop/CPSC399_Game/CPSC399Game/Saved/Config/Windows/Engine.ini]
[2026.03.27-04.39.00:444][  0]LogConfig: Setting CVar [[gc.MaxObjectsNotConsideredByGC:1]]
[2026.03.27-04.39.00:444][  0]LogConfig: Setting CVar [[gc.SizeOfPermanentObjectPool:0]]
[2026.03.27-04.39.00:444][  0]LogConfig: Setting CVar [[gc.FlushStreamingOnGC:0]]
[2026.03.27-04.39.00:444][  0]LogConfig: Setting CVar [[gc.NumRetriesBeforeForcingGC:10]]
[2026.03.27-04.39.00:444][  0]LogConfig: Setting CVar [[gc.AllowParallelGC:1]]
[2026.03.27-04.39.00:444][  0]LogConfig: Setting CVar [[gc.TimeBetweenPurgingPendingKillObjects:61.1]]
[2026.03.27-04.39.00:444][  0]LogConfig: Setting CVar [[gc.MaxObjectsInEditor:25165824]]
[2026.03.27-04.39.00:444][  0]LogConfig: Setting CVar [[gc.IncrementalBeginDestroyEnabled:1]]
[2026.03.27-04.39.00:444][  0]LogConfig: Setting CVar [[gc.CreateGCClusters:1]]
[2026.03.27-04.39.00:444][  0]LogConfig: Setting CVar [[gc.MinGCClusterSize:5]]
[2026.03.27-04.39.00:444][  0]LogConfig: Setting CVar [[gc.ActorClusteringEnabled:0]]
[2026.03.27-04.39.00:444][  0]LogConfig: Setting CVar [[gc.BlueprintClusteringEnabled:0]]
[2026.03.27-04.39.00:444][  0]LogConfig: Setting CVar [[gc.UseDisregardForGCOnDedicatedServers:0]]
[2026.03.27-04.39.00:444][  0]LogConfig: Setting CVar [[gc.MultithreadedDestructionEnabled:1]]
[2026.03.27-04.39.00:444][  0]LogConfig: Applying CVar settings from Section [/Script/Engine.NetworkSettings] File [C:/Users/titan/Desktop/CPSC399_Game/CPSC399Game/Saved/Config/Windows/Engine.ini]
[2026.03.27-04.39.00:444][  0]LogConfig: Applying CVar settings from Section [/Script/UnrealEd.CookerSettings] File [C:/Users/titan/Desktop/CPSC399_Game/CPSC399Game/Saved/Config/Windows/Engine.ini]
[2026.03.27-04.39.00:465][  0]LogConfig: Applying CVar settings from Section [ViewDistanceQuality@3] File [C:/Users/titan/Desktop/CPSC399_Game/CPSC399Game/Saved/Config/Windows/Scalability.ini]
[2026.03.27-04.39.00:465][  0]LogConfig: Setting CVar [[r.SkeletalMeshLODBias:0]]
[2026.03.27-04.39.00:465][  0]LogConfig: Setting CVar [[r.ViewDistanceScale:1.0]]
[2026.03.27-04.39.00:465][  0]LogConfig: Applying CVar settings from Section [AntiAliasingQuality@3] File [C:/Users/titan/Desktop/CPSC399_Game/CPSC399Game/Saved/Config/Windows/Scalability.ini]
[2026.03.27-04.39.00:465][  0]LogConfig: Setting CVar [[r.PostProcessAAQuality:4]]
[2026.03.27-04.39.00:465][  0]LogConfig: Applying CVar settings from Section [ShadowQuality@3] File [C:/Users/titan/Desktop/CPSC399_Game/CPSC399Game/Saved/Config/Windows/Scalability.ini]
[2026.03.27-04.39.00:465][  0]LogConfig: Setting CVar [[r.LightFunctionQuality:1]]
[2026.03.27-04.39.00:465][  0]LogConfig: Setting CVar [[r.ShadowQuality:5]]
[2026.03.27-04.39.00:465][  0]LogConfig: Setting CVar [[r.Shadow.CSM.MaxCascades:10]]
[2026.03.27-04.39.00:465][  0]LogConfig: Setting CVar [[r.Shadow.MaxResolution:2048]]
[2026.03.27-04.39.00:465][  0]LogConfig: Setting CVar [[r.Shadow.MaxCSMResolution:2048]]
[2026.03.27-04.39.00:465][  0]LogConfig: Setting CVar [[r.Shadow.RadiusThreshold:0.01]]
[2026.03.27-04.39.00:465][  0]LogConfig: Setting CVar [[r.Shadow.DistanceScale:1.0]]
[2026.03.27-04.39.00:465][  0]LogConfig: Setting CVar [[r.Shadow.CSM.TransitionScale:1.0]]
[2026.03.27-04.39.00:465][  0]LogConfig: Setting CVar [[r.Shadow.PreShadowResolutionFactor:1.0]]
[2026.03.27-04.39.00:465][  0]LogConfig: Setting CVar [[r.DistanceFieldShadowing:1]]
[2026.03.27-04.39.00:465][  0]LogConfig: Setting CVar [[r.DistanceFieldAO:1]]
[2026.03.27-04.39.00:465][  0]LogConfig: Setting CVar [[r.AOQuality:2]]
[2026.03.27-04.39.00:465][  0]LogConfig: Setting CVar [[r.VolumetricFog:1]]
[2026.03.27-04.39.00:465][  0]LogConfig: Setting CVar [[r.VolumetricFog.GridPixelSize:8]]
[2026.03.27-04.39.00:465][  0]LogConfig: Setting CVar [[r.VolumetricFog.GridSizeZ:128]]
[2026.03.27-04.39.00:465][  0]LogConfig: Setting CVar [[r.VolumetricFog.HistoryMissSupersampleCount:4]]
[2026.03.27-04.39.00:465][  0]LogConfig: Setting CVar [[r.LightMaxDrawDistanceScale:1]]
[2026.03.27-04.39.00:465][  0]LogConfig: Setting CVar [[r.CapsuleShadows:1]]
[2026.03.27-04.39.00:465][  0]LogConfig: Applying CVar settings from Section [PostProcessQuality@3] File [C:/Users/titan/Desktop/CPSC399_Game/CPSC399Game/Saved/Config/Windows/Scalability.ini]
[2026.03.27-04.39.00:465][  0]LogConfig: Setting CVar [[r.MotionBlurQuality:4]]
[2026.03.27-04.39.00:465][  0]LogConfig: Setting CVar [[r.AmbientOcclusionMipLevelFactor:0.4]]
[2026.03.27-04.39.00:465][  0]LogConfig: Setting CVar [[r.AmbientOcclusionMaxQuality:100]]
[2026.03.27-04.39.00:465][  0]LogConfig: Setting CVar [[r.AmbientOcclusionLevels:-1]]
[2026.03.27-04.39.00:465][  0]LogConfig: Setting CVar [[r.AmbientOcclusionRadiusScale:1.0]]
[2026.03.27-04.39.00:465][  0]LogConfig: Setting CVar [[r.DepthOfFieldQuality:2]]
[2026.03.27-04.39.00:465][  0]LogConfig: Setting CVar [[r.RenderTargetPoolMin:400]]
[2026.03.27-04.39.00:465][  0]LogConfig: Setting CVar [[r.LensFlareQuality:2]]
[2026.03.27-04.39.00:465][  0]LogConfig: Setting CVar [[r.SceneColorFringeQuality:1]]
[2026.03.27-04.39.00:465][  0]LogConfig: Setting CVar [[r.EyeAdaptationQuality:2]]
[2026.03.27-04.39.00:465][  0]LogConfig: Setting CVar [[r.BloomQuality:5]]
[2026.03.27-04.39.00:465][  0]LogConfig: Setting CVar [[r.FastBlurThreshold:100]]
[2026.03.27-04.39.00:465][  0]LogConfig: Setting CVar [[r.Upscale.Quality:3]]
[2026.03.27-04.39.00:465][  0]LogConfig: Setting CVar [[r.Tonemapper.GrainQuantization:1]]
[2026.03.27-04.39.00:465][  0]LogConfig: Setting CVar [[r.LightShaftQuality:1]]
[2026.03.27-04.39.00:465][  0]LogConfig: Setting CVar [[r.Filter.SizeScale:1]]
[2026.03.27-04.39.00:465][  0]LogConfig: Setting CVar [[r.Tonemapper.Quality:5]]
[2026.03.27-04.39.00:465][  0]LogConfig: Setting CVar [[r.DOF.Gather.AccumulatorQuality:1        ; higher gathering accumulator quality]]
[2026.03.27-04.39.00:465][  0]LogConfig: Setting CVar [[r.DOF.Gather.PostfilterMethod:1          ; Median3x3 postfilering method]]
[2026.03.27-04.39.00:465][  0]LogConfig: Setting CVar [[r.DOF.Gather.EnableBokehSettings:0       ; no bokeh simulation when gathering]]
[2026.03.27-04.39.00:465][  0]LogConfig: Setting CVar [[r.DOF.Gather.RingCount:4                 ; medium number of samples when gathering]]
[2026.03.27-04.39.00:465][  0]LogConfig: Setting CVar [[r.DOF.Scatter.ForegroundCompositing:1    ; additive foreground scattering]]
[2026.03.27-04.39.00:465][  0]LogConfig: Setting CVar [[r.DOF.Scatter.BackgroundCompositing:2    ; additive background scattering]]
[2026.03.27-04.39.00:465][  0]LogConfig: Setting CVar [[r.DOF.Scatter.EnableBokehSettings:1      ; bokeh simulation when scattering]]
[2026.03.27-04.39.00:465][  0]LogConfig: Setting CVar [[r.DOF.Scatter.MaxSpriteRatio:0.1         ; only a maximum of 10% of scattered bokeh]]
[2026.03.27-04.39.00:465][  0]LogConfig: Setting CVar [[r.DOF.Recombine.Quality:1                ; cheap slight out of focus]]
[2026.03.27-04.39.00:465][  0]LogConfig: Setting CVar [[r.DOF.Recombine.EnableBokehSettings:0    ; no bokeh simulation on slight out of focus]]
[2026.03.27-04.39.00:465][  0]LogConfig: Setting CVar [[r.DOF.TemporalAAQuality:1                ; more stable temporal accumulation]]
[2026.03.27-04.39.00:465][  0]LogConfig: Setting CVar [[r.DOF.Kernel.MaxForegroundRadius:0.025]]
[2026.03.27-04.39.00:465][  0]LogConfig: Setting CVar [[r.DOF.Kernel.MaxBackgroundRadius:0.025]]
[2026.03.27-04.39.00:465][  0]LogConfig: Applying CVar settings from Section [TextureQuality@3] File [C:/Users/titan/Desktop/CPSC399_Game/CPSC399Game/Saved/Config/Windows/Scalability.ini]
[2026.03.27-04.39.00:465][  0]LogConfig: Setting CVar [[r.Streaming.MipBias:0]]
[2026.03.27-04.39.00:465][  0]LogConfig: Setting CVar [[r.Streaming.AmortizeCPUToGPUCopy:0]]
[2026.03.27-04.39.00:465][  0]LogConfig: Setting CVar [[r.Streaming.MaxNumTexturesToStreamPerFrame:0]]
[2026.03.27-04.39.00:465][  0]LogConfig: Setting CVar [[r.Streaming.Boost:1]]
[2026.03.27-04.39.00:465][  0]LogConfig: Setting CVar [[r.MaxAnisotropy:8]]
[2026.03.27-04.39.00:465][  0]LogConfig: Setting CVar [[r.VT.MaxAnisotropy:8]]
[2026.03.27-04.39.00:465][  0]LogConfig: Setting CVar [[r.Streaming.LimitPoolSizeToVRAM:0]]
[2026.03.27-04.39.00:465][  0]LogConfig: Setting CVar [[r.Streaming.PoolSize:1000]]
[2026.03.27-04.39.00:465][  0]LogConfig: Setting CVar [[r.Streaming.MaxEffectiveScreenSize:0]]
[2026.03.27-04.39.00:465][  0]LogConfig: Applying CVar settings from Section [EffectsQuality@3] File [C:/Users/titan/Desktop/CPSC399_Game/CPSC399Game/Saved/Config/Windows/Scalability.ini]
[2026.03.27-04.39.00:465][  0]LogConfig: Setting CVar [[r.TranslucencyLightingVolumeDim:64]]
[2026.03.27-04.39.00:465][  0]LogConfig: Setting CVar [[r.RefractionQuality:2]]
[2026.03.27-04.39.00:465][  0]LogConfig: Setting CVar [[r.SSR.Quality:3]]
[2026.03.27-04.39.00:465][  0]LogConfig: Setting CVar [[r.SSR.HalfResSceneColor:0]]
[2026.03.27-04.39.00:465][  0]LogConfig: Setting CVar [[r.SceneColorFormat:4]]
[2026.03.27-04.39.00:465][  0]LogConfig: Setting CVar [[r.DetailMode:2]]
[2026.03.27-04.39.00:465][  0]LogConfig: Setting CVar [[r.TranslucencyVolumeBlur:1]]
[2026.03.27-04.39.00:465][  0]LogConfig: Setting CVar [[r.MaterialQualityLevel:1 ; High quality]]
[2026.03.27-04.39.00:465][  0]LogConfig: Setting CVar [[r.AnisotropicMaterials:1]]
[2026.03.27-04.39.00:465][  0]LogConfig: Setting CVar [[r.SSS.Scale:1]]
[2026.03.27-04.39.00:465][  0]LogConfig: Setting CVar [[r.SSS.SampleSet:2]]
[2026.03.27-04.39.00:465][  0]LogConfig: Setting CVar [[r.SSS.Quality:1]]
[2026.03.27-04.39.00:465][  0]LogConfig: Setting CVar [[r.SSS.HalfRes:0]]
[2026.03.27-04.39.00:465][  0]LogConfig: Setting CVar [[r.SSGI.Quality:3]]
[2026.03.27-04.39.00:465][  0]LogConfig: Setting CVar [[r.EmitterSpawnRateScale:1.0]]
[2026.03.27-04.39.00:465][  0]LogConfig: Setting CVar [[r.ParticleLightQuality:2]]
[2026.03.27-04.39.00:465][  0]LogConfig: Setting CVar [[r.SkyAtmosphere.AerialPerspectiveLUT.FastApplyOnOpaque:1 ; Always have FastSkyLUT 1 in this case to avoid wrong sky]]
[2026.03.27-04.39.00:465][  0]LogConfig: Setting CVar [[r.SkyAtmosphere.AerialPerspectiveLUT.SampleCountMaxPerSlice:4]]
[2026.03.27-04.39.00:465][  0]LogConfig: Setting CVar [[r.SkyAtmosphere.AerialPerspectiveLUT.DepthResolution:16.0]]
[2026.03.27-04.39.00:465][  0]LogConfig: Setting CVar [[r.SkyAtmosphere.FastSkyLUT:1]]
[2026.03.27-04.39.00:465][  0]LogConfig: Setting CVar [[r.SkyAtmosphere.FastSkyLUT.SampleCountMin:4.0]]
[2026.03.27-04.39.00:465][  0]LogConfig: Setting CVar [[r.SkyAtmosphere.FastSkyLUT.SampleCountMax:128.0]]
[2026.03.27-04.39.00:465][  0]LogConfig: Setting CVar [[r.SkyAtmosphere.SampleCountMin:4.0]]
[2026.03.27-04.39.00:465][  0]LogConfig: Setting CVar [[r.SkyAtmosphere.SampleCountMax:128.0]]
[2026.03.27-04.39.00:465][  0]LogConfig: Setting CVar [[r.SkyAtmosphere.TransmittanceLUT.UseSmallFormat:0]]
[2026.03.27-04.39.00:465][  0]LogConfig: Setting CVar [[r.SkyAtmosphere.TransmittanceLUT.SampleCount:10.0]]
[2026.03.27-04.39.00:465][  0]LogConfig: Setting CVar [[r.SkyAtmosphere.MultiScatteringLUT.SampleCount:15.0]]
[2026.03.27-04.39.00:465][  0]LogConfig: Setting CVar [[r.SkyLight.RealTimeReflectionCapture:1]]
[2026.03.27-04.39.00:465][  0]LogConfig: Applying CVar settings from Section [FoliageQuality@3] File [C:/Users/titan/Desktop/CPSC399_Game/CPSC399Game/Saved/Config/Windows/Scalability.ini]
[2026.03.27-04.39.00:465][  0]LogConfig: Setting CVar [[foliage.DensityScale:1.0]]
[2026.03.27-04.39.00:465][  0]LogConfig: Setting CVar [[grass.DensityScale:1.0]]
[2026.03.27-04.39.00:465][  0]LogConfig: Applying CVar settings from Section [ShadingQuality@3] File [C:/Users/titan/Desktop/CPSC399_Game/CPSC399Game/Saved/Config/Windows/Scalability.ini]
[2026.03.27-04.39.00:465][  0]LogConfig: Setting CVar [[r.HairStrands.SkyLighting.IntegrationType:2]]
[2026.03.27-04.39.00:465][  0]LogConfig: Setting CVar [[r.HairStrands.SkyAO.SampleCount:4]]
[2026.03.27-04.39.00:465][  0]LogConfig: Setting CVar [[r.HairStrands.Visibility.MSAA.SamplePerPixel:4]]
[2026.03.27-04.39.00:466][  0]LogInit: Selected Device Profile: [Windows]
[2026.03.27-04.39.00:466][  0]LogInit: Applying CVar settings loaded from the selected device profile: [Windows]
[2026.03.27-04.39.00:467][  0]LogHAL: Display: Platform has ~ 32 GB [34088599552 / 34359738368 / 32], which maps to Largest [LargestMinGB=32, LargerMinGB=12, DefaultMinGB=8, SmallerMinGB=6, SmallestMinGB=0)
[2026.03.27-04.39.00:467][  0]LogInit: Going up to parent DeviceProfile []
[2026.03.27-04.39.00:467][  0]LogConfig: Applying CVar settings from Section [ViewDistanceQuality@3] File [C:/Users/titan/Desktop/CPSC399_Game/CPSC399Game/Saved/Config/Windows/Scalability.ini]
[2026.03.27-04.39.00:467][  0]LogConfig: Setting CVar [[r.SkeletalMeshLODBias:0]]
[2026.03.27-04.39.00:467][  0]LogConfig: Setting CVar [[r.ViewDistanceScale:1.0]]
[2026.03.27-04.39.00:467][  0]LogConfig: Applying CVar settings from Section [AntiAliasingQuality@3] File [C:/Users/titan/Desktop/CPSC399_Game/CPSC399Game/Saved/Config/Windows/Scalability.ini]
[2026.03.27-04.39.00:467][  0]LogConfig: Setting CVar [[r.PostProcessAAQuality:4]]
[2026.03.27-04.39.00:467][  0]LogConfig: Applying CVar settings from Section [ShadowQuality@3] File [C:/Users/titan/Desktop/CPSC399_Game/CPSC399Game/Saved/Config/Windows/Scalability.ini]
[2026.03.27-04.39.00:467][  0]LogConfig: Setting CVar [[r.LightFunctionQuality:1]]
[2026.03.27-04.39.00:467][  0]LogConfig: Setting CVar [[r.ShadowQuality:5]]
[2026.03.27-04.39.00:467][  0]LogConfig: Setting CVar [[r.Shadow.CSM.MaxCascades:10]]
[2026.03.27-04.39.00:467][  0]LogConfig: Setting CVar [[r.Shadow.MaxResolution:2048]]
[2026.03.27-04.39.00:467][  0]LogConfig: Setting CVar [[r.Shadow.MaxCSMResolution:2048]]
[2026.03.27-04.39.00:467][  0]LogConfig: Setting CVar [[r.Shadow.RadiusThreshold:0.01]]
[2026.03.27-04.39.00:467][  0]LogConfig: Setting CVar [[r.Shadow.DistanceScale:1.0]]
[2026.03.27-04.39.00:467][  0]LogConfig: Setting CVar [[r.Shadow.CSM.TransitionScale:1.0]]
[2026.03.27-04.39.00:467][  0]LogConfig: Setting CVar [[r.Shadow.PreShadowResolutionFactor:1.0]]
[2026.03.27-04.39.00:467][  0]LogConfig: Setting CVar [[r.DistanceFieldShadowing:1]]
[2026.03.27-04.39.00:467][  0]LogConfig: Setting CVar [[r.DistanceFieldAO:1]]
[2026.03.27-04.39.00:467][  0]LogConfig: Setting CVar [[r.AOQuality:2]]
[2026.03.27-04.39.00:467][  0]LogConfig: Setting CVar [[r.VolumetricFog:1]]
[2026.03.27-04.39.00:467][  0]LogConfig: Setting CVar [[r.VolumetricFog.GridPixelSize:8]]
[2026.03.27-04.39.00:467][  0]LogConfig: Setting CVar [[r.VolumetricFog.GridSizeZ:128]]
[2026.03.27-04.39.00:467][  0]LogConfig: Setting CVar [[r.VolumetricFog.HistoryMissSupersampleCount:4]]
[2026.03.27-04.39.00:467][  0]LogConfig: Setting CVar [[r.LightMaxDrawDistanceScale:1]]
[2026.03.27-04.39.00:467][  0]LogConfig: Setting CVar [[r.CapsuleShadows:1]]
[2026.03.27-04.39.00:467][  0]LogConfig: Applying CVar settings from Section [PostProcessQuality@3] File [C:/Users/titan/Desktop/CPSC399_Game/CPSC399Game/Saved/Config/Windows/Scalability.ini]
[2026.03.27-04.39.00:467][  0]LogConfig: Setting CVar [[r.MotionBlurQuality:4]]
[2026.03.27-04.39.00:467][  0]LogConfig: Setting CVar [[r.AmbientOcclusionMipLevelFactor:0.4]]
[2026.03.27-04.39.00:467][  0]LogConfig: Setting CVar [[r.AmbientOcclusionMaxQuality:100]]
[2026.03.27-04.39.00:467][  0]LogConfig: Setting CVar [[r.AmbientOcclusionLevels:-1]]
[2026.03.27-04.39.00:467][  0]LogConfig: Setting CVar [[r.AmbientOcclusionRadiusScale:1.0]]
[2026.03.27-04.39.00:467][  0]LogConfig: Setting CVar [[r.DepthOfFieldQuality:2]]
[2026.03.27-04.39.00:467][  0]LogConfig: Setting CVar [[r.RenderTargetPoolMin:400]]
[2026.03.27-04.39.00:467][  0]LogConfig: Setting CVar [[r.LensFlareQuality:2]]
[2026.03.27-04.39.00:467][  0]LogConfig: Setting CVar [[r.SceneColorFringeQuality:1]]
[2026.03.27-04.39.00:467][  0]LogConfig: Setting CVar [[r.EyeAdaptationQuality:2]]
[2026.03.27-04.39.00:467][  0]LogConfig: Setting CVar [[r.BloomQuality:5]]
[2026.03.27-04.39.00:467][  0]LogConfig: Setting CVar [[r.FastBlurThreshold:100]]
[2026.03.27-04.39.00:467][  0]LogConfig: Setting CVar [[r.Upscale.Quality:3]]
[2026.03.27-04.39.00:467][  0]LogConfig: Setting CVar [[r.Tonemapper.GrainQuantization:1]]
[2026.03.27-04.39.00:467][  0]LogConfig: Setting CVar [[r.LightShaftQuality:1]]
[2026.03.27-04.39.00:467][  0]LogConfig: Setting CVar [[r.Filter.SizeScale:1]]
[2026.03.27-04.39.00:467][  0]LogConfig: Setting CVar [[r.Tonemapper.Quality:5]]
[2026.03.27-04.39.00:467][  0]LogConfig: Setting CVar [[r.DOF.Gather.AccumulatorQuality:1        ; higher gathering accumulator quality]]
[2026.03.27-04.39.00:467][  0]LogConfig: Setting CVar [[r.DOF.Gather.PostfilterMethod:1          ; Median3x3 postfilering method]]
[2026.03.27-04.39.00:467][  0]LogConfig: Setting CVar [[r.DOF.Gather.EnableBokehSettings:0       ; no bokeh simulation when gathering]]
[2026.03.27-04.39.00:467][  0]LogConfig: Setting CVar [[r.DOF.Gather.RingCount:4                 ; medium number of samples when gathering]]
[2026.03.27-04.39.00:467][  0]LogConfig: Setting CVar [[r.DOF.Scatter.ForegroundCompositing:1    ; additive foreground scattering]]
[2026.03.27-04.39.00:467][  0]LogConfig: Setting CVar [[r.DOF.Scatter.BackgroundCompositing:2    ; additive background scattering]]
[2026.03.27-04.39.00:467][  0]LogConfig: Setting CVar [[r.DOF.Scatter.EnableBokehSettings:1      ; bokeh simulation when scattering]]
[2026.03.27-04.39.00:467][  0]LogConfig: Setting CVar [[r.DOF.Scatter.MaxSpriteRatio:0.1         ; only a maximum of 10% of scattered bokeh]]
[2026.03.27-04.39.00:467][  0]LogConfig: Setting CVar [[r.DOF.Recombine.Quality:1                ; cheap slight out of focus]]
[2026.03.27-04.39.00:467][  0]LogConfig: Setting CVar [[r.DOF.Recombine.EnableBokehSettings:0    ; no bokeh simulation on slight out of focus]]
[2026.03.27-04.39.00:467][  0]LogConfig: Setting CVar [[r.DOF.TemporalAAQuality:1                ; more stable temporal accumulation]]
[2026.03.27-04.39.00:467][  0]LogConfig: Setting CVar [[r.DOF.Kernel.MaxForegroundRadius:0.025]]
[2026.03.27-04.39.00:467][  0]LogConfig: Setting CVar [[r.DOF.Kernel.MaxBackgroundRadius:0.025]]
[2026.03.27-04.39.00:467][  0]LogConfig: Applying CVar settings from Section [TextureQuality@3] File [C:/Users/titan/Desktop/CPSC399_Game/CPSC399Game/Saved/Config/Windows/Scalability.ini]
[2026.03.27-04.39.00:467][  0]LogConfig: Setting CVar [[r.Streaming.MipBias:0]]
[2026.03.27-04.39.00:467][  0]LogConfig: Setting CVar [[r.Streaming.AmortizeCPUToGPUCopy:0]]
[2026.03.27-04.39.00:467][  0]LogConfig: Setting CVar [[r.Streaming.MaxNumTexturesToStreamPerFrame:0]]
[2026.03.27-04.39.00:467][  0]LogConfig: Setting CVar [[r.Streaming.Boost:1]]
[2026.03.27-04.39.00:467][  0]LogConfig: Setting CVar [[r.MaxAnisotropy:8]]
[2026.03.27-04.39.00:467][  0]LogConfig: Setting CVar [[r.VT.MaxAnisotropy:8]]
[2026.03.27-04.39.00:467][  0]LogConfig: Setting CVar [[r.Streaming.LimitPoolSizeToVRAM:0]]
[2026.03.27-04.39.00:467][  0]LogConfig: Setting CVar [[r.Streaming.PoolSize:1000]]
[2026.03.27-04.39.00:467][  0]LogConfig: Setting CVar [[r.Streaming.MaxEffectiveScreenSize:0]]
[2026.03.27-04.39.00:467][  0]LogConfig: Applying CVar settings from Section [EffectsQuality@3] File [C:/Users/titan/Desktop/CPSC399_Game/CPSC399Game/Saved/Config/Windows/Scalability.ini]
[2026.03.27-04.39.00:467][  0]LogConfig: Setting CVar [[r.TranslucencyLightingVolumeDim:64]]
[2026.03.27-04.39.00:467][  0]LogConfig: Setting CVar [[r.RefractionQuality:2]]
[2026.03.27-04.39.00:467][  0]LogConfig: Setting CVar [[r.SSR.Quality:3]]
[2026.03.27-04.39.00:467][  0]LogConfig: Setting CVar [[r.SSR.HalfResSceneColor:0]]
[2026.03.27-04.39.00:467][  0]LogConfig: Setting CVar [[r.SceneColorFormat:4]]
[2026.03.27-04.39.00:467][  0]LogConfig: Setting CVar [[r.DetailMode:2]]
[2026.03.27-04.39.00:467][  0]LogConfig: Setting CVar [[r.TranslucencyVolumeBlur:1]]
[2026.03.27-04.39.00:467][  0]LogConfig: Setting CVar [[r.MaterialQualityLevel:1 ; High quality]]
[2026.03.27-04.39.00:467][  0]LogConfig: Setting CVar [[r.AnisotropicMaterials:1]]
[2026.03.27-04.39.00:467][  0]LogConfig: Setting CVar [[r.SSS.Scale:1]]
[2026.03.27-04.39.00:467][  0]LogConfig: Setting CVar [[r.SSS.SampleSet:2]]
[2026.03.27-04.39.00:467][  0]LogConfig: Setting CVar [[r.SSS.Quality:1]]
[2026.03.27-04.39.00:467][  0]LogConfig: Setting CVar [[r.SSS.HalfRes:0]]
[2026.03.27-04.39.00:467][  0]LogConfig: Setting CVar [[r.SSGI.Quality:3]]
[2026.03.27-04.39.00:467][  0]LogConfig: Setting CVar [[r.EmitterSpawnRateScale:1.0]]
[2026.03.27-04.39.00:467][  0]LogConfig: Setting CVar [[r.ParticleLightQuality:2]]
[2026.03.27-04.39.00:467][  0]LogConfig: Setting CVar [[r.SkyAtmosphere.AerialPerspectiveLUT.FastApplyOnOpaque:1 ; Always have FastSkyLUT 1 in this case to avoid wrong sky]]
[2026.03.27-04.39.00:467][  0]LogConfig: Setting CVar [[r.SkyAtmosphere.AerialPerspectiveLUT.SampleCountMaxPerSlice:4]]
[2026.03.27-04.39.00:467][  0]LogConfig: Setting CVar [[r.SkyAtmosphere.AerialPerspectiveLUT.DepthResolution:16.0]]
[2026.03.27-04.39.00:467][  0]LogConfig: Setting CVar [[r.SkyAtmosphere.FastSkyLUT:1]]
[2026.03.27-04.39.00:467][  0]LogConfig: Setting CVar [[r.SkyAtmosphere.FastSkyLUT.SampleCountMin:4.0]]
[2026.03.27-04.39.00:467][  0]LogConfig: Setting CVar [[r.SkyAtmosphere.FastSkyLUT.SampleCountMax:128.0]]
[2026.03.27-04.39.00:467][  0]LogConfig: Setting CVar [[r.SkyAtmosphere.SampleCountMin:4.0]]
[2026.03.27-04.39.00:467][  0]LogConfig: Setting CVar [[r.SkyAtmosphere.SampleCountMax:128.0]]
[2026.03.27-04.39.00:467][  0]LogConfig: Setting CVar [[r.SkyAtmosphere.TransmittanceLUT.UseSmallFormat:0]]
[2026.03.27-04.39.00:467][  0]LogConfig: Setting CVar [[r.SkyAtmosphere.TransmittanceLUT.SampleCount:10.0]]
[2026.03.27-04.39.00:467][  0]LogConfig: Setting CVar [[r.SkyAtmosphere.MultiScatteringLUT.SampleCount:15.0]]
[2026.03.27-04.39.00:467][  0]LogConfig: Setting CVar [[r.SkyLight.RealTimeReflectionCapture:1]]
[2026.03.27-04.39.00:467][  0]LogConfig: Applying CVar settings from Section [FoliageQuality@3] File [C:/Users/titan/Desktop/CPSC399_Game/CPSC399Game/Saved/Config/Windows/Scalability.ini]
[2026.03.27-04.39.00:467][  0]LogConfig: Setting CVar [[foliage.DensityScale:1.0]]
[2026.03.27-04.39.00:467][  0]LogConfig: Setting CVar [[grass.DensityScale:1.0]]
[2026.03.27-04.39.00:467][  0]LogConfig: Applying CVar settings from Section [ShadingQuality@3] File [C:/Users/titan/Desktop/CPSC399_Game/CPSC399Game/Saved/Config/Windows/Scalability.ini]
[2026.03.27-04.39.00:467][  0]LogConfig: Setting CVar [[r.HairStrands.SkyLighting.IntegrationType:2]]
[2026.03.27-04.39.00:467][  0]LogConfig: Setting CVar [[r.HairStrands.SkyAO.SampleCount:4]]
[2026.03.27-04.39.00:467][  0]LogConfig: Setting CVar [[r.HairStrands.Visibility.MSAA.SamplePerPixel:4]]
[2026.03.27-04.39.00:467][  0]LogConfig: Applying CVar settings from Section [Startup] File [../../../Engine/Config/ConsoleVariables.ini]
[2026.03.27-04.39.00:474][  0]LogConfig: Setting CVar [[net.UseAdaptiveNetUpdateFrequency:0]]
[2026.03.27-04.39.00:474][  0]LogConfig: Setting CVar [[p.chaos.AllowCreatePhysxBodies:1]]
[2026.03.27-04.39.00:474][  0]LogConfig: Setting CVar [[fx.SkipVectorVMBackendOptimizations:1]]
[2026.03.27-04.39.00:474][  0]LogConfig: Applying CVar settings from Section [ConsoleVariables] File [C:/Users/titan/Desktop/CPSC399_Game/CPSC399Game/Saved/Config/Windows/Engine.ini]
[2026.03.27-04.39.00:474][  0]LogConfig: Applying CVar settings from Section [ConsoleVariables] File [C:/Users/titan/Desktop/CPSC399_Game/CPSC399Game/Saved/Config/Windows/Editor.ini]
[2026.03.27-04.39.00:475][  0]LogInit: Computer: TITANPC
[2026.03.27-04.39.00:475][  0]LogInit: User: titan
[2026.03.27-04.39.00:475][  0]LogInit: CPU Page size=4096, Cores=10
[2026.03.27-04.39.00:475][  0]LogInit: High frequency timer resolution =10.000000 MHz
[2026.03.27-04.39.00:475][  0]LogMemory: Memory total: Physical=31.7GB (32GB approx)
[2026.03.27-04.39.00:475][  0]LogMemory: Platform Memory Stats for Windows
[2026.03.27-04.39.00:475][  0]LogMemory: Process Physical Memory: 151.39 MB used, 151.39 MB peak
[2026.03.27-04.39.00:475][  0]LogMemory: Process Virtual Memory: 131.42 MB used, 131.42 MB peak
[2026.03.27-04.39.00:475][  0]LogMemory: Physical Memory: 13532.34 MB used,  18977.09 MB free, 32509.42 MB total
[2026.03.27-04.39.00:475][  0]LogMemory: Virtual Memory: 134199368.00 MB used,  18359.96 MB free, 134217728.00 MB total
[2026.03.27-04.39.00:479][  0]LogWindows: WindowsPlatformFeatures enabled
[2026.03.27-04.39.00:783][  0]LogInit: Physics initialised using underlying interface: PhysX
[2026.03.27-04.39.00:784][  0]LogInit: Using OS detected language (en-US).
[2026.03.27-04.39.00:784][  0]LogInit: Using OS detected locale (en-CA).
[2026.03.27-04.39.00:790][  0]LogTextLocalizationManager: No specific localization for 'en-US' exists, so the 'en' localization will be used.
[2026.03.27-04.39.01:015][  0]LogInit: Setting process to per monitor DPI aware
[2026.03.27-04.39.01:040][  0]LogWindowsTextInputMethodSystem: Display: IME system deactivated.
[2026.03.27-04.39.01:119][  0]LogSlate: New Slate User Created.  User Index 0, Is Virtual User: 0
[2026.03.27-04.39.01:119][  0]LogSlate: Slate User Registered.  User Index 0, Is Virtual User: 0
[2026.03.27-04.39.04:081][  0]LogD3D11RHI: Loaded GFSDK_Aftermath_Lib.x64.dll
[2026.03.27-04.39.04:088][  0]LogHMD: Failed to initialize OpenVR with code 110
[2026.03.27-04.39.04:088][  0]LogD3D11RHI: D3D11 min allowed feature level: 11_0
[2026.03.27-04.39.04:088][  0]LogD3D11RHI: D3D11 max allowed feature level: 11_0
[2026.03.27-04.39.04:088][  0]LogD3D11RHI: D3D11 adapters:
[2026.03.27-04.39.04:261][  0]LogD3D11RHI:    0. 'NVIDIA GeForce RTX 3080' (Feature Level 11_0)
[2026.03.27-04.39.04:261][  0]LogD3D11RHI:       12093/0/16254 MB DedicatedVideo/DedicatedSystem/SharedSystem, Outputs:3, VendorId:0x10de
[2026.03.27-04.39.04:263][  0]LogD3D11RHI:    1. 'Microsoft Basic Render Driver' (Feature Level 11_0)
[2026.03.27-04.39.04:263][  0]LogD3D11RHI:       0/0/16254 MB DedicatedVideo/DedicatedSystem/SharedSystem, Outputs:0, VendorId:0x1414
[2026.03.27-04.39.04:263][  0]LogD3D11RHI: Chosen D3D11 Adapter:
[2026.03.27-04.39.04:263][  0]LogD3D11RHI:     Description : NVIDIA GeForce RTX 3080
[2026.03.27-04.39.04:263][  0]LogD3D11RHI:     VendorId    : 10de
[2026.03.27-04.39.04:263][  0]LogD3D11RHI:     DeviceId    : 220a
[2026.03.27-04.39.04:263][  0]LogD3D11RHI:     SubSysId    : 48773842
[2026.03.27-04.39.04:263][  0]LogD3D11RHI:     Revision    : 00a1
[2026.03.27-04.39.04:263][  0]LogD3D11RHI:     DedicatedVideoMemory : 12680429568 bytes
[2026.03.27-04.39.04:263][  0]LogD3D11RHI:     DedicatedSystemMemory : 0 bytes
[2026.03.27-04.39.04:263][  0]LogD3D11RHI:     SharedSystemMemory : 17044299776 bytes
[2026.03.27-04.39.04:264][  0]LogD3D11RHI:     AdapterLuid : 0 56078
[2026.03.27-04.39.04:269][  0]LogD3D11RHI: Creating new Direct3DDevice
[2026.03.27-04.39.04:269][  0]LogD3D11RHI:     GPU DeviceId: 0x220a (for the marketing name, search the web for "GPU Device Id")
[2026.03.27-04.39.04:269][  0]LogWindows: EnumDisplayDevices:
[2026.03.27-04.39.04:269][  0]LogWindows:    0. 'NVIDIA GeForce RTX 3080' (P:1 D:1)
[2026.03.27-04.39.04:269][  0]LogWindows:    1. 'NVIDIA GeForce RTX 3080' (P:0 D:1)
[2026.03.27-04.39.04:269][  0]LogWindows:    2. 'NVIDIA GeForce RTX 3080' (P:0 D:1)
[2026.03.27-04.39.04:270][  0]LogWindows:    3. 'NVIDIA GeForce RTX 3080' (P:0 D:0)
[2026.03.27-04.39.04:270][  0]LogWindows: DebugString: FoundDriverCount:4 
[2026.03.27-04.39.04:270][  0]LogD3D11RHI:     Adapter Name: NVIDIA GeForce RTX 3080
[2026.03.27-04.39.04:270][  0]LogD3D11RHI:   Driver Version: 595.97 (internal:32.0.15.9597, unified:595.97)
[2026.03.27-04.39.04:270][  0]LogD3D11RHI:      Driver Date: 3-17-2026
[2026.03.27-04.39.04:270][  0]LogRHI: Texture pool is 8465 MB (70% of 12093 MB)
[2026.03.27-04.39.04:270][  0]LogD3D11RHI: Creating D3DDevice using adapter:
[2026.03.27-04.39.04:270][  0]LogD3D11RHI:     Description : NVIDIA GeForce RTX 3080
[2026.03.27-04.39.04:270][  0]LogD3D11RHI:     VendorId    : 10de
[2026.03.27-04.39.04:270][  0]LogD3D11RHI:     DeviceId    : 220a
[2026.03.27-04.39.04:270][  0]LogD3D11RHI:     SubSysId    : 48773842
[2026.03.27-04.39.04:270][  0]LogD3D11RHI:     Revision    : 00a1
[2026.03.27-04.39.04:270][  0]LogD3D11RHI:     DedicatedVideoMemory : 12680429568 bytes
[2026.03.27-04.39.04:270][  0]LogD3D11RHI:     DedicatedSystemMemory : 0 bytes
[2026.03.27-04.39.04:270][  0]LogD3D11RHI:     SharedSystemMemory : 17044299776 bytes
[2026.03.27-04.39.04:270][  0]LogD3D11RHI:     AdapterLuid : 0 56078
[2026.03.27-04.39.04:377][  0]LogD3D11RHI: RHI has support for 64 bit atomics
[2026.03.27-04.39.04:377][  0]LogD3D11RHI: Async texture creation enabled
[2026.03.27-04.39.04:377][  0]LogD3D11RHI: Array index from any shader is supported
[2026.03.27-04.39.04:383][  0]LogD3D11RHI: HDR output is supported on display 0 (NvId: 0x80061082).
[2026.03.27-04.39.04:407][  0]LogD3D11RHI: GPU Timing Frequency: 1000.000000 (Debug: 2 2)
[2026.03.27-04.39.04:479][  0]LogRHI: GeForceNow SDK initialized: 1
[2026.03.27-04.39.05:142][  0]LogTargetPlatformManager: Display: Loaded TargetPlatform 'AllDesktop'
[2026.03.27-04.39.05:180][  0]LogTargetPlatformManager: Display: Loaded TargetPlatform 'Android'
[2026.03.27-04.39.05:180][  0]LogTargetPlatformManager: Display: Loaded TargetPlatform 'Android_ASTC'
[2026.03.27-04.39.05:180][  0]LogTargetPlatformManager: Display: Loaded TargetPlatform 'Android_DXT'
[2026.03.27-04.39.05:180][  0]LogTargetPlatformManager: Display: Loaded TargetPlatform 'Android_ETC2'
[2026.03.27-04.39.05:180][  0]LogTargetPlatformManager: Display: Loaded TargetPlatform 'AndroidClient'
[2026.03.27-04.39.05:180][  0]LogTargetPlatformManager: Display: Loaded TargetPlatform 'Android_ASTCClient'
[2026.03.27-04.39.05:180][  0]LogTargetPlatformManager: Display: Loaded TargetPlatform 'Android_DXTClient'
[2026.03.27-04.39.05:180][  0]LogTargetPlatformManager: Display: Loaded TargetPlatform 'Android_ETC2Client'
[2026.03.27-04.39.05:180][  0]LogTargetPlatformManager: Display: Loaded TargetPlatform 'Android_Multi'
[2026.03.27-04.39.05:180][  0]LogTargetPlatformManager: Display: Loaded TargetPlatform 'Android_MultiClient'
[2026.03.27-04.39.05:258][  0]LogTargetPlatformManager: Display: Loaded TargetPlatform 'IOSClient'
[2026.03.27-04.39.05:258][  0]LogTargetPlatformManager: Display: Loaded TargetPlatform 'IOS'
[2026.03.27-04.39.05:298][  0]LogTargetPlatformManager: Display: Loaded TargetPlatform 'Linux'
[2026.03.27-04.39.05:321][  0]LogTargetPlatformManager: Display: Loaded TargetPlatform 'LinuxNoEditor'
[2026.03.27-04.39.05:345][  0]LogTargetPlatformManager: Display: Loaded TargetPlatform 'LinuxClient'
[2026.03.27-04.39.05:368][  0]LogTargetPlatformManager: Display: Loaded TargetPlatform 'LinuxServer'
[2026.03.27-04.39.05:400][  0]LogTargetPlatformManager: Display: Loaded TargetPlatform 'LinuxAArch64NoEditor'
[2026.03.27-04.39.05:422][  0]LogTargetPlatformManager: Display: Loaded TargetPlatform 'LinuxAArch64Client'
[2026.03.27-04.39.05:445][  0]LogTargetPlatformManager: Display: Loaded TargetPlatform 'LinuxAArch64Server'
[2026.03.27-04.39.05:485][  0]LogTargetPlatformManager: Display: Loaded TargetPlatform 'Lumin'
[2026.03.27-04.39.05:485][  0]LogTargetPlatformManager: Display: Loaded TargetPlatform 'LuminClient'
[2026.03.27-04.39.05:521][  0]LogTargetPlatformManager: Display: Loaded TargetPlatform 'MacNoEditor'
[2026.03.27-04.39.05:545][  0]LogTargetPlatformManager: Display: Loaded TargetPlatform 'Mac'
[2026.03.27-04.39.05:567][  0]LogTargetPlatformManager: Display: Loaded TargetPlatform 'MacClient'
[2026.03.27-04.39.05:589][  0]LogTargetPlatformManager: Display: Loaded TargetPlatform 'MacServer'
[2026.03.27-04.39.05:615][  0]LogTargetPlatformManager: Display: Loaded TargetPlatform 'TVOSClient'
[2026.03.27-04.39.05:615][  0]LogTargetPlatformManager: Display: Loaded TargetPlatform 'TVOS'
[2026.03.27-04.39.05:643][  0]LogTargetPlatformManager: Display: Loaded TargetPlatform 'WindowsNoEditor'
[2026.03.27-04.39.05:669][  0]LogTargetPlatformManager: Display: Loaded TargetPlatform 'Windows'
[2026.03.27-04.39.05:692][  0]LogTargetPlatformManager: Display: Loaded TargetPlatform 'WindowsClient'
[2026.03.27-04.39.05:718][  0]LogTargetPlatformManager: Display: Loaded TargetPlatform 'WindowsServer'
[2026.03.27-04.39.05:719][  0]LogTargetPlatformManager: Display: Building Assets For Windows
[2026.03.27-04.39.05:811][  0]LogAudioDebug: Display: Lib vorbis DLL was dynamically loaded.
[2026.03.27-04.39.06:108][  0]LogTextureFormatOodle: Display: Oodle Texture 2.9.0 init RDO Off
[2026.03.27-04.39.06:434][  0]LogRendererCore: Ray tracing is disabled. Reason: r.RayTracing=0.
[2026.03.27-04.39.06:435][  0]LogShaderCompilers: Guid format shader working directory is -2 characters bigger than the processId version (C:/Users/titan/Desktop/CPSC399_Game/CPSC399Game/Intermediate/Shaders/WorkingDirectory/27196/).
[2026.03.27-04.39.06:435][  0]LogShaderCompilers: Cleaned the shader compiler working directory 'C:/Users/titan/AppData/Local/Temp/UnrealShaderWorkingDir/B7077952433CAFED5078C7970A0228CB/'.
[2026.03.27-04.39.06:435][  0]LogXGEController: Cannot use XGE Controller as Incredibuild is not installed on this machine.
[2026.03.27-04.39.06:435][  0]LogShaderCompilers: Cannot use XGE Shader Compiler as Incredibuild is not installed on this machine.
[2026.03.27-04.39.06:435][  0]LogShaderCompilers: Display: Using Local Shader Compiler.
[2026.03.27-04.39.10:243][  0]LogDerivedDataCache: Display: Max Cache Size: 512 MB
[2026.03.27-04.39.10:339][  0]LogDerivedDataCache: Loaded boot cache 0.10s 94MB C:/Users/titan/AppData/Local/UnrealEngine/4.27/DerivedDataCache/Boot.ddc.
[2026.03.27-04.39.10:339][  0]LogDerivedDataCache: Display: Loaded Boot cache: C:/Users/titan/AppData/Local/UnrealEngine/4.27/DerivedDataCache/Boot.ddc
[2026.03.27-04.39.10:340][  0]LogDerivedDataCache: FDerivedDataBackendGraph:  Pak pak cache file C:/Users/titan/Desktop/CPSC399_Game/CPSC399Game/DerivedDataCache/DDC.ddp not found, will not use a pak cache.
[2026.03.27-04.39.10:340][  0]LogDerivedDataCache: Unable to find inner node Pak for hierarchical cache Hierarchy.
[2026.03.27-04.39.10:340][  0]LogDerivedDataCache: FDerivedDataBackendGraph:  CompressedPak pak cache file C:/Users/titan/Desktop/CPSC399_Game/CPSC399Game/DerivedDataCache/Compressed.ddp not found, will not use a pak cache.
[2026.03.27-04.39.10:340][  0]LogDerivedDataCache: Unable to find inner node CompressedPak for hierarchical cache Hierarchy.
[2026.03.27-04.39.10:365][  0]LogDerivedDataCache: Display: Pak cache opened for reading ../../../Engine/DerivedDataCache/Compressed.ddp.
[2026.03.27-04.39.10:365][  0]LogDerivedDataCache: FDerivedDataBackendGraph:  EnterprisePak pak cache file ../../../Enterprise/DerivedDataCache/Compressed.ddp not found, will not use a pak cache.
[2026.03.27-04.39.10:365][  0]LogDerivedDataCache: Unable to find inner node EnterprisePak for hierarchical cache Hierarchy.
[2026.03.27-04.39.10:420][  0]LogDerivedDataCache: Speed tests for C:/Users/titan/AppData/Local/UnrealEngine/Common/DerivedDataCache took 0.05 seconds
[2026.03.27-04.39.10:420][  0]LogDerivedDataCache: Display: Performance to C:/Users/titan/AppData/Local/UnrealEngine/Common/DerivedDataCache: Latency=0.22ms. RandomReadSpeed=19.97MBs, RandomWriteSpeed=164.09MBs. Assigned SpeedClass 'Local'
[2026.03.27-04.39.10:421][  0]LogDerivedDataCache: Using Local data cache path C:/Users/titan/AppData/Local/UnrealEngine/Common/DerivedDataCache: Writable
[2026.03.27-04.39.10:421][  0]LogDerivedDataCache: Shared data cache path not found in *engine.ini, will not use an Shared cache.
[2026.03.27-04.39.10:421][  0]LogDerivedDataCache: Unable to find inner node Shared for hierarchical cache Hierarchy.
[2026.03.27-04.39.10:454][  0]LogSlate: Using FreeType 2.10.0
[2026.03.27-04.39.10:469][  0]LogSlate: SlateFontServices - WITH_FREETYPE: 1, WITH_HARFBUZZ: 1
[2026.03.27-04.39.10:599][  0]LogAssetRegistry: FAssetRegistry took 0.0034 seconds to start up
[2026.03.27-04.39.10:803][  0]LogInit: Selected Device Profile: [Windows]
[2026.03.27-04.39.10:803][  0]LogInit: Active device profile: [0000029E60908B00][0000029E5B4196C0 49] Windows
[2026.03.27-04.39.10:803][  0]LogInit: Profiles: [0000029E60908B00][0000029E5B4196C0 49] Windows, [0000029E608E6200][0000029E5F363840 49] WindowsNoEditor, [0000029E60909900][0000029E5F3679C0 49] WindowsServer, [0000029E608E6F00][0000029E58C27B40 49] WindowsClient, [0000029E6090BC00][0000029E5B414140 49] IOS, [0000029E608E4F00][0000029E5F36A2C0 49] iPadAir, [0000029E6090BE00][0000029E5F36E440 49] iPadAir2, [0000029E60898C00][0000029E6040A700 49] IPadPro, [0000029E60898D00][0000029E60406740 49] iPadAir3, [0000029E608E7C00][0000029E5B41C880 49] iPadAir4, [0000029E6089B600][0000029E5B2909C0 49] iPadMini2, [0000029E608E7300][0000029E5B2FEB00 49] iPadMini3, [0000029E6089B800][0000029E5F34CC80 49] iPadMini4, [0000029E608E7900][0000029E5F350E00 49] iPadMini5, [0000029E608A0600][0000029E618690C0 49] iPhone6, [0000029E608A0700][0000029E61865100 49] iPodTouch6, [0000029E6090A900][0000029E618713C0 49] iPhone7, [0000029E6090A800][0000029E6186D400 49] iPodTouch7, [0000029E608A0100][0000029E61875580 49] iPhone5S, [0000029E60898700][0000029E61879700 49] iPhone6Plus, [0000029E608A2500][0000029E6187D880 49] iPhone6S, [0000029E60899300][0000029E61881A00 49] iPhone6SPlus, [0000029E608A3B00][0000029E61885B80 49] iPhone7Plus, [0000029E6089B500][0000029E61888180 49] iPhoneSE, [0000029E6090A600][0000029E6188C300 49] iPhone8, [0000029E60898600][0000029E61890480 49] iPhone8Plus, [0000029E6090A200][0000029E61894600 49] iPhoneX, [0000029E6089B300][0000029E61898780 49] iPhoneXS, [0000029E6090B400][0000029E6189C900 49] iPhoneXSMax, [0000029E6089AD00][0000029E5B302A40 49] iPhoneXR, [0000029E60908200][0000029E61B2AB80 49] iPhone11, [0000029E60899E00][0000029E61B2ECC0 49] iPhone11Pro, [0000029E6090AA00][0000029E61B36E40 49] iPhone11ProMax, [0000029E6089B700][0000029E61B3AFC0 49] iPhoneSE2, [0000029E60908D00][0000029E61B3F140 49] iPhone12Mini, [0000029E60899F00][0000029E61B432C0 49] iPhone12, [0000029E60908700][0000029E61B47440 49] iPhone12Pro, [0000029E60899400][0000029E61B4B5C0 49] iPhone12ProMax, [0000029E60908C00][0000029E61B4F740 49] iPadPro105, [0000029E60899700][0000029E61B538C0 49] iPadPro129, [0000029E60908100][0000029E61B57A40 49] iPadPro97, [0000029E6089BC00][0000029E61B5BBC0 49] iPadPro2_129, [0000029E60908800][0000029E61B5E1C0 49] iPad5, [0000029E6089B100][0000029E61B62340 49] iPad6, [0000029E60908500][0000029E61B664C0 49] iPad7, [0000029E6089A800][0000029E61B6A640 49] iPad8, [0000029E60909500][0000029E61B6E7C0 49] iPadPro11, [0000029E60899500][0000029E61B72940 49] iPadPro2_11, [0000029E60908F00][0000029E61B76AC0 49] iPadPro3_129, [0000029E6089AC00][0000029E61B32C00 49] iPadPro4_129, [0000029E6090A500][0000029E61B7AD40 49] AppleTV, [0000029E60899100][0000029E61B7EE80 49] AppleTV4K, [0000029E60908400][0000029E61B82FC0 49] TVOS, [0000029E6089A600][0000029E61B8B140 49] Mac, [0000029E6090BD00][0000029E61B8F2C0 49] MacClient, [0000029E60899800][0000029E61B93440 49] MacNoEditor, [0000029E6090B100][0000029E61B975C0 49] MacServer, [0000029E6089B900][0000029E61B9B740 49] Linux, [0000029E60908900][0000029E61B9F8C0 49] LinuxAArch64, [0000029E6089BF00][0000029E61BA3A40 49] LinuxNoEditor, [0000029E60909B00][0000029E61BA7BC0 49] LinuxAArch64NoEditor, [0000029E6089B400][0000029E61BAA1C0 49] LinuxClient, [0000029E60909C00][0000029E61BAE340 49] LinuxAArch64Client, [0000029E60899D00][0000029E61BB24C0 49] LinuxServer, [0000029E6090AF00][0000029E61BB6640 49] LinuxAArch64Server, [0000029E60898500][0000029E61BBA7C0 49] Android, [0000029E60909E00][0000029E61BBE940 49] Android_Low, [0000029E6089B000][0000029E61BC2AC0 49] Android_Mid, [0000029E6090A400][0000029E61BC6C40 49] Android_High, [0000029E60898800][0000029E61B86D80 49] Android_Default, [0000029E6090B200][0000029E61BCAEC0 49] Android_Adreno4xx, [0000029E608E6500][0000029E61BCF000 49] Android_Adreno5xx_Low, [0000029E608A1C00][0000029E61BD3140 49] Android_Adreno5xx, [0000029E608E7E00][0000029E61BDB2C0 49] Android_Adreno6xx, [0000029E608A2B00][0000029E61BDF440 49] Android_Adreno6xx_Vulkan, [0000029E608E7F00][0000029E61BE35C0 49] Android_Mali_T6xx, [0000029E608A0F00][0000029E61BE7740 49] Android_Mali_T7xx, [0000029E608E5400][0000029E61BEB8C0 49] Android_Mali_T8xx, [0000029E608A1F00][0000029E61BEFA40 49] Android_Mali_G71, [0000029E608E5D00][0000029E61BF3BC0 49] Android_Mali_G72, [0000029E608A2400][0000029E61EE01C0 49] Android_Mali_G72_Vulkan, [0000029E608E7700][0000029E61EE4340 49] Android_Mali_G76, [0000029E608A2100][0000029E61EE84C0 49] Android_Mali_G76_Vulkan, [0000029E608E5C00][0000029E61EEC640 49] Android_Mali_G77, [0000029E608A0A00][0000029E61EF07C0 49] Android_Mali_G77_Vulkan, [0000029E608E7500][0000029E61EF4940 49] Android_Mali_G78, [0000029E608A1300][0000029E61EF8AC0 49] Android_Mali_G78_Vulkan, [0000029E608E6A00][0000029E61EFCC40 49] Android_Mali_G710, [0000029E608A3D00][0000029E61F00DC0 49] Android_Mali_G710_Vulkan, [0000029E608E5F00][0000029E61F04F40 49] Android_Vulkan_SM5, [0000029E608A0900][0000029E61BD7080 49] Android_PowerVR_G6xxx, [0000029E608E6000][0000029E61F091C0 49] Android_PowerVR_GT7xxx, [0000029E608A2700][0000029E61F0D300 49] Android_PowerVR_GE8xxx, [0000029E608E6400][0000029E61F15480 49] Android_PowerVR_GM9xxx, [0000029E608A3200][0000029E61F19600 49] Android_PowerVR_GM9xxx_Vulkan, [0000029E608E7100][0000029E61F1D780 49] Android_TegraK1, [0000029E608A1700][0000029E61F21900 49] Android_Unknown_Vulkan, [0000029E608E7800][0000029E61F25A80 49] Lumin, [0000029E608A0200][0000029E61F29C00 49] Lumin_Desktop, [0000029E608E6300][0000029E61F2C200 49] HoloLens, 
[2026.03.27-04.39.11:290][  0]LogMeshReduction: Using QuadricMeshReduction for automatic static mesh reduction
[2026.03.27-04.39.11:290][  0]LogMeshReduction: Using SimplygonMeshReduction for automatic skeletal mesh reduction
[2026.03.27-04.39.11:291][  0]LogMeshReduction: Using ProxyLODMeshReduction for automatic mesh merging
[2026.03.27-04.39.11:291][  0]LogMeshReduction: No distributed automatic mesh merging module available
[2026.03.27-04.39.11:291][  0]LogMeshMerging: No distributed automatic mesh merging module available
[2026.03.27-04.39.11:370][  0]LogNetVersion: CPSC399Game 1.0.0, NetCL: 17155196, EngineNetVer: 17, GameNetVer: 0 (Checksum: 2010562307)
[2026.03.27-04.39.13:199][  0]LogTexture: Default maximum texture size for cubemaps generated from long-lat sources has been changed from 512 to unlimited. In order to preserve old behaiour for '/Engine/MapTemplates/Sky/DaylightAmbientCubemap.DaylightAmbientCubemap', its maximum texture size has been explicitly set to 512.
[2026.03.27-04.39.13:309][  0]LogHMD: PokeAHoleMaterial loaded successfully
[2026.03.27-04.39.13:313][  0]LogUObjectArray: 17178 objects as part of root set at end of initial load.
[2026.03.27-04.39.13:313][  0]LogUObjectAllocator: 4302048 out of 0 bytes used by permanent object pool.
[2026.03.27-04.39.13:313][  0]LogUObjectArray: CloseDisregardForGC: 0/0 objects in disregard for GC pool
[2026.03.27-04.39.15:031][  0]LogNiagaraDebuggerClient: Niagara Debugger Client Initialized | Session: 8D7F316742BD7F7870B9CC9220018487 | Instance: 7F25163E4BD0AC141F9C20A44FEFFC6E (TITANPC-27196).
[2026.03.27-04.39.15:547][  0]LogPython: Using Python 3.7.7
[2026.03.27-04.39.16:531][  0]LogTcpMessaging: Initializing TcpMessaging bridge
[2026.03.27-04.39.16:608][  0]LogUdpMessaging: Initializing bridge on interface 0.0.0.0:0 to multicast group 230.0.0.1:6666.
[2026.03.27-04.39.17:510][  0]SourceControl: Source control is disabled
[2026.03.27-04.39.17:510][  0]SourceControl: Source control is disabled
[2026.03.27-04.39.17:577][  0]SourceControl: Source control is disabled
[2026.03.27-04.39.17:630][  0]SourceControl: Source control is disabled
[2026.03.27-04.39.17:691][  0]SourceControl: Source control is disabled
[2026.03.27-04.39.17:860][  0]LogUProjectInfo: Found projects:
[2026.03.27-04.39.17:862][  0]LogVSAccessor: Display: Unable to create Visual Studio setup instance: 80040154
[2026.03.27-04.39.17:863][  0]LogVSAccessor: Display: Unable to create Visual Studio setup instance: 80040154
[2026.03.27-04.39.17:864][  0]LogVSAccessor: Display: Unable to create Visual Studio setup instance: 80040154
[2026.03.27-04.39.19:027][  0]LogOpenImageDenoise: OIDN starting up
[2026.03.27-04.39.19:345][  0]LogAndroidPermission: UAndroidPermissionCallbackProxy::GetInstance
[2026.03.27-04.39.19:492][  0]LogAudioCaptureCore: Display: No Audio Capture implementations found. Audio input will be silent.
[2026.03.27-04.39.19:492][  0]LogAudioCaptureCore: Display: No Audio Capture implementations found. Audio input will be silent.
[2026.03.27-04.39.20:100][  0]LogCollectionManager: Loaded 0 collections in 0.000469 seconds
[2026.03.27-04.39.20:215][  0]LogFileCache: Scanning file cache for directory 'C:/Users/titan/Desktop/CPSC399_Game/CPSC399Game/Saved/Collections/' took 0.00s
[2026.03.27-04.39.20:215][  0]LogFileCache: Scanning file cache for directory 'C:/Users/titan/Desktop/CPSC399_Game/CPSC399Game/Content/Developers/titan/Collections/' took 0.00s
[2026.03.27-04.39.20:215][  0]LogFileCache: Scanning file cache for directory 'C:/Users/titan/Desktop/CPSC399_Game/CPSC399Game/Content/Collections/' took 0.00s
[2026.03.27-04.39.20:215][  0]LogOcInput: OculusInput pre-init called
[2026.03.27-04.39.20:637][  0]LogEngine: Initializing Engine...
[2026.03.27-04.39.20:681][  0]LogHMD: Failed to enumerate extensions. Please check that you have a valid OpenXR runtime installed.
[2026.03.27-04.39.20:682][  0]LogHMD: Failed to initialize OpenVR with code 110
[2026.03.27-04.39.20:682][  0]LogMagicLeap: Warning: VR disabled because ZI is not enabled.  To enable, in the editor, Edit -> Project Settings -> Plugins -> Magic Leap Plugin -> Enable Zero Iteration
[2026.03.27-04.39.20:684][  0]LogStats: UGameplayTagsManager::InitializeManager -  0.001 s
[2026.03.27-04.39.20:951][  0]LogInit: Initializing FReadOnlyCVARCache
[2026.03.27-04.39.20:992][  0]LogAIModule: Creating AISystem for world Untitled
[2026.03.27-04.39.20:995][  0]LogAudio: Display: Initializing Audio Device Manager...
[2026.03.27-04.39.21:020][  0]LogAudio: Display: Loading Default Audio Settings Objects...
[2026.03.27-04.39.21:025][  0]LogAudio: Display: No default SoundConcurrencyObject specified (or failed to load).
[2026.03.27-04.39.21:026][  0]LogAudio: Display: Audio Device Manager Initialized
[2026.03.27-04.39.21:026][  0]LogAudio: Display: Creating Audio Device:                 Id: 1, Scope: Shared, Realtime: True
[2026.03.27-04.39.21:026][  0]LogAudioMixer: Display: Audio Mixer Platform Settings:
[2026.03.27-04.39.21:026][  0]LogAudioMixer: Display: 	Sample Rate:						  48000
[2026.03.27-04.39.21:026][  0]LogAudioMixer: Display: 	Callback Buffer Frame Size Requested: 1024
[2026.03.27-04.39.21:026][  0]LogAudioMixer: Display: 	Callback Buffer Frame Size To Use:	  1024
[2026.03.27-04.39.21:026][  0]LogAudioMixer: Display: 	Number of buffers to queue:			  2
[2026.03.27-04.39.21:026][  0]LogAudioMixer: Display: 	Max Channels (voices):				  32
[2026.03.27-04.39.21:026][  0]LogAudioMixer: Display: 	Number of Async Source Workers:		  0
[2026.03.27-04.39.21:026][  0]LogAudio: Display: AudioDevice MaxSources: 32
[2026.03.27-04.39.21:027][  0]LogAudio: Display: Audio Spatialization Plugin: None (built-in).
[2026.03.27-04.39.21:027][  0]LogAudio: Display: Audio Reverb Plugin: None (built-in).
[2026.03.27-04.39.21:027][  0]LogAudio: Display: Audio Occlusion Plugin: None (built-in).
[2026.03.27-04.39.21:027][  0]LogAudioMixer: Display: Initializing audio mixer.
[2026.03.27-04.39.21:069][  0]LogAudioMixer: Display: 0: FrontLeft
[2026.03.27-04.39.21:069][  0]LogAudioMixer: Display: 1: FrontRight
[2026.03.27-04.39.21:069][  0]LogAudioMixer: Display: 2: FrontCenter
[2026.03.27-04.39.21:069][  0]LogAudioMixer: Display: 3: LowFrequency
[2026.03.27-04.39.21:069][  0]LogAudioMixer: Display: 4: BackLeft
[2026.03.27-04.39.21:069][  0]LogAudioMixer: Display: 5: BackRight
[2026.03.27-04.39.21:069][  0]LogAudioMixer: Display: 6: SideLeft
[2026.03.27-04.39.21:069][  0]LogAudioMixer: Display: 7: SideRight
[2026.03.27-04.39.21:085][  0]LogAudioMixer: Display: Using Audio Device Headset Earphone (CORSAIR VOID PRO Wireless Gaming Headset)
[2026.03.27-04.39.21:087][  0]LogAudioMixer: Display: Initializing Sound Submixes...
[2026.03.27-04.39.21:111][  0]LogAudioMixer: Display: Creating Master Submix 'MasterSubmixDefault'
[2026.03.27-04.39.21:112][  0]LogAudioMixer: Display: Creating Master Submix 'MasterReverbSubmixDefault'
[2026.03.27-04.39.21:113][  0]LogAudioMixer: Display: Creating Master Submix 'MasterEQSubmixDefault'
[2026.03.27-04.39.21:113][  0]LogAudioMixer: FMixerPlatformXAudio2::StartAudioStream() called
[2026.03.27-04.39.21:113][  0]LogAudioMixer: Display: Output buffers initialized: Frames=1024, Channels=8, Samples=8192
[2026.03.27-04.39.21:114][  0]LogAudioMixer: Display: Starting AudioMixerPlatformInterface::RunInternal()
[2026.03.27-04.39.21:114][  0]LogAudioMixer: Display: FMixerPlatformXAudio2::SubmitBuffer() called for the first time
[2026.03.27-04.39.21:114][  0]LogInit: FAudioDevice initialized.
[2026.03.27-04.39.21:115][  0]LogAudio: Display: Audio Device (ID: 1) registered with world 'Untitled'.
[2026.03.27-04.39.21:115][  0]LogNetVersion: Set ProjectVersion to 1.0.0.0. Version Checksum will be recalculated on next use.
[2026.03.27-04.39.21:256][  0]LogDerivedDataCache: Saved boot cache 0.14s 94MB C:/Users/titan/AppData/Local/UnrealEngine/4.27/DerivedDataCache/Boot.ddc.
[2026.03.27-04.39.21:257][  0]LogInit: Texture streaming: Enabled
[2026.03.27-04.39.21:330][  0]LogAnalytics: Display: [UEEditor.Rocket.Release] APIServer = https://datarouter.ol.epicgames.com/. AppVersion = 4.27.2-18319896+++UE4+Release-4.27
[2026.03.27-04.39.21:353][  0]LogEngineSessionManager: EngineSessionManager initialized
[2026.03.27-04.39.21:353][  0]LogEditorSessionSummary: Verbose: Initializing EditorSessionSummaryWriter for editor session tracking
[2026.03.27-04.39.21:354][  0]LogEditorSessionSummary: EditorSessionSummaryWriter initialized
[2026.03.27-04.39.21:431][  0]LogInit: Transaction tracking system initialized
[2026.03.27-04.39.21:591][  0]BlueprintLog: New page: Editor Load
[2026.03.27-04.39.22:048][  0]LocalizationService: Localization service is disabled
[2026.03.27-04.39.22:243][  0]TimingProfiler: Initialize
[2026.03.27-04.39.22:244][  0]TimingProfiler: OnSessionChanged
[2026.03.27-04.39.22:244][  0]LoadingProfiler: Initialize
[2026.03.27-04.39.22:245][  0]LoadingProfiler: OnSessionChanged
[2026.03.27-04.39.22:245][  0]NetworkingProfiler: Initialize
[2026.03.27-04.39.22:245][  0]NetworkingProfiler: OnSessionChanged
[2026.03.27-04.39.22:245][  0]MemoryProfiler: Initialize
[2026.03.27-04.39.22:245][  0]MemoryProfiler: OnSessionChanged
[2026.03.27-04.39.22:547][  0]LogVSAccessor: Display: Unable to create Visual Studio setup instance: 80040154
[2026.03.27-04.39.22:548][  0]LogVSAccessor: Display: Unable to create Visual Studio setup instance: 80040154
[2026.03.27-04.39.22:548][  0]LogVSAccessor: Display: Unable to create Visual Studio setup instance: 80040154
[2026.03.27-04.39.22:872][  0]LogCook: Display: CookSettings for Memory: MemoryMaxUsedVirtual 0MiB, MemoryMaxUsedPhysical 16384MiB, MemoryMinFreeVirtual 0MiB, MemoryMinFreePhysical 1024MiB
[2026.03.27-04.39.22:872][  0]LogCook: Display: Mobile HDR setting 1
[2026.03.27-04.39.22:902][  0]LogFileCache: Scanning file cache for directory 'C:/Users/titan/Desktop/CPSC399_Game/CPSC399Game/Content/' took 0.01s
[2026.03.27-04.39.24:151][  0]LogInit: Display: Engine is initialized. Leaving FEngineLoop::Init()
[2026.03.27-04.39.24:155][  0]SourceControl: Source control is disabled
[2026.03.27-04.39.24:156][  0]LogUnrealEdMisc: Loading editor; pre map load, took 27.587
[2026.03.27-04.39.24:156][  0]Cmd: MAP LOAD FILE="C:/Users/titan/Desktop/CPSC399_Game/CPSC399Game/Content/ThirdPersonBP/Maps/ThirdPersonExampleMap.umap" TEMPLATE=0 SHOWPROGRESS=1 FEATURELEVEL=3
[2026.03.27-04.39.24:157][  0]LightingResults: New page: Lighting Build
[2026.03.27-04.39.24:160][  0]LogWorld: UWorld::CleanupWorld for Untitled, bSessionEnded=true, bCleanupResources=true
[2026.03.27-04.39.24:160][  0]LogSlate: InvalidateAllWidgets triggered.  All widgets were invalidated
[2026.03.27-04.39.24:160][  0]MapCheck: New page: Map Check
[2026.03.27-04.39.24:160][  0]LightingResults: New page: Lighting Build
[2026.03.27-04.39.24:167][  0]LogAudio: Display: Audio Device unregistered from world 'None'.
[2026.03.27-04.39.24:170][  0]LogUObjectHash: Compacting FUObjectHashTables data took   0.51ms
[2026.03.27-04.39.24:647][  0]LogAudio: Display: Audio Device (ID: 1) registered with world 'ThirdPersonExampleMap'.
[2026.03.27-04.39.24:648][  0]LogAIModule: Creating AISystem for world ThirdPersonExampleMap
[2026.03.27-04.39.24:667][  0]LogEditorServer: Finished looking for orphan Actors (0.000 secs)
[2026.03.27-04.39.24:677][  0]LogUObjectHash: Compacting FUObjectHashTables data took   0.56ms
[2026.03.27-04.39.24:678][  0]Cmd: MAP CHECKDEP NOCLEARLOG
[2026.03.27-04.39.24:678][  0]MapCheck: Map check complete: 0 Error(s), 0 Warning(s), took 0.259ms to complete.
[2026.03.27-04.39.24:678][  0]LogFileHelpers: Loading map 'ThirdPersonExampleMap' took 0.523
[2026.03.27-04.39.24:687][  0]LogUnrealEdMisc: Total Editor Startup Time, took 28.119
[2026.03.27-04.39.24:814][  0]LogSlate: Updating window title bar state: overlay mode, drag disabled, window buttons hidden, title bar hidden
[2026.03.27-04.39.24:818][  0]LogSlate: Updating window title bar state: overlay mode, drag disabled, window buttons hidden, title bar hidden
[2026.03.27-04.39.24:822][  0]LogSlate: Updating window title bar state: overlay mode, drag disabled, window buttons hidden, title bar hidden
[2026.03.27-04.39.24:825][  0]LogSlate: Updating window title bar state: overlay mode, drag disabled, window buttons hidden, title bar hidden
[2026.03.27-04.39.24:844][  0]LogNativeClassHierarchy: Verbose: Native class hierarchy populated in 0.0064 seconds. Added 3822 classes and 928 folders.
[2026.03.27-04.39.24:846][  0]LogNativeClassHierarchy: Verbose: Native class hierarchy updated for 'WidgetCarousel' in 0.0002 seconds. Added 0 classes and 0 folders.
[2026.03.27-04.39.24:866][  0]LogPakFile: PakFile PrimaryIndexSize=187
[2026.03.27-04.39.24:866][  0]LogPakFile: PakFile PathHashIndexSize=101
[2026.03.27-04.39.24:866][  0]LogPakFile: PakFile FullDirectoryIndexSize=148
[2026.03.27-04.39.24:866][  0]LogShaderLibrary: Display: ShaderCodeLibraryPakFileMountedCallback: PakFile 'D:/Epic Games/UE_4.27/FeaturePacks/FP_FirstPerson.upack' (chunk index -1, root 'root:/') mounted
[2026.03.27-04.39.24:866][  0]LogShaderLibrary: Display: ShaderCodeLibraryPakFileMountedCallback: pending pak file info (ChunkID:-1 Root:root:/ File:D:/Epic Games/UE_4.27/FeaturePacks/FP_FirstPerson.upack)
[2026.03.27-04.39.24:866][  0]LogPakFile: OnPakFileMounted2Time == 0.000046
[2026.03.27-04.39.24:877][  0]LogPakFile: PakFile PrimaryIndexSize=189
[2026.03.27-04.39.24:877][  0]LogPakFile: PakFile PathHashIndexSize=101
[2026.03.27-04.39.24:877][  0]LogPakFile: PakFile FullDirectoryIndexSize=152
[2026.03.27-04.39.24:877][  0]LogShaderLibrary: Display: ShaderCodeLibraryPakFileMountedCallback: PakFile 'D:/Epic Games/UE_4.27/FeaturePacks/FP_FirstPersonBP.upack' (chunk index -1, root 'root:/') mounted
[2026.03.27-04.39.24:877][  0]LogShaderLibrary: Display: ShaderCodeLibraryPakFileMountedCallback: pending pak file info (ChunkID:-1 Root:root:/ File:D:/Epic Games/UE_4.27/FeaturePacks/FP_FirstPersonBP.upack)
[2026.03.27-04.39.24:877][  0]LogPakFile: OnPakFileMounted2Time == 0.000035
[2026.03.27-04.39.24:884][  0]LogPakFile: PakFile PrimaryIndexSize=191
[2026.03.27-04.39.24:884][  0]LogPakFile: PakFile PathHashIndexSize=101
[2026.03.27-04.39.24:884][  0]LogPakFile: PakFile FullDirectoryIndexSize=160
[2026.03.27-04.39.24:884][  0]LogShaderLibrary: Display: ShaderCodeLibraryPakFileMountedCallback: PakFile 'D:/Epic Games/UE_4.27/FeaturePacks/MobileStarterContent.upack' (chunk index -1, root 'root:/') mounted
[2026.03.27-04.39.24:884][  0]LogShaderLibrary: Display: ShaderCodeLibraryPakFileMountedCallback: pending pak file info (ChunkID:-1 Root:root:/ File:D:/Epic Games/UE_4.27/FeaturePacks/MobileStarterContent.upack)
[2026.03.27-04.39.24:884][  0]LogPakFile: OnPakFileMounted2Time == 0.000033
[2026.03.27-04.39.24:890][  0]LogPakFile: PakFile PrimaryIndexSize=185
[2026.03.27-04.39.24:891][  0]LogPakFile: PakFile PathHashIndexSize=101
[2026.03.27-04.39.24:891][  0]LogPakFile: PakFile FullDirectoryIndexSize=148
[2026.03.27-04.39.24:891][  0]LogShaderLibrary: Display: ShaderCodeLibraryPakFileMountedCallback: PakFile 'D:/Epic Games/UE_4.27/FeaturePacks/StarterContent.upack' (chunk index -1, root 'root:/') mounted
[2026.03.27-04.39.24:891][  0]LogShaderLibrary: Display: ShaderCodeLibraryPakFileMountedCallback: pending pak file info (ChunkID:-1 Root:root:/ File:D:/Epic Games/UE_4.27/FeaturePacks/StarterContent.upack)
[2026.03.27-04.39.24:891][  0]LogPakFile: OnPakFileMounted2Time == 0.000031
[2026.03.27-04.39.24:898][  0]LogPakFile: PakFile PrimaryIndexSize=190
[2026.03.27-04.39.24:898][  0]LogPakFile: PakFile PathHashIndexSize=101
[2026.03.27-04.39.24:898][  0]LogPakFile: PakFile FullDirectoryIndexSize=154
[2026.03.27-04.39.24:898][  0]LogShaderLibrary: Display: ShaderCodeLibraryPakFileMountedCallback: PakFile 'D:/Epic Games/UE_4.27/FeaturePacks/TP_2DSideScroller.upack' (chunk index -1, root 'root:/') mounted
[2026.03.27-04.39.24:898][  0]LogShaderLibrary: Display: ShaderCodeLibraryPakFileMountedCallback: pending pak file info (ChunkID:-1 Root:root:/ File:D:/Epic Games/UE_4.27/FeaturePacks/TP_2DSideScroller.upack)
[2026.03.27-04.39.24:898][  0]LogPakFile: OnPakFileMounted2Time == 0.000028
[2026.03.27-04.39.24:904][  0]LogPakFile: PakFile PrimaryIndexSize=192
[2026.03.27-04.39.24:904][  0]LogPakFile: PakFile PathHashIndexSize=101
[2026.03.27-04.39.24:904][  0]LogPakFile: PakFile FullDirectoryIndexSize=158
[2026.03.27-04.39.24:904][  0]LogShaderLibrary: Display: ShaderCodeLibraryPakFileMountedCallback: PakFile 'D:/Epic Games/UE_4.27/FeaturePacks/TP_2DSideScrollerBP.upack' (chunk index -1, root 'root:/') mounted
[2026.03.27-04.39.24:904][  0]LogShaderLibrary: Display: ShaderCodeLibraryPakFileMountedCallback: pending pak file info (ChunkID:-1 Root:root:/ File:D:/Epic Games/UE_4.27/FeaturePacks/TP_2DSideScrollerBP.upack)
[2026.03.27-04.39.24:904][  0]LogPakFile: OnPakFileMounted2Time == 0.000028
[2026.03.27-04.39.24:910][  0]LogPakFile: PakFile PrimaryIndexSize=182
[2026.03.27-04.39.24:910][  0]LogPakFile: PakFile PathHashIndexSize=101
[2026.03.27-04.39.24:910][  0]LogPakFile: PakFile FullDirectoryIndexSize=138
[2026.03.27-04.39.24:910][  0]LogShaderLibrary: Display: ShaderCodeLibraryPakFileMountedCallback: PakFile 'D:/Epic Games/UE_4.27/FeaturePacks/TP_Flying.upack' (chunk index -1, root 'root:/') mounted
[2026.03.27-04.39.24:910][  0]LogShaderLibrary: Display: ShaderCodeLibraryPakFileMountedCallback: pending pak file info (ChunkID:-1 Root:root:/ File:D:/Epic Games/UE_4.27/FeaturePacks/TP_Flying.upack)
[2026.03.27-04.39.24:910][  0]LogPakFile: OnPakFileMounted2Time == 0.000028
[2026.03.27-04.39.24:917][  0]LogPakFile: PakFile PrimaryIndexSize=184
[2026.03.27-04.39.24:917][  0]LogPakFile: PakFile PathHashIndexSize=101
[2026.03.27-04.39.24:917][  0]LogPakFile: PakFile FullDirectoryIndexSize=142
[2026.03.27-04.39.24:917][  0]LogShaderLibrary: Display: ShaderCodeLibraryPakFileMountedCallback: PakFile 'D:/Epic Games/UE_4.27/FeaturePacks/TP_FlyingBP.upack' (chunk index -1, root 'root:/') mounted
[2026.03.27-04.39.24:917][  0]LogShaderLibrary: Display: ShaderCodeLibraryPakFileMountedCallback: pending pak file info (ChunkID:-1 Root:root:/ File:D:/Epic Games/UE_4.27/FeaturePacks/TP_FlyingBP.upack)
[2026.03.27-04.39.24:917][  0]LogPakFile: OnPakFileMounted2Time == 0.000028
[2026.03.27-04.39.24:922][  0]LogPakFile: PakFile PrimaryIndexSize=188
[2026.03.27-04.39.24:922][  0]LogPakFile: PakFile PathHashIndexSize=101
[2026.03.27-04.39.24:922][  0]LogPakFile: PakFile FullDirectoryIndexSize=150
[2026.03.27-04.39.24:922][  0]LogShaderLibrary: Display: ShaderCodeLibraryPakFileMountedCallback: PakFile 'D:/Epic Games/UE_4.27/FeaturePacks/TP_HandheldARBP.upack' (chunk index -1, root 'root:/') mounted
[2026.03.27-04.39.24:922][  0]LogShaderLibrary: Display: ShaderCodeLibraryPakFileMountedCallback: pending pak file info (ChunkID:-1 Root:root:/ File:D:/Epic Games/UE_4.27/FeaturePacks/TP_HandheldARBP.upack)
[2026.03.27-04.39.24:922][  0]LogPakFile: OnPakFileMounted2Time == 0.000027
[2026.03.27-04.39.24:930][  0]LogPakFile: PakFile PrimaryIndexSize=182
[2026.03.27-04.39.24:930][  0]LogPakFile: PakFile PathHashIndexSize=101
[2026.03.27-04.39.24:930][  0]LogPakFile: PakFile FullDirectoryIndexSize=138
[2026.03.27-04.39.24:930][  0]LogShaderLibrary: Display: ShaderCodeLibraryPakFileMountedCallback: PakFile 'D:/Epic Games/UE_4.27/FeaturePacks/TP_Puzzle.upack' (chunk index -1, root 'root:/') mounted
[2026.03.27-04.39.24:930][  0]LogShaderLibrary: Display: ShaderCodeLibraryPakFileMountedCallback: pending pak file info (ChunkID:-1 Root:root:/ File:D:/Epic Games/UE_4.27/FeaturePacks/TP_Puzzle.upack)
[2026.03.27-04.39.24:930][  0]LogPakFile: OnPakFileMounted2Time == 0.000029
[2026.03.27-04.39.24:936][  0]LogPakFile: PakFile PrimaryIndexSize=184
[2026.03.27-04.39.24:936][  0]LogPakFile: PakFile PathHashIndexSize=101
[2026.03.27-04.39.24:936][  0]LogPakFile: PakFile FullDirectoryIndexSize=142
[2026.03.27-04.39.24:937][  0]LogShaderLibrary: Display: ShaderCodeLibraryPakFileMountedCallback: PakFile 'D:/Epic Games/UE_4.27/FeaturePacks/TP_PuzzleBP.upack' (chunk index -1, root 'root:/') mounted
[2026.03.27-04.39.24:937][  0]LogShaderLibrary: Display: ShaderCodeLibraryPakFileMountedCallback: pending pak file info (ChunkID:-1 Root:root:/ File:D:/Epic Games/UE_4.27/FeaturePacks/TP_PuzzleBP.upack)
[2026.03.27-04.39.24:937][  0]LogPakFile: OnPakFileMounted2Time == 0.000029
[2026.03.27-04.39.24:944][  0]LogPakFile: PakFile PrimaryIndexSize=183
[2026.03.27-04.39.24:944][  0]LogPakFile: PakFile PathHashIndexSize=101
[2026.03.27-04.39.24:944][  0]LogPakFile: PakFile FullDirectoryIndexSize=140
[2026.03.27-04.39.24:944][  0]LogShaderLibrary: Display: ShaderCodeLibraryPakFileMountedCallback: PakFile 'D:/Epic Games/UE_4.27/FeaturePacks/TP_Rolling.upack' (chunk index -1, root 'root:/') mounted
[2026.03.27-04.39.24:944][  0]LogShaderLibrary: Display: ShaderCodeLibraryPakFileMountedCallback: pending pak file info (ChunkID:-1 Root:root:/ File:D:/Epic Games/UE_4.27/FeaturePacks/TP_Rolling.upack)
[2026.03.27-04.39.24:944][  0]LogPakFile: OnPakFileMounted2Time == 0.000028
[2026.03.27-04.39.24:950][  0]LogPakFile: PakFile PrimaryIndexSize=185
[2026.03.27-04.39.24:950][  0]LogPakFile: PakFile PathHashIndexSize=101
[2026.03.27-04.39.24:950][  0]LogPakFile: PakFile FullDirectoryIndexSize=144
[2026.03.27-04.39.24:950][  0]LogShaderLibrary: Display: ShaderCodeLibraryPakFileMountedCallback: PakFile 'D:/Epic Games/UE_4.27/FeaturePacks/TP_RollingBP.upack' (chunk index -1, root 'root:/') mounted
[2026.03.27-04.39.24:950][  0]LogShaderLibrary: Display: ShaderCodeLibraryPakFileMountedCallback: pending pak file info (ChunkID:-1 Root:root:/ File:D:/Epic Games/UE_4.27/FeaturePacks/TP_RollingBP.upack)
[2026.03.27-04.39.24:950][  0]LogPakFile: OnPakFileMounted2Time == 0.000029
[2026.03.27-04.39.24:958][  0]LogPakFile: PakFile PrimaryIndexSize=188
[2026.03.27-04.39.24:958][  0]LogPakFile: PakFile PathHashIndexSize=101
[2026.03.27-04.39.24:958][  0]LogPakFile: PakFile FullDirectoryIndexSize=150
[2026.03.27-04.39.24:958][  0]LogShaderLibrary: Display: ShaderCodeLibraryPakFileMountedCallback: PakFile 'D:/Epic Games/UE_4.27/FeaturePacks/TP_SideScroller.upack' (chunk index -1, root 'root:/') mounted
[2026.03.27-04.39.24:958][  0]LogShaderLibrary: Display: ShaderCodeLibraryPakFileMountedCallback: pending pak file info (ChunkID:-1 Root:root:/ File:D:/Epic Games/UE_4.27/FeaturePacks/TP_SideScroller.upack)
[2026.03.27-04.39.24:958][  0]LogPakFile: OnPakFileMounted2Time == 0.000028
[2026.03.27-04.39.24:964][  0]LogPakFile: PakFile PrimaryIndexSize=190
[2026.03.27-04.39.24:964][  0]LogPakFile: PakFile PathHashIndexSize=101
[2026.03.27-04.39.24:964][  0]LogPakFile: PakFile FullDirectoryIndexSize=154
[2026.03.27-04.39.24:964][  0]LogShaderLibrary: Display: ShaderCodeLibraryPakFileMountedCallback: PakFile 'D:/Epic Games/UE_4.27/FeaturePacks/TP_SideScrollerBP.upack' (chunk index -1, root 'root:/') mounted
[2026.03.27-04.39.24:964][  0]LogShaderLibrary: Display: ShaderCodeLibraryPakFileMountedCallback: pending pak file info (ChunkID:-1 Root:root:/ File:D:/Epic Games/UE_4.27/FeaturePacks/TP_SideScrollerBP.upack)
[2026.03.27-04.39.24:964][  0]LogPakFile: OnPakFileMounted2Time == 0.000029
[2026.03.27-04.39.24:970][  0]LogPakFile: PakFile PrimaryIndexSize=187
[2026.03.27-04.39.24:970][  0]LogPakFile: PakFile PathHashIndexSize=101
[2026.03.27-04.39.24:970][  0]LogPakFile: PakFile FullDirectoryIndexSize=148
[2026.03.27-04.39.24:970][  0]LogShaderLibrary: Display: ShaderCodeLibraryPakFileMountedCallback: PakFile 'D:/Epic Games/UE_4.27/FeaturePacks/TP_ThirdPerson.upack' (chunk index -1, root 'root:/') mounted
[2026.03.27-04.39.24:970][  0]LogShaderLibrary: Display: ShaderCodeLibraryPakFileMountedCallback: pending pak file info (ChunkID:-1 Root:root:/ File:D:/Epic Games/UE_4.27/FeaturePacks/TP_ThirdPerson.upack)
[2026.03.27-04.39.24:970][  0]LogPakFile: OnPakFileMounted2Time == 0.000028
[2026.03.27-04.39.24:977][  0]LogPakFile: PakFile PrimaryIndexSize=189
[2026.03.27-04.39.24:977][  0]LogPakFile: PakFile PathHashIndexSize=101
[2026.03.27-04.39.24:977][  0]LogPakFile: PakFile FullDirectoryIndexSize=152
[2026.03.27-04.39.24:977][  0]LogShaderLibrary: Display: ShaderCodeLibraryPakFileMountedCallback: PakFile 'D:/Epic Games/UE_4.27/FeaturePacks/TP_ThirdPersonBP.upack' (chunk index -1, root 'root:/') mounted
[2026.03.27-04.39.24:977][  0]LogShaderLibrary: Display: ShaderCodeLibraryPakFileMountedCallback: pending pak file info (ChunkID:-1 Root:root:/ File:D:/Epic Games/UE_4.27/FeaturePacks/TP_ThirdPersonBP.upack)
[2026.03.27-04.39.24:977][  0]LogPakFile: OnPakFileMounted2Time == 0.000029
[2026.03.27-04.39.24:984][  0]LogPakFile: PakFile PrimaryIndexSize=183
[2026.03.27-04.39.24:984][  0]LogPakFile: PakFile PathHashIndexSize=101
[2026.03.27-04.39.24:984][  0]LogPakFile: PakFile FullDirectoryIndexSize=140
[2026.03.27-04.39.24:984][  0]LogShaderLibrary: Display: ShaderCodeLibraryPakFileMountedCallback: PakFile 'D:/Epic Games/UE_4.27/FeaturePacks/TP_TopDown.upack' (chunk index -1, root 'root:/') mounted
[2026.03.27-04.39.24:984][  0]LogShaderLibrary: Display: ShaderCodeLibraryPakFileMountedCallback: pending pak file info (ChunkID:-1 Root:root:/ File:D:/Epic Games/UE_4.27/FeaturePacks/TP_TopDown.upack)
[2026.03.27-04.39.24:984][  0]LogPakFile: OnPakFileMounted2Time == 0.000034
[2026.03.27-04.39.24:990][  0]LogPakFile: PakFile PrimaryIndexSize=185
[2026.03.27-04.39.24:990][  0]LogPakFile: PakFile PathHashIndexSize=101
[2026.03.27-04.39.24:990][  0]LogPakFile: PakFile FullDirectoryIndexSize=144
[2026.03.27-04.39.24:990][  0]LogShaderLibrary: Display: ShaderCodeLibraryPakFileMountedCallback: PakFile 'D:/Epic Games/UE_4.27/FeaturePacks/TP_TopDownBP.upack' (chunk index -1, root 'root:/') mounted
[2026.03.27-04.39.24:990][  0]LogShaderLibrary: Display: ShaderCodeLibraryPakFileMountedCallback: pending pak file info (ChunkID:-1 Root:root:/ File:D:/Epic Games/UE_4.27/FeaturePacks/TP_TopDownBP.upack)
[2026.03.27-04.39.24:990][  0]LogPakFile: OnPakFileMounted2Time == 0.000028
[2026.03.27-04.39.24:999][  0]LogPakFile: PakFile PrimaryIndexSize=185
[2026.03.27-04.39.24:999][  0]LogPakFile: PakFile PathHashIndexSize=101
[2026.03.27-04.39.24:999][  0]LogPakFile: PakFile FullDirectoryIndexSize=144
[2026.03.27-04.39.24:999][  0]LogShaderLibrary: Display: ShaderCodeLibraryPakFileMountedCallback: PakFile 'D:/Epic Games/UE_4.27/FeaturePacks/TP_TwinStick.upack' (chunk index -1, root 'root:/') mounted
[2026.03.27-04.39.24:999][  0]LogShaderLibrary: Display: ShaderCodeLibraryPakFileMountedCallback: pending pak file info (ChunkID:-1 Root:root:/ File:D:/Epic Games/UE_4.27/FeaturePacks/TP_TwinStick.upack)
[2026.03.27-04.39.24:999][  0]LogPakFile: OnPakFileMounted2Time == 0.000032
[2026.03.27-04.39.25:005][  0]LogPakFile: PakFile PrimaryIndexSize=187
[2026.03.27-04.39.25:005][  0]LogPakFile: PakFile PathHashIndexSize=101
[2026.03.27-04.39.25:005][  0]LogPakFile: PakFile FullDirectoryIndexSize=148
[2026.03.27-04.39.25:005][  0]LogShaderLibrary: Display: ShaderCodeLibraryPakFileMountedCallback: PakFile 'D:/Epic Games/UE_4.27/FeaturePacks/TP_TwinStickBP.upack' (chunk index -1, root 'root:/') mounted
[2026.03.27-04.39.25:005][  0]LogShaderLibrary: Display: ShaderCodeLibraryPakFileMountedCallback: pending pak file info (ChunkID:-1 Root:root:/ File:D:/Epic Games/UE_4.27/FeaturePacks/TP_TwinStickBP.upack)
[2026.03.27-04.39.25:005][  0]LogPakFile: OnPakFileMounted2Time == 0.000028
[2026.03.27-04.39.25:012][  0]LogPakFile: PakFile PrimaryIndexSize=183
[2026.03.27-04.39.25:012][  0]LogPakFile: PakFile PathHashIndexSize=101
[2026.03.27-04.39.25:012][  0]LogPakFile: PakFile FullDirectoryIndexSize=140
[2026.03.27-04.39.25:012][  0]LogShaderLibrary: Display: ShaderCodeLibraryPakFileMountedCallback: PakFile 'D:/Epic Games/UE_4.27/FeaturePacks/TP_Vehicle.upack' (chunk index -1, root 'root:/') mounted
[2026.03.27-04.39.25:012][  0]LogShaderLibrary: Display: ShaderCodeLibraryPakFileMountedCallback: pending pak file info (ChunkID:-1 Root:root:/ File:D:/Epic Games/UE_4.27/FeaturePacks/TP_Vehicle.upack)
[2026.03.27-04.39.25:012][  0]LogPakFile: OnPakFileMounted2Time == 0.000028
[2026.03.27-04.39.25:018][  0]LogPakFile: PakFile PrimaryIndexSize=186
[2026.03.27-04.39.25:018][  0]LogPakFile: PakFile PathHashIndexSize=101
[2026.03.27-04.39.25:018][  0]LogPakFile: PakFile FullDirectoryIndexSize=146
[2026.03.27-04.39.25:018][  0]LogShaderLibrary: Display: ShaderCodeLibraryPakFileMountedCallback: PakFile 'D:/Epic Games/UE_4.27/FeaturePacks/TP_VehicleAdv.upack' (chunk index -1, root 'root:/') mounted
[2026.03.27-04.39.25:018][  0]LogShaderLibrary: Display: ShaderCodeLibraryPakFileMountedCallback: pending pak file info (ChunkID:-1 Root:root:/ File:D:/Epic Games/UE_4.27/FeaturePacks/TP_VehicleAdv.upack)
[2026.03.27-04.39.25:018][  0]LogPakFile: OnPakFileMounted2Time == 0.000033
[2026.03.27-04.39.25:025][  0]LogPakFile: PakFile PrimaryIndexSize=188
[2026.03.27-04.39.25:025][  0]LogPakFile: PakFile PathHashIndexSize=101
[2026.03.27-04.39.25:025][  0]LogPakFile: PakFile FullDirectoryIndexSize=150
[2026.03.27-04.39.25:025][  0]LogShaderLibrary: Display: ShaderCodeLibraryPakFileMountedCallback: PakFile 'D:/Epic Games/UE_4.27/FeaturePacks/TP_VehicleAdvBP.upack' (chunk index -1, root 'root:/') mounted
[2026.03.27-04.39.25:025][  0]LogShaderLibrary: Display: ShaderCodeLibraryPakFileMountedCallback: pending pak file info (ChunkID:-1 Root:root:/ File:D:/Epic Games/UE_4.27/FeaturePacks/TP_VehicleAdvBP.upack)
[2026.03.27-04.39.25:025][  0]LogPakFile: OnPakFileMounted2Time == 0.000037
[2026.03.27-04.39.25:031][  0]LogPakFile: PakFile PrimaryIndexSize=185
[2026.03.27-04.39.25:031][  0]LogPakFile: PakFile PathHashIndexSize=101
[2026.03.27-04.39.25:031][  0]LogPakFile: PakFile FullDirectoryIndexSize=144
[2026.03.27-04.39.25:031][  0]LogShaderLibrary: Display: ShaderCodeLibraryPakFileMountedCallback: PakFile 'D:/Epic Games/UE_4.27/FeaturePacks/TP_VehicleBP.upack' (chunk index -1, root 'root:/') mounted
[2026.03.27-04.39.25:031][  0]LogShaderLibrary: Display: ShaderCodeLibraryPakFileMountedCallback: pending pak file info (ChunkID:-1 Root:root:/ File:D:/Epic Games/UE_4.27/FeaturePacks/TP_VehicleBP.upack)
[2026.03.27-04.39.25:031][  0]LogPakFile: OnPakFileMounted2Time == 0.000029
[2026.03.27-04.39.25:038][  0]LogPakFile: PakFile PrimaryIndexSize=192
[2026.03.27-04.39.25:038][  0]LogPakFile: PakFile PathHashIndexSize=101
[2026.03.27-04.39.25:038][  0]LogPakFile: PakFile FullDirectoryIndexSize=158
[2026.03.27-04.39.25:038][  0]LogShaderLibrary: Display: ShaderCodeLibraryPakFileMountedCallback: PakFile 'D:/Epic Games/UE_4.27/FeaturePacks/TP_VirtualRealityBP.upack' (chunk index -1, root 'root:/') mounted
[2026.03.27-04.39.25:038][  0]LogShaderLibrary: Display: ShaderCodeLibraryPakFileMountedCallback: pending pak file info (ChunkID:-1 Root:root:/ File:D:/Epic Games/UE_4.27/FeaturePacks/TP_VirtualRealityBP.upack)
[2026.03.27-04.39.25:038][  0]LogPakFile: OnPakFileMounted2Time == 0.000033
[2026.03.27-04.39.25:411][  0]LogNativeClassHierarchy: Verbose: Native class hierarchy updated for 'AddContentDialog' in 0.0002 seconds. Added 0 classes and 0 folders.
[2026.03.27-04.39.25:415][  0]LogNativeClassHierarchy: Verbose: Native class hierarchy updated for 'SceneOutliner' in 0.0002 seconds. Added 2 classes and 0 folders.
[2026.03.27-04.39.25:466][  0]LogSlate: Took 0.005997 seconds to synchronously load lazily loaded font '../../../Engine/Content/Slate/Fonts/Roboto-Regular.ttf' (155K)
[2026.03.27-04.39.25:474][  0]LogSlate: Took 0.006617 seconds to synchronously load lazily loaded font '../../../Engine/Content/Editor/Slate/Fonts/FontAwesome.ttf' (139K)
[2026.03.27-04.39.25:480][  0]LogSlate: Took 0.005300 seconds to synchronously load lazily loaded font '../../../Engine/Content/Slate/Fonts/Roboto-Bold.ttf' (160K)
[2026.03.27-04.39.25:610][  0]LogRenderer: Reallocating scene render targets to support 1860x992 Format 10 NumSamples 1 (Frame:1).
[2026.03.27-04.39.25:730][  0]LogNativeClassHierarchy: Verbose: Native class hierarchy updated for 'HierarchicalLODOutliner' in 0.0003 seconds. Added 0 classes and 0 folders.
[2026.03.27-04.39.25:730][  0]LogInput: Warning: Action Jump uses invalid key OculusGo_Left_Trigger_Click.
[2026.03.27-04.39.25:730][  0]LogInput: Warning: Action ResetVR uses invalid key OculusGo_Left_Trackpad_Click.
[2026.03.27-04.39.25:730][  0]LogInput: Warning: Use -RemoveInvalidKeys to remove instances of these keys from the action mapping.
[2026.03.27-04.39.25:730][  0]LogLoad: (Engine Initialization) Total time: 29.16 seconds
[2026.03.27-04.39.25:730][  0]LogLoad: (Engine Initialization) Total Blueprint compile time: 0.00 seconds
[2026.03.27-04.39.25:761][  0]LogAssetRegistry: Asset discovery search completed in 15.1635 seconds
[2026.03.27-04.39.25:791][  0]LogCollectionManager: Fixed up redirectors for 0 collections in 0.000005 seconds (updated 0 objects)
[2026.03.27-04.39.25:793][  0]LogContentStreaming: Texture pool size now 1000 MB
[2026.03.27-04.39.28:302][293]LogEditorViewport: Clicking on Actor (LMB): StaticMeshActor (JumpPlatform)
[2026.03.27-04.39.37:448][341]LogSlate: Took 0.005213 seconds to synchronously load lazily loaded font '../../../Engine/Content/Slate/Fonts/Roboto-Light.ttf' (167K)
[2026.03.27-04.39.37:474][341]LogEditorClassViewer: Warning: Class /Engine/Tutorial/InWorldBlueprintEditing/TutorialAssets/IWBE_Blutility.IWBE_Blutility_C has parent /Script/Blutility.PlacedEditorUtilityBase, but this parent is not found. The Class will not be shown in ClassViewer.
[2026.03.27-04.40.00:301][341]LogSlate: Window 'Pick Parent Class' being destroyed
[2026.03.27-04.40.00:310][341]LogContentBrowser: Deferred new asset file creation: NewBlueprint
[2026.03.27-04.40.00:318][341]LogContentBrowser: Creating deferred item: NewBlueprint
[2026.03.27-04.40.15:752][185]LogContentBrowser: Attempting asset rename: NewBlueprint -> TallPlatform
[2026.03.27-04.40.15:757][185]LogContentBrowser: End creating deferred item NewBlueprint
[2026.03.27-04.42.45:120][357]LogAssetEditorSubsystem: Opening Asset editor for Blueprint /Game/ThirdPersonBP/Blueprints/TallPlatform.TallPlatform
[2026.03.27-04.42.46:051][357]LogNativeClassHierarchy: Verbose: Native class hierarchy updated for 'BlueprintGraph' in 0.0004 seconds. Added 126 classes and 0 folders.
[2026.03.27-04.44.16:391][626]LogSlate: Took 0.009996 seconds to synchronously load lazily loaded font '../../../Engine/Content/Slate/Fonts/Roboto-Italic.ttf' (157K)
[2026.03.27-04.47.35:734][266]LogEditorTransaction: Undo Make New Scene Root
[2026.03.27-04.47.55:571][336]LogEditorTransaction: Undo Make New Scene Root
[2026.03.27-04.48.54:631][ 68]BlueprintLog: New page: Compile TallPlatform
[2026.03.27-04.48.54:661][ 68]LogUObjectHash: Compacting FUObjectHashTables data took   1.76ms
[2026.03.27-04.48.54:692][ 68]LogSlate: Took 0.005706 seconds to synchronously load lazily loaded font '../../../Engine/Content/Slate/Fonts/DroidSansMono.ttf' (77K)
[2026.03.27-04.49.00:108][635]Cmd: DELETE
[2026.03.27-04.49.00:108][635]Cmd: ACTOR DELETE
[2026.03.27-04.49.00:112][635]LogEditorActor: Deleted Actor: StaticMeshActor
[2026.03.27-04.49.00:126][635]LogUObjectHash: Compacting FUObjectHashTables data took   1.35ms
[2026.03.27-04.49.00:127][635]LogEditorActor: Deleted 1 Actors (0.016 secs)
[2026.03.27-04.49.34:254][447]LogEditorViewport: Clicking on Actor (context menu): BP_Sky_Sphere_C (SkySphereBlueprint)
[2026.03.27-04.49.39:934][878]LogEditorViewport: Clicking on Actor (LMB): BP_Sky_Sphere_C (SkySphereBlueprint)
[2026.03.27-04.49.40:246][905]LogEditorViewport: Clicking on Actor (LMB): TallPlatform_C (TallPlatform)
[2026.03.27-04.50.07:168][441]LogUObjectHash: Compacting FUObjectHashTables data took   1.02ms
[2026.03.27-04.50.07:186][441]LogSavePackage: Moving 'C:/Users/titan/Desktop/CPSC399_Game/CPSC399Game/Saved/ThirdPersonExampleMap_Auto1FC8E72ED4A72AE11147ADD89133A20CE.tmp' to 'C:/Users/titan/Desktop/CPSC399_Game/CPSC399Game/Saved/Autosaves/Game/ThirdPersonBP/Maps/ThirdPersonExampleMap_Auto1.umap'
[2026.03.27-04.50.07:187][441]LogFileHelpers: Editor autosave (incl. external actors) for '/Game/ThirdPersonBP/Maps/ThirdPersonExampleMap' took 0.035
[2026.03.27-04.50.07:187][441]LogFileHelpers: Editor autosave (incl. sublevels & external actors) for all levels took 0.035
[2026.03.27-04.50.34:404][173]BlueprintLog: New page: Compile TallPlatform
[2026.03.27-04.50.34:436][173]LogUObjectHash: Compacting FUObjectHashTables data took   1.23ms
[2026.03.27-04.50.45:396][275]BlueprintLog: New page: Compile TallPlatform
[2026.03.27-04.50.45:428][275]LogUObjectHash: Compacting FUObjectHashTables data took   1.77ms
[2026.03.27-04.50.47:182][452]LogEditorViewport: Clicking on Actor (LMB): BP_Sky_Sphere_C (SkySphereBlueprint)
[2026.03.27-04.50.48:917][642]LogEditorViewport: Clicking on Actor (LMB): TallPlatform_C (TallPlatform)
[2026.03.27-04.51.00:283][935]LogEditorViewport: Clicking on Actor (context menu): BP_Sky_Sphere_C (SkySphereBlueprint)
[2026.03.27-04.51.15:148][935]LogEditorViewport: Clicking on Actor (context menu): BP_Sky_Sphere_C (SkySphereBlueprint)
[2026.03.27-04.51.20:605][562]LogEditorViewport: Clicking on Actor (LMB): TallPlatform_C (TallPlatform)
[2026.03.27-04.52.19:384][693]LogEditorViewport: Clicking on Actor (LMB): BP_Sky_Sphere_C (SkySphereBlueprint)
[2026.03.27-04.53.18:609][ 19]LogEditorViewport: Clicking on Component (context menu): StaticMeshComponent (SkySphereMesh)
[2026.03.27-04.53.19:914][169]LogEditorViewport: Clicking on Actor (context menu): BP_Sky_Sphere_C (SkySphereBlueprint)
[2026.03.27-04.53.20:590][246]LogEditorViewport: Clicking on Component (LMB): StaticMeshComponent (SkySphereMesh)
[2026.03.27-04.54.08:834][819]LogEditorViewport: Clicking on Actor (LMB): TallPlatform_C (TallPlatform)
[2026.03.27-04.54.45:505][283]LogEditorViewport: Clicking on Actor (LMB): BP_Sky_Sphere_C (SkySphereBlueprint)
[2026.03.27-04.54.47:995][578]LogEditorViewport: Clicking on Actor (LMB): TallPlatform_C (TallPlatform)
[2026.03.27-04.54.48:390][623]Cmd: EDIT COPY
[2026.03.27-04.54.48:596][647]Cmd: EDIT PASTE
[2026.03.27-04.54.55:645][488]LogEditorViewport: Clicking on Actor (context menu): BP_Sky_Sphere_C (SkySphereBlueprint)
[2026.03.27-04.54.55:850][505]LogEditorViewport: Clicking on Actor (LMB): BP_Sky_Sphere_C (SkySphereBlueprint)
[2026.03.27-04.54.57:918][741]LogEditorViewport: Clicking on Actor (LMB): TallPlatform_C (TallPlatform2)
[2026.03.27-04.54.58:239][775]Cmd: EDIT COPY
[2026.03.27-04.55.00:228][998]Cmd: EDIT PASTE
[2026.03.27-04.55.03:216][353]LogEditorViewport: Clicking on Actor (LMB): BP_Sky_Sphere_C (SkySphereBlueprint)
[2026.03.27-04.55.25:712][976]LogEditorViewport: Clicking on Actor (LMB): BP_Sky_Sphere_C (SkySphereBlueprint)
[2026.03.27-04.55.43:209][500]LogEditorViewport: Clicking on Actor (LMB): TallPlatform_C (TallPlatform)
[2026.03.27-04.55.43:581][542]Cmd: EDIT COPY
[2026.03.27-04.55.43:775][565]Cmd: EDIT PASTE
[2026.03.27-04.55.47:401][996]LogEditorViewport: Clicking on Actor (LMB): BP_Sky_Sphere_C (SkySphereBlueprint)
[2026.03.27-04.55.54:222][811]LogEditorViewport: Clicking on Actor (LMB): TallPlatform_C (TallPlatform2)
[2026.03.27-04.55.56:009][ 19]Cmd: EDIT COPY
[2026.03.27-04.55.56:215][ 43]Cmd: EDIT PASTE
[2026.03.27-04.56.00:976][583]LogEditorViewport: Clicking on Actor (LMB): BP_Sky_Sphere_C (SkySphereBlueprint)
[2026.03.27-04.58.37:964][553]LogEditorViewport: Clicking on Component (context menu): StaticMeshComponent (SkySphereMesh)
[2026.03.27-04.58.40:448][823]LogTemp: Repeating last play command: Selected Viewport
[2026.03.27-04.58.40:453][823]LogPlayLevel: PlayLevel: No blueprints needed recompiling
[2026.03.27-04.58.40:455][823]PIE: New page: PIE session: ThirdPersonExampleMap (Mar. 26, 2026, 4:58:40 p.m.)
[2026.03.27-04.58.40:456][823]LogOnline: OSS: Creating online subsystem instance for: NULL
[2026.03.27-04.58.40:458][823]LogOnline: OSS: TryLoadSubsystemAndSetDefault: Loaded subsystem for module [NULL]
[2026.03.27-04.58.40:458][823]LogPlayLevel: Creating play world package: /Game/ThirdPersonBP/Maps/UEDPIE_0_ThirdPersonExampleMap
[2026.03.27-04.58.40:468][823]LogPlayLevel: PIE: StaticDuplicateObject took: (0.009561s)
[2026.03.27-04.58.40:469][823]LogAIModule: Creating AISystem for world ThirdPersonExampleMap
[2026.03.27-04.58.40:470][823]LogPlayLevel: PIE: World Init took: (0.001277s)
[2026.03.27-04.58.40:470][823]LogPlayLevel: PIE: Created PIE world by copying editor world from /Game/ThirdPersonBP/Maps/ThirdPersonExampleMap.ThirdPersonExampleMap to /Game/ThirdPersonBP/Maps/UEDPIE_0_ThirdPersonExampleMap.ThirdPersonExampleMap (0.011022s)
[2026.03.27-04.58.40:488][823]LogUObjectHash: Compacting FUObjectHashTables data took   1.58ms
[2026.03.27-04.58.40:489][823]LogAudio: Display: Creating Audio Device:                 Id: 2, Scope: Unique, Realtime: True
[2026.03.27-04.58.40:489][823]LogAudioMixer: Display: Audio Mixer Platform Settings:
[2026.03.27-04.58.40:489][823]LogAudioMixer: Display: 	Sample Rate:						  48000
[2026.03.27-04.58.40:489][823]LogAudioMixer: Display: 	Callback Buffer Frame Size Requested: 1024
[2026.03.27-04.58.40:489][823]LogAudioMixer: Display: 	Callback Buffer Frame Size To Use:	  1024
[2026.03.27-04.58.40:489][823]LogAudioMixer: Display: 	Number of buffers to queue:			  2
[2026.03.27-04.58.40:489][823]LogAudioMixer: Display: 	Max Channels (voices):				  32
[2026.03.27-04.58.40:489][823]LogAudioMixer: Display: 	Number of Async Source Workers:		  0
[2026.03.27-04.58.40:489][823]LogAudio: Display: AudioDevice MaxSources: 32
[2026.03.27-04.58.40:490][823]LogAudio: Display: Audio Spatialization Plugin: None (built-in).
[2026.03.27-04.58.40:490][823]LogAudio: Display: Audio Reverb Plugin: None (built-in).
[2026.03.27-04.58.40:490][823]LogAudio: Display: Audio Occlusion Plugin: None (built-in).
[2026.03.27-04.58.40:490][823]LogAudioMixer: Display: Initializing audio mixer.
[2026.03.27-04.58.40:493][823]LogAudioMixer: Display: 0: FrontLeft
[2026.03.27-04.58.40:493][823]LogAudioMixer: Display: 1: FrontRight
[2026.03.27-04.58.40:493][823]LogAudioMixer: Display: 2: FrontCenter
[2026.03.27-04.58.40:493][823]LogAudioMixer: Display: 3: LowFrequency
[2026.03.27-04.58.40:493][823]LogAudioMixer: Display: 4: BackLeft
[2026.03.27-04.58.40:493][823]LogAudioMixer: Display: 5: BackRight
[2026.03.27-04.58.40:493][823]LogAudioMixer: Display: 6: SideLeft
[2026.03.27-04.58.40:493][823]LogAudioMixer: Display: 7: SideRight
[2026.03.27-04.58.40:508][823]LogAudioMixer: Display: Using Audio Device Headset Earphone (CORSAIR VOID PRO Wireless Gaming Headset)
[2026.03.27-04.58.40:508][823]LogAudioMixer: Display: Initializing Sound Submixes...
[2026.03.27-04.58.40:508][823]LogAudioMixer: Display: Creating Master Submix 'MasterSubmixDefault'
[2026.03.27-04.58.40:508][823]LogAudioMixer: Display: Creating Master Submix 'MasterReverbSubmixDefault'
[2026.03.27-04.58.40:509][823]LogAudioMixer: Display: Creating Master Submix 'MasterEQSubmixDefault'
[2026.03.27-04.58.40:509][823]LogAudioMixer: FMixerPlatformXAudio2::StartAudioStream() called
[2026.03.27-04.58.40:509][823]LogAudioMixer: Display: Output buffers initialized: Frames=1024, Channels=8, Samples=8192
[2026.03.27-04.58.40:510][823]LogAudioMixer: Display: Starting AudioMixerPlatformInterface::RunInternal()
[2026.03.27-04.58.40:510][823]LogAudioMixer: Display: FMixerPlatformXAudio2::SubmitBuffer() called for the first time
[2026.03.27-04.58.40:510][823]LogInit: FAudioDevice initialized.
[2026.03.27-04.58.40:510][823]LogAudio: Display: Audio Device (ID: 2) registered with world 'ThirdPersonExampleMap'.
[2026.03.27-04.58.40:523][823]LogLoad: Game class is 'ThirdPersonGameMode_C'
[2026.03.27-04.58.40:525][823]LogWorld: Bringing World /Game/ThirdPersonBP/Maps/UEDPIE_0_ThirdPersonExampleMap.ThirdPersonExampleMap up for play (max tick rate 0) at 2026.03.26-22.58.40
[2026.03.27-04.58.40:525][823]LogWorld: Bringing up level for play took: 0.001491
[2026.03.27-04.58.40:525][823]LogOnline: OSS: Creating online subsystem instance for: :Context_6
[2026.03.27-04.58.40:530][823]LogNativeClassHierarchy: Verbose: Native class hierarchy updated for 'MovieSceneCapture' in 0.0003 seconds. Added 20 classes and 0 folders.
[2026.03.27-04.58.40:531][823]PIE: Server logged in
[2026.03.27-04.58.40:532][823]PIE: Play in editor total start time 0.079 seconds.
[2026.03.27-04.58.43:910][191]LogSlate: Updating window title bar state: overlay mode, drag disabled, window buttons hidden, title bar hidden
[2026.03.27-04.58.43:910][191]LogWorld: BeginTearingDown for /Game/ThirdPersonBP/Maps/UEDPIE_0_ThirdPersonExampleMap
[2026.03.27-04.58.43:910][191]LogWorld: UWorld::CleanupWorld for ThirdPersonExampleMap, bSessionEnded=true, bCleanupResources=true
[2026.03.27-04.58.43:912][191]LogSlate: InvalidateAllWidgets triggered.  All widgets were invalidated
[2026.03.27-04.58.43:920][191]LogPlayLevel: Display: Shutting down PIE online subsystems
[2026.03.27-04.58.43:927][191]LogSlate: InvalidateAllWidgets triggered.  All widgets were invalidated
[2026.03.27-04.58.43:941][191]LogAudio: Display: Audio Device unregistered from world 'None'.
[2026.03.27-04.58.43:944][191]LogAudioMixer: FMixerPlatformXAudio2::StopAudioStream() called
[2026.03.27-04.58.43:946][191]LogAudioMixer: FMixerPlatformXAudio2::StopAudioStream() called
[2026.03.27-04.58.43:947][191]LogSlate: Updating window title bar state: overlay mode, drag disabled, window buttons hidden, title bar hidden
[2026.03.27-04.58.43:964][191]LogUObjectHash: Compacting FUObjectHashTables data took   2.30ms
[2026.03.27-04.58.43:994][192]LogPlayLevel: Display: Destroying online subsystem :Context_6
[2026.03.27-04.58.45:191][334]LogTemp: Repeating last play command: Selected Viewport
[2026.03.27-04.58.45:196][334]LogPlayLevel: PlayLevel: No blueprints needed recompiling
[2026.03.27-04.58.45:196][334]PIE: New page: PIE session: ThirdPersonExampleMap (Mar. 26, 2026, 4:58:45 p.m.)
[2026.03.27-04.58.45:228][334]LogPlayLevel: Creating play world package: /Game/ThirdPersonBP/Maps/UEDPIE_0_ThirdPersonExampleMap
[2026.03.27-04.58.45:236][334]LogPlayLevel: PIE: StaticDuplicateObject took: (0.008011s)
[2026.03.27-04.58.45:237][334]LogAIModule: Creating AISystem for world ThirdPersonExampleMap
[2026.03.27-04.58.45:237][334]LogPlayLevel: PIE: World Init took: (0.000893s)
[2026.03.27-04.58.45:237][334]LogPlayLevel: PIE: Created PIE world by copying editor world from /Game/ThirdPersonBP/Maps/ThirdPersonExampleMap.ThirdPersonExampleMap to /Game/ThirdPersonBP/Maps/UEDPIE_0_ThirdPersonExampleMap.ThirdPersonExampleMap (0.009066s)
[2026.03.27-04.58.45:256][334]LogUObjectHash: Compacting FUObjectHashTables data took   1.63ms
[2026.03.27-04.58.45:257][334]LogAudio: Display: Creating Audio Device:                 Id: 3, Scope: Unique, Realtime: True
[2026.03.27-04.58.45:257][334]LogAudioMixer: Display: Audio Mixer Platform Settings:
[2026.03.27-04.58.45:257][334]LogAudioMixer: Display: 	Sample Rate:						  48000
[2026.03.27-04.58.45:257][334]LogAudioMixer: Display: 	Callback Buffer Frame Size Requested: 1024
[2026.03.27-04.58.45:257][334]LogAudioMixer: Display: 	Callback Buffer Frame Size To Use:	  1024
[2026.03.27-04.58.45:257][334]LogAudioMixer: Display: 	Number of buffers to queue:			  2
[2026.03.27-04.58.45:257][334]LogAudioMixer: Display: 	Max Channels (voices):				  32
[2026.03.27-04.58.45:257][334]LogAudioMixer: Display: 	Number of Async Source Workers:		  0
[2026.03.27-04.58.45:257][334]LogAudio: Display: AudioDevice MaxSources: 32
[2026.03.27-04.58.45:258][334]LogAudio: Display: Audio Spatialization Plugin: None (built-in).
[2026.03.27-04.58.45:258][334]LogAudio: Display: Audio Reverb Plugin: None (built-in).
[2026.03.27-04.58.45:258][334]LogAudio: Display: Audio Occlusion Plugin: None (built-in).
[2026.03.27-04.58.45:258][334]LogAudioMixer: Display: Initializing audio mixer.
[2026.03.27-04.58.45:262][334]LogAudioMixer: Display: 0: FrontLeft
[2026.03.27-04.58.45:262][334]LogAudioMixer: Display: 1: FrontRight
[2026.03.27-04.58.45:262][334]LogAudioMixer: Display: 2: FrontCenter
[2026.03.27-04.58.45:262][334]LogAudioMixer: Display: 3: LowFrequency
[2026.03.27-04.58.45:262][334]LogAudioMixer: Display: 4: BackLeft
[2026.03.27-04.58.45:262][334]LogAudioMixer: Display: 5: BackRight
[2026.03.27-04.58.45:262][334]LogAudioMixer: Display: 6: SideLeft
[2026.03.27-04.58.45:262][334]LogAudioMixer: Display: 7: SideRight
[2026.03.27-04.58.45:273][334]LogAudioMixer: Display: Using Audio Device Headset Earphone (CORSAIR VOID PRO Wireless Gaming Headset)
[2026.03.27-04.58.45:273][334]LogAudioMixer: Display: Initializing Sound Submixes...
[2026.03.27-04.58.45:273][334]LogAudioMixer: Display: Creating Master Submix 'MasterSubmixDefault'
[2026.03.27-04.58.45:274][334]LogAudioMixer: Display: Creating Master Submix 'MasterReverbSubmixDefault'
[2026.03.27-04.58.45:274][334]LogAudioMixer: Display: Creating Master Submix 'MasterEQSubmixDefault'
[2026.03.27-04.58.45:274][334]LogAudioMixer: FMixerPlatformXAudio2::StartAudioStream() called
[2026.03.27-04.58.45:274][334]LogAudioMixer: Display: Output buffers initialized: Frames=1024, Channels=8, Samples=8192
[2026.03.27-04.58.45:275][334]LogAudioMixer: Display: Starting AudioMixerPlatformInterface::RunInternal()
[2026.03.27-04.58.45:275][334]LogAudioMixer: Display: FMixerPlatformXAudio2::SubmitBuffer() called for the first time
[2026.03.27-04.58.45:275][334]LogInit: FAudioDevice initialized.
[2026.03.27-04.58.45:275][334]LogAudio: Display: Audio Device (ID: 3) registered with world 'ThirdPersonExampleMap'.
[2026.03.27-04.58.45:283][334]LogLoad: Game class is 'ThirdPersonGameMode_C'
[2026.03.27-04.58.45:285][334]LogWorld: Bringing World /Game/ThirdPersonBP/Maps/UEDPIE_0_ThirdPersonExampleMap.ThirdPersonExampleMap up for play (max tick rate 0) at 2026.03.26-22.58.45
[2026.03.27-04.58.45:285][334]LogWorld: Bringing up level for play took: 0.001483
[2026.03.27-04.58.45:285][334]LogOnline: OSS: Creating online subsystem instance for: :Context_7
[2026.03.27-04.58.45:287][334]PIE: Server logged in
[2026.03.27-04.58.45:288][334]PIE: Play in editor total start time 0.092 seconds.
[2026.03.27-04.58.51:308][ 50]LogSlate: Updating window title bar state: overlay mode, drag disabled, window buttons hidden, title bar hidden
[2026.03.27-04.58.51:308][ 50]LogWorld: BeginTearingDown for /Game/ThirdPersonBP/Maps/UEDPIE_0_ThirdPersonExampleMap
[2026.03.27-04.58.51:308][ 50]LogWorld: UWorld::CleanupWorld for ThirdPersonExampleMap, bSessionEnded=true, bCleanupResources=true
[2026.03.27-04.58.51:309][ 50]LogSlate: InvalidateAllWidgets triggered.  All widgets were invalidated
[2026.03.27-04.58.51:319][ 50]LogPlayLevel: Display: Shutting down PIE online subsystems
[2026.03.27-04.58.51:326][ 50]LogSlate: InvalidateAllWidgets triggered.  All widgets were invalidated
[2026.03.27-04.58.51:343][ 50]LogAudio: Display: Audio Device unregistered from world 'None'.
[2026.03.27-04.58.51:343][ 50]LogAudioMixer: FMixerPlatformXAudio2::StopAudioStream() called
[2026.03.27-04.58.51:344][ 50]LogAudioMixer: FMixerPlatformXAudio2::StopAudioStream() called
[2026.03.27-04.58.51:347][ 50]LogSlate: Updating window title bar state: overlay mode, drag disabled, window buttons hidden, title bar hidden
[2026.03.27-04.58.51:349][ 50]LogUObjectHash: Compacting FUObjectHashTables data took   1.62ms
[2026.03.27-04.58.51:397][ 52]LogPlayLevel: Display: Destroying online subsystem :Context_7
[2026.03.27-05.00.16:984][782]LogUObjectHash: Compacting FUObjectHashTables data took   1.83ms
[2026.03.27-05.00.16:998][782]LogSavePackage: Moving 'C:/Users/titan/Desktop/CPSC399_Game/CPSC399Game/Saved/ThirdPersonExampleMap_Auto287203A4C4ADA65144AD5E0B949B532F0.tmp' to 'C:/Users/titan/Desktop/CPSC399_Game/CPSC399Game/Saved/Autosaves/Game/ThirdPersonBP/Maps/ThirdPersonExampleMap_Auto2.umap'
[2026.03.27-05.00.16:998][782]LogFileHelpers: Editor autosave (incl. external actors) for '/Game/ThirdPersonBP/Maps/ThirdPersonExampleMap' took 0.033
[2026.03.27-05.00.16:998][782]LogFileHelpers: Editor autosave (incl. sublevels & external actors) for all levels took 0.033
[2026.03.27-05.02.39:882][685]LogEditorViewport: Clicking on Actor (LMB): TallPlatform_C (TallPlatform2)
[2026.03.27-05.02.46:674][489]LogEditorViewport: Clicking on Actor (LMB): BP_Sky_Sphere_C (SkySphereBlueprint)
[2026.03.27-05.02.48:198][669]LogEditorViewport: Clicking on Actor (LMB): TallPlatform_C (TallPlatform3)
[2026.03.27-05.02.50:004][881]LogEditorViewport: Clicking on Actor (LMB): BP_Sky_Sphere_C (SkySphereBlueprint)
[2026.03.27-05.02.50:529][941]LogEditorViewport: Clicking on Actor (LMB): TallPlatform_C (TallPlatform2)
[2026.03.27-05.03.05:823][716]LogEditorViewport: Clicking on Actor (LMB): BP_Sky_Sphere_C (SkySphereBlueprint)
[2026.03.27-05.03.06:612][790]LogEditorViewport: Clicking on Actor (LMB): TallPlatform_C (TallPlatform3)
[2026.03.27-05.03.12:053][422]LogEditorViewport: Clicking on Actor (LMB): BP_Sky_Sphere_C (SkySphereBlueprint)
[2026.03.27-05.03.15:012][744]LogEditorViewport: Clicking on Actor (LMB): TallPlatform_C (TallPlatform4)
[2026.03.27-05.03.19:406][250]LogEditorViewport: Clicking on Actor (LMB): BP_Sky_Sphere_C (SkySphereBlueprint)
[2026.03.27-05.03.20:753][394]LogEditorViewport: Clicking on Actor (LMB): TallPlatform_C (TallPlatform6)
[2026.03.27-05.03.27:614][185]LogEditorViewport: Clicking on Actor (LMB): TallPlatform_C (TallPlatform5)
[2026.03.27-05.03.45:639][227]LogEditorViewport: Clicking on Actor (LMB): TallPlatform_C (TallPlatform6)
[2026.03.27-05.03.46:763][348]LogEditorViewport: Clicking on Actor (LMB): BP_Sky_Sphere_C (SkySphereBlueprint)
[2026.03.27-05.03.47:741][450]LogEditorViewport: Clicking on Actor (LMB): TallPlatform_C (TallPlatform7)
[2026.03.27-05.03.57:830][583]LogEditorViewport: Clicking on Actor (context menu): BP_Sky_Sphere_C (SkySphereBlueprint)
[2026.03.27-05.03.58:484][654]LogEditorViewport: Clicking on Actor (LMB): BP_Sky_Sphere_C (SkySphereBlueprint)
[2026.03.27-05.04.00:712][880]LogEditorViewport: Clicking on Actor (LMB): TallPlatform_C (TallPlatform3)
[2026.03.27-05.04.04:386][315]LogEditorViewport: Clicking on Actor (LMB): BP_Sky_Sphere_C (SkySphereBlueprint)
[2026.03.27-05.04.05:794][469]LogEditorViewport: Clicking on Actor (LMB): TallPlatform_C (TallPlatform4)
[2026.03.27-05.04.06:417][526]LogEditorViewport: Clicking on Actor (LMB): BP_Sky_Sphere_C (SkySphereBlueprint)
[2026.03.27-05.04.07:547][634]LogEditorViewport: Clicking on Actor (LMB): TallPlatform_C (TallPlatform5)
[2026.03.27-05.04.11:595][103]LogEditorViewport: Clicking on Actor (LMB): BP_Sky_Sphere_C (SkySphereBlueprint)
[2026.03.27-05.04.15:522][548]LogEditorViewport: Clicking on Actor (LMB): TallPlatform_C (TallPlatform4)
[2026.03.27-05.04.17:623][771]LogEditorViewport: Clicking on Actor (LMB): BP_Sky_Sphere_C (SkySphereBlueprint)
[2026.03.27-05.04.25:920][683]LogEditorViewport: Clicking on Actor (LMB): TallPlatform_C (TallPlatform3)
[2026.03.27-05.04.29:645][108]LogEditorViewport: Clicking on Actor (LMB): BP_Sky_Sphere_C (SkySphereBlueprint)
[2026.03.27-05.04.31:773][340]LogEditorViewport: Clicking on Actor (LMB): TallPlatform_C (TallPlatform6)
[2026.03.27-05.04.35:199][719]LogEditorViewport: Clicking on Actor (LMB): BP_Sky_Sphere_C (SkySphereBlueprint)
[2026.03.27-05.04.40:505][334]LogEditorViewport: Clicking on Actor (LMB): TallPlatform_C (TallPlatform7)
[2026.03.27-05.04.42:899][608]LogEditorViewport: Clicking on Actor (LMB): BP_Sky_Sphere_C (SkySphereBlueprint)
[2026.03.27-05.04.44:408][772]LogEditorViewport: Clicking on Actor (LMB): TallPlatform_C (TallPlatform7)
[2026.03.27-05.04.46:283][974]LogEditorViewport: Clicking on Actor (LMB): BP_Sky_Sphere_C (SkySphereBlueprint)
[2026.03.27-05.04.47:536][121]LogTemp: Repeating last play command: Selected Viewport
[2026.03.27-05.04.47:540][121]LogPlayLevel: PlayLevel: No blueprints needed recompiling
[2026.03.27-05.04.47:540][121]PIE: New page: PIE session: ThirdPersonExampleMap (Mar. 26, 2026, 5:04:47 p.m.)
[2026.03.27-05.04.47:577][121]LogPlayLevel: Creating play world package: /Game/ThirdPersonBP/Maps/UEDPIE_0_ThirdPersonExampleMap
[2026.03.27-05.04.47:589][121]LogPlayLevel: PIE: StaticDuplicateObject took: (0.011278s)
[2026.03.27-05.04.47:589][121]LogAIModule: Creating AISystem for world ThirdPersonExampleMap
[2026.03.27-05.04.47:590][121]LogPlayLevel: PIE: World Init took: (0.001228s)
[2026.03.27-05.04.47:590][121]LogPlayLevel: PIE: Created PIE world by copying editor world from /Game/ThirdPersonBP/Maps/ThirdPersonExampleMap.ThirdPersonExampleMap to /Game/ThirdPersonBP/Maps/UEDPIE_0_ThirdPersonExampleMap.ThirdPersonExampleMap (0.012695s)
[2026.03.27-05.04.47:612][121]LogUObjectHash: Compacting FUObjectHashTables data took   1.83ms
[2026.03.27-05.04.47:614][121]LogAudio: Display: Creating Audio Device:                 Id: 4, Scope: Unique, Realtime: True
[2026.03.27-05.04.47:614][121]LogAudioMixer: Display: Audio Mixer Platform Settings:
[2026.03.27-05.04.47:614][121]LogAudioMixer: Display: 	Sample Rate:						  48000
[2026.03.27-05.04.47:614][121]LogAudioMixer: Display: 	Callback Buffer Frame Size Requested: 1024
[2026.03.27-05.04.47:614][121]LogAudioMixer: Display: 	Callback Buffer Frame Size To Use:	  1024
[2026.03.27-05.04.47:614][121]LogAudioMixer: Display: 	Number of buffers to queue:			  2
[2026.03.27-05.04.47:614][121]LogAudioMixer: Display: 	Max Channels (voices):				  32
[2026.03.27-05.04.47:614][121]LogAudioMixer: Display: 	Number of Async Source Workers:		  0
[2026.03.27-05.04.47:614][121]LogAudio: Display: AudioDevice MaxSources: 32
[2026.03.27-05.04.47:614][121]LogAudio: Display: Audio Spatialization Plugin: None (built-in).
[2026.03.27-05.04.47:614][121]LogAudio: Display: Audio Reverb Plugin: None (built-in).
[2026.03.27-05.04.47:614][121]LogAudio: Display: Audio Occlusion Plugin: None (built-in).
[2026.03.27-05.04.47:614][121]LogAudioMixer: Display: Initializing audio mixer.
[2026.03.27-05.04.47:618][121]LogAudioMixer: Display: 0: FrontLeft
[2026.03.27-05.04.47:618][121]LogAudioMixer: Display: 1: FrontRight
[2026.03.27-05.04.47:618][121]LogAudioMixer: Display: 2: FrontCenter
[2026.03.27-05.04.47:618][121]LogAudioMixer: Display: 3: LowFrequency
[2026.03.27-05.04.47:618][121]LogAudioMixer: Display: 4: BackLeft
[2026.03.27-05.04.47:618][121]LogAudioMixer: Display: 5: BackRight
[2026.03.27-05.04.47:618][121]LogAudioMixer: Display: 6: SideLeft
[2026.03.27-05.04.47:618][121]LogAudioMixer: Display: 7: SideRight
[2026.03.27-05.04.47:633][121]LogAudioMixer: Display: Using Audio Device Headset Earphone (CORSAIR VOID PRO Wireless Gaming Headset)
[2026.03.27-05.04.47:633][121]LogAudioMixer: Display: Initializing Sound Submixes...
[2026.03.27-05.04.47:633][121]LogAudioMixer: Display: Creating Master Submix 'MasterSubmixDefault'
[2026.03.27-05.04.47:633][121]LogAudioMixer: Display: Creating Master Submix 'MasterReverbSubmixDefault'
[2026.03.27-05.04.47:634][121]LogAudioMixer: Display: Creating Master Submix 'MasterEQSubmixDefault'
[2026.03.27-05.04.47:634][121]LogAudioMixer: FMixerPlatformXAudio2::StartAudioStream() called
[2026.03.27-05.04.47:634][121]LogAudioMixer: Display: Output buffers initialized: Frames=1024, Channels=8, Samples=8192
[2026.03.27-05.04.47:635][121]LogAudioMixer: Display: Starting AudioMixerPlatformInterface::RunInternal()
[2026.03.27-05.04.47:635][121]LogAudioMixer: Display: FMixerPlatformXAudio2::SubmitBuffer() called for the first time
[2026.03.27-05.04.47:635][121]LogInit: FAudioDevice initialized.
[2026.03.27-05.04.47:635][121]LogAudio: Display: Audio Device (ID: 4) registered with world 'ThirdPersonExampleMap'.
[2026.03.27-05.04.47:647][121]LogLoad: Game class is 'ThirdPersonGameMode_C'
[2026.03.27-05.04.47:648][121]LogWorld: Bringing World /Game/ThirdPersonBP/Maps/UEDPIE_0_ThirdPersonExampleMap.ThirdPersonExampleMap up for play (max tick rate 0) at 2026.03.26-23.04.47
[2026.03.27-05.04.47:648][121]LogWorld: Bringing up level for play took: 0.001726
[2026.03.27-05.04.47:649][121]LogOnline: OSS: Creating online subsystem instance for: :Context_8
[2026.03.27-05.04.47:651][121]PIE: Server logged in
[2026.03.27-05.04.47:651][121]PIE: Play in editor total start time 0.113 seconds.
[2026.03.27-05.04.53:777][849]LogSlate: Updating window title bar state: overlay mode, drag disabled, window buttons hidden, title bar hidden
[2026.03.27-05.04.53:778][849]LogWorld: BeginTearingDown for /Game/ThirdPersonBP/Maps/UEDPIE_0_ThirdPersonExampleMap
[2026.03.27-05.04.53:778][849]LogWorld: UWorld::CleanupWorld for ThirdPersonExampleMap, bSessionEnded=true, bCleanupResources=true
[2026.03.27-05.04.53:779][849]LogSlate: InvalidateAllWidgets triggered.  All widgets were invalidated
[2026.03.27-05.04.53:788][849]LogPlayLevel: Display: Shutting down PIE online subsystems
[2026.03.27-05.04.53:795][849]LogSlate: InvalidateAllWidgets triggered.  All widgets were invalidated
[2026.03.27-05.04.53:809][849]LogAudio: Display: Audio Device unregistered from world 'None'.
[2026.03.27-05.04.53:809][849]LogAudioMixer: FMixerPlatformXAudio2::StopAudioStream() called
[2026.03.27-05.04.53:810][849]LogAudioMixer: FMixerPlatformXAudio2::StopAudioStream() called
[2026.03.27-05.04.53:812][849]LogSlate: Updating window title bar state: overlay mode, drag disabled, window buttons hidden, title bar hidden
[2026.03.27-05.04.53:815][849]LogUObjectHash: Compacting FUObjectHashTables data took   1.67ms
[2026.03.27-05.04.53:843][850]LogPlayLevel: Display: Destroying online subsystem :Context_8
[2026.03.27-05.08.07:596][ 78]LogEditorViewport: Clicking on Actor (LMB): TallPlatform_C (TallPlatform7)
[2026.03.27-05.08.09:201][253]LogEditorViewport: Clicking on Actor (LMB): BP_Sky_Sphere_C (SkySphereBlueprint)
[2026.03.27-05.10.02:732][221]LogEditorViewport: Clicking on Actor (context menu): BP_Sky_Sphere_C (SkySphereBlueprint)
[2026.03.27-05.10.27:771][552]LogUObjectHash: Compacting FUObjectHashTables data took   1.77ms
[2026.03.27-05.10.27:786][552]LogSavePackage: Moving 'C:/Users/titan/Desktop/CPSC399_Game/CPSC399Game/Saved/ThirdPersonExampleMap_Auto3373AC16040645916102FB6AD46FBC68A.tmp' to 'C:/Users/titan/Desktop/CPSC399_Game/CPSC399Game/Saved/Autosaves/Game/ThirdPersonBP/Maps/ThirdPersonExampleMap_Auto3.umap'
[2026.03.27-05.10.27:787][552]LogFileHelpers: Editor autosave (incl. external actors) for '/Game/ThirdPersonBP/Maps/ThirdPersonExampleMap' took 0.039
[2026.03.27-05.10.27:787][552]LogFileHelpers: Editor autosave (incl. sublevels & external actors) for all levels took 0.039
[2026.03.27-05.11.10:626][190]LogEditorViewport: Clicking on Actor (LMB): StaticMeshActor (Start)
[2026.03.27-05.11.10:900][219]Cmd: EDIT COPY
[2026.03.27-05.11.11:165][250]Cmd: EDIT PASTE
[2026.03.27-05.11.23:295][614]LogEditorViewport: Clicking on Actor (LMB): BP_Sky_Sphere_C (SkySphereBlueprint)
[2026.03.27-05.11.29:874][389]LogEditorViewport: Clicking on Actor (LMB): TallPlatform_C (TallPlatform3)
[2026.03.27-05.11.30:279][435]LogEditorViewport: Clicking on Actor (LMB): BP_Sky_Sphere_C (SkySphereBlueprint)
[2026.03.27-05.11.32:314][660]LogEditorViewport: Clicking on Actor (LMB): StaticMeshActor (Start2)
[2026.03.27-05.11.55:724][312]LogEditorViewport: Clicking on Actor (LMB): BP_Sky_Sphere_C (SkySphereBlueprint)
[2026.03.27-05.16.05:729][300]LogSlate: Window 'Pick Parent Class' being destroyed
[2026.03.27-05.16.05:739][300]LogContentBrowser: Deferred new asset file creation: NewBlueprint
[2026.03.27-05.16.05:753][300]LogContentBrowser: Creating deferred item: NewBlueprint
[2026.03.27-05.16.13:899][278]LogContentBrowser: Attempting asset rename: NewBlueprint -> WidePlatform
[2026.03.27-05.16.13:902][278]LogContentBrowser: End creating deferred item NewBlueprint
[2026.03.27-05.16.23:184][359]LogContentBrowser: Attempting asset rename: WidePlatform -> BP_WidePlatform
[2026.03.27-05.16.23:202][359]LogMetaData: Removing '/Game/ThirdPersonBP/Blueprints/BP_WidePlatform.BP_WidePlatform:UserConstructionScript.K2Node_FunctionEntry_0' ref from Metadata '/Game/ThirdPersonBP/Blueprints/WidePlatform.PackageMetaData'
[2026.03.27-05.16.23:202][359]LogMetaData: Removing '/Game/ThirdPersonBP/Blueprints/BP_WidePlatform.SKEL_BP_WidePlatform_C:UserConstructionScript' ref from Metadata '/Game/ThirdPersonBP/Blueprints/WidePlatform.PackageMetaData'
[2026.03.27-05.16.23:202][359]LogMetaData: Removing '/Game/ThirdPersonBP/Blueprints/BP_WidePlatform.SKEL_BP_WidePlatform_C' ref from Metadata '/Game/ThirdPersonBP/Blueprints/WidePlatform.PackageMetaData'
[2026.03.27-05.16.23:202][359]LogMetaData: Removing '/Game/ThirdPersonBP/Blueprints/BP_WidePlatform.BP_WidePlatform_C' ref from Metadata '/Game/ThirdPersonBP/Blueprints/WidePlatform.PackageMetaData'
[2026.03.27-05.16.23:202][359]LogMetaData: Removing '/Game/ThirdPersonBP/Blueprints/BP_WidePlatform.BP_WidePlatform:EventGraph.K2Node_Event_0' ref from Metadata '/Game/ThirdPersonBP/Blueprints/WidePlatform.PackageMetaData'
[2026.03.27-05.16.23:202][359]LogMetaData: Removing '/Game/ThirdPersonBP/Blueprints/BP_WidePlatform.BP_WidePlatform:EventGraph.K2Node_Event_1' ref from Metadata '/Game/ThirdPersonBP/Blueprints/WidePlatform.PackageMetaData'
[2026.03.27-05.16.23:202][359]LogMetaData: Removing '/Game/ThirdPersonBP/Blueprints/BP_WidePlatform.BP_WidePlatform:EventGraph.K2Node_Event_2' ref from Metadata '/Game/ThirdPersonBP/Blueprints/WidePlatform.PackageMetaData'
[2026.03.27-05.16.23:229][359]Cmd: OBJ SAVEPACKAGE PACKAGE="/Game/ThirdPersonBP/Blueprints/BP_WidePlatform" FILE="C:/Users/titan/Desktop/CPSC399_Game/CPSC399Game/Content/ThirdPersonBP/Blueprints/BP_WidePlatform.uasset" SILENT=true
[2026.03.27-05.16.23:232][359]LogSavePackage: Moving 'C:/Users/titan/Desktop/CPSC399_Game/CPSC399Game/Saved/BP_WidePlatformA276198247A9793005AB4BA67176E751.tmp' to 'C:/Users/titan/Desktop/CPSC399_Game/CPSC399Game/Content/ThirdPersonBP/Blueprints/BP_WidePlatform.uasset'
[2026.03.27-05.16.23:305][359]LogUObjectHash: Compacting FUObjectHashTables data took   2.11ms
[2026.03.27-05.16.23:328][359]LogUObjectHash: Compacting FUObjectHashTables data took   1.31ms
[2026.03.27-05.16.23:343][359]LogUObjectHash: Compacting FUObjectHashTables data took   0.46ms
[2026.03.27-05.16.23:366][359]AssetCheck: New page: Asset Save: BP_WidePlatform
[2026.03.27-05.16.23:366][359]LogContentValidation: Display: Validating Blueprint /Game/ThirdPersonBP/Blueprints/BP_WidePlatform.BP_WidePlatform
[2026.03.27-05.16.30:124][ 76]LogSlate: Window 'TallPlatform' being destroyed
[2026.03.27-05.16.30:133][ 76]LogSlate: Window 'TallPlatform' being destroyed
[2026.03.27-05.16.30:136][ 76]LogWorld: UWorld::CleanupWorld for World_3, bSessionEnded=true, bCleanupResources=true
[2026.03.27-05.16.30:136][ 76]LogSlate: InvalidateAllWidgets triggered.  All widgets were invalidated
[2026.03.27-05.16.36:151][754]LogContentBrowser: Attempting asset rename: TallPlatform -> BP_TallPlatform
[2026.03.27-05.16.36:174][754]LogMetaData: Removing '/Game/ThirdPersonBP/Blueprints/BP_TallPlatform.BP_TallPlatform:UserConstructionScript.K2Node_FunctionEntry_0' ref from Metadata '/Game/ThirdPersonBP/Blueprints/TallPlatform.PackageMetaData'
[2026.03.27-05.16.36:174][754]LogMetaData: Removing '/Game/ThirdPersonBP/Blueprints/BP_TallPlatform.SKEL_BP_TallPlatform_C' ref from Metadata '/Game/ThirdPersonBP/Blueprints/TallPlatform.PackageMetaData'
[2026.03.27-05.16.36:174][754]LogMetaData: Removing '/Game/ThirdPersonBP/Blueprints/BP_TallPlatform.BP_TallPlatform_C' ref from Metadata '/Game/ThirdPersonBP/Blueprints/TallPlatform.PackageMetaData'
[2026.03.27-05.16.36:174][754]LogMetaData: Removing '/Game/ThirdPersonBP/Blueprints/BP_TallPlatform.BP_TallPlatform:EventGraph.K2Node_Event_0' ref from Metadata '/Game/ThirdPersonBP/Blueprints/TallPlatform.PackageMetaData'
[2026.03.27-05.16.36:174][754]LogMetaData: Removing '/Game/ThirdPersonBP/Blueprints/BP_TallPlatform.BP_TallPlatform:EventGraph.K2Node_Event_1' ref from Metadata '/Game/ThirdPersonBP/Blueprints/TallPlatform.PackageMetaData'
[2026.03.27-05.16.36:174][754]LogMetaData: Removing '/Game/ThirdPersonBP/Blueprints/BP_TallPlatform.BP_TallPlatform:EventGraph.K2Node_Event_2' ref from Metadata '/Game/ThirdPersonBP/Blueprints/TallPlatform.PackageMetaData'
[2026.03.27-05.16.36:174][754]LogMetaData: Removing '/Game/ThirdPersonBP/Blueprints/BP_TallPlatform.SKEL_BP_TallPlatform_C:UserConstructionScript' ref from Metadata '/Game/ThirdPersonBP/Blueprints/TallPlatform.PackageMetaData'
[2026.03.27-05.16.36:174][754]LogMetaData: Removing '/Game/ThirdPersonBP/Blueprints/BP_TallPlatform.SKEL_BP_TallPlatform_C:ReceiveTick' ref from Metadata '/Game/ThirdPersonBP/Blueprints/TallPlatform.PackageMetaData'
[2026.03.27-05.16.36:174][754]LogMetaData: Removing '/Game/ThirdPersonBP/Blueprints/BP_TallPlatform.SKEL_BP_TallPlatform_C:ReceiveActorBeginOverlap' ref from Metadata '/Game/ThirdPersonBP/Blueprints/TallPlatform.PackageMetaData'
[2026.03.27-05.16.36:174][754]LogMetaData: Removing '/Game/ThirdPersonBP/Blueprints/BP_TallPlatform.SKEL_BP_TallPlatform_C:ReceiveBeginPlay' ref from Metadata '/Game/ThirdPersonBP/Blueprints/TallPlatform.PackageMetaData'
[2026.03.27-05.16.36:208][754]Cmd: OBJ SAVEPACKAGE PACKAGE="/Game/ThirdPersonBP/Blueprints/BP_TallPlatform" FILE="C:/Users/titan/Desktop/CPSC399_Game/CPSC399Game/Content/ThirdPersonBP/Blueprints/BP_TallPlatform.uasset" SILENT=true
[2026.03.27-05.16.36:215][754]LogSavePackage: Moving 'C:/Users/titan/Desktop/CPSC399_Game/CPSC399Game/Saved/BP_TallPlatform3A0CE02446105862D2D8EBB2B13E9396.tmp' to 'C:/Users/titan/Desktop/CPSC399_Game/CPSC399Game/Content/ThirdPersonBP/Blueprints/BP_TallPlatform.uasset'
[2026.03.27-05.16.36:301][754]LogUObjectHash: Compacting FUObjectHashTables data took   2.26ms
[2026.03.27-05.16.36:337][754]LogUObjectHash: Compacting FUObjectHashTables data took   1.92ms
[2026.03.27-05.16.36:347][754]LogUObjectHash: Compacting FUObjectHashTables data took   0.38ms
[2026.03.27-05.16.36:368][754]AssetCheck: New page: Asset Save: BP_TallPlatform
[2026.03.27-05.16.36:368][754]LogContentValidation: Display: Validating Blueprint /Game/ThirdPersonBP/Blueprints/BP_TallPlatform.BP_TallPlatform
[2026.03.27-05.16.37:721][905]LogAssetEditorSubsystem: Opening Asset editor for Blueprint /Game/ThirdPersonBP/Blueprints/BP_WidePlatform.BP_WidePlatform
[2026.03.27-05.17.24:155][474]BlueprintLog: New page: Compile BP_WidePlatform
[2026.03.27-05.17.24:179][474]LogUObjectHash: Compacting FUObjectHashTables data took   1.54ms
[2026.03.27-05.17.25:796][648]LogEditorViewport: Clicking on Actor (LMB): BP_Sky_Sphere_C (SkySphereBlueprint)
[2026.03.27-05.18.17:786][599]LogEditorViewport: Clicking on Actor (LMB): BP_Sky_Sphere_C (SkySphereBlueprint)
[2026.03.27-05.20.05:801][200]LogEditorViewport: Clicking on Actor (LMB): BP_Sky_Sphere_C (SkySphereBlueprint)
[2026.03.27-05.20.08:705][512]LogEditorViewport: Clicking on Actor (LMB): BP_WidePlatform_C (BP_WidePlatform)
[2026.03.27-05.20.14:132][148]Cmd: EDIT COPY
[2026.03.27-05.20.14:382][178]Cmd: EDIT PASTE
[2026.03.27-05.20.41:571][399]Cmd: EDIT COPY
[2026.03.27-05.20.41:878][435]Cmd: EDIT PASTE
[2026.03.27-05.20.49:172][282]LogEditorViewport: Clicking on Actor (LMB): BP_Sky_Sphere_C (SkySphereBlueprint)
[2026.03.27-05.20.57:140][208]Cmd: EDIT COPY
[2026.03.27-05.20.58:897][418]Cmd: EDIT PASTE
[2026.03.27-05.21.29:161][571]LogEditorViewport: Clicking on Actor (LMB): BP_Sky_Sphere_C (SkySphereBlueprint)
[2026.03.27-05.21.29:550][615]LogEditorViewport: Clicking on Actor (LMB): BP_WidePlatform_C (BP_WidePlatform4)
[2026.03.27-05.21.31:122][800]LogEditorViewport: Clicking on Actor (LMB): BP_WidePlatform_C (BP_WidePlatform5)
[2026.03.27-05.21.31:940][896]LogEditorViewport: Clicking on Actor (LMB): BP_WidePlatform_C (BP_WidePlatform4)
[2026.03.27-05.21.59:913][871]LogEditorViewport: Clicking on Actor (LMB): BP_Sky_Sphere_C (SkySphereBlueprint)
[2026.03.27-05.22.00:670][957]LogEditorViewport: Clicking on Actor (LMB): BP_WidePlatform_C (BP_WidePlatform4)
[2026.03.27-05.22.01:297][ 23]LogUObjectHash: Compacting FUObjectHashTables data took   1.91ms
[2026.03.27-05.22.01:315][ 23]LogSavePackage: Moving 'C:/Users/titan/Desktop/CPSC399_Game/CPSC399Game/Saved/ThirdPersonExampleMap_Auto4F213B9334B2E8243CB9CD397DEAB164D.tmp' to 'C:/Users/titan/Desktop/CPSC399_Game/CPSC399Game/Saved/Autosaves/Game/ThirdPersonBP/Maps/ThirdPersonExampleMap_Auto4.umap'
[2026.03.27-05.22.01:316][ 23]LogFileHelpers: Editor autosave (incl. external actors) for '/Game/ThirdPersonBP/Maps/ThirdPersonExampleMap' took 0.048
[2026.03.27-05.22.01:316][ 23]LogFileHelpers: Editor autosave (incl. sublevels & external actors) for all levels took 0.048
[2026.03.27-05.22.01:317][ 23]OBJ SavePackage: Generating thumbnails for [2] asset(s) in package [/Game/ThirdPersonBP/Blueprints/BP_WidePlatform] ([2] browsable assets)...
[2026.03.27-05.22.01:324][ 23]OBJ SavePackage:     Rendered thumbnail for [Blueprint /Game/ThirdPersonBP/Blueprints/BP_WidePlatform.BP_WidePlatform]
[2026.03.27-05.22.01:324][ 23]OBJ SavePackage: Finished generating thumbnails for package [/Game/ThirdPersonBP/Blueprints/BP_WidePlatform]
[2026.03.27-05.22.01:330][ 23]LogSavePackage: Moving 'C:/Users/titan/Desktop/CPSC399_Game/CPSC399Game/Saved/BP_WidePlatform_Auto41F5E3F6B48D7AE3D1FA275B1B6216B7E.tmp' to 'C:/Users/titan/Desktop/CPSC399_Game/CPSC399Game/Saved/Autosaves/Game/ThirdPersonBP/Blueprints/BP_WidePlatform_Auto4.uasset'
[2026.03.27-05.22.01:330][ 23]LogFileHelpers: Auto-saving content packages took 0.014
[2026.03.27-05.22.01:447][ 35]LogEditorViewport: Clicking on Actor (LMB): BP_WidePlatform_C (BP_WidePlatform5)
[2026.03.27-05.22.03:227][246]LogEditorViewport: Clicking on Actor (LMB): BP_WidePlatform_C (BP_WidePlatform4)
[2026.03.27-05.22.04:104][349]LogEditorViewport: Clicking on Actor (LMB): BP_WidePlatform_C (BP_WidePlatform5)
[2026.03.27-05.22.07:692][774]LogEditorViewport: Clicking on Actor (LMB): BP_Sky_Sphere_C (SkySphereBlueprint2)
[2026.03.27-05.22.08:597][880]LogEditorViewport: Clicking on Actor (LMB): BP_WidePlatform_C (BP_WidePlatform4)
[2026.03.27-05.22.11:104][178]LogEditorViewport: Clicking on Actor (LMB): BP_WidePlatform_C (BP_WidePlatform5)
[2026.03.27-05.22.19:300][122]LogEditorViewport: Clicking on Actor (LMB): BP_WidePlatform_C (BP_WidePlatform2)
[2026.03.27-05.22.20:459][258]LogEditorViewport: Clicking on Actor (LMB): BP_WidePlatform_C (BP_WidePlatform)
[2026.03.27-05.22.21:372][365]LogEditorViewport: Clicking on Actor (LMB): BP_WidePlatform_C (BP_WidePlatform2)
[2026.03.27-05.22.22:791][533]LogEditorViewport: Clicking on Actor (LMB): BP_WidePlatform_C (BP_WidePlatform)
[2026.03.27-05.22.23:225][583]LogEditorViewport: Clicking on Actor (LMB): BP_WidePlatform_C (BP_WidePlatform2)
[2026.03.27-05.22.24:120][688]LogEditorViewport: Clicking on Actor (LMB): BP_WidePlatform_C (BP_WidePlatform3)
[2026.03.27-05.22.25:605][864]LogEditorViewport: Clicking on Actor (LMB): BP_WidePlatform_C (BP_WidePlatform2)
[2026.03.27-05.22.26:647][987]LogEditorViewport: Clicking on Actor (LMB): BP_WidePlatform_C (BP_WidePlatform3)
[2026.03.27-05.22.27:950][141]LogEditorViewport: Clicking on Actor (LMB): BP_WidePlatform_C (BP_WidePlatform4)
[2026.03.27-05.22.28:583][215]LogEditorViewport: Clicking on Actor (LMB): BP_WidePlatform_C (BP_WidePlatform3)
[2026.03.27-05.22.33:795][803]LogEditorViewport: Clicking on Actor (LMB): BP_WidePlatform_C (BP_WidePlatform3)
[2026.03.27-05.22.34:782][919]LogEditorViewport: Clicking on Actor (LMB): BP_WidePlatform_C (BP_WidePlatform2)
[2026.03.27-05.22.35:209][968]LogEditorViewport: Clicking on Actor (LMB): BP_Sky_Sphere_C (SkySphereBlueprint)
[2026.03.27-05.22.36:568][128]LogEditorViewport: Clicking on Actor (LMB): BP_WidePlatform_C (BP_WidePlatform3)
[2026.03.27-05.22.37:549][243]LogEditorViewport: Clicking on Actor (LMB): BP_WidePlatform_C (BP_WidePlatform4)
[2026.03.27-05.22.38:502][355]LogEditorViewport: Clicking on Actor (LMB): BP_WidePlatform_C (BP_WidePlatform5)
[2026.03.27-05.22.40:493][570]LogEditorViewport: Clicking on Actor (LMB): BP_WidePlatform_C (BP_WidePlatform6)
[2026.03.27-05.22.41:255][658]LogEditorViewport: Clicking on Actor (LMB): BP_WidePlatform_C (BP_WidePlatform7)
[2026.03.27-05.22.42:515][807]LogEditorViewport: Clicking on Actor (LMB): BP_WidePlatform_C (BP_WidePlatform8)
[2026.03.27-05.22.47:686][403]LogEditorViewport: Clicking on Actor (LMB): BP_Sky_Sphere_C (SkySphereBlueprint)
[2026.03.27-05.22.48:168][458]LogEditorViewport: Clicking on Actor (LMB): BP_WidePlatform_C (BP_WidePlatform8)
[2026.03.27-05.22.49:005][556]LogEditorViewport: Clicking on Actor (LMB): BP_WidePlatform_C (BP_WidePlatform7)
[2026.03.27-05.22.49:340][594]LogEditorViewport: Clicking on Actor (LMB): BP_Sky_Sphere_C (SkySphereBlueprint)
[2026.03.27-05.23.01:092][830]BlueprintLog: New page: Compile BP_WidePlatform
[2026.03.27-05.23.01:120][830]LogUObjectHash: Compacting FUObjectHashTables data took   1.20ms
[2026.03.27-05.23.02:585][975]LogEditorViewport: Clicking on Actor (LMB): BP_Sky_Sphere_C (SkySphereBlueprint)
[2026.03.27-05.23.37:022][680]BlueprintLog: New page: Compile BP_WidePlatform
[2026.03.27-05.23.37:102][680]LogUObjectHash: Compacting FUObjectHashTables data took   1.48ms
[2026.03.27-05.24.12:269][416]BlueprintLog: New page: Compile BP_WidePlatform
[2026.03.27-05.24.12:344][416]LogUObjectHash: Compacting FUObjectHashTables data took   1.45ms
[2026.03.27-05.24.13:573][539]LogEditorViewport: Clicking on Actor (LMB): BP_Sky_Sphere_C (SkySphereBlueprint)
[2026.03.27-05.24.33:440][399]BlueprintLog: New page: Compile BP_WidePlatform
[2026.03.27-05.24.33:515][399]LogUObjectHash: Compacting FUObjectHashTables data took   1.48ms
[2026.03.27-05.24.43:292][294]LogEditorViewport: Clicking on Actor (LMB): BP_Sky_Sphere_C (SkySphereBlueprint)
[2026.03.27-05.24.56:476][458]LogEditorViewport: Clicking on Actor (context menu): BP_Sky_Sphere_C (SkySphereBlueprint)
[2026.03.27-05.26.00:758][401]LogEditorViewport: Clicking on Actor (LMB): StaticMeshActor (Section1End)
[2026.03.27-05.26.00:961][414]Cmd: EDIT COPY
[2026.03.27-05.26.01:235][436]Cmd: EDIT PASTE
[2026.03.27-05.26.29:499][717]LogEditorViewport: Clicking on Actor (LMB): BP_Sky_Sphere_C (SkySphereBlueprint)
[2026.03.27-05.31.06:006][811]LogTemp: Repeating last play command: Selected Viewport
[2026.03.27-05.31.06:009][811]BlueprintLog: New page: Pre-Play auto-recompile
[2026.03.27-05.31.06:010][811]LogPlayLevel: [PlayLevel] Compiling BP_TallPlatform before play...
[2026.03.27-05.31.06:042][811]LogUObjectHash: Compacting FUObjectHashTables data took   1.94ms
[2026.03.27-05.31.06:043][811]LogPlayLevel: PlayLevel: Blueprint regeneration took 34 ms (1 blueprints)
[2026.03.27-05.31.06:044][811]PIE: New page: PIE session: ThirdPersonExampleMap (Mar. 26, 2026, 5:31:06 p.m.)
[2026.03.27-05.31.06:066][811]LogPlayLevel: Creating play world package: /Game/ThirdPersonBP/Maps/UEDPIE_0_ThirdPersonExampleMap
[2026.03.27-05.31.06:076][811]LogPlayLevel: PIE: StaticDuplicateObject took: (0.009067s)
[2026.03.27-05.31.06:077][811]LogAIModule: Creating AISystem for world ThirdPersonExampleMap
[2026.03.27-05.31.06:077][811]LogPlayLevel: PIE: World Init took: (0.001363s)
[2026.03.27-05.31.06:077][811]LogPlayLevel: PIE: Created PIE world by copying editor world from /Game/ThirdPersonBP/Maps/ThirdPersonExampleMap.ThirdPersonExampleMap to /Game/ThirdPersonBP/Maps/UEDPIE_0_ThirdPersonExampleMap.ThirdPersonExampleMap (0.010723s)
[2026.03.27-05.31.06:091][811]LogUObjectHash: Compacting FUObjectHashTables data took   1.28ms
[2026.03.27-05.31.06:092][811]LogAudio: Display: Creating Audio Device:                 Id: 5, Scope: Unique, Realtime: True
[2026.03.27-05.31.06:092][811]LogAudioMixer: Display: Audio Mixer Platform Settings:
[2026.03.27-05.31.06:092][811]LogAudioMixer: Display: 	Sample Rate:						  48000
[2026.03.27-05.31.06:092][811]LogAudioMixer: Display: 	Callback Buffer Frame Size Requested: 1024
[2026.03.27-05.31.06:092][811]LogAudioMixer: Display: 	Callback Buffer Frame Size To Use:	  1024
[2026.03.27-05.31.06:092][811]LogAudioMixer: Display: 	Number of buffers to queue:			  2
[2026.03.27-05.31.06:092][811]LogAudioMixer: Display: 	Max Channels (voices):				  32
[2026.03.27-05.31.06:092][811]LogAudioMixer: Display: 	Number of Async Source Workers:		  0
[2026.03.27-05.31.06:092][811]LogAudio: Display: AudioDevice MaxSources: 32
[2026.03.27-05.31.06:092][811]LogAudio: Display: Audio Spatialization Plugin: None (built-in).
[2026.03.27-05.31.06:092][811]LogAudio: Display: Audio Reverb Plugin: None (built-in).
[2026.03.27-05.31.06:092][811]LogAudio: Display: Audio Occlusion Plugin: None (built-in).
[2026.03.27-05.31.06:092][811]LogAudioMixer: Display: Initializing audio mixer.
[2026.03.27-05.31.06:097][811]LogAudioMixer: Display: 0: FrontLeft
[2026.03.27-05.31.06:097][811]LogAudioMixer: Display: 1: FrontRight
[2026.03.27-05.31.06:097][811]LogAudioMixer: Display: 2: FrontCenter
[2026.03.27-05.31.06:097][811]LogAudioMixer: Display: 3: LowFrequency
[2026.03.27-05.31.06:097][811]LogAudioMixer: Display: 4: BackLeft
[2026.03.27-05.31.06:097][811]LogAudioMixer: Display: 5: BackRight
[2026.03.27-05.31.06:097][811]LogAudioMixer: Display: 6: SideLeft
[2026.03.27-05.31.06:097][811]LogAudioMixer: Display: 7: SideRight
[2026.03.27-05.31.06:112][811]LogAudioMixer: Display: Using Audio Device Headset Earphone (CORSAIR VOID PRO Wireless Gaming Headset)
[2026.03.27-05.31.06:112][811]LogAudioMixer: Display: Initializing Sound Submixes...
[2026.03.27-05.31.06:112][811]LogAudioMixer: Display: Creating Master Submix 'MasterSubmixDefault'
[2026.03.27-05.31.06:112][811]LogAudioMixer: Display: Creating Master Submix 'MasterReverbSubmixDefault'
[2026.03.27-05.31.06:112][811]LogAudioMixer: Display: Creating Master Submix 'MasterEQSubmixDefault'
[2026.03.27-05.31.06:112][811]LogAudioMixer: FMixerPlatformXAudio2::StartAudioStream() called
[2026.03.27-05.31.06:112][811]LogAudioMixer: Display: Output buffers initialized: Frames=1024, Channels=8, Samples=8192
[2026.03.27-05.31.06:113][811]LogAudioMixer: Display: Starting AudioMixerPlatformInterface::RunInternal()
[2026.03.27-05.31.06:113][811]LogAudioMixer: Display: FMixerPlatformXAudio2::SubmitBuffer() called for the first time
[2026.03.27-05.31.06:113][811]LogInit: FAudioDevice initialized.
[2026.03.27-05.31.06:113][811]LogAudio: Display: Audio Device (ID: 5) registered with world 'ThirdPersonExampleMap'.
[2026.03.27-05.31.06:121][811]LogLoad: Game class is 'ThirdPersonGameMode_C'
[2026.03.27-05.31.06:123][811]LogWorld: Bringing World /Game/ThirdPersonBP/Maps/UEDPIE_0_ThirdPersonExampleMap.ThirdPersonExampleMap up for play (max tick rate 0) at 2026.03.26-23.31.06
[2026.03.27-05.31.06:124][811]LogWorld: Bringing up level for play took: 0.001868
[2026.03.27-05.31.06:124][811]LogOnline: OSS: Creating online subsystem instance for: :Context_12
[2026.03.27-05.31.06:126][811]PIE: Server logged in
[2026.03.27-05.31.06:126][811]PIE: Play in editor total start time 0.118 seconds.
[2026.03.27-05.31.25:436][120]LogSlate: Updating window title bar state: overlay mode, drag disabled, window buttons hidden, title bar hidden
[2026.03.27-05.31.25:436][120]LogWorld: BeginTearingDown for /Game/ThirdPersonBP/Maps/UEDPIE_0_ThirdPersonExampleMap
[2026.03.27-05.31.25:437][120]LogWorld: UWorld::CleanupWorld for ThirdPersonExampleMap, bSessionEnded=true, bCleanupResources=true
[2026.03.27-05.31.25:437][120]LogSlate: InvalidateAllWidgets triggered.  All widgets were invalidated
[2026.03.27-05.31.25:450][120]LogPlayLevel: Display: Shutting down PIE online subsystems
[2026.03.27-05.31.25:456][120]LogSlate: InvalidateAllWidgets triggered.  All widgets were invalidated
[2026.03.27-05.31.25:469][120]LogSlate: Updating window title bar state: overlay mode, drag disabled, window buttons hidden, title bar hidden
[2026.03.27-05.31.25:469][120]LogAudioMixer: FMixerPlatformXAudio2::StopAudioStream() called
[2026.03.27-05.31.25:470][120]LogAudioMixer: FMixerPlatformXAudio2::StopAudioStream() called
[2026.03.27-05.31.25:474][120]LogUObjectHash: Compacting FUObjectHashTables data took   1.40ms
[2026.03.27-05.31.25:506][121]LogPlayLevel: Display: Destroying online subsystem :Context_12
[2026.03.27-05.31.28:419][429]LogEditorViewport: Clicking on Actor (LMB): StaticMeshActor (Start)
[2026.03.27-05.31.28:814][460]LogEditorViewport: Clicking on Actor (LMB): BP_Sky_Sphere_C (SkySphereBlueprint2)
[2026.03.27-05.31.31:793][797]LogUObjectHash: Compacting FUObjectHashTables data took   1.27ms
[2026.03.27-05.31.31:833][797]LogUObjectHash: Compacting FUObjectHashTables data took   0.37ms
[2026.03.27-05.31.31:850][797]LogSavePackage: Moving 'C:/Users/titan/Desktop/CPSC399_Game/CPSC399Game/Saved/ThirdPersonExampleMap694AA6204688D58AA260D49634ED3A09.tmp' to 'C:/Users/titan/Desktop/CPSC399_Game/CPSC399Game/Content/ThirdPersonBP/Maps/ThirdPersonExampleMap.umap'
[2026.03.27-05.31.31:856][797]LogFileHelpers: Saving map 'ThirdPersonExampleMap' took 0.036
[2026.03.27-05.31.31:864][797]Cmd: OBJ SAVEPACKAGE PACKAGE="/Game/ThirdPersonBP/Blueprints/BP_WidePlatform" FILE="C:/Users/titan/Desktop/CPSC399_Game/CPSC399Game/Content/ThirdPersonBP/Blueprints/BP_WidePlatform.uasset" SILENT=true
[2026.03.27-05.31.31:870][797]LogSavePackage: Moving 'C:/Users/titan/Desktop/CPSC399_Game/CPSC399Game/Saved/BP_WidePlatform65105E6D4670C5E85873C59DC68B0EF1.tmp' to 'C:/Users/titan/Desktop/CPSC399_Game/CPSC399Game/Content/ThirdPersonBP/Blueprints/BP_WidePlatform.uasset'
[2026.03.27-05.31.31:883][797]AssetCheck: New page: Asset Save: multiple assets
[2026.03.27-05.31.31:884][797]LogContentValidation: Display: Validating World /Game/ThirdPersonBP/Maps/ThirdPersonExampleMap.ThirdPersonExampleMap
[2026.03.27-05.31.31:884][797]LogContentValidation: Display: Validating Blueprint /Game/ThirdPersonBP/Blueprints/BP_WidePlatform.BP_WidePlatform
[2026.03.27-05.35.40:331][832]LogEditorViewport: Clicking on Actor (context menu): BP_Sky_Sphere_C (SkySphereBlueprint)
[2026.03.27-05.35.59:819][898]LogSlate: Window 'BP_WidePlatform' being destroyed
[2026.03.27-05.35.59:826][898]LogSlate: Window 'BP_WidePlatform' being destroyed
[2026.03.27-05.35.59:828][898]LogWorld: UWorld::CleanupWorld for World_6, bSessionEnded=true, bCleanupResources=true
[2026.03.27-05.35.59:828][898]LogSlate: InvalidateAllWidgets triggered.  All widgets were invalidated
[2026.03.27-05.36.26:758][958]LogEditorViewport: Clicking on Actor (context menu): BP_Sky_Sphere_C (SkySphereBlueprint)
[2026.03.27-05.36.27:364][  5]LogEditorViewport: Clicking on Actor (LMB): BP_WidePlatform_C (BP_WidePlatform9)
[2026.03.27-05.36.54:241][195]LogEditorViewport: Clicking on Actor (LMB): BP_Sky_Sphere_C (SkySphereBlueprint)
[2026.03.27-05.36.59:110][742]LogEditorViewport: Clicking on Actor (LMB): BP_WidePlatform_C (BP_WidePlatform9)
[2026.03.27-05.36.59:989][833]LogEditorViewport: Clicking on Actor (context menu): BP_Sky_Sphere_C (SkySphereBlueprint)
[2026.03.27-05.37.01:402][981]LogEditorViewport: Clicking on Actor (LMB): BP_WidePlatform_C (BP_WidePlatform9)
[2026.03.27-05.37.08:342][765]LogEditorViewport: Clicking on Actor (LMB): BP_Sky_Sphere_C (SkySphereBlueprint)
[2026.03.27-05.37.12:661][265]LogEditorViewport: Clicking on Actor (LMB): BP_WidePlatform_C (BP_WidePlatform9)
[2026.03.27-05.37.26:139][842]LogEditorViewport: Clicking on Actor (LMB): BP_Sky_Sphere_C (SkySphereBlueprint)
[2026.03.27-05.37.27:077][940]LogEditorViewport: Clicking on Actor (LMB): BP_WidePlatform_C (BP_WidePlatform9)
[2026.03.27-05.37.34:337][773]LogEditorViewport: Clicking on Actor (LMB): BP_Sky_Sphere_C (SkySphereBlueprint)
[2026.03.27-05.37.38:390][231]LogEditorViewport: Clicking on Actor (LMB): BP_WidePlatform_C (BP_WidePlatform9)
[2026.03.27-05.37.40:764][511]LogEditorViewport: Clicking on Actor (LMB): BP_Sky_Sphere_C (SkySphereBlueprint)
[2026.03.27-05.38.19:316][975]LogEditorViewport: Clicking on Actor (LMB): BP_WidePlatform_C (BP_WidePlatform9)
[2026.03.27-05.38.28:943][118]LogEditorViewport: Clicking on Actor (LMB): BP_Sky_Sphere_C (SkySphereBlueprint)
[2026.03.27-05.39.22:672][ 34]LogEditorViewport: Clicking on Actor (LMB): BP_Sky_Sphere_C (SkySphereBlueprint)
[2026.03.27-05.39.23:017][ 74]LogEditorViewport: Clicking on Actor (LMB): StaticMeshActor (Section2End)
[2026.03.27-05.39.23:286][102]Cmd: EDIT COPY
[2026.03.27-05.39.23:876][172]Cmd: EDIT PASTE
[2026.03.27-05.41.31:969][806]LogUObjectHash: Compacting FUObjectHashTables data took   1.61ms
[2026.03.27-05.41.31:994][806]LogSavePackage: Moving 'C:/Users/titan/Desktop/CPSC399_Game/CPSC399Game/Saved/ThirdPersonExampleMap_Auto59BC2B14C47750E49B610FFA27EBD4E29.tmp' to 'C:/Users/titan/Desktop/CPSC399_Game/CPSC399Game/Saved/Autosaves/Game/ThirdPersonBP/Maps/ThirdPersonExampleMap_Auto5.umap'
[2026.03.27-05.41.31:995][806]LogFileHelpers: Editor autosave (incl. external actors) for '/Game/ThirdPersonBP/Maps/ThirdPersonExampleMap' took 0.045
[2026.03.27-05.41.31:995][806]LogFileHelpers: Editor autosave (incl. sublevels & external actors) for all levels took 0.045
[2026.03.27-05.41.59:625][183]LogEditorViewport: Clicking on Actor (LMB): BP_Sky_Sphere_C (SkySphereBlueprint)
[2026.03.27-05.42.19:684][350]LogAssetEditorSubsystem: Opening Asset editor for Blueprint /Game/ThirdPersonBP/Blueprints/BP_WidePlatform.BP_WidePlatform
[2026.03.27-05.42.19:934][350]LogSlate: Took 0.008216 seconds to synchronously load lazily loaded font '../../../Engine/Content/Slate/Fonts/Roboto-BoldCondensed.ttf' (158K)
[2026.03.27-05.42.25:121][855]BlueprintLog: New page: Compile BP_WidePlatform
[2026.03.27-05.42.25:150][855]LogUObjectHash: Compacting FUObjectHashTables data took   1.39ms
[2026.03.27-05.42.30:296][342]LogAssetEditorSubsystem: Opening Asset editor for Blueprint /Game/ThirdPersonBP/Blueprints/BP_TallPlatform.BP_TallPlatform
[2026.03.27-05.42.35:353][803]BlueprintLog: New page: Compile BP_TallPlatform
[2026.03.27-05.42.35:384][803]LogUObjectHash: Compacting FUObjectHashTables data took   2.16ms
[2026.03.27-05.42.39:671][265]LogSlate: Window 'BP_TallPlatform' being destroyed
[2026.03.27-05.42.39:678][265]LogSlate: Window 'BP_TallPlatform' being destroyed
[2026.03.27-05.42.39:706][265]LogWorld: UWorld::CleanupWorld for World_8, bSessionEnded=true, bCleanupResources=true
[2026.03.27-05.42.39:706][265]LogSlate: InvalidateAllWidgets triggered.  All widgets were invalidated
[2026.03.27-05.42.39:744][265]LogActorComponent: UnregisterComponent: (/Engine/Transient.EditorFloorComp) Not registered. Aborting.
[2026.03.27-05.42.39:744][265]LogWorld: UWorld::CleanupWorld for World_9, bSessionEnded=true, bCleanupResources=true
[2026.03.27-05.42.39:744][265]LogSlate: InvalidateAllWidgets triggered.  All widgets were invalidated
[2026.03.27-05.42.43:279][493]LogSlate: Window 'Pick Parent Class' being destroyed
[2026.03.27-05.42.43:287][493]LogContentBrowser: Deferred new asset file creation: NewBlueprint
[2026.03.27-05.42.43:300][493]LogContentBrowser: Creating deferred item: NewBlueprint
[2026.03.27-05.42.53:914][766]LogContentBrowser: Attempting asset rename: NewBlueprint -> BP_SpinObstacle
[2026.03.27-05.42.53:917][766]LogContentBrowser: End creating deferred item NewBlueprint
[2026.03.27-05.42.55:956][989]LogAssetEditorSubsystem: Opening Asset editor for Blueprint /Game/ThirdPersonBP/Blueprints/BP_SpinObstacle.BP_SpinObstacle
[2026.03.27-05.45.04:302][529]BlueprintLog: New page: Compile BP_SpinObstacle
[2026.03.27-05.45.04:330][529]LogUObjectHash: Compacting FUObjectHashTables data took   1.84ms
[2026.03.27-05.45.04:617][554]BlueprintLog: New page: Compile BP_SpinObstacle
[2026.03.27-05.45.04:641][554]LogUObjectHash: Compacting FUObjectHashTables data took   1.79ms
[2026.03.27-05.48.07:552][ 72]BlueprintLog: New page: Compile BP_SpinObstacle
[2026.03.27-05.48.07:579][ 72]LogUObjectHash: Compacting FUObjectHashTables data took   1.93ms
[2026.03.27-05.48.08:689][173]BlueprintLog: New page: Compile BP_SpinObstacle
[2026.03.27-05.48.08:712][173]LogUObjectHash: Compacting FUObjectHashTables data took   1.58ms
[2026.03.27-05.51.32:964][546]LogUObjectHash: Compacting FUObjectHashTables data took   1.64ms
[2026.03.27-05.51.32:982][546]LogSavePackage: Moving 'C:/Users/titan/Desktop/CPSC399_Game/CPSC399Game/Saved/ThirdPersonExampleMap_Auto679948DBA45CB0DD23AFD22A00DA1CE36.tmp' to 'C:/Users/titan/Desktop/CPSC399_Game/CPSC399Game/Saved/Autosaves/Game/ThirdPersonBP/Maps/ThirdPersonExampleMap_Auto6.umap'
[2026.03.27-05.51.32:984][546]LogFileHelpers: Editor autosave (incl. external actors) for '/Game/ThirdPersonBP/Maps/ThirdPersonExampleMap' took 0.035
[2026.03.27-05.51.32:984][546]LogFileHelpers: Editor autosave (incl. sublevels & external actors) for all levels took 0.035
[2026.03.27-05.55.05:838][327]LogEditorTransaction: Undo Modify Component(s)
[2026.03.27-06.00.27:945][124]BlueprintLog: New page: Compile BP_SpinObstacle
[2026.03.27-06.00.27:972][124]LogUObjectHash: Compacting FUObjectHashTables data took   2.01ms
[2026.03.27-06.00.28:439][168]BlueprintLog: New page: Compile BP_SpinObstacle
[2026.03.27-06.00.28:463][168]LogUObjectHash: Compacting FUObjectHashTables data took   1.54ms
[2026.03.27-06.01.47:505][484]BlueprintLog: New page: Compile BP_SpinObstacle
[2026.03.27-06.01.47:541][484]LogUObjectHash: Compacting FUObjectHashTables data took   1.52ms
[2026.03.27-06.01.49:503][680]LogEditorViewport: Clicking on Actor (LMB): BP_SpinObstacle_C (BP_SpinObstacle)
[2026.03.27-06.01.52:772][ 39]LogEditorViewport: Clicking on Actor (LMB): BP_SpinObstacle_C (BP_SpinObstacle)
[2026.03.27-06.02.05:961][830]LogEditorViewport: Clicking on Actor (LMB): BP_Sky_Sphere_C (SkySphereBlueprint)
[2026.03.27-06.02.07:096][946]LogEditorViewport: Clicking on Actor (LMB): BP_SpinObstacle_C (BP_SpinObstacle)
[2026.03.27-06.02.20:770][228]BlueprintLog: New page: Compile BP_SpinObstacle
[2026.03.27-06.02.20:801][228]LogUObjectHash: Compacting FUObjectHashTables data took   1.50ms
[2026.03.27-06.02.21:924][336]LogEditorViewport: Clicking on Actor (LMB): BP_Sky_Sphere_C (SkySphereBlueprint)
[2026.03.27-06.02.26:184][815]LogEditorViewport: Clicking on Actor (LMB): BP_SpinObstacle_C (BP_SpinObstacle)
[2026.03.27-06.02.38:953][249]LogEditorViewport: Clicking on Actor (LMB): BP_Sky_Sphere_C (SkySphereBlueprint)
[2026.03.27-06.02.43:747][759]LogAssetEditorSubsystem: Opening Asset editor for Blueprint /Game/ThirdPersonBP/Blueprints/ThirdPersonCharacter.ThirdPersonCharacter
[2026.03.27-06.03.32:667][221]Cmd: OBJ SAVEPACKAGE PACKAGE="/Game/ThirdPersonBP/Blueprints/BP_SpinObstacle" FILE="C:/Users/titan/Desktop/CPSC399_Game/CPSC399Game/Content/ThirdPersonBP/Blueprints/BP_SpinObstacle.uasset" SILENT=true
[2026.03.27-06.03.32:674][221]LogSavePackage: Moving 'C:/Users/titan/Desktop/CPSC399_Game/CPSC399Game/Saved/BP_SpinObstacle3F02EB604FA88F3552E93B9039C22772.tmp' to 'C:/Users/titan/Desktop/CPSC399_Game/CPSC399Game/Content/ThirdPersonBP/Blueprints/BP_SpinObstacle.uasset'
[2026.03.27-06.03.32:692][221]AssetCheck: New page: Asset Save: BP_SpinObstacle
[2026.03.27-06.03.32:692][221]LogContentValidation: Display: Validating Blueprint /Game/ThirdPersonBP/Blueprints/BP_SpinObstacle.BP_SpinObstacle
[2026.03.27-06.03.40:615][978]LogEditorViewport: Clicking on Actor (LMB): BP_SpinObstacle_C (BP_SpinObstacle)
[2026.03.27-06.03.44:620][433]LogEditorViewport: Clicking on Actor (LMB): BP_Sky_Sphere_C (SkySphereBlueprint)
[2026.03.27-06.03.45:513][537]LogEditorViewport: Clicking on Actor (LMB): BP_SpinObstacle_C (BP_SpinObstacle)
[2026.03.27-06.03.48:734][641]LogEditorViewport: Clicking on Actor (LMB): BP_Sky_Sphere_C (SkySphereBlueprint)
[2026.03.27-06.03.49:488][728]LogEditorViewport: Clicking on Actor (LMB): BP_SpinObstacle_C (BP_SpinObstacle)
[2026.03.27-06.03.49:835][767]Cmd: EDIT COPY
[2026.03.27-06.03.50:052][792]Cmd: EDIT PASTE
[2026.03.27-06.04.03:917][360]LogEditorViewport: Clicking on Actor (context menu): BP_Sky_Sphere_C (SkySphereBlueprint)
[2026.03.27-06.04.04:551][429]LogEditorViewport: Clicking on Actor (LMB): BP_Sky_Sphere_C (SkySphereBlueprint)
[2026.03.27-06.04.09:500][990]LogEditorViewport: Clicking on Actor (LMB): BP_SpinObstacle_C (BP_SpinObstacle)
[2026.03.27-06.04.09:865][ 28]Cmd: EDIT COPY
[2026.03.27-06.04.10:053][ 50]Cmd: EDIT PASTE
[2026.03.27-06.04.13:417][427]LogEditorViewport: Clicking on Actor (LMB): BP_Sky_Sphere_C (SkySphereBlueprint)
[2026.03.27-06.04.18:619][ 11]LogEditorViewport: Clicking on Actor (LMB): BP_SpinObstacle_C (BP_SpinObstacle)
[2026.03.27-06.04.20:828][248]LogEditorViewport: Clicking on Actor (LMB): BP_Sky_Sphere_C (SkySphereBlueprint2)
[2026.03.27-06.04.28:027][ 66]LogEditorViewport: Clicking on Actor (LMB): BP_Sky_Sphere_C (SkySphereBlueprint2)
[2026.03.27-06.04.32:080][517]LogTemp: Repeating last play command: Selected Viewport
[2026.03.27-06.04.32:084][517]LogPlayLevel: PlayLevel: No blueprints needed recompiling
[2026.03.27-06.04.32:084][517]PIE: New page: PIE session: ThirdPersonExampleMap (Mar. 26, 2026, 6:04:32 p.m.)
[2026.03.27-06.04.32:122][517]LogPlayLevel: Creating play world package: /Game/ThirdPersonBP/Maps/UEDPIE_0_ThirdPersonExampleMap
[2026.03.27-06.04.32:133][517]LogPlayLevel: PIE: StaticDuplicateObject took: (0.010472s)
[2026.03.27-06.04.32:134][517]LogAIModule: Creating AISystem for world ThirdPersonExampleMap
[2026.03.27-06.04.32:134][517]LogPlayLevel: PIE: World Init took: (0.001221s)
[2026.03.27-06.04.32:134][517]LogPlayLevel: PIE: Created PIE world by copying editor world from /Game/ThirdPersonBP/Maps/ThirdPersonExampleMap.ThirdPersonExampleMap to /Game/ThirdPersonBP/Maps/UEDPIE_0_ThirdPersonExampleMap.ThirdPersonExampleMap (0.011930s)
[2026.03.27-06.04.32:156][517]LogUObjectHash: Compacting FUObjectHashTables data took   1.82ms
[2026.03.27-06.04.32:158][517]LogAudio: Display: Creating Audio Device:                 Id: 6, Scope: Unique, Realtime: True
[2026.03.27-06.04.32:158][517]LogAudioMixer: Display: Audio Mixer Platform Settings:
[2026.03.27-06.04.32:158][517]LogAudioMixer: Display: 	Sample Rate:						  48000
[2026.03.27-06.04.32:158][517]LogAudioMixer: Display: 	Callback Buffer Frame Size Requested: 1024
[2026.03.27-06.04.32:158][517]LogAudioMixer: Display: 	Callback Buffer Frame Size To Use:	  1024
[2026.03.27-06.04.32:158][517]LogAudioMixer: Display: 	Number of buffers to queue:			  2
[2026.03.27-06.04.32:158][517]LogAudioMixer: Display: 	Max Channels (voices):				  32
[2026.03.27-06.04.32:158][517]LogAudioMixer: Display: 	Number of Async Source Workers:		  0
[2026.03.27-06.04.32:158][517]LogAudio: Display: AudioDevice MaxSources: 32
[2026.03.27-06.04.32:158][517]LogAudio: Display: Audio Spatialization Plugin: None (built-in).
[2026.03.27-06.04.32:158][517]LogAudio: Display: Audio Reverb Plugin: None (built-in).
[2026.03.27-06.04.32:158][517]LogAudio: Display: Audio Occlusion Plugin: None (built-in).
[2026.03.27-06.04.32:158][517]LogAudioMixer: Display: Initializing audio mixer.
[2026.03.27-06.04.32:162][517]LogAudioMixer: Display: 0: FrontLeft
[2026.03.27-06.04.32:162][517]LogAudioMixer: Display: 1: FrontRight
[2026.03.27-06.04.32:162][517]LogAudioMixer: Display: 2: FrontCenter
[2026.03.27-06.04.32:162][517]LogAudioMixer: Display: 3: LowFrequency
[2026.03.27-06.04.32:162][517]LogAudioMixer: Display: 4: BackLeft
[2026.03.27-06.04.32:162][517]LogAudioMixer: Display: 5: BackRight
[2026.03.27-06.04.32:162][517]LogAudioMixer: Display: 6: SideLeft
[2026.03.27-06.04.32:162][517]LogAudioMixer: Display: 7: SideRight
[2026.03.27-06.04.32:175][517]LogAudioMixer: Display: Using Audio Device Headset Earphone (CORSAIR VOID PRO Wireless Gaming Headset)
[2026.03.27-06.04.32:175][517]LogAudioMixer: Display: Initializing Sound Submixes...
[2026.03.27-06.04.32:175][517]LogAudioMixer: Display: Creating Master Submix 'MasterSubmixDefault'
[2026.03.27-06.04.32:175][517]LogAudioMixer: Display: Creating Master Submix 'MasterReverbSubmixDefault'
[2026.03.27-06.04.32:175][517]LogAudioMixer: Display: Creating Master Submix 'MasterEQSubmixDefault'
[2026.03.27-06.04.32:176][517]LogAudioMixer: FMixerPlatformXAudio2::StartAudioStream() called
[2026.03.27-06.04.32:176][517]LogAudioMixer: Display: Output buffers initialized: Frames=1024, Channels=8, Samples=8192
[2026.03.27-06.04.32:176][517]LogAudioMixer: Display: Starting AudioMixerPlatformInterface::RunInternal()
[2026.03.27-06.04.32:176][517]LogAudioMixer: Display: FMixerPlatformXAudio2::SubmitBuffer() called for the first time
[2026.03.27-06.04.32:176][517]LogInit: FAudioDevice initialized.
[2026.03.27-06.04.32:176][517]LogAudio: Display: Audio Device (ID: 6) registered with world 'ThirdPersonExampleMap'.
[2026.03.27-06.04.32:184][517]LogLoad: Game class is 'ThirdPersonGameMode_C'
[2026.03.27-06.04.32:187][517]LogWorld: Bringing World /Game/ThirdPersonBP/Maps/UEDPIE_0_ThirdPersonExampleMap.ThirdPersonExampleMap up for play (max tick rate 0) at 2026.03.27-00.04.32
[2026.03.27-06.04.32:188][517]LogWorld: Bringing up level for play took: 0.003011
[2026.03.27-06.04.32:188][517]LogOnline: OSS: Creating online subsystem instance for: :Context_18
[2026.03.27-06.04.32:189][517]PIE: Server logged in
[2026.03.27-06.04.32:191][517]PIE: Play in editor total start time 0.107 seconds.
[2026.03.27-06.04.35:295][876]LogSlate: Updating window title bar state: overlay mode, drag disabled, window buttons hidden, title bar hidden
[2026.03.27-06.04.35:295][876]LogWorld: BeginTearingDown for /Game/ThirdPersonBP/Maps/UEDPIE_0_ThirdPersonExampleMap
[2026.03.27-06.04.35:295][876]LogWorld: UWorld::CleanupWorld for ThirdPersonExampleMap, bSessionEnded=true, bCleanupResources=true
[2026.03.27-06.04.35:295][876]LogSlate: InvalidateAllWidgets triggered.  All widgets were invalidated
[2026.03.27-06.04.35:306][876]LogPlayLevel: Display: Shutting down PIE online subsystems
[2026.03.27-06.04.35:313][876]LogSlate: InvalidateAllWidgets triggered.  All widgets were invalidated
[2026.03.27-06.04.35:327][876]LogAudio: Display: Audio Device unregistered from world 'None'.
[2026.03.27-06.04.35:327][876]LogAudioMixer: FMixerPlatformXAudio2::StopAudioStream() called
[2026.03.27-06.04.35:329][876]LogAudioMixer: FMixerPlatformXAudio2::StopAudioStream() called
[2026.03.27-06.04.35:330][876]LogSlate: Updating window title bar state: overlay mode, drag disabled, window buttons hidden, title bar hidden
[2026.03.27-06.04.35:333][876]LogUObjectHash: Compacting FUObjectHashTables data took   1.20ms
[2026.03.27-06.04.35:363][877]LogPlayLevel: Display: Destroying online subsystem :Context_18
[2026.03.27-06.04.36:510][  9]LogTemp: Repeating last play command: Selected Viewport
[2026.03.27-06.04.36:515][  9]LogPlayLevel: PlayLevel: No blueprints needed recompiling
[2026.03.27-06.04.36:515][  9]PIE: New page: PIE session: ThirdPersonExampleMap (Mar. 26, 2026, 6:04:36 p.m.)
[2026.03.27-06.04.36:543][  9]LogPlayLevel: Creating play world package: /Game/ThirdPersonBP/Maps/UEDPIE_0_ThirdPersonExampleMap
[2026.03.27-06.04.36:551][  9]LogPlayLevel: PIE: StaticDuplicateObject took: (0.008896s)
[2026.03.27-06.04.36:552][  9]LogAIModule: Creating AISystem for world ThirdPersonExampleMap
[2026.03.27-06.04.36:553][  9]LogPlayLevel: PIE: World Init took: (0.000914s)
[2026.03.27-06.04.36:553][  9]LogPlayLevel: PIE: Created PIE world by copying editor world from /Game/ThirdPersonBP/Maps/ThirdPersonExampleMap.ThirdPersonExampleMap to /Game/ThirdPersonBP/Maps/UEDPIE_0_ThirdPersonExampleMap.ThirdPersonExampleMap (0.010014s)
[2026.03.27-06.04.36:567][  9]LogUObjectHash: Compacting FUObjectHashTables data took   1.12ms
[2026.03.27-06.04.36:569][  9]LogAudio: Display: Creating Audio Device:                 Id: 7, Scope: Unique, Realtime: True
[2026.03.27-06.04.36:569][  9]LogAudioMixer: Display: Audio Mixer Platform Settings:
[2026.03.27-06.04.36:569][  9]LogAudioMixer: Display: 	Sample Rate:						  48000
[2026.03.27-06.04.36:569][  9]LogAudioMixer: Display: 	Callback Buffer Frame Size Requested: 1024
[2026.03.27-06.04.36:569][  9]LogAudioMixer: Display: 	Callback Buffer Frame Size To Use:	  1024
[2026.03.27-06.04.36:569][  9]LogAudioMixer: Display: 	Number of buffers to queue:			  2
[2026.03.27-06.04.36:569][  9]LogAudioMixer: Display: 	Max Channels (voices):				  32
[2026.03.27-06.04.36:569][  9]LogAudioMixer: Display: 	Number of Async Source Workers:		  0
[2026.03.27-06.04.36:569][  9]LogAudio: Display: AudioDevice MaxSources: 32
[2026.03.27-06.04.36:569][  9]LogAudio: Display: Audio Spatialization Plugin: None (built-in).
[2026.03.27-06.04.36:569][  9]LogAudio: Display: Audio Reverb Plugin: None (built-in).
[2026.03.27-06.04.36:569][  9]LogAudio: Display: Audio Occlusion Plugin: None (built-in).
[2026.03.27-06.04.36:570][  9]LogAudioMixer: Display: Initializing audio mixer.
[2026.03.27-06.04.36:573][  9]LogAudioMixer: Display: 0: FrontLeft
[2026.03.27-06.04.36:573][  9]LogAudioMixer: Display: 1: FrontRight
[2026.03.27-06.04.36:573][  9]LogAudioMixer: Display: 2: FrontCenter
[2026.03.27-06.04.36:573][  9]LogAudioMixer: Display: 3: LowFrequency
[2026.03.27-06.04.36:573][  9]LogAudioMixer: Display: 4: BackLeft
[2026.03.27-06.04.36:573][  9]LogAudioMixer: Display: 5: BackRight
[2026.03.27-06.04.36:573][  9]LogAudioMixer: Display: 6: SideLeft
[2026.03.27-06.04.36:573][  9]LogAudioMixer: Display: 7: SideRight
[2026.03.27-06.04.36:585][  9]LogAudioMixer: Display: Using Audio Device Headset Earphone (CORSAIR VOID PRO Wireless Gaming Headset)
[2026.03.27-06.04.36:585][  9]LogAudioMixer: Display: Initializing Sound Submixes...
[2026.03.27-06.04.36:585][  9]LogAudioMixer: Display: Creating Master Submix 'MasterSubmixDefault'
[2026.03.27-06.04.36:585][  9]LogAudioMixer: Display: Creating Master Submix 'MasterReverbSubmixDefault'
[2026.03.27-06.04.36:586][  9]LogAudioMixer: Display: Creating Master Submix 'MasterEQSubmixDefault'
[2026.03.27-06.04.36:586][  9]LogAudioMixer: FMixerPlatformXAudio2::StartAudioStream() called
[2026.03.27-06.04.36:586][  9]LogAudioMixer: Display: Output buffers initialized: Frames=1024, Channels=8, Samples=8192
[2026.03.27-06.04.36:587][  9]LogAudioMixer: Display: Starting AudioMixerPlatformInterface::RunInternal()
[2026.03.27-06.04.36:587][  9]LogAudioMixer: Display: FMixerPlatformXAudio2::SubmitBuffer() called for the first time
[2026.03.27-06.04.36:587][  9]LogInit: FAudioDevice initialized.
[2026.03.27-06.04.36:587][  9]LogAudio: Display: Audio Device (ID: 7) registered with world 'ThirdPersonExampleMap'.
[2026.03.27-06.04.36:595][  9]LogLoad: Game class is 'ThirdPersonGameMode_C'
[2026.03.27-06.04.36:598][  9]LogWorld: Bringing World /Game/ThirdPersonBP/Maps/UEDPIE_0_ThirdPersonExampleMap.ThirdPersonExampleMap up for play (max tick rate 0) at 2026.03.27-00.04.36
[2026.03.27-06.04.36:598][  9]LogWorld: Bringing up level for play took: 0.001949
[2026.03.27-06.04.36:598][  9]LogOnline: OSS: Creating online subsystem instance for: :Context_19
[2026.03.27-06.04.36:600][  9]PIE: Server logged in
[2026.03.27-06.04.36:601][  9]PIE: Play in editor total start time 0.087 seconds.
[2026.03.27-06.05.05:835][506]LogSlate: Updating window title bar state: overlay mode, drag disabled, window buttons hidden, title bar hidden
[2026.03.27-06.05.05:835][506]LogWorld: BeginTearingDown for /Game/ThirdPersonBP/Maps/UEDPIE_0_ThirdPersonExampleMap
[2026.03.27-06.05.05:835][506]LogWorld: UWorld::CleanupWorld for ThirdPersonExampleMap, bSessionEnded=true, bCleanupResources=true
[2026.03.27-06.05.05:835][506]LogSlate: InvalidateAllWidgets triggered.  All widgets were invalidated
[2026.03.27-06.05.05:847][506]LogPlayLevel: Display: Shutting down PIE online subsystems
[2026.03.27-06.05.05:855][506]LogSlate: InvalidateAllWidgets triggered.  All widgets were invalidated
[2026.03.27-06.05.05:868][506]LogSlate: Updating window title bar state: overlay mode, drag disabled, window buttons hidden, title bar hidden
[2026.03.27-06.05.05:869][506]LogAudioMixer: FMixerPlatformXAudio2::StopAudioStream() called
[2026.03.27-06.05.05:870][506]LogAudioMixer: FMixerPlatformXAudio2::StopAudioStream() called
[2026.03.27-06.05.05:878][506]LogUObjectHash: Compacting FUObjectHashTables data took   1.26ms
[2026.03.27-06.05.05:905][507]LogPlayLevel: Display: Destroying online subsystem :Context_19
[2026.03.27-06.05.10:962][ 79]LogEditorViewport: Clicking on Actor (LMB): BP_Sky_Sphere_C (SkySphereBlueprint2)
[2026.03.27-06.05.11:446][134]LogEditorViewport: Clicking on Actor (LMB): BP_Sky_Sphere_C (SkySphereBlueprint)
[2026.03.27-06.05.11:853][180]LogEditorViewport: Clicking on Actor (LMB): BP_SpinObstacle_C (BP_SpinObstacle2)
[2026.03.27-06.05.35:836][553]LogEditorViewport: Clicking on Actor (LMB): BP_Sky_Sphere_C (SkySphereBlueprint)
[2026.03.27-06.05.39:550][973]LogEditorViewport: Clicking on Actor (LMB): BP_SpinObstacle_C (BP_SpinObstacle)
[2026.03.27-06.05.41:772][217]LogEditorViewport: Clicking on Actor (LMB): BP_Sky_Sphere_C (SkySphereBlueprint)
[2026.03.27-06.05.42:095][253]LogEditorViewport: Clicking on Actor (LMB): BP_SpinObstacle_C (BP_SpinObstacle)
[2026.03.27-06.05.47:395][882]LogEditorViewport: Clicking on Actor (LMB): BP_Sky_Sphere_C (SkySphereBlueprint)
[2026.03.27-06.05.47:787][926]LogEditorViewport: Clicking on Actor (LMB): BP_SpinObstacle_C (BP_SpinObstacle2)
[2026.03.27-06.05.49:488][126]LogEditorViewport: Clicking on Actor (LMB): BP_Sky_Sphere_C (SkySphereBlueprint)
[2026.03.27-06.05.50:671][263]LogTemp: Repeating last play command: Selected Viewport
[2026.03.27-06.05.50:675][263]LogPlayLevel: PlayLevel: No blueprints needed recompiling
[2026.03.27-06.05.50:675][263]PIE: New page: PIE session: ThirdPersonExampleMap (Mar. 26, 2026, 6:05:50 p.m.)
[2026.03.27-06.05.50:714][263]LogPlayLevel: Creating play world package: /Game/ThirdPersonBP/Maps/UEDPIE_0_ThirdPersonExampleMap
[2026.03.27-06.05.50:723][263]LogPlayLevel: PIE: StaticDuplicateObject took: (0.008796s)
[2026.03.27-06.05.50:724][263]LogAIModule: Creating AISystem for world ThirdPersonExampleMap
[2026.03.27-06.05.50:724][263]LogPlayLevel: PIE: World Init took: (0.001011s)
[2026.03.27-06.05.50:724][263]LogPlayLevel: PIE: Created PIE world by copying editor world from /Game/ThirdPersonBP/Maps/ThirdPersonExampleMap.ThirdPersonExampleMap to /Game/ThirdPersonBP/Maps/UEDPIE_0_ThirdPersonExampleMap.ThirdPersonExampleMap (0.010020s)
[2026.03.27-06.05.50:740][263]LogUObjectHash: Compacting FUObjectHashTables data took   1.23ms
[2026.03.27-06.05.50:741][263]LogAudio: Display: Creating Audio Device:                 Id: 8, Scope: Unique, Realtime: True
[2026.03.27-06.05.50:741][263]LogAudioMixer: Display: Audio Mixer Platform Settings:
[2026.03.27-06.05.50:741][263]LogAudioMixer: Display: 	Sample Rate:						  48000
[2026.03.27-06.05.50:741][263]LogAudioMixer: Display: 	Callback Buffer Frame Size Requested: 1024
[2026.03.27-06.05.50:741][263]LogAudioMixer: Display: 	Callback Buffer Frame Size To Use:	  1024
[2026.03.27-06.05.50:741][263]LogAudioMixer: Display: 	Number of buffers to queue:			  2
[2026.03.27-06.05.50:741][263]LogAudioMixer: Display: 	Max Channels (voices):				  32
[2026.03.27-06.05.50:741][263]LogAudioMixer: Display: 	Number of Async Source Workers:		  0
[2026.03.27-06.05.50:741][263]LogAudio: Display: AudioDevice MaxSources: 32
[2026.03.27-06.05.50:742][263]LogAudio: Display: Audio Spatialization Plugin: None (built-in).
[2026.03.27-06.05.50:742][263]LogAudio: Display: Audio Reverb Plugin: None (built-in).
[2026.03.27-06.05.50:742][263]LogAudio: Display: Audio Occlusion Plugin: None (built-in).
[2026.03.27-06.05.50:742][263]LogAudioMixer: Display: Initializing audio mixer.
[2026.03.27-06.05.50:745][263]LogAudioMixer: Display: 0: FrontLeft
[2026.03.27-06.05.50:745][263]LogAudioMixer: Display: 1: FrontRight
[2026.03.27-06.05.50:745][263]LogAudioMixer: Display: 2: FrontCenter
[2026.03.27-06.05.50:745][263]LogAudioMixer: Display: 3: LowFrequency
[2026.03.27-06.05.50:745][263]LogAudioMixer: Display: 4: BackLeft
[2026.03.27-06.05.50:745][263]LogAudioMixer: Display: 5: BackRight
[2026.03.27-06.05.50:745][263]LogAudioMixer: Display: 6: SideLeft
[2026.03.27-06.05.50:745][263]LogAudioMixer: Display: 7: SideRight
[2026.03.27-06.05.50:758][263]LogAudioMixer: Display: Using Audio Device Headset Earphone (CORSAIR VOID PRO Wireless Gaming Headset)
[2026.03.27-06.05.50:758][263]LogAudioMixer: Display: Initializing Sound Submixes...
[2026.03.27-06.05.50:758][263]LogAudioMixer: Display: Creating Master Submix 'MasterSubmixDefault'
[2026.03.27-06.05.50:758][263]LogAudioMixer: Display: Creating Master Submix 'MasterReverbSubmixDefault'
[2026.03.27-06.05.50:758][263]LogAudioMixer: Display: Creating Master Submix 'MasterEQSubmixDefault'
[2026.03.27-06.05.50:758][263]LogAudioMixer: FMixerPlatformXAudio2::StartAudioStream() called
[2026.03.27-06.05.50:758][263]LogAudioMixer: Display: Output buffers initialized: Frames=1024, Channels=8, Samples=8192
[2026.03.27-06.05.50:760][263]LogAudioMixer: Display: Starting AudioMixerPlatformInterface::RunInternal()
[2026.03.27-06.05.50:760][263]LogAudioMixer: Display: FMixerPlatformXAudio2::SubmitBuffer() called for the first time
[2026.03.27-06.05.50:760][263]LogInit: FAudioDevice initialized.
[2026.03.27-06.05.50:760][263]LogAudio: Display: Audio Device (ID: 8) registered with world 'ThirdPersonExampleMap'.
[2026.03.27-06.05.50:767][263]LogLoad: Game class is 'ThirdPersonGameMode_C'
[2026.03.27-06.05.50:769][263]LogWorld: Bringing World /Game/ThirdPersonBP/Maps/UEDPIE_0_ThirdPersonExampleMap.ThirdPersonExampleMap up for play (max tick rate 0) at 2026.03.27-00.05.50
[2026.03.27-06.05.50:769][263]LogWorld: Bringing up level for play took: 0.001990
[2026.03.27-06.05.50:769][263]LogOnline: OSS: Creating online subsystem instance for: :Context_20
[2026.03.27-06.05.50:772][263]PIE: Server logged in
[2026.03.27-06.05.50:772][263]PIE: Play in editor total start time 0.098 seconds.
[2026.03.27-06.05.59:185][266]LogSlate: Updating window title bar state: overlay mode, drag disabled, window buttons hidden, title bar hidden
[2026.03.27-06.05.59:185][266]LogWorld: BeginTearingDown for /Game/ThirdPersonBP/Maps/UEDPIE_0_ThirdPersonExampleMap
[2026.03.27-06.05.59:185][266]LogWorld: UWorld::CleanupWorld for ThirdPersonExampleMap, bSessionEnded=true, bCleanupResources=true
[2026.03.27-06.05.59:185][266]LogSlate: InvalidateAllWidgets triggered.  All widgets were invalidated
[2026.03.27-06.05.59:190][266]LogPlayLevel: Display: Shutting down PIE online subsystems
[2026.03.27-06.05.59:197][266]LogSlate: InvalidateAllWidgets triggered.  All widgets were invalidated
[2026.03.27-06.05.59:210][266]LogAudio: Display: Audio Device unregistered from world 'None'.
[2026.03.27-06.05.59:210][266]LogAudioMixer: FMixerPlatformXAudio2::StopAudioStream() called
[2026.03.27-06.05.59:212][266]LogAudioMixer: FMixerPlatformXAudio2::StopAudioStream() called
[2026.03.27-06.05.59:215][266]LogSlate: Updating window title bar state: overlay mode, drag disabled, window buttons hidden, title bar hidden
[2026.03.27-06.05.59:218][266]LogUObjectHash: Compacting FUObjectHashTables data took   1.21ms
[2026.03.27-06.05.59:271][268]LogPlayLevel: Display: Destroying online subsystem :Context_20
[2026.03.27-06.06.00:240][384]LogTemp: Repeating last play command: Selected Viewport
[2026.03.27-06.06.00:245][384]LogPlayLevel: PlayLevel: No blueprints needed recompiling
[2026.03.27-06.06.00:245][384]PIE: New page: PIE session: ThirdPersonExampleMap (Mar. 26, 2026, 6:06:00 p.m.)
[2026.03.27-06.06.00:274][384]LogPlayLevel: Creating play world package: /Game/ThirdPersonBP/Maps/UEDPIE_0_ThirdPersonExampleMap
[2026.03.27-06.06.00:283][384]LogPlayLevel: PIE: StaticDuplicateObject took: (0.009221s)
[2026.03.27-06.06.00:284][384]LogAIModule: Creating AISystem for world ThirdPersonExampleMap
[2026.03.27-06.06.00:285][384]LogPlayLevel: PIE: World Init took: (0.001143s)
[2026.03.27-06.06.00:285][384]LogPlayLevel: PIE: Created PIE world by copying editor world from /Game/ThirdPersonBP/Maps/ThirdPersonExampleMap.ThirdPersonExampleMap to /Game/ThirdPersonBP/Maps/UEDPIE_0_ThirdPersonExampleMap.ThirdPersonExampleMap (0.010548s)
[2026.03.27-06.06.00:299][384]LogUObjectHash: Compacting FUObjectHashTables data took   1.37ms
[2026.03.27-06.06.00:301][384]LogAudio: Display: Creating Audio Device:                 Id: 9, Scope: Unique, Realtime: True
[2026.03.27-06.06.00:301][384]LogAudioMixer: Display: Audio Mixer Platform Settings:
[2026.03.27-06.06.00:301][384]LogAudioMixer: Display: 	Sample Rate:						  48000
[2026.03.27-06.06.00:301][384]LogAudioMixer: Display: 	Callback Buffer Frame Size Requested: 1024
[2026.03.27-06.06.00:301][384]LogAudioMixer: Display: 	Callback Buffer Frame Size To Use:	  1024
[2026.03.27-06.06.00:301][384]LogAudioMixer: Display: 	Number of buffers to queue:			  2
[2026.03.27-06.06.00:301][384]LogAudioMixer: Display: 	Max Channels (voices):				  32
[2026.03.27-06.06.00:301][384]LogAudioMixer: Display: 	Number of Async Source Workers:		  0
[2026.03.27-06.06.00:301][384]LogAudio: Display: AudioDevice MaxSources: 32
[2026.03.27-06.06.00:301][384]LogAudio: Display: Audio Spatialization Plugin: None (built-in).
[2026.03.27-06.06.00:301][384]LogAudio: Display: Audio Reverb Plugin: None (built-in).
[2026.03.27-06.06.00:301][384]LogAudio: Display: Audio Occlusion Plugin: None (built-in).
[2026.03.27-06.06.00:301][384]LogAudioMixer: Display: Initializing audio mixer.
[2026.03.27-06.06.00:304][384]LogAudioMixer: Display: 0: FrontLeft
[2026.03.27-06.06.00:304][384]LogAudioMixer: Display: 1: FrontRight
[2026.03.27-06.06.00:304][384]LogAudioMixer: Display: 2: FrontCenter
[2026.03.27-06.06.00:304][384]LogAudioMixer: Display: 3: LowFrequency
[2026.03.27-06.06.00:304][384]LogAudioMixer: Display: 4: BackLeft
[2026.03.27-06.06.00:304][384]LogAudioMixer: Display: 5: BackRight
[2026.03.27-06.06.00:304][384]LogAudioMixer: Display: 6: SideLeft
[2026.03.27-06.06.00:304][384]LogAudioMixer: Display: 7: SideRight
[2026.03.27-06.06.00:317][384]LogAudioMixer: Display: Using Audio Device Headset Earphone (CORSAIR VOID PRO Wireless Gaming Headset)
[2026.03.27-06.06.00:317][384]LogAudioMixer: Display: Initializing Sound Submixes...
[2026.03.27-06.06.00:317][384]LogAudioMixer: Display: Creating Master Submix 'MasterSubmixDefault'
[2026.03.27-06.06.00:317][384]LogAudioMixer: Display: Creating Master Submix 'MasterReverbSubmixDefault'
[2026.03.27-06.06.00:317][384]LogAudioMixer: Display: Creating Master Submix 'MasterEQSubmixDefault'
[2026.03.27-06.06.00:317][384]LogAudioMixer: FMixerPlatformXAudio2::StartAudioStream() called
[2026.03.27-06.06.00:317][384]LogAudioMixer: Display: Output buffers initialized: Frames=1024, Channels=8, Samples=8192
[2026.03.27-06.06.00:319][384]LogAudioMixer: Display: Starting AudioMixerPlatformInterface::RunInternal()
[2026.03.27-06.06.00:319][384]LogAudioMixer: Display: FMixerPlatformXAudio2::SubmitBuffer() called for the first time
[2026.03.27-06.06.00:319][384]LogInit: FAudioDevice initialized.
[2026.03.27-06.06.00:319][384]LogAudio: Display: Audio Device (ID: 9) registered with world 'ThirdPersonExampleMap'.
[2026.03.27-06.06.00:326][384]LogLoad: Game class is 'ThirdPersonGameMode_C'
[2026.03.27-06.06.00:329][384]LogWorld: Bringing World /Game/ThirdPersonBP/Maps/UEDPIE_0_ThirdPersonExampleMap.ThirdPersonExampleMap up for play (max tick rate 0) at 2026.03.27-00.06.00
[2026.03.27-06.06.00:329][384]LogWorld: Bringing up level for play took: 0.001759
[2026.03.27-06.06.00:329][384]LogOnline: OSS: Creating online subsystem instance for: :Context_21
[2026.03.27-06.06.00:331][384]PIE: Server logged in
[2026.03.27-06.06.00:332][384]PIE: Play in editor total start time 0.088 seconds.
[2026.03.27-06.06.16:855][358]LogSlate: Updating window title bar state: overlay mode, drag disabled, window buttons hidden, title bar hidden
[2026.03.27-06.06.16:855][358]LogWorld: BeginTearingDown for /Game/ThirdPersonBP/Maps/UEDPIE_0_ThirdPersonExampleMap
[2026.03.27-06.06.16:855][358]LogWorld: UWorld::CleanupWorld for ThirdPersonExampleMap, bSessionEnded=true, bCleanupResources=true
[2026.03.27-06.06.16:856][358]LogSlate: InvalidateAllWidgets triggered.  All widgets were invalidated
[2026.03.27-06.06.16:861][358]LogPlayLevel: Display: Shutting down PIE online subsystems
[2026.03.27-06.06.16:870][358]LogSlate: InvalidateAllWidgets triggered.  All widgets were invalidated
[2026.03.27-06.06.16:883][358]LogSlate: Updating window title bar state: overlay mode, drag disabled, window buttons hidden, title bar hidden
[2026.03.27-06.06.16:884][358]LogAudioMixer: FMixerPlatformXAudio2::StopAudioStream() called
[2026.03.27-06.06.16:886][358]LogAudioMixer: FMixerPlatformXAudio2::StopAudioStream() called
[2026.03.27-06.06.16:891][358]LogUObjectHash: Compacting FUObjectHashTables data took   1.20ms
[2026.03.27-06.06.16:925][359]LogPlayLevel: Display: Destroying online subsystem :Context_21
[2026.03.27-06.06.17:586][435]LogTemp: Repeating last play command: Selected Viewport
[2026.03.27-06.06.17:590][435]LogPlayLevel: PlayLevel: No blueprints needed recompiling
[2026.03.27-06.06.17:590][435]PIE: New page: PIE session: ThirdPersonExampleMap (Mar. 26, 2026, 6:06:17 p.m.)
[2026.03.27-06.06.17:624][435]LogPlayLevel: Creating play world package: /Game/ThirdPersonBP/Maps/UEDPIE_0_ThirdPersonExampleMap
[2026.03.27-06.06.17:633][435]LogPlayLevel: PIE: StaticDuplicateObject took: (0.009040s)
[2026.03.27-06.06.17:634][435]LogAIModule: Creating AISystem for world ThirdPersonExampleMap
[2026.03.27-06.06.17:634][435]LogPlayLevel: PIE: World Init took: (0.000867s)
[2026.03.27-06.06.17:634][435]LogPlayLevel: PIE: Created PIE world by copying editor world from /Game/ThirdPersonBP/Maps/ThirdPersonExampleMap.ThirdPersonExampleMap to /Game/ThirdPersonBP/Maps/UEDPIE_0_ThirdPersonExampleMap.ThirdPersonExampleMap (0.010085s)
[2026.03.27-06.06.17:648][435]LogUObjectHash: Compacting FUObjectHashTables data took   1.30ms
[2026.03.27-06.06.17:650][435]LogAudio: Display: Creating Audio Device:                 Id: 10, Scope: Unique, Realtime: True
[2026.03.27-06.06.17:650][435]LogAudioMixer: Display: Audio Mixer Platform Settings:
[2026.03.27-06.06.17:650][435]LogAudioMixer: Display: 	Sample Rate:						  48000
[2026.03.27-06.06.17:650][435]LogAudioMixer: Display: 	Callback Buffer Frame Size Requested: 1024
[2026.03.27-06.06.17:650][435]LogAudioMixer: Display: 	Callback Buffer Frame Size To Use:	  1024
[2026.03.27-06.06.17:650][435]LogAudioMixer: Display: 	Number of buffers to queue:			  2
[2026.03.27-06.06.17:650][435]LogAudioMixer: Display: 	Max Channels (voices):				  32
[2026.03.27-06.06.17:650][435]LogAudioMixer: Display: 	Number of Async Source Workers:		  0
[2026.03.27-06.06.17:650][435]LogAudio: Display: AudioDevice MaxSources: 32
[2026.03.27-06.06.17:651][435]LogAudio: Display: Audio Spatialization Plugin: None (built-in).
[2026.03.27-06.06.17:651][435]LogAudio: Display: Audio Reverb Plugin: None (built-in).
[2026.03.27-06.06.17:651][435]LogAudio: Display: Audio Occlusion Plugin: None (built-in).
[2026.03.27-06.06.17:651][435]LogAudioMixer: Display: Initializing audio mixer.
[2026.03.27-06.06.17:654][435]LogAudioMixer: Display: 0: FrontLeft
[2026.03.27-06.06.17:654][435]LogAudioMixer: Display: 1: FrontRight
[2026.03.27-06.06.17:654][435]LogAudioMixer: Display: 2: FrontCenter
[2026.03.27-06.06.17:654][435]LogAudioMixer: Display: 3: LowFrequency
[2026.03.27-06.06.17:654][435]LogAudioMixer: Display: 4: BackLeft
[2026.03.27-06.06.17:654][435]LogAudioMixer: Display: 5: BackRight
[2026.03.27-06.06.17:654][435]LogAudioMixer: Display: 6: SideLeft
[2026.03.27-06.06.17:654][435]LogAudioMixer: Display: 7: SideRight
[2026.03.27-06.06.17:666][435]LogAudioMixer: Display: Using Audio Device Headset Earphone (CORSAIR VOID PRO Wireless Gaming Headset)
[2026.03.27-06.06.17:666][435]LogAudioMixer: Display: Initializing Sound Submixes...
[2026.03.27-06.06.17:666][435]LogAudioMixer: Display: Creating Master Submix 'MasterSubmixDefault'
[2026.03.27-06.06.17:666][435]LogAudioMixer: Display: Creating Master Submix 'MasterReverbSubmixDefault'
[2026.03.27-06.06.17:667][435]LogAudioMixer: Display: Creating Master Submix 'MasterEQSubmixDefault'
[2026.03.27-06.06.17:667][435]LogAudioMixer: FMixerPlatformXAudio2::StartAudioStream() called
[2026.03.27-06.06.17:667][435]LogAudioMixer: Display: Output buffers initialized: Frames=1024, Channels=8, Samples=8192
[2026.03.27-06.06.17:669][435]LogAudioMixer: Display: Starting AudioMixerPlatformInterface::RunInternal()
[2026.03.27-06.06.17:669][435]LogAudioMixer: Display: FMixerPlatformXAudio2::SubmitBuffer() called for the first time
[2026.03.27-06.06.17:669][435]LogInit: FAudioDevice initialized.
[2026.03.27-06.06.17:669][435]LogAudio: Display: Audio Device (ID: 10) registered with world 'ThirdPersonExampleMap'.
[2026.03.27-06.06.17:677][435]LogLoad: Game class is 'ThirdPersonGameMode_C'
[2026.03.27-06.06.17:679][435]LogWorld: Bringing World /Game/ThirdPersonBP/Maps/UEDPIE_0_ThirdPersonExampleMap.ThirdPersonExampleMap up for play (max tick rate 0) at 2026.03.27-00.06.17
[2026.03.27-06.06.17:679][435]LogWorld: Bringing up level for play took: 0.001855
[2026.03.27-06.06.17:679][435]LogOnline: OSS: Creating online subsystem instance for: :Context_22
[2026.03.27-06.06.17:681][435]PIE: Server logged in
[2026.03.27-06.06.17:682][435]PIE: Play in editor total start time 0.093 seconds.
[2026.03.27-06.06.42:923][457]LogSlate: Updating window title bar state: overlay mode, drag disabled, window buttons hidden, title bar hidden
[2026.03.27-06.06.42:923][457]LogWorld: BeginTearingDown for /Game/ThirdPersonBP/Maps/UEDPIE_0_ThirdPersonExampleMap
[2026.03.27-06.06.42:923][457]LogWorld: UWorld::CleanupWorld for ThirdPersonExampleMap, bSessionEnded=true, bCleanupResources=true
[2026.03.27-06.06.42:924][457]LogSlate: InvalidateAllWidgets triggered.  All widgets were invalidated
[2026.03.27-06.06.42:935][457]LogPlayLevel: Display: Shutting down PIE online subsystems
[2026.03.27-06.06.42:942][457]LogSlate: InvalidateAllWidgets triggered.  All widgets were invalidated
[2026.03.27-06.06.42:955][457]LogSlate: Updating window title bar state: overlay mode, drag disabled, window buttons hidden, title bar hidden
[2026.03.27-06.06.42:955][457]LogAudioMixer: FMixerPlatformXAudio2::StopAudioStream() called
[2026.03.27-06.06.42:957][457]LogAudioMixer: FMixerPlatformXAudio2::StopAudioStream() called
[2026.03.27-06.06.42:963][457]LogUObjectHash: Compacting FUObjectHashTables data took   1.30ms
[2026.03.27-06.06.43:019][459]LogPlayLevel: Display: Destroying online subsystem :Context_22
[2026.03.27-06.07.45:546][769]Cmd: DELETE
[2026.03.27-06.07.45:546][769]Cmd: ACTOR DELETE
[2026.03.27-06.07.45:548][769]LogEditorActor: Deleted Actor: StaticMeshActor
[2026.03.27-06.07.45:549][769]LogEditorActor: Deleted Actor: StaticMeshActor
[2026.03.27-06.07.45:565][769]LogUObjectHash: Compacting FUObjectHashTables data took   1.18ms
[2026.03.27-06.07.45:566][769]LogEditorActor: Deleted 2 Actors (0.020 secs)
[2026.03.27-06.07.46:299][857]Cmd: TRANSACTION UNDO
[2026.03.27-06.07.46:299][857]LogEditorTransaction: Undo Delete Actors
[2026.03.27-06.07.51:218][401]LogEditorViewport: Clicking on Actor (context menu): BP_Sky_Sphere_C (SkySphereBlueprint)
[2026.03.27-06.07.51:963][465]LogEditorViewport: Clicking on Actor (LMB): BP_Sky_Sphere_C (SkySphereBlueprint)
[2026.03.27-06.08.04:862][  4]LogUObjectHash: Compacting FUObjectHashTables data took   0.39ms
[2026.03.27-06.08.04:900][  4]LogUObjectHash: Compacting FUObjectHashTables data took   0.40ms
[2026.03.27-06.08.04:915][  4]LogSavePackage: Moving 'C:/Users/titan/Desktop/CPSC399_Game/CPSC399Game/Saved/ThirdPersonExampleMap6909FF2A43521457C5010190145AECB9.tmp' to 'C:/Users/titan/Desktop/CPSC399_Game/CPSC399Game/Content/ThirdPersonBP/Maps/ThirdPersonExampleMap.umap'
[2026.03.27-06.08.04:922][  4]LogFileHelpers: Saving map 'ThirdPersonExampleMap' took 0.037
[2026.03.27-06.08.04:922][  4]Cmd: OBJ SAVEPACKAGE PACKAGE="/Game/ThirdPersonBP/Blueprints/BP_SpinObstacle" FILE="C:/Users/titan/Desktop/CPSC399_Game/CPSC399Game/Content/ThirdPersonBP/Blueprints/BP_SpinObstacle.uasset" SILENT=true
[2026.03.27-06.08.04:926][  4]LogSavePackage: Moving 'C:/Users/titan/Desktop/CPSC399_Game/CPSC399Game/Saved/BP_SpinObstacle104DEE2443C77270AE2C2DBD89521900.tmp' to 'C:/Users/titan/Desktop/CPSC399_Game/CPSC399Game/Content/ThirdPersonBP/Blueprints/BP_SpinObstacle.uasset'
[2026.03.27-06.08.04:979][  4]AssetCheck: New page: Asset Save: multiple assets
[2026.03.27-06.08.04:979][  4]LogContentValidation: Display: Validating World /Game/ThirdPersonBP/Maps/ThirdPersonExampleMap.ThirdPersonExampleMap
[2026.03.27-06.08.04:979][  4]LogContentValidation: Display: Validating Blueprint /Game/ThirdPersonBP/Blueprints/BP_SpinObstacle.BP_SpinObstacle
[2026.03.27-06.09.35:636][ 58]LogUObjectHash: Compacting FUObjectHashTables data took   1.78ms
[2026.03.27-06.10.12:963][290]LogUObjectHash: Compacting FUObjectHashTables data took   0.67ms
[2026.03.27-06.10.12:979][290]LogWorld: UWorld::CleanupWorld for World_12, bSessionEnded=true, bCleanupResources=true
[2026.03.27-06.10.12:979][290]LogSlate: InvalidateAllWidgets triggered.  All widgets were invalidated
[2026.03.27-06.10.13:015][290]LogSlate: Window 'BP_SpinObstacle' being destroyed
[2026.03.27-06.10.13:022][290]LogActorComponent: UnregisterComponent: (/Engine/Transient.EditorFloorComp) Not registered. Aborting.
[2026.03.27-06.10.13:022][290]LogWorld: UWorld::CleanupWorld for World_10, bSessionEnded=true, bCleanupResources=true
[2026.03.27-06.10.13:022][290]LogSlate: InvalidateAllWidgets triggered.  All widgets were invalidated
[2026.03.27-06.10.13:104][290]LogSlate: Window 'CPSC399Game - Unreal Editor' being destroyed
[2026.03.27-06.10.13:223][291]Cmd: QUIT_EDITOR
[2026.03.27-06.10.13:223][291]LogCore: Engine exit requested (reason: UUnrealEdEngine::CloseEditor())
[2026.03.27-06.10.13:226][291]LogCore: Engine exit requested (reason: EngineExit() was called; note: exit was already requested)
[2026.03.27-06.10.13:947][291]LogAudio: Display: Beginning Audio Device Manager Shutdown (Module: AudioMixerXAudio2)...
[2026.03.27-06.10.13:947][291]LogAudio: Display: Destroying 1 Remaining Audio Device(s)...
[2026.03.27-06.10.13:947][291]LogAudio: Display: Audio Device unregistered from world 'ThirdPersonExampleMap'.
[2026.03.27-06.10.13:947][291]LogAudioMixer: FMixerPlatformXAudio2::StopAudioStream() called
[2026.03.27-06.10.13:948][291]LogAudioMixer: FMixerPlatformXAudio2::StopAudioStream() called
[2026.03.27-06.10.13:951][291]LogAudio: Display: Audio Device Manager Shutdown
[2026.03.27-06.10.13:957][291]LogExit: Preparing to exit.
[2026.03.27-06.10.14:851][291]LogUObjectHash: Compacting FUObjectHashTables data took   2.58ms
[2026.03.27-06.10.15:002][291]LogActorComponent: UnregisterComponent: (None.None) Not registered. Aborting.
[2026.03.27-06.10.15:002][291]LogActorComponent: UnregisterComponent: (None.None) Not registered. Aborting.
[2026.03.27-06.10.15:002][291]LogActorComponent: UnregisterComponent: (None.None) Not registered. Aborting.
[2026.03.27-06.10.15:002][291]LogActorComponent: UnregisterComponent: (None.None) Not registered. Aborting.
[2026.03.27-06.10.15:002][291]LogActorComponent: UnregisterComponent: (None.None) Not registered. Aborting.
[2026.03.27-06.10.15:002][291]LogActorComponent: UnregisterComponent: (None.None) Not registered. Aborting.
[2026.03.27-06.10.15:002][291]LogActorComponent: UnregisterComponent: (None.None) Not registered. Aborting.
[2026.03.27-06.10.15:002][291]LogWorld: UWorld::CleanupWorld for None, bSessionEnded=true, bCleanupResources=true
[2026.03.27-06.10.15:004][291]LogWorld: UWorld::CleanupWorld for World_4, bSessionEnded=true, bCleanupResources=true
[2026.03.27-06.10.15:007][291]LogWorld: UWorld::CleanupWorld for World_5, bSessionEnded=true, bCleanupResources=true
[2026.03.27-06.10.15:009][291]LogWorld: UWorld::CleanupWorld for World_7, bSessionEnded=true, bCleanupResources=true
[2026.03.27-06.10.15:011][291]LogWorld: UWorld::CleanupWorld for World_11, bSessionEnded=true, bCleanupResources=true
[2026.03.27-06.10.15:014][291]LogActorComponent: UnregisterComponent: (None.None) Not registered. Aborting.
[2026.03.27-06.10.15:014][291]LogActorComponent: UnregisterComponent: (None.None) Not registered. Aborting.
[2026.03.27-06.10.15:014][291]LogActorComponent: UnregisterComponent: (None.None) Not registered. Aborting.
[2026.03.27-06.10.15:014][291]LogActorComponent: UnregisterComponent: (None.None) Not registered. Aborting.
[2026.03.27-06.10.15:014][291]LogActorComponent: UnregisterComponent: (None.None) Not registered. Aborting.
[2026.03.27-06.10.15:014][291]LogActorComponent: UnregisterComponent: (None.None) Not registered. Aborting.
[2026.03.27-06.10.15:014][291]LogActorComponent: UnregisterComponent: (None.None) Not registered. Aborting.
[2026.03.27-06.10.15:014][291]LogWorld: UWorld::CleanupWorld for None, bSessionEnded=true, bCleanupResources=true
[2026.03.27-06.10.15:017][291]LogActorComponent: UnregisterComponent: (None.None) Not registered. Aborting.
[2026.03.27-06.10.15:017][291]LogActorComponent: UnregisterComponent: (None.None) Not registered. Aborting.
[2026.03.27-06.10.15:017][291]LogActorComponent: UnregisterComponent: (None.None) Not registered. Aborting.
[2026.03.27-06.10.15:017][291]LogActorComponent: UnregisterComponent: (None.None) Not registered. Aborting.
[2026.03.27-06.10.15:017][291]LogActorComponent: UnregisterComponent: (None.None) Not registered. Aborting.
[2026.03.27-06.10.15:017][291]LogActorComponent: UnregisterComponent: (None.None) Not registered. Aborting.
[2026.03.27-06.10.15:017][291]LogActorComponent: UnregisterComponent: (None.None) Not registered. Aborting.
[2026.03.27-06.10.15:017][291]LogWorld: UWorld::CleanupWorld for None, bSessionEnded=true, bCleanupResources=true
[2026.03.27-06.10.15:065][291]LogDemo: Cleaned up 0 splitscreen connections with owner deletion
[2026.03.27-06.10.15:082][291]LogExit: Editor shut down
[2026.03.27-06.10.15:084][291]LogExit: Transaction tracking system shut down
[2026.03.27-06.10.15:413][291]LogExit: Object subsystem successfully closed.
[2026.03.27-06.10.15:446][291]LogShaderCompilers: Display: === FShaderJobCache stats ===
[2026.03.27-06.10.15:446][291]LogShaderCompilers: Display: Total job queries 0, among them cache hits 0 (0.00%)
[2026.03.27-06.10.15:446][291]LogShaderCompilers: Display: Tracking 0 distinct input hashes that result in 0 distinct outputs (0.00%)
[2026.03.27-06.10.15:446][291]LogShaderCompilers: Display: RAM used: 0.00 MB (0.00 GB) of 1638.40 MB (1.60 GB) budget. Usage: 0.00%
[2026.03.27-06.10.15:446][291]LogShaderCompilers: Display: ================================================
[2026.03.27-06.10.15:457][291]LogShaderCompilers: Display: Shaders left to compile 0
[2026.03.27-06.10.15:480][291]LogModuleManager: Shutting down and abandoning module MovieSceneCapture (876)
[2026.03.27-06.10.15:480][291]LogModuleManager: Shutting down and abandoning module Voice (874)
[2026.03.27-06.10.15:480][291]LogModuleManager: Shutting down and abandoning module BlueprintGraph (872)
[2026.03.27-06.10.15:480][291]LogModuleManager: Shutting down and abandoning module HierarchicalLODOutliner (870)
[2026.03.27-06.10.15:480][291]LogModuleManager: Shutting down and abandoning module SceneOutliner (868)
[2026.03.27-06.10.15:480][291]LogModuleManager: Shutting down and abandoning module AddContentDialog (866)
[2026.03.27-06.10.15:480][291]LogModuleManager: Shutting down and abandoning module WidgetCarousel (865)
[2026.03.27-06.10.15:480][291]LogModuleManager: Shutting down and abandoning module EditorWidgets (862)
[2026.03.27-06.10.15:480][291]LogModuleManager: Shutting down and abandoning module StatsViewer (860)
[2026.03.27-06.10.15:480][291]LogModuleManager: Shutting down and abandoning module PIEPreviewDeviceProfileSelector (858)
[2026.03.27-06.10.15:480][291]LogModuleManager: Shutting down and abandoning module SequenceRecorderSections (856)
[2026.03.27-06.10.15:480][291]LogModuleManager: Shutting down and abandoning module AutomationWorker (854)
[2026.03.27-06.10.15:482][291]LogModuleManager: Shutting down and abandoning module SteamVREditor (852)
[2026.03.27-06.10.15:482][291]LogModuleManager: Shutting down and abandoning module OculusMR (850)
[2026.03.27-06.10.15:482][291]LogModuleManager: Shutting down and abandoning module TakeRecorderSources (848)
[2026.03.27-06.10.15:482][291]LogModuleManager: Shutting down and abandoning module TakeRecorder (847)
[2026.03.27-06.10.15:482][291]LogModuleManager: Shutting down and abandoning module TakeTrackRecorders (844)
[2026.03.27-06.10.15:482][291]LogModuleManager: Shutting down and abandoning module TakesCore (842)
[2026.03.27-06.10.15:482][291]LogModuleManager: Shutting down and abandoning module OpenXRInput (840)
[2026.03.27-06.10.15:482][291]LogModuleManager: Shutting down and abandoning module GooglePADEditor (838)
[2026.03.27-06.10.15:482][291]LogModuleManager: Shutting down and abandoning module AudioCaptureEditor (836)
[2026.03.27-06.10.15:482][291]LogModuleManager: Shutting down and abandoning module MatineeToLevelSequence (834)
[2026.03.27-06.10.15:482][291]LogModuleManager: Shutting down and abandoning module TemplateSequenceEditor (832)
[2026.03.27-06.10.15:483][291]LogModuleManager: Shutting down and abandoning module WmfMediaFactory (830)
[2026.03.27-06.10.15:483][291]LogModuleManager: Shutting down and abandoning module WmfMediaEditor (828)
[2026.03.27-06.10.15:483][291]LogModuleManager: Shutting down and abandoning module WebMMediaFactory (826)
[2026.03.27-06.10.15:483][291]LogModuleManager: Shutting down and abandoning module WebMMediaEditor (824)
[2026.03.27-06.10.15:483][291]LogModuleManager: Shutting down and abandoning module WebMMedia (822)
[2026.03.27-06.10.15:483][291]LogModuleManager: Shutting down and abandoning module LevelSequenceEditor (820)
[2026.03.27-06.10.15:484][291]LogModuleManager: Shutting down and abandoning module MediaPlayerEditor (818)
[2026.03.27-06.10.15:484][291]LogModuleManager: Shutting down and abandoning module ActorSequenceEditor (816)
[2026.03.27-06.10.15:484][291]LogModuleManager: Shutting down and abandoning module OpenExrWrapper (814)
[2026.03.27-06.10.15:484][291]LogModuleManager: Shutting down and abandoning module ImgMediaFactory (812)
[2026.03.27-06.10.15:484][291]LogModuleManager: Shutting down and abandoning module ImgMediaEditor (810)
[2026.03.27-06.10.15:484][291]LogModuleManager: Shutting down and abandoning module MediaCompositingEditor (808)
[2026.03.27-06.10.15:484][291]LogModuleManager: Shutting down and abandoning module SequenceRecorder (807)
[2026.03.27-06.10.15:484][291]LogModuleManager: Shutting down and abandoning module AvfMediaFactory (804)
[2026.03.27-06.10.15:484][291]LogModuleManager: Shutting down and abandoning module AvfMediaEditor (802)
[2026.03.27-06.10.15:484][291]LogModuleManager: Shutting down and abandoning module MagicLeapMediaCodecFactory (800)
[2026.03.27-06.10.15:484][291]LogModuleManager: Shutting down and abandoning module MagicLeapMediaFactory (798)
[2026.03.27-06.10.15:484][291]LogModuleManager: Shutting down and abandoning module MagicLeapMediaEditor (796)
[2026.03.27-06.10.15:484][291]LogModuleManager: Shutting down and abandoning module AndroidMediaFactory (794)
[2026.03.27-06.10.15:484][291]LogModuleManager: Shutting down and abandoning module AndroidMediaEditor (792)
[2026.03.27-06.10.15:484][291]LogModuleManager: Shutting down and abandoning module PlanarCut (790)
[2026.03.27-06.10.15:484][291]LogModuleManager: Shutting down and abandoning module CharacterAI (788)
[2026.03.27-06.10.15:484][291]LogModuleManager: Shutting down and abandoning module TextureAlignMode (786)
[2026.03.27-06.10.15:484][291]LogModuleManager: Shutting down and abandoning module BspMode (784)
[2026.03.27-06.10.15:484][291]LogModuleManager: Shutting down and abandoning module GeometryMode (782)
[2026.03.27-06.10.15:484][291]LogModuleManager: Shutting down and abandoning module CameraShakePreviewer (780)
[2026.03.27-06.10.15:484][291]LogModuleManager: Shutting down and abandoning module SmartSnapping (778)
[2026.03.27-06.10.15:484][291]LogModuleManager: Shutting down and abandoning module SessionServices (776)
[2026.03.27-06.10.15:484][291]LogModuleManager: Shutting down and abandoning module MeshPaint (774)
[2026.03.27-06.10.15:484][291]LogModuleManager: Shutting down and abandoning module VirtualTexturingEditor (772)
[2026.03.27-06.10.15:484][291]LogModuleManager: Shutting down and abandoning module FoliageEdit (770)
[2026.03.27-06.10.15:484][291]LogModuleManager: Shutting down and abandoning module LandscapeEditor (768)
[2026.03.27-06.10.15:485][291]LogModuleManager: Shutting down and abandoning module MeshPaintMode (766)
[2026.03.27-06.10.15:485][291]LogModuleManager: Shutting down and abandoning module SceneDepthPickerMode (764)
[2026.03.27-06.10.15:485][291]LogModuleManager: Shutting down and abandoning module ActorPickerMode (762)
[2026.03.27-06.10.15:485][291]LogModuleManager: Shutting down and abandoning module PlacementMode (760)
[2026.03.27-06.10.15:485][291]LogModuleManager: Shutting down and abandoning module ViewportSnapping (758)
[2026.03.27-06.10.15:485][291]LogModuleManager: Shutting down and abandoning module ViewportInteraction (756)
[2026.03.27-06.10.15:485][291]LogModuleManager: Shutting down and abandoning module ClothPainter (754)
[2026.03.27-06.10.15:486][291]LogModuleManager: Shutting down and abandoning module SkeletalMeshEditor (753)
[2026.03.27-06.10.15:486][291]LogModuleManager: Shutting down and abandoning module LogVisualizer (750)
[2026.03.27-06.10.15:486][291]LogModuleManager: Shutting down and abandoning module IntroTutorials (748)
[2026.03.27-06.10.15:486][291]LogModuleManager: Shutting down and abandoning module GameProjectGeneration (747)
[2026.03.27-06.10.15:486][291]LogModuleManager: Shutting down and abandoning module LuminPlatformEditor (744)
[2026.03.27-06.10.15:486][291]LogModuleManager: Shutting down and abandoning module IOSPlatformEditor (742)
[2026.03.27-06.10.15:486][291]LogModuleManager: Shutting down and abandoning module AndroidPlatformEditor (740)
[2026.03.27-06.10.15:486][291]LogModuleManager: Shutting down and abandoning module AndroidDeviceDetection (739)
[2026.03.27-06.10.15:856][291]LogModuleManager: Shutting down and abandoning module WindowsPlatformEditor (736)
[2026.03.27-06.10.15:856][291]LogModuleManager: Shutting down and abandoning module LuminRuntimeSettings (734)
[2026.03.27-06.10.15:856][291]LogModuleManager: Shutting down and abandoning module IOSRuntimeSettings (732)
[2026.03.27-06.10.15:856][291]LogModuleManager: Shutting down and abandoning module AndroidRuntimeSettings (730)
[2026.03.27-06.10.15:856][291]LogModuleManager: Shutting down and abandoning module TraceInsights (728)
[2026.03.27-06.10.15:859][291]MemoryProfiler: Shutdown
[2026.03.27-06.10.15:859][291]NetworkingProfiler: Shutdown
[2026.03.27-06.10.15:859][291]LoadingProfiler: Shutdown
[2026.03.27-06.10.15:859][291]TimingProfiler: Shutdown
[2026.03.27-06.10.15:859][291]LogModuleManager: Shutting down and abandoning module TraceServices (727)
[2026.03.27-06.10.15:860][291]LogModuleManager: Shutting down and abandoning module EditorInteractiveToolsFramework (724)
[2026.03.27-06.10.15:860][291]LogModuleManager: Shutting down and abandoning module TimeManagementEditor (722)
[2026.03.27-06.10.15:860][291]LogModuleManager: Shutting down and abandoning module InputBindingEditor (720)
[2026.03.27-06.10.15:860][291]LogModuleManager: Shutting down and abandoning module MergeActors (718)
[2026.03.27-06.10.15:860][291]LogModuleManager: Shutting down and abandoning module LocalizationDashboard (716)
[2026.03.27-06.10.15:860][291]LogModuleManager: Shutting down and abandoning module LocalizationService (715)
[2026.03.27-06.10.15:860][291]LogModuleManager: Shutting down and abandoning module HardwareTargeting (712)
[2026.03.27-06.10.15:860][291]LogModuleManager: Shutting down and abandoning module DeviceProfileEditor (710)
[2026.03.27-06.10.15:860][291]LogModuleManager: Shutting down and abandoning module UndoHistory (708)
[2026.03.27-06.10.15:860][291]LogModuleManager: Shutting down and abandoning module XmlParser (706)
[2026.03.27-06.10.15:860][291]LogModuleManager: Shutting down and abandoning module Blutility (704)
[2026.03.27-06.10.15:860][291]LogModuleManager: Shutting down and abandoning module ProjectSettingsViewer (702)
[2026.03.27-06.10.15:860][291]LogModuleManager: Shutting down and abandoning module ProjectTargetPlatformEditor (701)
[2026.03.27-06.10.15:860][291]LogModuleManager: Shutting down and abandoning module EditorSettingsViewer (698)
[2026.03.27-06.10.15:860][291]LogModuleManager: Shutting down and abandoning module InternationalizationSettings (697)
[2026.03.27-06.10.15:860][291]LogModuleManager: Shutting down and abandoning module SettingsEditor (694)
[2026.03.27-06.10.15:860][291]LogModuleManager: Shutting down and abandoning module ProjectLauncher (692)
[2026.03.27-06.10.15:860][291]LogModuleManager: Shutting down and abandoning module SessionFrontend (690)
[2026.03.27-06.10.15:860][291]LogModuleManager: Shutting down and abandoning module ProfilerClient (688)
[2026.03.27-06.10.15:860][291]LogModuleManager: Shutting down and abandoning module DeviceManager (686)
[2026.03.27-06.10.15:860][291]LogModuleManager: Shutting down and abandoning module TargetDeviceServices (685)
[2026.03.27-06.10.15:892][291]LogModuleManager: Shutting down and abandoning module AutomationController (682)
[2026.03.27-06.10.15:892][291]LogModuleManager: Shutting down and abandoning module AutomationWindow (680)
[2026.03.27-06.10.15:892][291]LogModuleManager: Shutting down and abandoning module Layers (678)
[2026.03.27-06.10.15:893][291]LogModuleManager: Shutting down and abandoning module ComponentVisualizers (676)
[2026.03.27-06.10.15:893][291]LogModuleManager: Shutting down and abandoning module DetailCustomizations (674)
[2026.03.27-06.10.15:893][291]LogModuleManager: Shutting down and abandoning module PackagesDialog (672)
[2026.03.27-06.10.15:893][291]LogModuleManager: Shutting down and abandoning module AnimationBlueprintEditor (670)
[2026.03.27-06.10.15:893][291]LogModuleManager: Shutting down and abandoning module Persona (668)
[2026.03.27-06.10.15:894][291]LogModuleManager: Shutting down and abandoning module AdvancedPreviewScene (667)
[2026.03.27-06.10.15:894][291]LogModuleManager: Shutting down and abandoning module AnimGraph (665)
[2026.03.27-06.10.15:894][291]LogModuleManager: Shutting down and abandoning module Kismet (662)
[2026.03.27-06.10.15:902][291]LogModuleManager: Shutting down and abandoning module KismetWidgets (661)
[2026.03.27-06.10.15:902][291]LogModuleManager: Shutting down and abandoning module GraphEditor (658)
[2026.03.27-06.10.15:903][291]LogModuleManager: Shutting down and abandoning module StructViewer (656)
[2026.03.27-06.10.15:903][291]LogModuleManager: Shutting down and abandoning module ClassViewer (654)
[2026.03.27-06.10.15:903][291]LogModuleManager: Shutting down and abandoning module Toolbox (652)
[2026.03.27-06.10.15:903][291]LogModuleManager: Shutting down and abandoning module ModuleUI (650)
[2026.03.27-06.10.15:903][291]LogModuleManager: Shutting down and abandoning module OutputLog (648)
[2026.03.27-06.10.15:906][291]LogModuleManager: Shutting down and abandoning module GammaUI (646)
[2026.03.27-06.10.15:906][291]LogModuleManager: Shutting down and abandoning module Documentation (644)
[2026.03.27-06.10.15:906][291]LogModuleManager: Shutting down and abandoning module LiveCoding (642)
[2026.03.27-06.10.15:906][291]LogModuleManager: Shutting down and abandoning module LevelSequence (640)
[2026.03.27-06.10.15:906][291]LogModuleManager: Shutting down and abandoning module MovieSceneTracks (638)
[2026.03.27-06.10.15:906][291]LogModuleManager: Shutting down and abandoning module MovieScene (636)
[2026.03.27-06.10.15:906][291]LogModuleManager: Shutting down and abandoning module StreamingPauseRendering (634)
[2026.03.27-06.10.15:906][291]LogModuleManager: Shutting down and abandoning module LauncherPlatform (632)
[2026.03.27-06.10.15:906][291]LogModuleManager: Shutting down and abandoning module AnalyticsET (630)
[2026.03.27-06.10.15:906][291]LogModuleManager: Shutting down and abandoning module PortalServices (628)
[2026.03.27-06.10.15:906][291]LogModuleManager: Shutting down and abandoning module PortalRpc (626)
[2026.03.27-06.10.15:906][291]LogModuleManager: Shutting down and abandoning module MessagingRpc (624)
[2026.03.27-06.10.15:906][291]LogModuleManager: Shutting down and abandoning module AudioMixerXAudio2 (622)
[2026.03.27-06.10.15:906][291]LogModuleManager: Shutting down and abandoning module AudioMixerCore (621)
[2026.03.27-06.10.15:906][291]LogModuleManager: Shutting down and abandoning module AIModule (618)
[2026.03.27-06.10.15:906][291]LogModuleManager: Shutting down and abandoning module GameplayDebugger (617)
[2026.03.27-06.10.15:906][291]LogModuleManager: Shutting down and abandoning module AITestSuite (615)
[2026.03.27-06.10.15:906][291]LogModuleManager: Shutting down and abandoning module NavigationSystem (613)
[2026.03.27-06.10.15:906][291]LogModuleManager: Shutting down and abandoning module ImageWriteQueue (610)
[2026.03.27-06.10.15:917][291]LogModuleManager: Shutting down and abandoning module ProfilerService (608)
[2026.03.27-06.10.16:020][291]LogModuleManager: Shutting down and abandoning module TaskGraph (606)
[2026.03.27-06.10.16:020][291]LogModuleManager: Shutting down and abandoning module AudioSynesthesiaEditor (604)
[2026.03.27-06.10.16:020][291]LogModuleManager: Shutting down and abandoning module OculusEditor (602)
[2026.03.27-06.10.16:021][291]LogModuleManager: Shutting down and abandoning module OculusInput (600)
[2026.03.27-06.10.16:021][291]LogModuleManager: Shutting down and abandoning module ContentBrowserAssetDataSource (598)
[2026.03.27-06.10.16:021][291]LogModuleManager: Shutting down and abandoning module ContentBrowserFileDataSource (596)
[2026.03.27-06.10.16:021][291]LogModuleManager: Shutting down and abandoning module ContentBrowserClassDataSource (594)
[2026.03.27-06.10.16:021][291]LogModuleManager: Shutting down and abandoning module CollectionManager (593)
[2026.03.27-06.10.16:021][291]LogModuleManager: Shutting down and abandoning module TakeSequencer (590)
[2026.03.27-06.10.16:021][291]LogModuleManager: Shutting down and abandoning module TakeMovieScene (588)
[2026.03.27-06.10.16:021][291]LogModuleManager: Shutting down and abandoning module ScreenshotTools (586)
[2026.03.27-06.10.16:021][291]LogModuleManager: Shutting down and abandoning module SynthesisEditor (584)
[2026.03.27-06.10.16:021][291]LogModuleManager: Shutting down and abandoning module Synthesis (582)
[2026.03.27-06.10.16:022][291]LogModuleManager: Shutting down and abandoning module ProceduralMeshComponentEditor (580)
[2026.03.27-06.10.16:022][291]LogModuleManager: Shutting down and abandoning module ProceduralMeshComponent (578)
[2026.03.27-06.10.16:022][291]LogModuleManager: Shutting down and abandoning module OpenXREditor (576)
[2026.03.27-06.10.16:022][291]LogModuleManager: Shutting down and abandoning module MobilePatchingUtils (574)
[2026.03.27-06.10.16:022][291]LogModuleManager: Shutting down and abandoning module GooglePAD (572)
[2026.03.27-06.10.16:022][291]LogModuleManager: Shutting down and abandoning module EditableMesh (570)
[2026.03.27-06.10.16:022][291]LogModuleManager: Shutting down and abandoning module CustomMeshComponent (568)
[2026.03.27-06.10.16:022][291]LogModuleManager: Shutting down and abandoning module CableComponent (566)
[2026.03.27-06.10.16:022][291]LogModuleManager: Shutting down and abandoning module AudioCapture (564)
[2026.03.27-06.10.16:022][291]LogModuleManager: Shutting down and abandoning module AudioCaptureRtAudio (563)
[2026.03.27-06.10.16:022][291]LogModuleManager: Shutting down and abandoning module AssetTags (560)
[2026.03.27-06.10.16:022][291]LogModuleManager: Shutting down and abandoning module ArchVisCharacter (558)
[2026.03.27-06.10.16:022][291]LogModuleManager: Shutting down and abandoning module AppleImageUtilsBlueprintSupport (556)
[2026.03.27-06.10.16:022][291]LogModuleManager: Shutting down and abandoning module AppleImageUtils (554)
[2026.03.27-06.10.16:022][291]LogModuleManager: Shutting down and abandoning module AndroidPermission (552)
[2026.03.27-06.10.16:022][291]LogModuleManager: Shutting down and abandoning module ActorLayerUtilitiesEditor (550)
[2026.03.27-06.10.16:022][291]LogModuleManager: Shutting down and abandoning module ActorLayerUtilities (548)
[2026.03.27-06.10.16:022][291]LogModuleManager: Shutting down and abandoning module TemplateSequence (546)
[2026.03.27-06.10.16:022][291]LogModuleManager: Shutting down and abandoning module ImgMedia (544)
[2026.03.27-06.10.16:022][291]LogModuleManager: Shutting down and abandoning module MediaCompositing (542)
[2026.03.27-06.10.16:022][291]LogModuleManager: Shutting down and abandoning module MagicLeapSharedWorld (540)
[2026.03.27-06.10.16:022][291]LogModuleManager: Shutting down and abandoning module MagicLeapLightEstimation (538)
[2026.03.27-06.10.16:022][291]LogModuleManager: Shutting down and abandoning module MagicLeapHelperVulkan (536)
[2026.03.27-06.10.16:022][291]LogModuleManager: Shutting down and abandoning module MagicLeapHelperOpenGL (534)
[2026.03.27-06.10.16:022][291]LogModuleManager: Shutting down and abandoning module MagicLeapAudio (532)
[2026.03.27-06.10.16:022][291]LogModuleManager: Shutting down and abandoning module MotoSynthEditor (530)
[2026.03.27-06.10.16:022][291]LogModuleManager: Shutting down and abandoning module MotoSynth (528)
[2026.03.27-06.10.16:022][291]LogModuleManager: Shutting down and abandoning module OpenImageDenoise (526)
[2026.03.27-06.10.16:022][291]LogOpenImageDenoise: OIDN shutting down
[2026.03.27-06.10.16:022][291]LogModuleManager: Shutting down and abandoning module MeshConversion (524)
[2026.03.27-06.10.16:022][291]LogModuleManager: Shutting down and abandoning module DynamicMesh (522)
[2026.03.27-06.10.16:022][291]LogModuleManager: Shutting down and abandoning module GeometryAlgorithms (520)
[2026.03.27-06.10.16:023][291]LogModuleManager: Shutting down and abandoning module GeometricObjects (518)
[2026.03.27-06.10.16:023][291]LogModuleManager: Shutting down and abandoning module GeometryCollectionTracks (516)
[2026.03.27-06.10.16:023][291]LogModuleManager: Shutting down and abandoning module GeometryCollectionSequencer (515)
[2026.03.27-06.10.16:023][291]LogModuleManager: Shutting down and abandoning module GeometryCollectionEditor (512)
[2026.03.27-06.10.16:023][291]LogModuleManager: Shutting down and abandoning module GeometryCacheTracks (510)
[2026.03.27-06.10.16:023][291]LogModuleManager: Shutting down and abandoning module GeometryCacheStreamer (508)
[2026.03.27-06.10.16:023][291]LogModuleManager: Shutting down and abandoning module GeometryCacheSequencer (506)
[2026.03.27-06.10.16:023][291]LogModuleManager: Shutting down and abandoning module ChaosSolverEditor (504)
[2026.03.27-06.10.16:023][291]LogModuleManager: Shutting down and abandoning module ChaosNiagara (502)
[2026.03.27-06.10.16:023][291]LogModuleManager: Shutting down and abandoning module ChaosClothEditor (500)
[2026.03.27-06.10.16:023][291]LogModuleManager: Shutting down and abandoning module FractureEditor (498)
[2026.03.27-06.10.16:023][291]LogModuleManager: Shutting down and abandoning module FieldSystemEngine (497)
[2026.03.27-06.10.16:023][291]LogModuleManager: Shutting down and abandoning module MobileLauncherProfileWizard (494)
[2026.03.27-06.10.16:023][291]LogModuleManager: Shutting down and abandoning module SpeedTreeImporter (492)
[2026.03.27-06.10.16:023][291]LogModuleManager: Shutting down and abandoning module PluginBrowser (490)
[2026.03.27-06.10.16:023][291]LogModuleManager: Shutting down and abandoning module MaterialAnalyzer (488)
[2026.03.27-06.10.16:023][291]LogModuleManager: Shutting down and abandoning module BackChannel (486)
[2026.03.27-06.10.16:023][291]LogModuleManager: Shutting down and abandoning module AutomationUtilsEditor (484)
[2026.03.27-06.10.16:023][291]LogModuleManager: Shutting down and abandoning module AutomationUtils (482)
[2026.03.27-06.10.16:023][291]LogModuleManager: Shutting down and abandoning module AlembicImporter (480)
[2026.03.27-06.10.16:023][291]LogModuleManager: Shutting down and abandoning module AlembicLibrary (479)
[2026.03.27-06.10.16:023][291]LogModuleManager: Shutting down and abandoning module GeometryCache (478)
[2026.03.27-06.10.16:023][291]LogModuleManager: Shutting down and abandoning module GeometryCacheEd (477)
[2026.03.27-06.10.16:023][291]LogModuleManager: Shutting down and abandoning module NiagaraEditorWidgets (472)
[2026.03.27-06.10.16:023][291]LogModuleManager: Shutting down and abandoning module VisualStudioCodeSourceCodeAccess (470)
[2026.03.27-06.10.16:023][291]LogModuleManager: Shutting down and abandoning module CurveEditorTools (468)
[2026.03.27-06.10.16:024][291]LogModuleManager: Shutting down and abandoning module VisualStudioSourceCodeAccess (466)
[2026.03.27-06.10.16:024][291]LogModuleManager: Shutting down and abandoning module UObjectPlugin (464)
[2026.03.27-06.10.16:024][291]LogModuleManager: Shutting down and abandoning module VariantManagerContentEditor (462)
[2026.03.27-06.10.16:024][291]LogModuleManager: Shutting down and abandoning module RiderSourceCodeAccess (460)
[2026.03.27-06.10.16:024][291]LogModuleManager: Shutting down and abandoning module CryptoKeysOpenSSL (458)
[2026.03.27-06.10.16:024][291]LogModuleManager: Shutting down and abandoning module CryptoKeys (456)
[2026.03.27-06.10.16:024][291]LogModuleManager: Shutting down and abandoning module SubversionSourceControl (454)
[2026.03.27-06.10.16:024][291]LogModuleManager: Shutting down and abandoning module DatasmithContentEditor (452)
[2026.03.27-06.10.16:024][291]LogModuleManager: Shutting down and abandoning module PlasticSourceControl (450)
[2026.03.27-06.10.16:024][291]LogModuleManager: Shutting down and abandoning module PluginUtils (448)
[2026.03.27-06.10.16:024][291]LogModuleManager: Shutting down and abandoning module PerforceSourceControl (446)
[2026.03.27-06.10.16:024][291]LogModuleManager: Shutting down and abandoning module AnimationSharingEd (444)
[2026.03.27-06.10.16:024][291]LogModuleManager: Shutting down and abandoning module GitSourceControl (442)
[2026.03.27-06.10.16:025][291]LogModuleManager: Shutting down and abandoning module SourceControl (441)
[2026.03.27-06.10.16:025][291]LogModuleManager: Shutting down and abandoning module CLionSourceCodeAccess (438)
[2026.03.27-06.10.16:025][291]LogModuleManager: Shutting down and abandoning module LightPropagationVolumeEditor (436)
[2026.03.27-06.10.16:025][291]LogModuleManager: Shutting down and abandoning module OodleNetworkHandlerComponent (434)
[2026.03.27-06.10.16:025][291]LogModuleManager: Shutting down and abandoning module LiveLinkSequencer (432)
[2026.03.27-06.10.16:025][291]LogModuleManager: Shutting down and abandoning module LiveLinkMovieScene (430)
[2026.03.27-06.10.16:025][291]LogModuleManager: Shutting down and abandoning module LiveLinkGraphNode (428)
[2026.03.27-06.10.16:025][291]LogModuleManager: Shutting down and abandoning module LiveLinkEditor (426)
[2026.03.27-06.10.16:025][291]LogModuleManager: Shutting down and abandoning module LiveLinkComponents (424)
[2026.03.27-06.10.16:025][291]LogModuleManager: Shutting down and abandoning module LiveLink (422)
[2026.03.27-06.10.16:488][291]LogModuleManager: Shutting down and abandoning module PaperTiledImporter (420)
[2026.03.27-06.10.16:488][291]LogModuleManager: Shutting down and abandoning module PaperSpriteSheetImporter (418)
[2026.03.27-06.10.16:488][291]LogModuleManager: Shutting down and abandoning module Paper2DEditor (416)
[2026.03.27-06.10.16:488][291]LogModuleManager: Shutting down and abandoning module MeshPaintingToolset (414)
[2026.03.27-06.10.16:490][291]LogModuleManager: Shutting down and abandoning module MeshPaintEditorMode (412)
[2026.03.27-06.10.16:490][291]LogModuleManager: Shutting down and abandoning module SoundFields (410)
[2026.03.27-06.10.16:490][291]LogModuleManager: Shutting down and abandoning module RuntimePhysXCooking (408)
[2026.03.27-06.10.16:490][291]LogModuleManager: Shutting down and abandoning module SignificanceManager (406)
[2026.03.27-06.10.16:490][291]LogModuleManager: Shutting down and abandoning module PropertyAccessEditor (404)
[2026.03.27-06.10.16:490][291]LogModuleManager: Shutting down and abandoning module PhysXVehiclesEditor (402)
[2026.03.27-06.10.16:490][291]LogModuleManager: Shutting down and abandoning module LocationServicesBPLibrary (398)
[2026.03.27-06.10.16:490][291]LogModuleManager: Shutting down and abandoning module AudioSynesthesia (396)
[2026.03.27-06.10.16:490][291]LogModuleManager: Shutting down and abandoning module AudioSynesthesiaCore (394)
[2026.03.27-06.10.16:490][291]LogModuleManager: Shutting down and abandoning module UdpMessaging (392)
[2026.03.27-06.10.16:591][291]LogModuleManager: Shutting down and abandoning module ActorSequence (390)
[2026.03.27-06.10.16:591][291]LogModuleManager: Shutting down and abandoning module ImgMediaEngine (388)
[2026.03.27-06.10.16:591][291]LogModuleManager: Shutting down and abandoning module TcpMessaging (386)
[2026.03.27-06.10.16:691][291]LogModuleManager: Shutting down and abandoning module MagicLeapARPin (384)
[2026.03.27-06.10.16:691][291]LogModuleManager: Shutting down and abandoning module MagicLeapHandMeshing (382)
[2026.03.27-06.10.16:691][291]LogModuleManager: Shutting down and abandoning module MagicLeapSecureStorage (380)
[2026.03.27-06.10.16:691][291]LogModuleManager: Shutting down and abandoning module MagicLeapPrivileges (378)
[2026.03.27-06.10.16:691][291]LogModuleManager: Shutting down and abandoning module MagicLeapPlanes (376)
[2026.03.27-06.10.16:691][291]LogMagicLeapPlanes: Planes tracker already destroyed.
[2026.03.27-06.10.16:691][291]LogModuleManager: Shutting down and abandoning module MagicLeapImageTracker (374)
[2026.03.27-06.10.16:691][291]LogModuleManager: Shutting down and abandoning module MagicLeapIdentity (372)
[2026.03.27-06.10.16:691][291]LogModuleManager: Shutting down and abandoning module MagicLeapHandTracking (370)
[2026.03.27-06.10.16:691][291]LogModuleManager: Shutting down and abandoning module MagicLeapEyeTracker (368)
[2026.03.27-06.10.16:691][291]LogModuleManager: Shutting down and abandoning module MagicLeapController (366)
[2026.03.27-06.10.16:692][291]LogModuleManager: Shutting down and abandoning module MagicLeapARPinImpl (364)
[2026.03.27-06.10.16:692][291]LogModuleManager: Shutting down and abandoning module MagicLeapAR (362)
[2026.03.27-06.10.16:692][291]LogModuleManager: Shutting down and abandoning module PythonScriptPlugin (360)
[2026.03.27-06.10.16:692][291]LogModuleManager: Shutting down and abandoning module GameplayTagsEditor (358)
[2026.03.27-06.10.16:692][291]LogModuleManager: Shutting down and abandoning module FacialAnimationEditor (356)
[2026.03.27-06.10.16:692][291]LogModuleManager: Shutting down and abandoning module FacialAnimation (354)
[2026.03.27-06.10.16:692][291]LogModuleManager: Shutting down and abandoning module NiagaraAnimNotifies (352)
[2026.03.27-06.10.16:692][291]LogModuleManager: Shutting down and abandoning module Niagara (350)
[2026.03.27-06.10.16:692][291]LogModuleManager: Shutting down and abandoning module SignalProcessing (349)
[2026.03.27-06.10.16:692][291]LogModuleManager: Shutting down and abandoning module NiagaraEditor (347)
[2026.03.27-06.10.16:692][291]LogModuleManager: Shutting down and abandoning module NiagaraCore (344)
[2026.03.27-06.10.16:692][291]LogModuleManager: Shutting down and abandoning module DataValidation (342)
[2026.03.27-06.10.16:692][291]LogModuleManager: Shutting down and abandoning module AssetManagerEditor (340)
[2026.03.27-06.10.16:693][291]LogModuleManager: Shutting down and abandoning module LevelEditor (339)
[2026.03.27-06.10.16:694][291]LogModuleManager: Shutting down and abandoning module PixelInspectorModule (338)
[2026.03.27-06.10.16:694][291]LogModuleManager: Shutting down and abandoning module CommonMenuExtensions (336)
[2026.03.27-06.10.16:694][291]LogModuleManager: Shutting down and abandoning module MainFrame (334)
[2026.03.27-06.10.16:694][291]LogModuleManager: Shutting down and abandoning module HotReload (333)
[2026.03.27-06.10.16:694][291]LogModuleManager: Shutting down and abandoning module ToolMenus (329)
[2026.03.27-06.10.16:694][291]LogModuleManager: Shutting down and abandoning module ContentBrowser (327)
[2026.03.27-06.10.16:694][291]LogModuleManager: Shutting down and abandoning module ContentBrowserData (326)
[2026.03.27-06.10.16:694][291]LogModuleManager: Shutting down and abandoning module TreeMap (323)
[2026.03.27-06.10.16:694][291]LogModuleManager: Shutting down and abandoning module PropertyAccessNode (320)
[2026.03.27-06.10.16:694][291]LogModuleManager: Shutting down and abandoning module AnimationSharing (318)
[2026.03.27-06.10.16:694][291]LogModuleManager: Shutting down and abandoning module GameplayCameras (316)
[2026.03.27-06.10.16:694][291]LogModuleManager: Shutting down and abandoning module LightPropagationVolumeRuntime (314)
[2026.03.27-06.10.16:694][291]LogModuleManager: Shutting down and abandoning module EnvironmentQueryEditor (312)
[2026.03.27-06.10.16:694][291]LogModuleManager: Shutting down and abandoning module Paper2D (310)
[2026.03.27-06.10.16:694][291]LogModuleManager: Shutting down and abandoning module WindowsMoviePlayer (308)
[2026.03.27-06.10.16:697][291]LogModuleManager: Shutting down and abandoning module WebMMoviePlayer (306)
[2026.03.27-06.10.16:697][291]LogModuleManager: Shutting down and abandoning module NetworkReplayStreaming (304)
[2026.03.27-06.10.16:697][291]LogModuleManager: Shutting down and abandoning module PacketHandler (302)
[2026.03.27-06.10.16:697][291]LogModuleManager: Shutting down and abandoning module ClothingSystemEditor (300)
[2026.03.27-06.10.16:697][291]LogModuleManager: Shutting down and abandoning module ClothingSystemRuntimeNv (298)
[2026.03.27-06.10.16:698][291]LogModuleManager: Shutting down and abandoning module MediaAssets (296)
[2026.03.27-06.10.16:698][291]LogModuleManager: Shutting down and abandoning module Overlay (294)
[2026.03.27-06.10.16:698][291]LogModuleManager: Shutting down and abandoning module OverlayEditor (293)
[2026.03.27-06.10.16:698][291]LogModuleManager: Shutting down and abandoning module VREditor (290)
[2026.03.27-06.10.16:698][291]LogModuleManager: Shutting down and abandoning module StringTableEditor (288)
[2026.03.27-06.10.16:698][291]LogModuleManager: Shutting down and abandoning module GameplayTasksEditor (286)
[2026.03.27-06.10.16:698][291]LogModuleManager: Shutting down and abandoning module BehaviorTreeEditor (284)
[2026.03.27-06.10.16:699][291]LogModuleManager: Shutting down and abandoning module FunctionalTesting (282)
[2026.03.27-06.10.16:699][291]LogModuleManager: Shutting down and abandoning module CollisionAnalyzer (280)
[2026.03.27-06.10.16:699][291]LogModuleManager: Shutting down and abandoning module WorkspaceMenuStructure (279)
[2026.03.27-06.10.16:699][291]LogModuleManager: Shutting down and abandoning module UMG (276)
[2026.03.27-06.10.16:699][291]LogModuleManager: Shutting down and abandoning module UMGEditor (275)
[2026.03.27-06.10.16:699][291]LogModuleManager: Shutting down and abandoning module MessageLog (273)
[2026.03.27-06.10.16:700][291]LogModuleManager: Shutting down and abandoning module SlateReflector (268)
[2026.03.27-06.10.16:700][291]LogModuleManager: Shutting down and abandoning module Slate (266)
[2026.03.27-06.10.16:700][291]LogModuleManager: Shutting down and abandoning module SlateCore (264)
[2026.03.27-06.10.16:701][291]LogModuleManager: Shutting down and abandoning module LandscapeEditorUtilities (262)
[2026.03.27-06.10.16:701][291]LogModuleManager: Shutting down and abandoning module UnrealEd (260)
[2026.03.27-06.10.16:701][291]LogModuleManager: Shutting down and abandoning module MRMesh (258)
[2026.03.27-06.10.16:701][291]LogModuleManager: Shutting down and abandoning module SourceCodeAccess (256)
[2026.03.27-06.10.16:701][291]LogModuleManager: Shutting down and abandoning module HeadMountedDisplay (254)
[2026.03.27-06.10.16:701][291]LogModuleManager: Shutting down and abandoning module XAudio2 (252)
[2026.03.27-06.10.16:701][291]LogModuleManager: Shutting down and abandoning module Networking (250)
[2026.03.27-06.10.16:701][291]LogModuleManager: Shutting down and abandoning module Core (248)
[2026.03.27-06.10.16:701][291]LogModuleManager: Shutting down and abandoning module MaterialEditor (246)
[2026.03.27-06.10.16:701][291]LogModuleManager: Shutting down and abandoning module MovieSceneTools (244)
[2026.03.27-06.10.16:701][291]LogModuleManager: Shutting down and abandoning module CurveEditor (243)
[2026.03.27-06.10.16:702][291]LogModuleManager: Shutting down and abandoning module Sequencer (241)
[2026.03.27-06.10.16:703][291]LogModuleManager: Shutting down and abandoning module EditorStyle (240)
[2026.03.27-06.10.16:704][291]LogModuleManager: Shutting down and abandoning module KismetCompiler (236)
[2026.03.27-06.10.16:704][291]LogModuleManager: Shutting down and abandoning module MeshBuilder (234)
[2026.03.27-06.10.16:704][291]LogModuleManager: Shutting down and abandoning module MeshUtilities (232)
[2026.03.27-06.10.16:704][291]LogModuleManager: Shutting down and abandoning module MeshMergeUtilities (231)
[2026.03.27-06.10.16:704][291]LogModuleManager: Shutting down and abandoning module MeshReductionInterface (230)
[2026.03.27-06.10.16:704][291]LogModuleManager: Shutting down and abandoning module MeshBoneReduction (229)
[2026.03.27-06.10.16:704][291]LogModuleManager: Shutting down and abandoning module SkeletalMeshReduction (227)
[2026.03.27-06.10.16:704][291]LogModuleManager: Shutting down and abandoning module ProxyLODMeshReduction (225)
[2026.03.27-06.10.16:704][291]LogModuleManager: Shutting down and abandoning module QuadricMeshReduction (223)
[2026.03.27-06.10.16:704][291]LogModuleManager: Shutting down and abandoning module MaterialBaking (219)
[2026.03.27-06.10.16:704][291]LogModuleManager: Shutting down and abandoning module NullInstallBundleManager (214)
[2026.03.27-06.10.16:704][291]LogModuleManager: Shutting down and abandoning module DerivedDataCache (212)
[2026.03.27-06.10.16:704][291]LogModuleManager: Shutting down and abandoning module TargetPlatform (210)
[2026.03.27-06.10.16:704][291]LogModuleManager: Shutting down and abandoning module VulkanShaderFormat (209)
[2026.03.27-06.10.16:704][291]LogModuleManager: Shutting down and abandoning module ShaderFormatVectorVM (207)
[2026.03.27-06.10.16:704][291]LogModuleManager: Shutting down and abandoning module ShaderFormatOpenGL (205)
[2026.03.27-06.10.16:704][291]LogModuleManager: Shutting down and abandoning module ShaderFormatD3D (203)
[2026.03.27-06.10.16:704][291]LogModuleManager: Shutting down and abandoning module MetalShaderFormat (201)
[2026.03.27-06.10.16:704][291]LogModuleManager: Shutting down and abandoning module TextureFormatOodle (199)
[2026.03.27-06.10.16:704][291]LogModuleManager: Shutting down and abandoning module TextureFormatUncompressed (197)
[2026.03.27-06.10.16:704][291]LogModuleManager: Shutting down and abandoning module TextureFormatPVR (195)
[2026.03.27-06.10.16:704][291]LogModuleManager: Shutting down and abandoning module TextureFormatETC2 (193)
[2026.03.27-06.10.16:704][291]LogModuleManager: Shutting down and abandoning module TextureFormatDXT (191)
[2026.03.27-06.10.16:704][291]LogModuleManager: Shutting down and abandoning module TextureFormatIntelISPCTexComp (189)
[2026.03.27-06.10.16:704][291]LogModuleManager: Shutting down and abandoning module TextureFormatASTC (187)
[2026.03.27-06.10.16:705][291]LogModuleManager: Shutting down and abandoning module ImageWrapper (186)
[2026.03.27-06.10.16:705][291]LogModuleManager: Shutting down and abandoning module AudioFormatOpus (183)
[2026.03.27-06.10.16:705][291]LogModuleManager: Shutting down and abandoning module AudioFormatOgg (181)
[2026.03.27-06.10.16:705][291]LogModuleManager: Shutting down and abandoning module AudioFormatADPCM (179)
[2026.03.27-06.10.16:705][291]LogModuleManager: Shutting down and abandoning module WindowsServerTargetPlatform (177)
[2026.03.27-06.10.16:705][291]LogModuleManager: Shutting down and abandoning module WindowsClientTargetPlatform (175)
[2026.03.27-06.10.16:705][291]LogModuleManager: Shutting down and abandoning module WindowsTargetPlatform (173)
[2026.03.27-06.10.16:705][291]LogModuleManager: Shutting down and abandoning module WindowsNoEditorTargetPlatform (171)
[2026.03.27-06.10.16:705][291]LogModuleManager: Shutting down and abandoning module TVOSTargetPlatform (169)
[2026.03.27-06.10.16:707][291]LogModuleManager: Shutting down and abandoning module MacServerTargetPlatform (167)
[2026.03.27-06.10.16:707][291]LogModuleManager: Shutting down and abandoning module MacClientTargetPlatform (165)
[2026.03.27-06.10.16:707][291]LogModuleManager: Shutting down and abandoning module MacTargetPlatform (163)
[2026.03.27-06.10.16:707][291]LogModuleManager: Shutting down and abandoning module MacNoEditorTargetPlatform (161)
[2026.03.27-06.10.16:707][291]LogModuleManager: Shutting down and abandoning module LuminTargetPlatform (159)
[2026.03.27-06.10.16:708][291]LogModuleManager: Shutting down and abandoning module LinuxAArch64ServerTargetPlatform (157)
[2026.03.27-06.10.16:708][291]LogModuleManager: Shutting down and abandoning module LinuxAArch64ClientTargetPlatform (155)
[2026.03.27-06.10.16:708][291]LogModuleManager: Shutting down and abandoning module LinuxAArch64NoEditorTargetPlatform (153)
[2026.03.27-06.10.16:708][291]LogModuleManager: Shutting down and abandoning module LinuxServerTargetPlatform (151)
[2026.03.27-06.10.16:708][291]LogModuleManager: Shutting down and abandoning module LinuxClientTargetPlatform (149)
[2026.03.27-06.10.16:708][291]LogModuleManager: Shutting down and abandoning module LinuxNoEditorTargetPlatform (147)
[2026.03.27-06.10.16:708][291]LogModuleManager: Shutting down and abandoning module LinuxTargetPlatform (145)
[2026.03.27-06.10.16:708][291]LogModuleManager: Shutting down and abandoning module Messaging (143)
[2026.03.27-06.10.16:708][291]LogModuleManager: Shutting down and abandoning module IOSTargetPlatform (141)
[2026.03.27-06.10.16:710][291]LogModuleManager: Shutting down and abandoning module AndroidTargetPlatform (139)
[2026.03.27-06.10.16:717][291]LogModuleManager: Shutting down and abandoning module AllDesktopTargetPlatform (137)
[2026.03.27-06.10.16:717][291]LogModuleManager: Shutting down and abandoning module D3D11RHI (134)
[2026.03.27-06.10.16:717][291]LogModuleManager: Shutting down and abandoning module InputCore (132)
[2026.03.27-06.10.16:717][291]LogModuleManager: Shutting down and abandoning module Settings (130)
[2026.03.27-06.10.16:717][291]LogModuleManager: Shutting down and abandoning module DirectoryWatcher (128)
[2026.03.27-06.10.16:718][291]LogModuleManager: Shutting down and abandoning module PhysXCooking (126)
[2026.03.27-06.10.16:718][291]LogModuleManager: Shutting down and abandoning module Chaos (124)
[2026.03.27-06.10.16:718][291]LogModuleManager: Shutting down and abandoning module WindowsPlatformFeatures (122)
[2026.03.27-06.10.16:718][291]LogModuleManager: Shutting down and abandoning module GameplayMediaEncoder (121)
[2026.03.27-06.10.16:718][291]LogModuleManager: Shutting down and abandoning module AVEncoder (120)
[2026.03.27-06.10.16:718][291]LogModuleManager: Shutting down and abandoning module SteamVRInputDevice (116)
[2026.03.27-06.10.16:718][291]LogModuleManager: Shutting down and abandoning module SteamVRInput (114)
[2026.03.27-06.10.16:718][291]LogModuleManager: Shutting down and abandoning module SteamVR (112)
[2026.03.27-06.10.16:718][291]LogHMD: Freeing OpenVRDLLHandle.
[2026.03.27-06.10.16:718][291]LogModuleManager: Shutting down and abandoning module OculusHMD (110)
[2026.03.27-06.10.16:718][291]LogModuleManager: Shutting down and abandoning module LauncherChunkInstaller (108)
[2026.03.27-06.10.16:718][291]LogModuleManager: Shutting down and abandoning module OpenXREyeTracker (106)
[2026.03.27-06.10.16:719][291]LogModuleManager: Shutting down and abandoning module OpenXRHandTracking (104)
[2026.03.27-06.10.16:719][291]LogSlate: Slate User Destroyed.  User Index 0, Is Virtual User: 0
[2026.03.27-06.10.16:719][291]LogModuleManager: Shutting down and abandoning module OpenXRAR (102)
[2026.03.27-06.10.16:719][291]LogModuleManager: Shutting down and abandoning module AugmentedReality (101)
[2026.03.27-06.10.16:719][291]LogModuleManager: Shutting down and abandoning module OpenXRHMD (98)
[2026.03.27-06.10.16:719][291]LogModuleManager: Shutting down and abandoning module ExampleDeviceProfileSelector (96)
[2026.03.27-06.10.16:719][291]LogModuleManager: Shutting down and abandoning module ChunkDownloader (94)
[2026.03.27-06.10.16:719][291]LogModuleManager: Shutting down and abandoning module OnlineBlueprintSupport (92)
[2026.03.27-06.10.16:719][291]LogModuleManager: Shutting down and abandoning module OnlineSubsystem (88)
[2026.03.27-06.10.16:720][291]LogModuleManager: Shutting down and abandoning module XMPP (83)
[2026.03.27-06.10.16:720][291]LogModuleManager: Shutting down and abandoning module WebSockets (82)
[2026.03.27-06.10.16:724][291]LogModuleManager: Shutting down and abandoning module HTTP (79)
[2026.03.27-06.10.16:725][291]LogHttp: Display: Http module shutting down, but needs to wait on 1 outstanding Http requests:
[2026.03.27-06.10.16:725][291]LogHttp: Display: 	verb=[POST] url=[https://datarouter.ol.epicgames.com/datarouter/api/v1/public/data?SessionID=%7B482F3E1B-4993-6267-FE13-B58162EF1DD0%7D&AppID=UEEditor.Rocket.Release&AppVersion=4.27.2-18319896%2B%2B%2BUE4%2BRelease-4.27&UserID=504006f14ff8eea1c5ef6a844afcb810%7Ce54e35c6cf81428ab071018d8aa2cafb%7Ce89cadd4-c3bb-4e27-b5a1-93be281c4197&AppEnvironment=datacollector-binary&UploadType=eteventstream] refs=[1] status=Processing
[2026.03.27-06.10.16:725][291]LogHttp: Display: cleaning up 1 outstanding Http requests.
[2026.03.27-06.10.16:744][291]LogModuleManager: Shutting down and abandoning module SSL (78)
[2026.03.27-06.10.16:745][291]LogModuleManager: Shutting down and abandoning module WmfMedia (74)
[2026.03.27-06.10.16:747][291]LogModuleManager: Shutting down and abandoning module Media (73)
[2026.03.27-06.10.16:750][291]LogModuleManager: Shutting down and abandoning module MediaInfo (72)
[2026.03.27-06.10.16:750][291]LogModuleManager: Shutting down and abandoning module ExrReaderGpu (68)
[2026.03.27-06.10.16:750][291]LogModuleManager: Shutting down and abandoning module MLSDK (66)
[2026.03.27-06.10.16:750][291]LogModuleManager: Shutting down and abandoning module MagicLeap (64)
[2026.03.27-06.10.16:750][291]LogModuleManager: Shutting down and abandoning module ChaosCloth (62)
[2026.03.27-06.10.16:750][291]LogModuleManager: Shutting down and abandoning module NiagaraVertexFactories (60)
[2026.03.27-06.10.16:750][291]LogModuleManager: Shutting down and abandoning module NiagaraShader (58)
[2026.03.27-06.10.16:750][291]LogModuleManager: Shutting down and abandoning module VariantManagerContent (56)
[2026.03.27-06.10.16:750][291]LogModuleManager: Shutting down and abandoning module DatasmithContent (54)
[2026.03.27-06.10.16:750][291]LogModuleManager: Shutting down and abandoning module PixWinPlugin (52)
[2026.03.27-06.10.16:750][291]LogModuleManager: Shutting down and abandoning module AISupportModule (50)
[2026.03.27-06.10.16:750][291]LogModuleManager: Shutting down and abandoning module DesktopPlatform (48)
[2026.03.27-06.10.16:750][291]LogModuleManager: Shutting down and abandoning module PythonScriptPluginPreload (46)
[2026.03.27-06.10.16:750][291]LogModuleManager: Shutting down and abandoning module PlatformCryptoOpenSSL (44)
[2026.03.27-06.10.16:750][291]LogModuleManager: Shutting down and abandoning module PlatformCryptoTypes (42)
[2026.03.27-06.10.16:750][291]LogModuleManager: Shutting down and abandoning module PlatformCrypto (40)
[2026.03.27-06.10.16:750][291]LogModuleManager: Shutting down and abandoning module OodleDataCompressionFormat (38)
[2026.03.27-06.10.16:750][291]LogModuleManager: Shutting down and abandoning module XGEController (36)
[2026.03.27-06.10.16:750][291]LogXGEController: Cleaning working directory: C:/Users/titan/AppData/Local/Temp/UnrealXGEWorkingDir/
[2026.03.27-06.10.16:750][291]LogModuleManager: Shutting down and abandoning module AnimationModifiers (34)
[2026.03.27-06.10.16:750][291]LogModuleManager: Shutting down and abandoning module AudioEditor (32)
[2026.03.27-06.10.16:751][291]LogModuleManager: Shutting down and abandoning module PropertyEditor (31)
[2026.03.27-06.10.16:751][291]LogModuleManager: Shutting down and abandoning module TextureCompressor (28)
[2026.03.27-06.10.16:751][291]LogModuleManager: Shutting down and abandoning module RenderCore (26)
[2026.03.27-06.10.16:751][291]LogModuleManager: Shutting down and abandoning module Landscape (24)
[2026.03.27-06.10.16:751][291]LogModuleManager: Shutting down and abandoning module SlateRHIRenderer (22)
[2026.03.27-06.10.16:751][291]LogModuleManager: Shutting down and abandoning module AnimGraphRuntime (20)
[2026.03.27-06.10.16:751][291]LogModuleManager: Shutting down and abandoning module Renderer (18)
[2026.03.27-06.10.16:751][291]LogModuleManager: Shutting down and abandoning module Engine (16)
[2026.03.27-06.10.16:751][291]LogModuleManager: Shutting down and abandoning module CoreUObject (14)
[2026.03.27-06.10.16:751][291]LogModuleManager: Shutting down and abandoning module NetworkFile (12)
[2026.03.27-06.10.16:751][291]LogModuleManager: Shutting down and abandoning module CookedIterativeFile (10)
[2026.03.27-06.10.16:751][291]LogModuleManager: Shutting down and abandoning module StreamingFile (8)
[2026.03.27-06.10.16:751][291]LogModuleManager: Shutting down and abandoning module SandboxFile (6)
[2026.03.27-06.10.16:751][291]LogModuleManager: Shutting down and abandoning module PakFile (4)
[2026.03.27-06.10.16:751][291]LogModuleManager: Shutting down and abandoning module RSA (3)
[2026.03.27-06.10.16:751][291]LogContentStreaming: Display: There are 1 unreleased StreamingManagers
[2026.03.27-06.10.16:792][291]LogD3D11RHI: Shutdown
[2026.03.27-06.10.16:793][291]LogD3D11RHI: CleanupD3DDevice
[2026.03.27-06.10.16:795][291]LogExit: Exiting.
[2026.03.27-06.10.16:803][291]Log file closed, 03/27/26 00:10:16
